
 /----------------------------------------------------------------------------\
 |                                                                            |
 |  yosys -- Yosys Open SYnthesis Suite                                       |
 |                                                                            |
 |  Copyright (C) 2012 - 2020  Claire Xenia Wolf <claire@yosyshq.com>         |
 |                                                                            |
 |  Permission to use, copy, modify, and/or distribute this software for any  |
 |  purpose with or without fee is hereby granted, provided that the above    |
 |  copyright notice and this permission notice appear in all copies.         |
 |                                                                            |
 |  THE SOFTWARE IS PROVIDED "AS IS" AND THE AUTHOR DISCLAIMS ALL WARRANTIES  |
 |  WITH REGARD TO THIS SOFTWARE INCLUDING ALL IMPLIED WARRANTIES OF          |
 |  MERCHANTABILITY AND FITNESS. IN NO EVENT SHALL THE AUTHOR BE LIABLE FOR   |
 |  ANY SPECIAL, DIRECT, INDIRECT, OR CONSEQUENTIAL DAMAGES OR ANY DAMAGES    |
 |  WHATSOEVER RESULTING FROM LOSS OF USE, DATA OR PROFITS, WHETHER IN AN     |
 |  ACTION OF CONTRACT, NEGLIGENCE OR OTHER TORTIOUS ACTION, ARISING OUT OF   |
 |  OR IN CONNECTION WITH THE USE OR PERFORMANCE OF THIS SOFTWARE.            |
 |                                                                            |
 \----------------------------------------------------------------------------/

 Yosys 0.33 (git sha1 2584903a060)


-- Running command `read_verilog -sv -DSYNTH_DECODER synth_harness.sv ../../common/cpu/decoder.sv; synth_ice40 -top synth_harness -json build/decoder.json' --

1. Executing Verilog-2005 frontend: synth_harness.sv
Parsing SystemVerilog input from `synth_harness.sv' to AST representation.
Generating RTLIL representation for module `\synth_harness'.
Warning: Replacing memory \stim_reg with list of registers. See synth_harness.sv:32
Successfully finished Verilog frontend.

2. Executing Verilog-2005 frontend: ../../common/cpu/decoder.sv
Parsing SystemVerilog input from `../../common/cpu/decoder.sv' to AST representation.
Generating RTLIL representation for module `\decoder'.
Successfully finished Verilog frontend.

3. Executing SYNTH_ICE40 pass.

3.1. Executing Verilog-2005 frontend: /usr/bin/../share/yosys/ice40/cells_sim.v
Parsing Verilog input from `/usr/bin/../share/yosys/ice40/cells_sim.v' to AST representation.
Generating RTLIL representation for module `\SB_IO'.
Generating RTLIL representation for module `\SB_GB_IO'.
Generating RTLIL representation for module `\SB_GB'.
Generating RTLIL representation for module `\SB_LUT4'.
Generating RTLIL representation for module `\SB_CARRY'.
Generating RTLIL representation for module `\SB_DFF'.
Generating RTLIL representation for module `\SB_DFFE'.
Generating RTLIL representation for module `\SB_DFFSR'.
Generating RTLIL representation for module `\SB_DFFR'.
Generating RTLIL representation for module `\SB_DFFSS'.
Generating RTLIL representation for module `\SB_DFFS'.
Generating RTLIL representation for module `\SB_DFFESR'.
Generating RTLIL representation for module `\SB_DFFER'.
Generating RTLIL representation for module `\SB_DFFESS'.
Generating RTLIL representation for module `\SB_DFFES'.
Generating RTLIL representation for module `\SB_DFFN'.
Generating RTLIL representation for module `\SB_DFFNE'.
Generating RTLIL representation for module `\SB_DFFNSR'.
Generating RTLIL representation for module `\SB_DFFNR'.
Generating RTLIL representation for module `\SB_DFFNSS'.
Generating RTLIL representation for module `\SB_DFFNS'.
Generating RTLIL representation for module `\SB_DFFNESR'.
Generating RTLIL representation for module `\SB_DFFNER'.
Generating RTLIL representation for module `\SB_DFFNESS'.
Generating RTLIL representation for module `\SB_DFFNES'.
Generating RTLIL representation for module `\SB_RAM40_4K'.
Generating RTLIL representation for module `\SB_RAM40_4KNR'.
Generating RTLIL representation for module `\SB_RAM40_4KNW'.
Generating RTLIL representation for module `\SB_RAM40_4KNRNW'.
Generating RTLIL representation for module `\ICESTORM_LC'.
Generating RTLIL representation for module `\SB_PLL40_CORE'.
Generating RTLIL representation for module `\SB_PLL40_PAD'.
Generating RTLIL representation for module `\SB_PLL40_2_PAD'.
Generating RTLIL representation for module `\SB_PLL40_2F_CORE'.
Generating RTLIL representation for module `\SB_PLL40_2F_PAD'.
Generating RTLIL representation for module `\SB_WARMBOOT'.
Generating RTLIL representation for module `\SB_SPRAM256KA'.
Generating RTLIL representation for module `\SB_HFOSC'.
Generating RTLIL representation for module `\SB_LFOSC'.
Generating RTLIL representation for module `\SB_RGBA_DRV'.
Generating RTLIL representation for module `\SB_LED_DRV_CUR'.
Generating RTLIL representation for module `\SB_RGB_DRV'.
Generating RTLIL representation for module `\SB_I2C'.
Generating RTLIL representation for module `\SB_SPI'.
Generating RTLIL representation for module `\SB_LEDDA_IP'.
Generating RTLIL representation for module `\SB_FILTER_50NS'.
Generating RTLIL representation for module `\SB_IO_I3C'.
Generating RTLIL representation for module `\SB_IO_OD'.
Generating RTLIL representation for module `\SB_MAC16'.
Generating RTLIL representation for module `\ICESTORM_RAM'.
Successfully finished Verilog frontend.

3.2. Executing HIERARCHY pass (managing design hierarchy).

3.2.1. Analyzing design hierarchy..
Top module:  \synth_harness
Used module:     \decoder
Reprocessing module synth_harness because instantiated module decoder has become available.
Generating RTLIL representation for module `\synth_harness'.
Warning: Replacing memory \stim_reg with list of registers. See synth_harness.sv:32

3.2.2. Analyzing design hierarchy..
Top module:  \synth_harness
Used module:     \decoder

3.2.3. Analyzing design hierarchy..
Top module:  \synth_harness
Used module:     \decoder
Removed 0 unused modules.

3.3. Executing PROC pass (convert processes to netlists).

3.3.1. Executing PROC_CLEAN pass (remove empty switches from decision trees).
Found and cleaned up 8 empty switches in `\decoder.$proc$../../common/cpu/decoder.sv:0$21'.
Cleaned up 8 empty switches.

3.3.2. Executing PROC_RMDEAD pass (remove dead branches from decision trees).
Marked 1 switch rules as full_case in process $proc$synth_harness.sv:29$420 in module synth_harness.
Marked 1 switch rules as full_case in process $proc$/usr/bin/../share/yosys/ice40/cells_sim.v:1414$277 in module SB_DFFNES.
Marked 1 switch rules as full_case in process $proc$/usr/bin/../share/yosys/ice40/cells_sim.v:1353$270 in module SB_DFFNESS.
Marked 1 switch rules as full_case in process $proc$/usr/bin/../share/yosys/ice40/cells_sim.v:1273$266 in module SB_DFFNER.
Marked 1 switch rules as full_case in process $proc$/usr/bin/../share/yosys/ice40/cells_sim.v:1212$259 in module SB_DFFNESR.
Marked 1 switch rules as full_case in process $proc$/usr/bin/../share/yosys/ice40/cells_sim.v:1138$256 in module SB_DFFNS.
Marked 1 switch rules as full_case in process $proc$/usr/bin/../share/yosys/ice40/cells_sim.v:1088$253 in module SB_DFFNSS.
Marked 1 switch rules as full_case in process $proc$/usr/bin/../share/yosys/ice40/cells_sim.v:1017$250 in module SB_DFFNR.
Marked 1 switch rules as full_case in process $proc$/usr/bin/../share/yosys/ice40/cells_sim.v:967$247 in module SB_DFFNSR.
Marked 1 switch rules as full_case in process $proc$/usr/bin/../share/yosys/ice40/cells_sim.v:803$239 in module SB_DFFES.
Marked 1 switch rules as full_case in process $proc$/usr/bin/../share/yosys/ice40/cells_sim.v:742$232 in module SB_DFFESS.
Marked 1 switch rules as full_case in process $proc$/usr/bin/../share/yosys/ice40/cells_sim.v:662$228 in module SB_DFFER.
Marked 1 switch rules as full_case in process $proc$/usr/bin/../share/yosys/ice40/cells_sim.v:601$221 in module SB_DFFESR.
Marked 1 switch rules as full_case in process $proc$/usr/bin/../share/yosys/ice40/cells_sim.v:527$218 in module SB_DFFS.
Marked 1 switch rules as full_case in process $proc$/usr/bin/../share/yosys/ice40/cells_sim.v:477$215 in module SB_DFFSS.
Marked 1 switch rules as full_case in process $proc$/usr/bin/../share/yosys/ice40/cells_sim.v:406$212 in module SB_DFFR.
Marked 1 switch rules as full_case in process $proc$/usr/bin/../share/yosys/ice40/cells_sim.v:356$209 in module SB_DFFSR.
Marked 1 switch rules as full_case in process $proc$../../common/cpu/decoder.sv:581$35 in module decoder.
Removed 3 dead cases from process $proc$../../common/cpu/decoder.sv:0$21 in module decoder.
Marked 12 switch rules as full_case in process $proc$../../common/cpu/decoder.sv:0$21 in module decoder.
Removed a total of 3 dead cases.

3.3.3. Executing PROC_PRUNE pass (remove redundant assignments in processes).
Removed 17 redundant assignments.
Promoted 50 assignments to connections.

3.3.4. Executing PROC_INIT pass (extract init attributes).
Found init rule in `\SB_DFFNES.$proc$/usr/bin/../share/yosys/ice40/cells_sim.v:0$280'.
  Set init value: \Q = 1'0
Found init rule in `\SB_DFFNESS.$proc$/usr/bin/../share/yosys/ice40/cells_sim.v:0$276'.
  Set init value: \Q = 1'0
Found init rule in `\SB_DFFNER.$proc$/usr/bin/../share/yosys/ice40/cells_sim.v:0$269'.
  Set init value: \Q = 1'0
Found init rule in `\SB_DFFNESR.$proc$/usr/bin/../share/yosys/ice40/cells_sim.v:0$265'.
  Set init value: \Q = 1'0
Found init rule in `\SB_DFFNS.$proc$/usr/bin/../share/yosys/ice40/cells_sim.v:0$258'.
  Set init value: \Q = 1'0
Found init rule in `\SB_DFFNSS.$proc$/usr/bin/../share/yosys/ice40/cells_sim.v:0$255'.
  Set init value: \Q = 1'0
Found init rule in `\SB_DFFNR.$proc$/usr/bin/../share/yosys/ice40/cells_sim.v:0$252'.
  Set init value: \Q = 1'0
Found init rule in `\SB_DFFNSR.$proc$/usr/bin/../share/yosys/ice40/cells_sim.v:0$249'.
  Set init value: \Q = 1'0
Found init rule in `\SB_DFFNE.$proc$/usr/bin/../share/yosys/ice40/cells_sim.v:0$246'.
  Set init value: \Q = 1'0
Found init rule in `\SB_DFFN.$proc$/usr/bin/../share/yosys/ice40/cells_sim.v:0$244'.
  Set init value: \Q = 1'0
Found init rule in `\SB_DFFES.$proc$/usr/bin/../share/yosys/ice40/cells_sim.v:0$242'.
  Set init value: \Q = 1'0
Found init rule in `\SB_DFFESS.$proc$/usr/bin/../share/yosys/ice40/cells_sim.v:0$238'.
  Set init value: \Q = 1'0
Found init rule in `\SB_DFFER.$proc$/usr/bin/../share/yosys/ice40/cells_sim.v:0$231'.
  Set init value: \Q = 1'0
Found init rule in `\SB_DFFESR.$proc$/usr/bin/../share/yosys/ice40/cells_sim.v:0$227'.
  Set init value: \Q = 1'0
Found init rule in `\SB_DFFS.$proc$/usr/bin/../share/yosys/ice40/cells_sim.v:0$220'.
  Set init value: \Q = 1'0
Found init rule in `\SB_DFFSS.$proc$/usr/bin/../share/yosys/ice40/cells_sim.v:0$217'.
  Set init value: \Q = 1'0
Found init rule in `\SB_DFFR.$proc$/usr/bin/../share/yosys/ice40/cells_sim.v:0$214'.
  Set init value: \Q = 1'0
Found init rule in `\SB_DFFSR.$proc$/usr/bin/../share/yosys/ice40/cells_sim.v:0$211'.
  Set init value: \Q = 1'0
Found init rule in `\SB_DFFE.$proc$/usr/bin/../share/yosys/ice40/cells_sim.v:0$208'.
  Set init value: \Q = 1'0
Found init rule in `\SB_DFF.$proc$/usr/bin/../share/yosys/ice40/cells_sim.v:0$206'.
  Set init value: \Q = 1'0

3.3.5. Executing PROC_ARST pass (detect async resets in processes).
Found async reset \S in `\SB_DFFNES.$proc$/usr/bin/../share/yosys/ice40/cells_sim.v:1414$277'.
Found async reset \R in `\SB_DFFNER.$proc$/usr/bin/../share/yosys/ice40/cells_sim.v:1273$266'.
Found async reset \S in `\SB_DFFNS.$proc$/usr/bin/../share/yosys/ice40/cells_sim.v:1138$256'.
Found async reset \R in `\SB_DFFNR.$proc$/usr/bin/../share/yosys/ice40/cells_sim.v:1017$250'.
Found async reset \S in `\SB_DFFES.$proc$/usr/bin/../share/yosys/ice40/cells_sim.v:803$239'.
Found async reset \R in `\SB_DFFER.$proc$/usr/bin/../share/yosys/ice40/cells_sim.v:662$228'.
Found async reset \S in `\SB_DFFS.$proc$/usr/bin/../share/yosys/ice40/cells_sim.v:527$218'.
Found async reset \R in `\SB_DFFR.$proc$/usr/bin/../share/yosys/ice40/cells_sim.v:406$212'.

3.3.6. Executing PROC_ROM pass (convert switches to ROMs).
Converted 2 switches.
<suppressed ~31 debug messages>

3.3.7. Executing PROC_MUX pass (convert decision trees to multiplexers).
Creating decoders for process `\synth_harness.$proc$synth_harness.sv:175$428'.
Creating decoders for process `\synth_harness.$proc$synth_harness.sv:29$420'.
     1/11: $0\stim_sel[4:0]
     2/11: $1$fordecl_block$1.i[31:0]$424
     3/11: $0\stim_reg[7][31:0]
     4/11: $0\stim_reg[6][31:0]
     5/11: $0\stim_reg[5][31:0]
     6/11: $0\stim_reg[4][31:0]
     7/11: $0\stim_reg[3][31:0]
     8/11: $0\stim_reg[2][31:0]
     9/11: $0\stim_reg[1][31:0]
    10/11: $0\stim_reg[0][31:0]
    11/11: $1$fordecl_block$3.i[31:0]$425
Creating decoders for process `\synth_harness.$proc$synth_harness.sv:18$419'.
Creating decoders for process `\SB_DFFNES.$proc$/usr/bin/../share/yosys/ice40/cells_sim.v:0$280'.
Creating decoders for process `\SB_DFFNES.$proc$/usr/bin/../share/yosys/ice40/cells_sim.v:1414$277'.
     1/1: $0\Q[0:0]
Creating decoders for process `\SB_DFFNESS.$proc$/usr/bin/../share/yosys/ice40/cells_sim.v:0$276'.
Creating decoders for process `\SB_DFFNESS.$proc$/usr/bin/../share/yosys/ice40/cells_sim.v:1353$270'.
     1/1: $0\Q[0:0]
Creating decoders for process `\SB_DFFNER.$proc$/usr/bin/../share/yosys/ice40/cells_sim.v:0$269'.
Creating decoders for process `\SB_DFFNER.$proc$/usr/bin/../share/yosys/ice40/cells_sim.v:1273$266'.
     1/1: $0\Q[0:0]
Creating decoders for process `\SB_DFFNESR.$proc$/usr/bin/../share/yosys/ice40/cells_sim.v:0$265'.
Creating decoders for process `\SB_DFFNESR.$proc$/usr/bin/../share/yosys/ice40/cells_sim.v:1212$259'.
     1/1: $0\Q[0:0]
Creating decoders for process `\SB_DFFNS.$proc$/usr/bin/../share/yosys/ice40/cells_sim.v:0$258'.
Creating decoders for process `\SB_DFFNS.$proc$/usr/bin/../share/yosys/ice40/cells_sim.v:1138$256'.
     1/1: $0\Q[0:0]
Creating decoders for process `\SB_DFFNSS.$proc$/usr/bin/../share/yosys/ice40/cells_sim.v:0$255'.
Creating decoders for process `\SB_DFFNSS.$proc$/usr/bin/../share/yosys/ice40/cells_sim.v:1088$253'.
     1/1: $0\Q[0:0]
Creating decoders for process `\SB_DFFNR.$proc$/usr/bin/../share/yosys/ice40/cells_sim.v:0$252'.
Creating decoders for process `\SB_DFFNR.$proc$/usr/bin/../share/yosys/ice40/cells_sim.v:1017$250'.
     1/1: $0\Q[0:0]
Creating decoders for process `\SB_DFFNSR.$proc$/usr/bin/../share/yosys/ice40/cells_sim.v:0$249'.
Creating decoders for process `\SB_DFFNSR.$proc$/usr/bin/../share/yosys/ice40/cells_sim.v:967$247'.
     1/1: $0\Q[0:0]
Creating decoders for process `\SB_DFFNE.$proc$/usr/bin/../share/yosys/ice40/cells_sim.v:0$246'.
Creating decoders for process `\SB_DFFNE.$proc$/usr/bin/../share/yosys/ice40/cells_sim.v:922$245'.
     1/1: $0\Q[0:0]
Creating decoders for process `\SB_DFFN.$proc$/usr/bin/../share/yosys/ice40/cells_sim.v:0$244'.
Creating decoders for process `\SB_DFFN.$proc$/usr/bin/../share/yosys/ice40/cells_sim.v:882$243'.
Creating decoders for process `\SB_DFFES.$proc$/usr/bin/../share/yosys/ice40/cells_sim.v:0$242'.
Creating decoders for process `\SB_DFFES.$proc$/usr/bin/../share/yosys/ice40/cells_sim.v:803$239'.
     1/1: $0\Q[0:0]
Creating decoders for process `\SB_DFFESS.$proc$/usr/bin/../share/yosys/ice40/cells_sim.v:0$238'.
Creating decoders for process `\SB_DFFESS.$proc$/usr/bin/../share/yosys/ice40/cells_sim.v:742$232'.
     1/1: $0\Q[0:0]
Creating decoders for process `\SB_DFFER.$proc$/usr/bin/../share/yosys/ice40/cells_sim.v:0$231'.
Creating decoders for process `\SB_DFFER.$proc$/usr/bin/../share/yosys/ice40/cells_sim.v:662$228'.
     1/1: $0\Q[0:0]
Creating decoders for process `\SB_DFFESR.$proc$/usr/bin/../share/yosys/ice40/cells_sim.v:0$227'.
Creating decoders for process `\SB_DFFESR.$proc$/usr/bin/../share/yosys/ice40/cells_sim.v:601$221'.
     1/1: $0\Q[0:0]
Creating decoders for process `\SB_DFFS.$proc$/usr/bin/../share/yosys/ice40/cells_sim.v:0$220'.
Creating decoders for process `\SB_DFFS.$proc$/usr/bin/../share/yosys/ice40/cells_sim.v:527$218'.
     1/1: $0\Q[0:0]
Creating decoders for process `\SB_DFFSS.$proc$/usr/bin/../share/yosys/ice40/cells_sim.v:0$217'.
Creating decoders for process `\SB_DFFSS.$proc$/usr/bin/../share/yosys/ice40/cells_sim.v:477$215'.
     1/1: $0\Q[0:0]
Creating decoders for process `\SB_DFFR.$proc$/usr/bin/../share/yosys/ice40/cells_sim.v:0$214'.
Creating decoders for process `\SB_DFFR.$proc$/usr/bin/../share/yosys/ice40/cells_sim.v:406$212'.
     1/1: $0\Q[0:0]
Creating decoders for process `\SB_DFFSR.$proc$/usr/bin/../share/yosys/ice40/cells_sim.v:0$211'.
Creating decoders for process `\SB_DFFSR.$proc$/usr/bin/../share/yosys/ice40/cells_sim.v:356$209'.
     1/1: $0\Q[0:0]
Creating decoders for process `\SB_DFFE.$proc$/usr/bin/../share/yosys/ice40/cells_sim.v:0$208'.
Creating decoders for process `\SB_DFFE.$proc$/usr/bin/../share/yosys/ice40/cells_sim.v:311$207'.
     1/1: $0\Q[0:0]
Creating decoders for process `\SB_DFF.$proc$/usr/bin/../share/yosys/ice40/cells_sim.v:0$206'.
Creating decoders for process `\SB_DFF.$proc$/usr/bin/../share/yosys/ice40/cells_sim.v:271$205'.
Creating decoders for process `\decoder.$proc$../../common/cpu/decoder.sv:581$35'.
     1/35: $0\instruction_valid[0:0]
     2/35: $0\is_fp_store[0:0]
     3/35: $0\is_fp_load[0:0]
     4/35: $0\int_to_fp[0:0]
     5/35: $0\fp_to_int[0:0]
     6/35: $0\fp_reg_write[0:0]
     7/35: $0\fpu_op[4:0]
     8/35: $0\funct5[4:0]
     9/35: $0\is_amo[0:0]
    10/35: $0\is_sc[0:0]
    11/35: $0\is_lr[0:0]
    12/35: $0\is_auipc[0:0]
    13/35: $0\is_csr[0:0]
    14/35: $0\is_fence[0:0]
    15/35: $0\is_ebreak[0:0]
    16/35: $0\is_ecall[0:0]
    17/35: $0\jump[0:0]
    18/35: $0\branch[0:0]
    19/35: $0\mem_to_reg[0:0]
    20/35: $0\mem_read[0:0]
    21/35: $0\mem_write[0:0]
    22/35: $0\reg_write[0:0]
    23/35: $0\alu_src[0:0]
    24/35: $0\alu_op[4:0]
    25/35: $0\imm_j[31:0]
    26/35: $0\imm_u[31:0]
    27/35: $0\imm_b[31:0]
    28/35: $0\imm_s[31:0]
    29/35: $0\imm_i[31:0]
    30/35: $0\funct7[6:0]
    31/35: $0\funct3[2:0]
    32/35: $0\rs2[4:0]
    33/35: $0\rs1[4:0]
    34/35: $0\rd[4:0]
    35/35: $0\opcode[6:0]
Creating decoders for process `\decoder.$proc$../../common/cpu/decoder.sv:0$21'.
     1/68: $10\fpu_op_dec[4:0]
     2/68: $9\fp_reg_write_dec[0:0]
     3/68: $9\fpu_op_dec[4:0]
     4/68: $8\fp_reg_write_dec[0:0]
     5/68: $8\fpu_op_dec[4:0]
     6/68: $7\fp_reg_write_dec[0:0]
     7/68: $7\fpu_op_dec[4:0]
     8/68: $6\fp_reg_write_dec[0:0]
     9/68: $6\fpu_op_dec[4:0]
    10/68: $4\fp_to_int_dec[0:0]
    11/68: $6\reg_write_dec[0:0]
    12/68: $5\fp_reg_write_dec[0:0]
    13/68: $5\fpu_op_dec[4:0]
    14/68: $4\fpu_op_dec[4:0]
    15/68: $3\fpu_op_dec[4:0]
    16/68: $4\fp_reg_write_dec[0:0]
    17/68: $3\int_to_fp_dec[0:0]
    18/68: $3\fp_to_int_dec[0:0]
    19/68: $5\reg_write_dec[0:0]
    20/68: $2\int_to_fp_dec[0:0]
    21/68: $2\fp_to_int_dec[0:0]
    22/68: $3\fp_reg_write_dec[0:0]
    23/68: $2\fpu_op_dec[4:0]
    24/68: $4\reg_write_dec[0:0]
    25/68: { $3\mem_write_dec[0:0] $2\is_lr_dec[0:0] $2\is_amo_dec[0:0] $2\is_sc_dec[0:0] $3\mem_read_dec[0:0] $3\reg_write_dec[0:0] $9\alu_op_dec[4:0] }
    26/68: $3\is_ecall_dec[0:0]
    27/68: $3\is_ebreak_dec[0:0]
    28/68: $2\is_ebreak_dec[0:0]
    29/68: $2\is_ecall_dec[0:0]
    30/68: $2\is_csr_dec[0:0]
    31/68: $2\reg_write_dec[0:0]
    32/68: $2\is_fp_store_dec[0:0]
    33/68: $2\mem_write_dec[0:0]
    34/68: $3\alu_src_dec[0:0]
    35/68: $8\alu_op_dec[4:0]
    36/68: $2\fp_reg_write_dec[0:0]
    37/68: $2\is_fp_load_dec[0:0]
    38/68: $2\mem_read_dec[0:0]
    39/68: $2\alu_src_dec[0:0]
    40/68: $7\alu_op_dec[4:0]
    41/68: $6\alu_op_dec[4:0]
    42/68: $5\alu_op_dec[4:0]
    43/68: $4\alu_op_dec[4:0]
    44/68: $3\alu_op_dec[4:0]
    45/68: $2\alu_op_dec[4:0]
    46/68: $1\alu_op_dec[4:0]
    47/68: $1\reg_write_dec[0:0]
    48/68: $1\alu_src_dec[0:0]
    49/68: $1\instruction_valid_dec[0:0]
    50/68: $1\is_fp_store_dec[0:0]
    51/68: $1\is_fp_load_dec[0:0]
    52/68: $1\int_to_fp_dec[0:0]
    53/68: $1\fp_to_int_dec[0:0]
    54/68: $1\fp_reg_write_dec[0:0]
    55/68: $1\fpu_op_dec[4:0]
    56/68: $1\is_amo_dec[0:0]
    57/68: $1\is_sc_dec[0:0]
    58/68: $1\is_lr_dec[0:0]
    59/68: $1\is_auipc_dec[0:0]
    60/68: $1\is_csr_dec[0:0]
    61/68: $1\is_fence_dec[0:0]
    62/68: $1\is_ebreak_dec[0:0]
    63/68: $1\is_ecall_dec[0:0]
    64/68: $1\jump_dec[0:0]
    65/68: $1\branch_dec[0:0]
    66/68: $1\mem_to_reg_dec[0:0]
    67/68: $1\mem_read_dec[0:0]
    68/68: $1\mem_write_dec[0:0]

3.3.8. Executing PROC_DLATCH pass (convert process syncs to latches).
No latch inferred for signal `\decoder.\alu_op_dec' from process `\decoder.$proc$../../common/cpu/decoder.sv:0$21'.
No latch inferred for signal `\decoder.\alu_src_dec' from process `\decoder.$proc$../../common/cpu/decoder.sv:0$21'.
No latch inferred for signal `\decoder.\reg_write_dec' from process `\decoder.$proc$../../common/cpu/decoder.sv:0$21'.
No latch inferred for signal `\decoder.\mem_write_dec' from process `\decoder.$proc$../../common/cpu/decoder.sv:0$21'.
No latch inferred for signal `\decoder.\mem_read_dec' from process `\decoder.$proc$../../common/cpu/decoder.sv:0$21'.
No latch inferred for signal `\decoder.\mem_to_reg_dec' from process `\decoder.$proc$../../common/cpu/decoder.sv:0$21'.
No latch inferred for signal `\decoder.\branch_dec' from process `\decoder.$proc$../../common/cpu/decoder.sv:0$21'.
No latch inferred for signal `\decoder.\jump_dec' from process `\decoder.$proc$../../common/cpu/decoder.sv:0$21'.
No latch inferred for signal `\decoder.\is_ecall_dec' from process `\decoder.$proc$../../common/cpu/decoder.sv:0$21'.
No latch inferred for signal `\decoder.\is_ebreak_dec' from process `\decoder.$proc$../../common/cpu/decoder.sv:0$21'.
No latch inferred for signal `\decoder.\is_fence_dec' from process `\decoder.$proc$../../common/cpu/decoder.sv:0$21'.
No latch inferred for signal `\decoder.\is_csr_dec' from process `\decoder.$proc$../../common/cpu/decoder.sv:0$21'.
No latch inferred for signal `\decoder.\is_auipc_dec' from process `\decoder.$proc$../../common/cpu/decoder.sv:0$21'.
No latch inferred for signal `\decoder.\is_lr_dec' from process `\decoder.$proc$../../common/cpu/decoder.sv:0$21'.
No latch inferred for signal `\decoder.\is_sc_dec' from process `\decoder.$proc$../../common/cpu/decoder.sv:0$21'.
No latch inferred for signal `\decoder.\is_amo_dec' from process `\decoder.$proc$../../common/cpu/decoder.sv:0$21'.
No latch inferred for signal `\decoder.\fpu_op_dec' from process `\decoder.$proc$../../common/cpu/decoder.sv:0$21'.
No latch inferred for signal `\decoder.\fp_reg_write_dec' from process `\decoder.$proc$../../common/cpu/decoder.sv:0$21'.
No latch inferred for signal `\decoder.\fp_to_int_dec' from process `\decoder.$proc$../../common/cpu/decoder.sv:0$21'.
No latch inferred for signal `\decoder.\int_to_fp_dec' from process `\decoder.$proc$../../common/cpu/decoder.sv:0$21'.
No latch inferred for signal `\decoder.\is_fp_load_dec' from process `\decoder.$proc$../../common/cpu/decoder.sv:0$21'.
No latch inferred for signal `\decoder.\is_fp_store_dec' from process `\decoder.$proc$../../common/cpu/decoder.sv:0$21'.
No latch inferred for signal `\decoder.\instruction_valid_dec' from process `\decoder.$proc$../../common/cpu/decoder.sv:0$21'.

3.3.9. Executing PROC_DFF pass (convert process syncs to FFs).
Creating register for signal `\synth_harness.\result_reg' using process `\synth_harness.$proc$synth_harness.sv:175$428'.
  created $dff cell `$procdff$1578' with positive edge clock.
Creating register for signal `\synth_harness.\stim_sel' using process `\synth_harness.$proc$synth_harness.sv:29$420'.
  created $dff cell `$procdff$1579' with positive edge clock.
Creating register for signal `\synth_harness.$fordecl_block$1.i' using process `\synth_harness.$proc$synth_harness.sv:29$420'.
  created $dff cell `$procdff$1580' with positive edge clock.
Creating register for signal `\synth_harness.$fordecl_block$3.i' using process `\synth_harness.$proc$synth_harness.sv:29$420'.
  created $dff cell `$procdff$1581' with positive edge clock.
Creating register for signal `\synth_harness.\stim_reg[0]' using process `\synth_harness.$proc$synth_harness.sv:29$420'.
  created $dff cell `$procdff$1582' with positive edge clock.
Creating register for signal `\synth_harness.\stim_reg[1]' using process `\synth_harness.$proc$synth_harness.sv:29$420'.
  created $dff cell `$procdff$1583' with positive edge clock.
Creating register for signal `\synth_harness.\stim_reg[2]' using process `\synth_harness.$proc$synth_harness.sv:29$420'.
  created $dff cell `$procdff$1584' with positive edge clock.
Creating register for signal `\synth_harness.\stim_reg[3]' using process `\synth_harness.$proc$synth_harness.sv:29$420'.
  created $dff cell `$procdff$1585' with positive edge clock.
Creating register for signal `\synth_harness.\stim_reg[4]' using process `\synth_harness.$proc$synth_harness.sv:29$420'.
  created $dff cell `$procdff$1586' with positive edge clock.
Creating register for signal `\synth_harness.\stim_reg[5]' using process `\synth_harness.$proc$synth_harness.sv:29$420'.
  created $dff cell `$procdff$1587' with positive edge clock.
Creating register for signal `\synth_harness.\stim_reg[6]' using process `\synth_harness.$proc$synth_harness.sv:29$420'.
  created $dff cell `$procdff$1588' with positive edge clock.
Creating register for signal `\synth_harness.\stim_reg[7]' using process `\synth_harness.$proc$synth_harness.sv:29$420'.
  created $dff cell `$procdff$1589' with positive edge clock.
Creating register for signal `\synth_harness.\rst_n_sync1' using process `\synth_harness.$proc$synth_harness.sv:18$419'.
  created $dff cell `$procdff$1590' with positive edge clock.
Creating register for signal `\synth_harness.\rst_n_sync2' using process `\synth_harness.$proc$synth_harness.sv:18$419'.
  created $dff cell `$procdff$1591' with positive edge clock.
Creating register for signal `\SB_DFFNES.\Q' using process `\SB_DFFNES.$proc$/usr/bin/../share/yosys/ice40/cells_sim.v:1414$277'.
  created $adff cell `$procdff$1592' with negative edge clock and positive level reset.
Creating register for signal `\SB_DFFNESS.\Q' using process `\SB_DFFNESS.$proc$/usr/bin/../share/yosys/ice40/cells_sim.v:1353$270'.
  created $dff cell `$procdff$1593' with negative edge clock.
Creating register for signal `\SB_DFFNER.\Q' using process `\SB_DFFNER.$proc$/usr/bin/../share/yosys/ice40/cells_sim.v:1273$266'.
  created $adff cell `$procdff$1594' with negative edge clock and positive level reset.
Creating register for signal `\SB_DFFNESR.\Q' using process `\SB_DFFNESR.$proc$/usr/bin/../share/yosys/ice40/cells_sim.v:1212$259'.
  created $dff cell `$procdff$1595' with negative edge clock.
Creating register for signal `\SB_DFFNS.\Q' using process `\SB_DFFNS.$proc$/usr/bin/../share/yosys/ice40/cells_sim.v:1138$256'.
  created $adff cell `$procdff$1596' with negative edge clock and positive level reset.
Creating register for signal `\SB_DFFNSS.\Q' using process `\SB_DFFNSS.$proc$/usr/bin/../share/yosys/ice40/cells_sim.v:1088$253'.
  created $dff cell `$procdff$1597' with negative edge clock.
Creating register for signal `\SB_DFFNR.\Q' using process `\SB_DFFNR.$proc$/usr/bin/../share/yosys/ice40/cells_sim.v:1017$250'.
  created $adff cell `$procdff$1598' with negative edge clock and positive level reset.
Creating register for signal `\SB_DFFNSR.\Q' using process `\SB_DFFNSR.$proc$/usr/bin/../share/yosys/ice40/cells_sim.v:967$247'.
  created $dff cell `$procdff$1599' with negative edge clock.
Creating register for signal `\SB_DFFNE.\Q' using process `\SB_DFFNE.$proc$/usr/bin/../share/yosys/ice40/cells_sim.v:922$245'.
  created $dff cell `$procdff$1600' with negative edge clock.
Creating register for signal `\SB_DFFN.\Q' using process `\SB_DFFN.$proc$/usr/bin/../share/yosys/ice40/cells_sim.v:882$243'.
  created $dff cell `$procdff$1601' with negative edge clock.
Creating register for signal `\SB_DFFES.\Q' using process `\SB_DFFES.$proc$/usr/bin/../share/yosys/ice40/cells_sim.v:803$239'.
  created $adff cell `$procdff$1602' with positive edge clock and positive level reset.
Creating register for signal `\SB_DFFESS.\Q' using process `\SB_DFFESS.$proc$/usr/bin/../share/yosys/ice40/cells_sim.v:742$232'.
  created $dff cell `$procdff$1603' with positive edge clock.
Creating register for signal `\SB_DFFER.\Q' using process `\SB_DFFER.$proc$/usr/bin/../share/yosys/ice40/cells_sim.v:662$228'.
  created $adff cell `$procdff$1604' with positive edge clock and positive level reset.
Creating register for signal `\SB_DFFESR.\Q' using process `\SB_DFFESR.$proc$/usr/bin/../share/yosys/ice40/cells_sim.v:601$221'.
  created $dff cell `$procdff$1605' with positive edge clock.
Creating register for signal `\SB_DFFS.\Q' using process `\SB_DFFS.$proc$/usr/bin/../share/yosys/ice40/cells_sim.v:527$218'.
  created $adff cell `$procdff$1606' with positive edge clock and positive level reset.
Creating register for signal `\SB_DFFSS.\Q' using process `\SB_DFFSS.$proc$/usr/bin/../share/yosys/ice40/cells_sim.v:477$215'.
  created $dff cell `$procdff$1607' with positive edge clock.
Creating register for signal `\SB_DFFR.\Q' using process `\SB_DFFR.$proc$/usr/bin/../share/yosys/ice40/cells_sim.v:406$212'.
  created $adff cell `$procdff$1608' with positive edge clock and positive level reset.
Creating register for signal `\SB_DFFSR.\Q' using process `\SB_DFFSR.$proc$/usr/bin/../share/yosys/ice40/cells_sim.v:356$209'.
  created $dff cell `$procdff$1609' with positive edge clock.
Creating register for signal `\SB_DFFE.\Q' using process `\SB_DFFE.$proc$/usr/bin/../share/yosys/ice40/cells_sim.v:311$207'.
  created $dff cell `$procdff$1610' with positive edge clock.
Creating register for signal `\SB_DFF.\Q' using process `\SB_DFF.$proc$/usr/bin/../share/yosys/ice40/cells_sim.v:271$205'.
  created $dff cell `$procdff$1611' with positive edge clock.
Creating register for signal `\decoder.\opcode' using process `\decoder.$proc$../../common/cpu/decoder.sv:581$35'.
  created $dff cell `$procdff$1612' with positive edge clock.
Creating register for signal `\decoder.\rd' using process `\decoder.$proc$../../common/cpu/decoder.sv:581$35'.
  created $dff cell `$procdff$1613' with positive edge clock.
Creating register for signal `\decoder.\rs1' using process `\decoder.$proc$../../common/cpu/decoder.sv:581$35'.
  created $dff cell `$procdff$1614' with positive edge clock.
Creating register for signal `\decoder.\rs2' using process `\decoder.$proc$../../common/cpu/decoder.sv:581$35'.
  created $dff cell `$procdff$1615' with positive edge clock.
Creating register for signal `\decoder.\funct3' using process `\decoder.$proc$../../common/cpu/decoder.sv:581$35'.
  created $dff cell `$procdff$1616' with positive edge clock.
Creating register for signal `\decoder.\funct7' using process `\decoder.$proc$../../common/cpu/decoder.sv:581$35'.
  created $dff cell `$procdff$1617' with positive edge clock.
Creating register for signal `\decoder.\imm_i' using process `\decoder.$proc$../../common/cpu/decoder.sv:581$35'.
  created $dff cell `$procdff$1618' with positive edge clock.
Creating register for signal `\decoder.\imm_s' using process `\decoder.$proc$../../common/cpu/decoder.sv:581$35'.
  created $dff cell `$procdff$1619' with positive edge clock.
Creating register for signal `\decoder.\imm_b' using process `\decoder.$proc$../../common/cpu/decoder.sv:581$35'.
  created $dff cell `$procdff$1620' with positive edge clock.
Creating register for signal `\decoder.\imm_u' using process `\decoder.$proc$../../common/cpu/decoder.sv:581$35'.
  created $dff cell `$procdff$1621' with positive edge clock.
Creating register for signal `\decoder.\imm_j' using process `\decoder.$proc$../../common/cpu/decoder.sv:581$35'.
  created $dff cell `$procdff$1622' with positive edge clock.
Creating register for signal `\decoder.\alu_op' using process `\decoder.$proc$../../common/cpu/decoder.sv:581$35'.
  created $dff cell `$procdff$1623' with positive edge clock.
Creating register for signal `\decoder.\alu_src' using process `\decoder.$proc$../../common/cpu/decoder.sv:581$35'.
  created $dff cell `$procdff$1624' with positive edge clock.
Creating register for signal `\decoder.\reg_write' using process `\decoder.$proc$../../common/cpu/decoder.sv:581$35'.
  created $dff cell `$procdff$1625' with positive edge clock.
Creating register for signal `\decoder.\mem_write' using process `\decoder.$proc$../../common/cpu/decoder.sv:581$35'.
  created $dff cell `$procdff$1626' with positive edge clock.
Creating register for signal `\decoder.\mem_read' using process `\decoder.$proc$../../common/cpu/decoder.sv:581$35'.
  created $dff cell `$procdff$1627' with positive edge clock.
Creating register for signal `\decoder.\mem_to_reg' using process `\decoder.$proc$../../common/cpu/decoder.sv:581$35'.
  created $dff cell `$procdff$1628' with positive edge clock.
Creating register for signal `\decoder.\branch' using process `\decoder.$proc$../../common/cpu/decoder.sv:581$35'.
  created $dff cell `$procdff$1629' with positive edge clock.
Creating register for signal `\decoder.\jump' using process `\decoder.$proc$../../common/cpu/decoder.sv:581$35'.
  created $dff cell `$procdff$1630' with positive edge clock.
Creating register for signal `\decoder.\is_ecall' using process `\decoder.$proc$../../common/cpu/decoder.sv:581$35'.
  created $dff cell `$procdff$1631' with positive edge clock.
Creating register for signal `\decoder.\is_ebreak' using process `\decoder.$proc$../../common/cpu/decoder.sv:581$35'.
  created $dff cell `$procdff$1632' with positive edge clock.
Creating register for signal `\decoder.\is_fence' using process `\decoder.$proc$../../common/cpu/decoder.sv:581$35'.
  created $dff cell `$procdff$1633' with positive edge clock.
Creating register for signal `\decoder.\is_csr' using process `\decoder.$proc$../../common/cpu/decoder.sv:581$35'.
  created $dff cell `$procdff$1634' with positive edge clock.
Creating register for signal `\decoder.\is_auipc' using process `\decoder.$proc$../../common/cpu/decoder.sv:581$35'.
  created $dff cell `$procdff$1635' with positive edge clock.
Creating register for signal `\decoder.\is_lr' using process `\decoder.$proc$../../common/cpu/decoder.sv:581$35'.
  created $dff cell `$procdff$1636' with positive edge clock.
Creating register for signal `\decoder.\is_sc' using process `\decoder.$proc$../../common/cpu/decoder.sv:581$35'.
  created $dff cell `$procdff$1637' with positive edge clock.
Creating register for signal `\decoder.\is_amo' using process `\decoder.$proc$../../common/cpu/decoder.sv:581$35'.
  created $dff cell `$procdff$1638' with positive edge clock.
Creating register for signal `\decoder.\funct5' using process `\decoder.$proc$../../common/cpu/decoder.sv:581$35'.
  created $dff cell `$procdff$1639' with positive edge clock.
Creating register for signal `\decoder.\fpu_op' using process `\decoder.$proc$../../common/cpu/decoder.sv:581$35'.
  created $dff cell `$procdff$1640' with positive edge clock.
Creating register for signal `\decoder.\fp_reg_write' using process `\decoder.$proc$../../common/cpu/decoder.sv:581$35'.
  created $dff cell `$procdff$1641' with positive edge clock.
Creating register for signal `\decoder.\fp_to_int' using process `\decoder.$proc$../../common/cpu/decoder.sv:581$35'.
  created $dff cell `$procdff$1642' with positive edge clock.
Creating register for signal `\decoder.\int_to_fp' using process `\decoder.$proc$../../common/cpu/decoder.sv:581$35'.
  created $dff cell `$procdff$1643' with positive edge clock.
Creating register for signal `\decoder.\is_fp_load' using process `\decoder.$proc$../../common/cpu/decoder.sv:581$35'.
  created $dff cell `$procdff$1644' with positive edge clock.
Creating register for signal `\decoder.\is_fp_store' using process `\decoder.$proc$../../common/cpu/decoder.sv:581$35'.
  created $dff cell `$procdff$1645' with positive edge clock.
Creating register for signal `\decoder.\instruction_valid' using process `\decoder.$proc$../../common/cpu/decoder.sv:581$35'.
  created $dff cell `$procdff$1646' with positive edge clock.

3.3.10. Executing PROC_MEMWR pass (convert process memory writes to cells).

3.3.11. Executing PROC_CLEAN pass (remove empty switches from decision trees).
Removing empty process `synth_harness.$proc$synth_harness.sv:175$428'.
Found and cleaned up 1 empty switch in `\synth_harness.$proc$synth_harness.sv:29$420'.
Removing empty process `synth_harness.$proc$synth_harness.sv:29$420'.
Removing empty process `synth_harness.$proc$synth_harness.sv:18$419'.
Removing empty process `SB_DFFNES.$proc$/usr/bin/../share/yosys/ice40/cells_sim.v:0$280'.
Found and cleaned up 1 empty switch in `\SB_DFFNES.$proc$/usr/bin/../share/yosys/ice40/cells_sim.v:1414$277'.
Removing empty process `SB_DFFNES.$proc$/usr/bin/../share/yosys/ice40/cells_sim.v:1414$277'.
Removing empty process `SB_DFFNESS.$proc$/usr/bin/../share/yosys/ice40/cells_sim.v:0$276'.
Found and cleaned up 2 empty switches in `\SB_DFFNESS.$proc$/usr/bin/../share/yosys/ice40/cells_sim.v:1353$270'.
Removing empty process `SB_DFFNESS.$proc$/usr/bin/../share/yosys/ice40/cells_sim.v:1353$270'.
Removing empty process `SB_DFFNER.$proc$/usr/bin/../share/yosys/ice40/cells_sim.v:0$269'.
Found and cleaned up 1 empty switch in `\SB_DFFNER.$proc$/usr/bin/../share/yosys/ice40/cells_sim.v:1273$266'.
Removing empty process `SB_DFFNER.$proc$/usr/bin/../share/yosys/ice40/cells_sim.v:1273$266'.
Removing empty process `SB_DFFNESR.$proc$/usr/bin/../share/yosys/ice40/cells_sim.v:0$265'.
Found and cleaned up 2 empty switches in `\SB_DFFNESR.$proc$/usr/bin/../share/yosys/ice40/cells_sim.v:1212$259'.
Removing empty process `SB_DFFNESR.$proc$/usr/bin/../share/yosys/ice40/cells_sim.v:1212$259'.
Removing empty process `SB_DFFNS.$proc$/usr/bin/../share/yosys/ice40/cells_sim.v:0$258'.
Removing empty process `SB_DFFNS.$proc$/usr/bin/../share/yosys/ice40/cells_sim.v:1138$256'.
Removing empty process `SB_DFFNSS.$proc$/usr/bin/../share/yosys/ice40/cells_sim.v:0$255'.
Found and cleaned up 1 empty switch in `\SB_DFFNSS.$proc$/usr/bin/../share/yosys/ice40/cells_sim.v:1088$253'.
Removing empty process `SB_DFFNSS.$proc$/usr/bin/../share/yosys/ice40/cells_sim.v:1088$253'.
Removing empty process `SB_DFFNR.$proc$/usr/bin/../share/yosys/ice40/cells_sim.v:0$252'.
Removing empty process `SB_DFFNR.$proc$/usr/bin/../share/yosys/ice40/cells_sim.v:1017$250'.
Removing empty process `SB_DFFNSR.$proc$/usr/bin/../share/yosys/ice40/cells_sim.v:0$249'.
Found and cleaned up 1 empty switch in `\SB_DFFNSR.$proc$/usr/bin/../share/yosys/ice40/cells_sim.v:967$247'.
Removing empty process `SB_DFFNSR.$proc$/usr/bin/../share/yosys/ice40/cells_sim.v:967$247'.
Removing empty process `SB_DFFNE.$proc$/usr/bin/../share/yosys/ice40/cells_sim.v:0$246'.
Found and cleaned up 1 empty switch in `\SB_DFFNE.$proc$/usr/bin/../share/yosys/ice40/cells_sim.v:922$245'.
Removing empty process `SB_DFFNE.$proc$/usr/bin/../share/yosys/ice40/cells_sim.v:922$245'.
Removing empty process `SB_DFFN.$proc$/usr/bin/../share/yosys/ice40/cells_sim.v:0$244'.
Removing empty process `SB_DFFN.$proc$/usr/bin/../share/yosys/ice40/cells_sim.v:882$243'.
Removing empty process `SB_DFFES.$proc$/usr/bin/../share/yosys/ice40/cells_sim.v:0$242'.
Found and cleaned up 1 empty switch in `\SB_DFFES.$proc$/usr/bin/../share/yosys/ice40/cells_sim.v:803$239'.
Removing empty process `SB_DFFES.$proc$/usr/bin/../share/yosys/ice40/cells_sim.v:803$239'.
Removing empty process `SB_DFFESS.$proc$/usr/bin/../share/yosys/ice40/cells_sim.v:0$238'.
Found and cleaned up 2 empty switches in `\SB_DFFESS.$proc$/usr/bin/../share/yosys/ice40/cells_sim.v:742$232'.
Removing empty process `SB_DFFESS.$proc$/usr/bin/../share/yosys/ice40/cells_sim.v:742$232'.
Removing empty process `SB_DFFER.$proc$/usr/bin/../share/yosys/ice40/cells_sim.v:0$231'.
Found and cleaned up 1 empty switch in `\SB_DFFER.$proc$/usr/bin/../share/yosys/ice40/cells_sim.v:662$228'.
Removing empty process `SB_DFFER.$proc$/usr/bin/../share/yosys/ice40/cells_sim.v:662$228'.
Removing empty process `SB_DFFESR.$proc$/usr/bin/../share/yosys/ice40/cells_sim.v:0$227'.
Found and cleaned up 2 empty switches in `\SB_DFFESR.$proc$/usr/bin/../share/yosys/ice40/cells_sim.v:601$221'.
Removing empty process `SB_DFFESR.$proc$/usr/bin/../share/yosys/ice40/cells_sim.v:601$221'.
Removing empty process `SB_DFFS.$proc$/usr/bin/../share/yosys/ice40/cells_sim.v:0$220'.
Removing empty process `SB_DFFS.$proc$/usr/bin/../share/yosys/ice40/cells_sim.v:527$218'.
Removing empty process `SB_DFFSS.$proc$/usr/bin/../share/yosys/ice40/cells_sim.v:0$217'.
Found and cleaned up 1 empty switch in `\SB_DFFSS.$proc$/usr/bin/../share/yosys/ice40/cells_sim.v:477$215'.
Removing empty process `SB_DFFSS.$proc$/usr/bin/../share/yosys/ice40/cells_sim.v:477$215'.
Removing empty process `SB_DFFR.$proc$/usr/bin/../share/yosys/ice40/cells_sim.v:0$214'.
Removing empty process `SB_DFFR.$proc$/usr/bin/../share/yosys/ice40/cells_sim.v:406$212'.
Removing empty process `SB_DFFSR.$proc$/usr/bin/../share/yosys/ice40/cells_sim.v:0$211'.
Found and cleaned up 1 empty switch in `\SB_DFFSR.$proc$/usr/bin/../share/yosys/ice40/cells_sim.v:356$209'.
Removing empty process `SB_DFFSR.$proc$/usr/bin/../share/yosys/ice40/cells_sim.v:356$209'.
Removing empty process `SB_DFFE.$proc$/usr/bin/../share/yosys/ice40/cells_sim.v:0$208'.
Found and cleaned up 1 empty switch in `\SB_DFFE.$proc$/usr/bin/../share/yosys/ice40/cells_sim.v:311$207'.
Removing empty process `SB_DFFE.$proc$/usr/bin/../share/yosys/ice40/cells_sim.v:311$207'.
Removing empty process `SB_DFF.$proc$/usr/bin/../share/yosys/ice40/cells_sim.v:0$206'.
Removing empty process `SB_DFF.$proc$/usr/bin/../share/yosys/ice40/cells_sim.v:271$205'.
Found and cleaned up 2 empty switches in `\decoder.$proc$../../common/cpu/decoder.sv:581$35'.
Removing empty process `decoder.$proc$../../common/cpu/decoder.sv:581$35'.
Found and cleaned up 12 empty switches in `\decoder.$proc$../../common/cpu/decoder.sv:0$21'.
Removing empty process `decoder.$proc$../../common/cpu/decoder.sv:0$21'.
Cleaned up 33 empty switches.

3.3.12. Executing OPT_EXPR pass (perform const folding).
Optimizing module synth_harness.
<suppressed ~12 debug messages>
Optimizing module decoder.
<suppressed ~47 debug messages>

3.4. Executing FLATTEN pass (flatten design).
Deleting now unused module decoder.
<suppressed ~1 debug messages>

3.5. Executing TRIBUF pass.

3.6. Executing DEMINOUT pass (demote inout ports to input or output).

3.7. Executing OPT_EXPR pass (perform const folding).
Optimizing module synth_harness.

3.8. Executing OPT_CLEAN pass (remove unused cells and wires).
Finding unused cells or wires in module \synth_harness..
Removed 214 unused cells and 496 unused wires.
<suppressed ~268 debug messages>

3.9. Executing CHECK pass (checking for obvious problems).
Checking module synth_harness...
Found and reported 0 problems.

3.10. Executing OPT pass (performing simple optimizations).

3.10.1. Executing OPT_EXPR pass (perform const folding).
Optimizing module synth_harness.

3.10.2. Executing OPT_MERGE pass (detect identical cells).
Finding identical cells in module `\synth_harness'.
<suppressed ~189 debug messages>
Removed a total of 63 cells.

3.10.3. Executing OPT_MUXTREE pass (detect dead branches in mux trees).
Running muxtree optimizer on module \synth_harness..
  Creating internal representation of mux trees.
  Evaluating internal representation of mux trees.
  Analyzing evaluation results.
    dead port 2/2 on $mux $flatten\u_decoder.$procmux$1305.
    dead port 2/2 on $mux $flatten\u_decoder.$procmux$1019.
    dead port 2/2 on $mux $flatten\u_decoder.$procmux$1051.
    dead port 2/2 on $mux $flatten\u_decoder.$procmux$1067.
    dead port 2/2 on $mux $flatten\u_decoder.$procmux$1083.
    dead port 2/2 on $mux $flatten\u_decoder.$procmux$1137.
    dead port 2/2 on $mux $flatten\u_decoder.$procmux$1155.
    dead port 2/2 on $mux $flatten\u_decoder.$procmux$1173.
    dead port 1/2 on $mux $flatten\u_decoder.$procmux$1203.
    dead port 2/2 on $mux $flatten\u_decoder.$procmux$1205.
    dead port 2/2 on $mux $flatten\u_decoder.$procmux$1227.
    dead port 2/2 on $mux $flatten\u_decoder.$procmux$1229.
    dead port 2/2 on $mux $flatten\u_decoder.$procmux$1250.
    dead port 2/2 on $mux $flatten\u_decoder.$procmux$1252.
    dead port 2/2 on $mux $flatten\u_decoder.$procmux$767.
    dead port 2/2 on $mux $flatten\u_decoder.$procmux$769.
    dead port 2/2 on $mux $flatten\u_decoder.$procmux$1275.
    dead port 2/2 on $mux $flatten\u_decoder.$procmux$897.
    dead port 2/2 on $mux $flatten\u_decoder.$procmux$932.
    dead port 2/2 on $mux $flatten\u_decoder.$procmux$941.
    dead port 2/2 on $mux $flatten\u_decoder.$procmux$954.
    dead port 2/2 on $mux $flatten\u_decoder.$procmux$956.
    dead port 2/2 on $mux $flatten\u_decoder.$procmux$995.
Removed 23 multiplexer ports.
<suppressed ~25 debug messages>

3.10.4. Executing OPT_REDUCE pass (consolidate $*mux and $reduce_* inputs).
  Optimizing cells in module \synth_harness.
    New ctrl vector for $pmux cell $flatten\u_decoder.$procmux$1345: $auto$opt_reduce.cc:134:opt_pmux$1650
    New ctrl vector for $pmux cell $flatten\u_decoder.$procmux$1355: $auto$opt_reduce.cc:134:opt_pmux$1652
    New ctrl vector for $pmux cell $flatten\u_decoder.$procmux$1313: { $flatten\u_decoder.$procmux$1306_CMP $flatten\u_decoder.$procmux$1206_CMP $flatten\u_decoder.$procmux$1315_CMP $flatten\u_decoder.$procmux$1314_CMP }
    New ctrl vector for $pmux cell $flatten\u_decoder.$procmux$1521: $auto$opt_reduce.cc:134:opt_pmux$1654
    New ctrl vector for $pmux cell $flatten\u_decoder.$procmux$1564: { $auto$opt_reduce.cc:134:opt_pmux$1656 $flatten\u_decoder.$procmux$1314_CMP }
    New ctrl vector for $pmux cell $flatten\u_decoder.$procmux$1574: { $auto$opt_reduce.cc:134:opt_pmux$1658 $flatten\u_decoder.$procmux$1314_CMP }
    New ctrl vector for $pmux cell $flatten\u_decoder.$procmux$1325: { $auto$opt_reduce.cc:134:opt_pmux$1660 $flatten\u_decoder.$procmux$1020_CMP $flatten\u_decoder.$procmux$1314_CMP $flatten\u_decoder.$procmux$1326_CMP }
    New ctrl vector for $pmux cell $flatten\u_decoder.$procmux$893: $auto$opt_reduce.cc:134:opt_pmux$1662
  Optimizing cells in module \synth_harness.
Performed a total of 8 changes.

3.10.5. Executing OPT_MERGE pass (detect identical cells).
Finding identical cells in module `\synth_harness'.
<suppressed ~3 debug messages>
Removed a total of 1 cells.

3.10.6. Executing OPT_DFF pass (perform DFF optimizations).

3.10.7. Executing OPT_CLEAN pass (remove unused cells and wires).
Finding unused cells or wires in module \synth_harness..
Removed 0 unused cells and 87 unused wires.
<suppressed ~1 debug messages>

3.10.8. Executing OPT_EXPR pass (perform const folding).
Optimizing module synth_harness.

3.10.9. Rerunning OPT passes. (Maybe there is more to do..)

3.10.10. Executing OPT_MUXTREE pass (detect dead branches in mux trees).
Running muxtree optimizer on module \synth_harness..
  Creating internal representation of mux trees.
  Evaluating internal representation of mux trees.
  Analyzing evaluation results.
Removed 0 multiplexer ports.
<suppressed ~25 debug messages>

3.10.11. Executing OPT_REDUCE pass (consolidate $*mux and $reduce_* inputs).
  Optimizing cells in module \synth_harness.
Performed a total of 0 changes.

3.10.12. Executing OPT_MERGE pass (detect identical cells).
Finding identical cells in module `\synth_harness'.
Removed a total of 0 cells.

3.10.13. Executing OPT_DFF pass (perform DFF optimizations).

3.10.14. Executing OPT_CLEAN pass (remove unused cells and wires).
Finding unused cells or wires in module \synth_harness..

3.10.15. Executing OPT_EXPR pass (perform const folding).
Optimizing module synth_harness.

3.10.16. Finished OPT passes. (There is nothing left to do.)

3.11. Executing FSM pass (extract and optimize FSM).

3.11.1. Executing FSM_DETECT pass (finding FSMs in design).

3.11.2. Executing FSM_EXTRACT pass (extracting FSM from design).

3.11.3. Executing FSM_OPT pass (simple optimizations of FSMs).

3.11.4. Executing OPT_CLEAN pass (remove unused cells and wires).
Finding unused cells or wires in module \synth_harness..

3.11.5. Executing FSM_OPT pass (simple optimizations of FSMs).

3.11.6. Executing FSM_RECODE pass (re-assigning FSM state encoding).

3.11.7. Executing FSM_INFO pass (dumping all available information on FSM cells).

3.11.8. Executing FSM_MAP pass (mapping FSMs to basic logic).

3.12. Executing OPT pass (performing simple optimizations).

3.12.1. Executing OPT_EXPR pass (perform const folding).
Optimizing module synth_harness.

3.12.2. Executing OPT_MERGE pass (detect identical cells).
Finding identical cells in module `\synth_harness'.
Removed a total of 0 cells.

3.12.3. Executing OPT_MUXTREE pass (detect dead branches in mux trees).
Running muxtree optimizer on module \synth_harness..
  Creating internal representation of mux trees.
  Evaluating internal representation of mux trees.
  Analyzing evaluation results.
Removed 0 multiplexer ports.
<suppressed ~25 debug messages>

3.12.4. Executing OPT_REDUCE pass (consolidate $*mux and $reduce_* inputs).
  Optimizing cells in module \synth_harness.
Performed a total of 0 changes.

3.12.5. Executing OPT_MERGE pass (detect identical cells).
Finding identical cells in module `\synth_harness'.
Removed a total of 0 cells.

3.12.6. Executing OPT_DFF pass (perform DFF optimizations).
Adding SRST signal on $procdff$1589 ($dff) from module synth_harness (D = \stim_reg[6], Q = \stim_reg[7], rval = 0).
Adding SRST signal on $procdff$1588 ($dff) from module synth_harness (D = \stim_reg[5], Q = \stim_reg[6], rval = 0).
Adding SRST signal on $procdff$1587 ($dff) from module synth_harness (D = \stim_reg[4], Q = \stim_reg[5], rval = 0).
Adding SRST signal on $procdff$1586 ($dff) from module synth_harness (D = \stim_reg[3], Q = \stim_reg[4], rval = 0).
Adding SRST signal on $procdff$1585 ($dff) from module synth_harness (D = \stim_reg[2], Q = \stim_reg[3], rval = 0).
Adding SRST signal on $procdff$1584 ($dff) from module synth_harness (D = \stim_reg[1], Q = \stim_reg[2], rval = 0).
Adding SRST signal on $procdff$1583 ($dff) from module synth_harness (D = \stim_reg[0], Q = \stim_reg[1], rval = 0).
Adding SRST signal on $procdff$1582 ($dff) from module synth_harness (D = { \stim_reg[7] [31:29] $auto$rtlil.cc:2401:Not$1648 [12] \stim_reg[7] [27:26] $auto$rtlil.cc:2401:Not$1648 [11] \stim_reg[7] [24:22] $auto$rtlil.cc:2401:Not$1648 [10:9] \stim_reg[7] [19] $auto$rtlil.cc:2401:Not$1648 [8] \stim_reg[7] [17:15] $auto$rtlil.cc:2401:Not$1648 [7] \stim_reg[7] [13] $auto$rtlil.cc:2401:Not$1648 [6] \stim_reg[7] [11] $auto$rtlil.cc:2401:Not$1648 [5:4] \stim_reg[7] [8:7] $auto$rtlil.cc:2401:Not$1648 [3:0] \stim_reg[7] [2:0] }, Q = \stim_reg[0], rval = 0).
Adding SRST signal on $procdff$1579 ($dff) from module synth_harness (D = $add$synth_harness.sv:41$427_Y, Q = \stim_sel, rval = 5'00000).
Adding SRST signal on $flatten\u_decoder.$procdff$1646 ($dff) from module synth_harness (D = $flatten\u_decoder.$procmux$520_Y, Q = \u_decoder.instruction_valid, rval = 1'0).
Adding EN signal on $auto$ff.cc:266:slice$1672 ($sdff) from module synth_harness (D = \u_decoder.instruction_valid_dec, Q = \u_decoder.instruction_valid).
Adding SRST signal on $flatten\u_decoder.$procdff$1631 ($dff) from module synth_harness (D = $flatten\u_decoder.$procmux$595_Y, Q = \u_decoder.is_ecall, rval = 1'0).
Adding EN signal on $auto$ff.cc:266:slice$1674 ($sdff) from module synth_harness (D = \u_decoder.is_ecall_dec, Q = \u_decoder.is_ecall).
Adding SRST signal on $flatten\u_decoder.$procdff$1630 ($dff) from module synth_harness (D = $flatten\u_decoder.$procmux$600_Y, Q = \u_decoder.jump, rval = 1'0).
Adding EN signal on $auto$ff.cc:266:slice$1676 ($sdff) from module synth_harness (D = \u_decoder.jump_dec, Q = \u_decoder.jump).
Adding SRST signal on $flatten\u_decoder.$procdff$1629 ($dff) from module synth_harness (D = $flatten\u_decoder.$procmux$605_Y, Q = \u_decoder.branch, rval = 1'0).
Adding EN signal on $auto$ff.cc:266:slice$1678 ($sdff) from module synth_harness (D = \u_decoder.branch_dec, Q = \u_decoder.branch).
Adding SRST signal on $flatten\u_decoder.$procdff$1628 ($dff) from module synth_harness (D = $flatten\u_decoder.$procmux$610_Y, Q = \u_decoder.mem_to_reg, rval = 1'0).
Adding EN signal on $auto$ff.cc:266:slice$1680 ($sdff) from module synth_harness (D = \u_decoder.mem_to_reg_dec, Q = \u_decoder.mem_to_reg).
Adding SRST signal on $flatten\u_decoder.$procdff$1627 ($dff) from module synth_harness (D = $flatten\u_decoder.$procmux$615_Y, Q = \u_decoder.mem_read, rval = 1'0).
Adding EN signal on $auto$ff.cc:266:slice$1682 ($sdff) from module synth_harness (D = \u_decoder.mem_read_dec, Q = \u_decoder.mem_read).
Adding SRST signal on $flatten\u_decoder.$procdff$1626 ($dff) from module synth_harness (D = $flatten\u_decoder.$procmux$620_Y, Q = \u_decoder.mem_write, rval = 1'0).
Adding EN signal on $auto$ff.cc:266:slice$1684 ($sdff) from module synth_harness (D = \u_decoder.mem_write_dec, Q = \u_decoder.mem_write).
Adding SRST signal on $flatten\u_decoder.$procdff$1625 ($dff) from module synth_harness (D = $flatten\u_decoder.$procmux$625_Y, Q = \u_decoder.reg_write, rval = 1'0).
Adding EN signal on $auto$ff.cc:266:slice$1686 ($sdff) from module synth_harness (D = \u_decoder.reg_write_dec, Q = \u_decoder.reg_write).
Adding SRST signal on $flatten\u_decoder.$procdff$1624 ($dff) from module synth_harness (D = $flatten\u_decoder.$procmux$630_Y, Q = \u_decoder.alu_src, rval = 1'0).
Adding EN signal on $auto$ff.cc:266:slice$1688 ($sdff) from module synth_harness (D = \u_decoder.alu_src_dec, Q = \u_decoder.alu_src).
Adding SRST signal on $flatten\u_decoder.$procdff$1623 ($dff) from module synth_harness (D = $flatten\u_decoder.$procmux$635_Y, Q = \u_decoder.alu_op, rval = 5'00000).
Adding EN signal on $auto$ff.cc:266:slice$1690 ($sdff) from module synth_harness (D = \u_decoder.alu_op_dec, Q = \u_decoder.alu_op).
Adding SRST signal on $flatten\u_decoder.$procdff$1622 ($dff) from module synth_harness (D = $flatten\u_decoder.$procmux$640_Y, Q = \u_decoder.imm_j, rval = 0).
Adding EN signal on $auto$ff.cc:266:slice$1692 ($sdff) from module synth_harness (D = { \stim_reg[0] [31] \stim_reg[0] [31] \stim_reg[0] [31] \stim_reg[0] [31] \stim_reg[0] [31] \stim_reg[0] [31] \stim_reg[0] [31] \stim_reg[0] [31] \stim_reg[0] [31] \stim_reg[0] [31] \stim_reg[0] [31] \stim_reg[0] [31] \stim_reg[0] [19:12] \stim_reg[0] [20] \stim_reg[0] [30:21] 1'0 }, Q = \u_decoder.imm_j).
Adding SRST signal on $flatten\u_decoder.$procdff$1621 ($dff) from module synth_harness (D = $flatten\u_decoder.$procmux$645_Y, Q = \u_decoder.imm_u, rval = 0).
Adding EN signal on $auto$ff.cc:266:slice$1694 ($sdff) from module synth_harness (D = { \stim_reg[0] [31:12] 12'000000000000 }, Q = \u_decoder.imm_u).
Adding SRST signal on $flatten\u_decoder.$procdff$1620 ($dff) from module synth_harness (D = $flatten\u_decoder.$procmux$650_Y, Q = \u_decoder.imm_b, rval = 0).
Adding EN signal on $auto$ff.cc:266:slice$1696 ($sdff) from module synth_harness (D = { \stim_reg[0] [31] \stim_reg[0] [31] \stim_reg[0] [31] \stim_reg[0] [31] \stim_reg[0] [31] \stim_reg[0] [31] \stim_reg[0] [31] \stim_reg[0] [31] \stim_reg[0] [31] \stim_reg[0] [31] \stim_reg[0] [31] \stim_reg[0] [31] \stim_reg[0] [31] \stim_reg[0] [31] \stim_reg[0] [31] \stim_reg[0] [31] \stim_reg[0] [31] \stim_reg[0] [31] \stim_reg[0] [31] \stim_reg[0] [31] \stim_reg[0] [7] \stim_reg[0] [30:25] \stim_reg[0] [11:8] 1'0 }, Q = \u_decoder.imm_b).
Adding SRST signal on $flatten\u_decoder.$procdff$1619 ($dff) from module synth_harness (D = $flatten\u_decoder.$procmux$655_Y, Q = \u_decoder.imm_s, rval = 0).
Adding EN signal on $auto$ff.cc:266:slice$1698 ($sdff) from module synth_harness (D = { \stim_reg[0] [31] \stim_reg[0] [31] \stim_reg[0] [31] \stim_reg[0] [31] \stim_reg[0] [31] \stim_reg[0] [31] \stim_reg[0] [31] \stim_reg[0] [31] \stim_reg[0] [31] \stim_reg[0] [31] \stim_reg[0] [31] \stim_reg[0] [31] \stim_reg[0] [31] \stim_reg[0] [31] \stim_reg[0] [31] \stim_reg[0] [31] \stim_reg[0] [31] \stim_reg[0] [31] \stim_reg[0] [31] \stim_reg[0] [31] \stim_reg[0] [31:25] \stim_reg[0] [11:7] }, Q = \u_decoder.imm_s).
Adding SRST signal on $flatten\u_decoder.$procdff$1618 ($dff) from module synth_harness (D = $flatten\u_decoder.$procmux$660_Y, Q = \u_decoder.imm_i, rval = 0).
Adding EN signal on $auto$ff.cc:266:slice$1700 ($sdff) from module synth_harness (D = { \stim_reg[0] [31] \stim_reg[0] [31] \stim_reg[0] [31] \stim_reg[0] [31] \stim_reg[0] [31] \stim_reg[0] [31] \stim_reg[0] [31] \stim_reg[0] [31] \stim_reg[0] [31] \stim_reg[0] [31] \stim_reg[0] [31] \stim_reg[0] [31] \stim_reg[0] [31] \stim_reg[0] [31] \stim_reg[0] [31] \stim_reg[0] [31] \stim_reg[0] [31] \stim_reg[0] [31] \stim_reg[0] [31] \stim_reg[0] [31] \stim_reg[0] [31:20] }, Q = \u_decoder.imm_i).
Setting constant 0-bit at position 0 on $auto$ff.cc:266:slice$1697 ($sdffe) from module synth_harness.
Setting constant 0-bit at position 0 on $auto$ff.cc:266:slice$1695 ($sdffe) from module synth_harness.
Setting constant 0-bit at position 1 on $auto$ff.cc:266:slice$1695 ($sdffe) from module synth_harness.
Setting constant 0-bit at position 2 on $auto$ff.cc:266:slice$1695 ($sdffe) from module synth_harness.
Setting constant 0-bit at position 3 on $auto$ff.cc:266:slice$1695 ($sdffe) from module synth_harness.
Setting constant 0-bit at position 4 on $auto$ff.cc:266:slice$1695 ($sdffe) from module synth_harness.
Setting constant 0-bit at position 5 on $auto$ff.cc:266:slice$1695 ($sdffe) from module synth_harness.
Setting constant 0-bit at position 6 on $auto$ff.cc:266:slice$1695 ($sdffe) from module synth_harness.
Setting constant 0-bit at position 7 on $auto$ff.cc:266:slice$1695 ($sdffe) from module synth_harness.
Setting constant 0-bit at position 8 on $auto$ff.cc:266:slice$1695 ($sdffe) from module synth_harness.
Setting constant 0-bit at position 9 on $auto$ff.cc:266:slice$1695 ($sdffe) from module synth_harness.
Setting constant 0-bit at position 10 on $auto$ff.cc:266:slice$1695 ($sdffe) from module synth_harness.
Setting constant 0-bit at position 11 on $auto$ff.cc:266:slice$1695 ($sdffe) from module synth_harness.
Setting constant 0-bit at position 0 on $auto$ff.cc:266:slice$1693 ($sdffe) from module synth_harness.

3.12.7. Executing OPT_CLEAN pass (remove unused cells and wires).
Finding unused cells or wires in module \synth_harness..
Removed 39 unused cells and 39 unused wires.
<suppressed ~40 debug messages>

3.12.8. Executing OPT_EXPR pass (perform const folding).
Optimizing module synth_harness.

3.12.9. Rerunning OPT passes. (Maybe there is more to do..)

3.12.10. Executing OPT_MUXTREE pass (detect dead branches in mux trees).
Running muxtree optimizer on module \synth_harness..
  Creating internal representation of mux trees.
  Evaluating internal representation of mux trees.
  Analyzing evaluation results.
Removed 0 multiplexer ports.
<suppressed ~11 debug messages>

3.12.11. Executing OPT_REDUCE pass (consolidate $*mux and $reduce_* inputs).
  Optimizing cells in module \synth_harness.
Performed a total of 0 changes.

3.12.12. Executing OPT_MERGE pass (detect identical cells).
Finding identical cells in module `\synth_harness'.
Removed a total of 0 cells.

3.12.13. Executing OPT_DFF pass (perform DFF optimizations).

3.12.14. Executing OPT_CLEAN pass (remove unused cells and wires).
Finding unused cells or wires in module \synth_harness..

3.12.15. Executing OPT_EXPR pass (perform const folding).
Optimizing module synth_harness.

3.12.16. Finished OPT passes. (There is nothing left to do.)

3.13. Executing WREDUCE pass (reducing word size of cells).
Removed top 29 address bits (of 32) from memory init port synth_harness.$flatten\u_decoder.$auto$mem.cc:319:emit$438 ($flatten\u_decoder.$auto$proc_rom.cc:150:do_switch$436).
Removed top 27 address bits (of 32) from memory init port synth_harness.$flatten\u_decoder.$auto$mem.cc:319:emit$442 ($flatten\u_decoder.$auto$proc_rom.cc:150:do_switch$440).
Removed top 27 bits (of 32) from port B of cell synth_harness.$xor$synth_harness.sv:176$433 ($xor).
Removed top 23 bits (of 32) from port B of cell synth_harness.$xor$synth_harness.sv:176$434 ($xor).
Removed top 24 bits (of 32) from FF cell synth_harness.$procdff$1578 ($dff).
Removed top 19 bits (of 31) from FF cell synth_harness.$auto$ff.cc:266:slice$1702 ($sdffe).
Removed top 11 bits (of 31) from FF cell synth_harness.$auto$ff.cc:266:slice$1704 ($sdffe).
Removed top 20 bits (of 32) from FF cell synth_harness.$auto$ff.cc:266:slice$1699 ($sdffe).
Removed top 20 bits (of 32) from FF cell synth_harness.$auto$ff.cc:266:slice$1701 ($sdffe).
Removed top 3 bits (of 7) from port B of cell synth_harness.$flatten\u_decoder.$procmux$1363_CMP0 ($eq).
Removed top 1 bits (of 7) from port B of cell synth_harness.$flatten\u_decoder.$procmux$1350_CMP0 ($eq).
Removed top 5 bits (of 7) from port B of cell synth_harness.$flatten\u_decoder.$procmux$1333_CMP0 ($eq).
Removed top 1 bits (of 7) from port B of cell synth_harness.$flatten\u_decoder.$procmux$1332_CMP0 ($eq).
Removed top 2 bits (of 7) from port B of cell synth_harness.$flatten\u_decoder.$procmux$1331_CMP0 ($eq).
Removed top 1 bits (of 7) from port B of cell synth_harness.$flatten\u_decoder.$procmux$1314_CMP0 ($eq).
Removed top 2 bits (of 7) from port B of cell synth_harness.$flatten\u_decoder.$procmux$1306_CMP0 ($eq).
Removed top 1 bits (of 7) from port B of cell synth_harness.$flatten\u_decoder.$procmux$1206_CMP0 ($eq).
Removed top 2 bits (of 3) from port B of cell synth_harness.$flatten\u_decoder.$procmux$1197_CMP0 ($eq).
Removed top 1 bits (of 3) from port B of cell synth_harness.$flatten\u_decoder.$procmux$1195_CMP0 ($eq).
Removed top 1 bits (of 3) from port B of cell synth_harness.$flatten\u_decoder.$procmux$1194_CMP0 ($eq).
Removed top 4 bits (of 7) from port B of cell synth_harness.$flatten\u_decoder.$procmux$1138_CMP0 ($eq).
Removed top 1 bits (of 7) from port B of cell synth_harness.$flatten\u_decoder.$procmux$1052_CMP0 ($eq).
Removed top 4 bits (of 5) from mux cell synth_harness.$flatten\u_decoder.$ternary$../../common/cpu/decoder.sv:264$24 ($mux).
Removed top 6 bits (of 7) from port B of cell synth_harness.$flatten\u_decoder.$eq$../../common/cpu/decoder.sv:241$23 ($eq).
Removed top 4 bits (of 5) from mux cell synth_harness.$flatten\u_decoder.$ternary$../../common/cpu/decoder.sv:228$22 ($mux).
Removed top 24 bits (of 32) from port Y of cell synth_harness.$xor$synth_harness.sv:176$434 ($xor).
Removed top 24 bits (of 32) from port A of cell synth_harness.$xor$synth_harness.sv:176$434 ($xor).
Removed top 1 bits (of 9) from port B of cell synth_harness.$xor$synth_harness.sv:176$434 ($xor).
Removed top 24 bits (of 32) from port Y of cell synth_harness.$xor$synth_harness.sv:176$433 ($xor).
Removed top 24 bits (of 32) from port A of cell synth_harness.$xor$synth_harness.sv:176$433 ($xor).
Removed cell synth_harness.$auto$ff.cc:266:slice$1689 ($sdffe).
Removed top 24 bits (of 32) from port Y of cell synth_harness.$xor$synth_harness.sv:176$432 ($xor).
Removed top 24 bits (of 32) from port A of cell synth_harness.$xor$synth_harness.sv:176$432 ($xor).
Removed top 24 bits (of 32) from port B of cell synth_harness.$xor$synth_harness.sv:176$432 ($xor).
Removed top 24 bits (of 32) from port Y of cell synth_harness.$xor$synth_harness.sv:176$431 ($xor).
Removed top 24 bits (of 32) from port A of cell synth_harness.$xor$synth_harness.sv:176$431 ($xor).
Removed top 31 bits (of 32) from port B of cell synth_harness.$xor$synth_harness.sv:176$431 ($xor).
Removed top 13 bits (of 20) from FF cell synth_harness.$auto$ff.cc:266:slice$1704 ($sdffe).
Removed top 24 bits (of 32) from port Y of cell synth_harness.$xor$synth_harness.sv:176$430 ($xor).
Removed top 24 bits (of 32) from port A of cell synth_harness.$xor$synth_harness.sv:176$430 ($xor).
Removed top 24 bits (of 32) from port B of cell synth_harness.$xor$synth_harness.sv:176$430 ($xor).
Removed top 5 bits (of 12) from FF cell synth_harness.$auto$ff.cc:266:slice$1702 ($sdffe).
Removed cell synth_harness.$auto$ff.cc:266:slice$1703 ($sdffe).
Removed top 24 bits (of 32) from port Y of cell synth_harness.$xor$synth_harness.sv:176$429 ($xor).
Removed top 24 bits (of 32) from port A of cell synth_harness.$xor$synth_harness.sv:176$429 ($xor).
Removed top 24 bits (of 32) from port B of cell synth_harness.$xor$synth_harness.sv:176$429 ($xor).
Removed top 4 bits (of 12) from FF cell synth_harness.$auto$ff.cc:266:slice$1699 ($sdffe).
Removed top 4 bits (of 12) from FF cell synth_harness.$auto$ff.cc:266:slice$1701 ($sdffe).
Removed top 24 bits (of 32) from wire synth_harness.$0\result_reg[31:0].
Removed top 4 bits (of 5) from wire synth_harness.$flatten\u_decoder.$ternary$../../common/cpu/decoder.sv:228$22_Y.
Removed top 4 bits (of 5) from wire synth_harness.$flatten\u_decoder.$ternary$../../common/cpu/decoder.sv:264$24_Y.
Removed top 24 bits (of 32) from wire synth_harness.$xor$synth_harness.sv:176$429_Y.
Removed top 24 bits (of 32) from wire synth_harness.$xor$synth_harness.sv:176$430_Y.
Removed top 24 bits (of 32) from wire synth_harness.$xor$synth_harness.sv:176$431_Y.
Removed top 24 bits (of 32) from wire synth_harness.$xor$synth_harness.sv:176$432_Y.
Removed top 24 bits (of 32) from wire synth_harness.$xor$synth_harness.sv:176$433_Y.
Removed top 24 bits (of 32) from wire synth_harness.imm_b.
Removed top 24 bits (of 32) from wire synth_harness.imm_i.
Removed top 24 bits (of 32) from wire synth_harness.imm_j.
Removed top 24 bits (of 32) from wire synth_harness.imm_s.

3.14. Executing PEEPOPT pass (run peephole optimizers).

3.15. Executing OPT_CLEAN pass (remove unused cells and wires).
Finding unused cells or wires in module \synth_harness..
Removed 2 unused cells and 14 unused wires.
<suppressed ~4 debug messages>

3.16. Executing SHARE pass (SAT-based resource sharing).
Found 2 cells in module synth_harness that may be considered for resource sharing.
  Analyzing resource sharing options for $flatten\u_decoder.$auto$mem.cc:273:emit$441 ($memrd_v2):
    Found 1 activation_patterns using ctrl signal $flatten\u_decoder.$procmux$1314_CMP.
    No candidates found.
  Analyzing resource sharing options for $flatten\u_decoder.$auto$mem.cc:273:emit$437 ($memrd_v2):
    Found 1 activation_patterns using ctrl signal { $flatten\u_decoder.$eq$../../common/cpu/decoder.sv:241$23_Y $flatten\u_decoder.$procmux$1206_CMP }.
    No candidates found.

3.17. Executing TECHMAP pass (map to technology primitives).

3.17.1. Executing Verilog-2005 frontend: /usr/bin/../share/yosys/cmp2lut.v
Parsing Verilog input from `/usr/bin/../share/yosys/cmp2lut.v' to AST representation.
Generating RTLIL representation for module `\_90_lut_cmp_'.
Successfully finished Verilog frontend.

3.17.2. Continuing TECHMAP pass.
No more expansions possible.
<suppressed ~6 debug messages>

3.18. Executing OPT_EXPR pass (perform const folding).
Optimizing module synth_harness.
<suppressed ~1 debug messages>

3.19. Executing OPT_CLEAN pass (remove unused cells and wires).
Finding unused cells or wires in module \synth_harness..
Removed 0 unused cells and 1 unused wires.
<suppressed ~1 debug messages>

3.20. Executing ALUMACC pass (create $alu and $macc cells).
Extracting $alu and $macc cells in module synth_harness:
  creating $macc model for $add$synth_harness.sv:41$427 ($add).
  creating $alu model for $macc $add$synth_harness.sv:41$427.
  creating $alu cell for $add$synth_harness.sv:41$427: $auto$alumacc.cc:485:replace_alu$1718
  created 1 $alu and 0 $macc cells.

3.21. Executing OPT pass (performing simple optimizations).

3.21.1. Executing OPT_EXPR pass (perform const folding).
Optimizing module synth_harness.

3.21.2. Executing OPT_MERGE pass (detect identical cells).
Finding identical cells in module `\synth_harness'.
Removed a total of 0 cells.

3.21.3. Executing OPT_MUXTREE pass (detect dead branches in mux trees).
Running muxtree optimizer on module \synth_harness..
  Creating internal representation of mux trees.
  Evaluating internal representation of mux trees.
  Analyzing evaluation results.
Removed 0 multiplexer ports.
<suppressed ~10 debug messages>

3.21.4. Executing OPT_REDUCE pass (consolidate $*mux and $reduce_* inputs).
  Optimizing cells in module \synth_harness.
Performed a total of 0 changes.

3.21.5. Executing OPT_MERGE pass (detect identical cells).
Finding identical cells in module `\synth_harness'.
<suppressed ~3 debug messages>
Removed a total of 1 cells.

3.21.6. Executing OPT_DFF pass (perform DFF optimizations).

3.21.7. Executing OPT_CLEAN pass (remove unused cells and wires).
Finding unused cells or wires in module \synth_harness..
Removed 0 unused cells and 1 unused wires.
<suppressed ~1 debug messages>

3.21.8. Executing OPT_EXPR pass (perform const folding).
Optimizing module synth_harness.

3.21.9. Rerunning OPT passes. (Maybe there is more to do..)

3.21.10. Executing OPT_MUXTREE pass (detect dead branches in mux trees).
Running muxtree optimizer on module \synth_harness..
  Creating internal representation of mux trees.
  Evaluating internal representation of mux trees.
  Analyzing evaluation results.
Removed 0 multiplexer ports.
<suppressed ~10 debug messages>

3.21.11. Executing OPT_REDUCE pass (consolidate $*mux and $reduce_* inputs).
  Optimizing cells in module \synth_harness.
Performed a total of 0 changes.

3.21.12. Executing OPT_MERGE pass (detect identical cells).
Finding identical cells in module `\synth_harness'.
Removed a total of 0 cells.

3.21.13. Executing OPT_DFF pass (perform DFF optimizations).

3.21.14. Executing OPT_CLEAN pass (remove unused cells and wires).
Finding unused cells or wires in module \synth_harness..

3.21.15. Executing OPT_EXPR pass (perform const folding).
Optimizing module synth_harness.

3.21.16. Finished OPT passes. (There is nothing left to do.)

3.22. Executing MEMORY pass.

3.22.1. Executing OPT_MEM pass (optimize memories).
synth_harness.$flatten\u_decoder.$auto$proc_rom.cc:150:do_switch$440: removing const-0 lane 3
Performed a total of 1 transformations.

3.22.2. Executing OPT_MEM_PRIORITY pass (removing unnecessary memory write priority relations).
Performed a total of 0 transformations.

3.22.3. Executing OPT_MEM_FEEDBACK pass (finding memory read-to-write feedback paths).

3.22.4. Executing MEMORY_BMUX2ROM pass (converting muxes to ROMs).

3.22.5. Executing MEMORY_DFF pass (merging $dff cells to $memrd).
Checking read port `$flatten\u_decoder.$auto$proc_rom.cc:150:do_switch$436'[0] in module `\synth_harness': no output FF found.
Checking read port `$flatten\u_decoder.$auto$proc_rom.cc:150:do_switch$440'[0] in module `\synth_harness': no output FF found.
Checking read port address `$flatten\u_decoder.$auto$proc_rom.cc:150:do_switch$436'[0] in module `\synth_harness': merged address FF to cell.
Checking read port address `$flatten\u_decoder.$auto$proc_rom.cc:150:do_switch$440'[0] in module `\synth_harness': merged address FF to cell.

3.22.6. Executing OPT_CLEAN pass (remove unused cells and wires).
Finding unused cells or wires in module \synth_harness..

3.22.7. Executing MEMORY_SHARE pass (consolidating $memrd/$memwr cells).

3.22.8. Executing OPT_MEM_WIDEN pass (optimize memories where all ports are wide).
Performed a total of 0 transformations.

3.22.9. Executing OPT_CLEAN pass (remove unused cells and wires).
Finding unused cells or wires in module \synth_harness..

3.22.10. Executing MEMORY_COLLECT pass (generating $mem cells).

3.23. Executing OPT_CLEAN pass (remove unused cells and wires).
Finding unused cells or wires in module \synth_harness..

3.24. Executing MEMORY_LIBMAP pass (mapping memories to cells).
using FF mapping for memory synth_harness.$flatten\u_decoder.$auto$proc_rom.cc:150:do_switch$436
using FF mapping for memory synth_harness.$flatten\u_decoder.$auto$proc_rom.cc:150:do_switch$440
<suppressed ~104 debug messages>

3.25. Executing TECHMAP pass (map to technology primitives).

3.25.1. Executing Verilog-2005 frontend: /usr/bin/../share/yosys/ice40/brams_map.v
Parsing Verilog input from `/usr/bin/../share/yosys/ice40/brams_map.v' to AST representation.
Generating RTLIL representation for module `\$__ICE40_RAM4K_'.
Successfully finished Verilog frontend.

3.25.2. Executing Verilog-2005 frontend: /usr/bin/../share/yosys/ice40/spram_map.v
Parsing Verilog input from `/usr/bin/../share/yosys/ice40/spram_map.v' to AST representation.
Generating RTLIL representation for module `\$__ICE40_SPRAM_'.
Successfully finished Verilog frontend.

3.25.3. Continuing TECHMAP pass.
No more expansions possible.
<suppressed ~4 debug messages>

3.26. Executing ICE40_BRAMINIT pass.

3.27. Executing OPT pass (performing simple optimizations).

3.27.1. Executing OPT_EXPR pass (perform const folding).
Optimizing module synth_harness.
<suppressed ~65 debug messages>

3.27.2. Executing OPT_MERGE pass (detect identical cells).
Finding identical cells in module `\synth_harness'.
Removed a total of 0 cells.

3.27.3. Executing OPT_DFF pass (perform DFF optimizations).

3.27.4. Executing OPT_CLEAN pass (remove unused cells and wires).
Finding unused cells or wires in module \synth_harness..
Removed 0 unused cells and 11 unused wires.
<suppressed ~1 debug messages>

3.27.5. Finished fast OPT passes.

3.28. Executing MEMORY_MAP pass (converting memories to logic and flip-flops).
Mapping memory $flatten\u_decoder.$auto$proc_rom.cc:150:do_switch$436 in module \synth_harness:
  created 8 $dff cells and 0 static cells of width 5.
Extracted data FF from read port 0 of synth_harness.$flatten\u_decoder.$auto$proc_rom.cc:150:do_switch$436: $$flatten\u_decoder.$auto$proc_rom.cc:150:do_switch$436$rdreg[0]
  read interface: 1 $dff and 7 $mux cells.
  write interface: 0 write mux blocks.
Mapping memory $flatten\u_decoder.$auto$proc_rom.cc:150:do_switch$440 in module \synth_harness:
  created 32 $dff cells and 0 static cells of width 10.
Extracted data FF from read port 0 of synth_harness.$flatten\u_decoder.$auto$proc_rom.cc:150:do_switch$440: $$flatten\u_decoder.$auto$proc_rom.cc:150:do_switch$440$rdreg[0]
  read interface: 1 $dff and 31 $mux cells.
  write interface: 0 write mux blocks.

3.29. Executing OPT pass (performing simple optimizations).

3.29.1. Executing OPT_EXPR pass (perform const folding).
Optimizing module synth_harness.
<suppressed ~8 debug messages>

3.29.2. Executing OPT_MERGE pass (detect identical cells).
Finding identical cells in module `\synth_harness'.
Removed a total of 0 cells.

3.29.3. Executing OPT_MUXTREE pass (detect dead branches in mux trees).
Running muxtree optimizer on module \synth_harness..
  Creating internal representation of mux trees.
  Evaluating internal representation of mux trees.
  Analyzing evaluation results.
Removed 0 multiplexer ports.
<suppressed ~9 debug messages>

3.29.4. Executing OPT_REDUCE pass (consolidate $*mux and $reduce_* inputs).
  Optimizing cells in module \synth_harness.
    Consolidated identical input bits for $mux cell $memory$flatten\u_decoder.$auto$proc_rom.cc:150:do_switch$440$rdmux[0][4][6]$1842:
      Old ports: A=10'1010110010, B=10'0000000000, Y=$memory$flatten\u_decoder.$auto$proc_rom.cc:150:do_switch$440$rdmux[0][3][3]$a$1810
      New ports: A=1'1, B=1'0, Y=$memory$flatten\u_decoder.$auto$proc_rom.cc:150:do_switch$440$rdmux[0][3][3]$a$1810 [1]
      New connections: { $memory$flatten\u_decoder.$auto$proc_rom.cc:150:do_switch$440$rdmux[0][3][3]$a$1810 [9:2] $memory$flatten\u_decoder.$auto$proc_rom.cc:150:do_switch$440$rdmux[0][3][3]$a$1810 [0] } = { $memory$flatten\u_decoder.$auto$proc_rom.cc:150:do_switch$440$rdmux[0][3][3]$a$1810 [1] 1'0 $memory$flatten\u_decoder.$auto$proc_rom.cc:150:do_switch$440$rdmux[0][3][3]$a$1810 [1] 1'0 $memory$flatten\u_decoder.$auto$proc_rom.cc:150:do_switch$440$rdmux[0][3][3]$a$1810 [1] $memory$flatten\u_decoder.$auto$proc_rom.cc:150:do_switch$440$rdmux[0][3][3]$a$1810 [1] 3'000 }
    Consolidated identical input bits for $mux cell $memory$flatten\u_decoder.$auto$proc_rom.cc:150:do_switch$440$rdmux[0][4][8]$1848:
      Old ports: A=10'1010111010, B=10'0000000000, Y=$memory$flatten\u_decoder.$auto$proc_rom.cc:150:do_switch$440$rdmux[0][3][4]$a$1813
      New ports: A=1'1, B=1'0, Y=$memory$flatten\u_decoder.$auto$proc_rom.cc:150:do_switch$440$rdmux[0][3][4]$a$1813 [1]
      New connections: { $memory$flatten\u_decoder.$auto$proc_rom.cc:150:do_switch$440$rdmux[0][3][4]$a$1813 [9:2] $memory$flatten\u_decoder.$auto$proc_rom.cc:150:do_switch$440$rdmux[0][3][4]$a$1813 [0] } = { $memory$flatten\u_decoder.$auto$proc_rom.cc:150:do_switch$440$rdmux[0][3][4]$a$1813 [1] 1'0 $memory$flatten\u_decoder.$auto$proc_rom.cc:150:do_switch$440$rdmux[0][3][4]$a$1813 [1] 1'0 $memory$flatten\u_decoder.$auto$proc_rom.cc:150:do_switch$440$rdmux[0][3][4]$a$1813 [1] $memory$flatten\u_decoder.$auto$proc_rom.cc:150:do_switch$440$rdmux[0][3][4]$a$1813 [1] $memory$flatten\u_decoder.$auto$proc_rom.cc:150:do_switch$440$rdmux[0][3][4]$a$1813 [1] 2'00 }
    Consolidated identical input bits for $mux cell $memory$flatten\u_decoder.$auto$proc_rom.cc:150:do_switch$440$rdmux[0][4][4]$1836:
      Old ports: A=10'1010110011, B=10'0000000000, Y=$memory$flatten\u_decoder.$auto$proc_rom.cc:150:do_switch$440$rdmux[0][3][2]$a$1807
      New ports: A=1'1, B=1'0, Y=$memory$flatten\u_decoder.$auto$proc_rom.cc:150:do_switch$440$rdmux[0][3][2]$a$1807 [0]
      New connections: $memory$flatten\u_decoder.$auto$proc_rom.cc:150:do_switch$440$rdmux[0][3][2]$a$1807 [9:1] = { $memory$flatten\u_decoder.$auto$proc_rom.cc:150:do_switch$440$rdmux[0][3][2]$a$1807 [0] 1'0 $memory$flatten\u_decoder.$auto$proc_rom.cc:150:do_switch$440$rdmux[0][3][2]$a$1807 [0] 1'0 $memory$flatten\u_decoder.$auto$proc_rom.cc:150:do_switch$440$rdmux[0][3][2]$a$1807 [0] $memory$flatten\u_decoder.$auto$proc_rom.cc:150:do_switch$440$rdmux[0][3][2]$a$1807 [0] 2'00 $memory$flatten\u_decoder.$auto$proc_rom.cc:150:do_switch$440$rdmux[0][3][2]$a$1807 [0] }
    Consolidated identical input bits for $mux cell $memory$flatten\u_decoder.$auto$proc_rom.cc:150:do_switch$440$rdmux[0][4][10]$1854:
      Old ports: A=10'1010111011, B=10'0000000000, Y=$memory$flatten\u_decoder.$auto$proc_rom.cc:150:do_switch$440$rdmux[0][3][5]$a$1816
      New ports: A=1'1, B=1'0, Y=$memory$flatten\u_decoder.$auto$proc_rom.cc:150:do_switch$440$rdmux[0][3][5]$a$1816 [0]
      New connections: $memory$flatten\u_decoder.$auto$proc_rom.cc:150:do_switch$440$rdmux[0][3][5]$a$1816 [9:1] = { $memory$flatten\u_decoder.$auto$proc_rom.cc:150:do_switch$440$rdmux[0][3][5]$a$1816 [0] 1'0 $memory$flatten\u_decoder.$auto$proc_rom.cc:150:do_switch$440$rdmux[0][3][5]$a$1816 [0] 1'0 $memory$flatten\u_decoder.$auto$proc_rom.cc:150:do_switch$440$rdmux[0][3][5]$a$1816 [0] $memory$flatten\u_decoder.$auto$proc_rom.cc:150:do_switch$440$rdmux[0][3][5]$a$1816 [0] $memory$flatten\u_decoder.$auto$proc_rom.cc:150:do_switch$440$rdmux[0][3][5]$a$1816 [0] 1'0 $memory$flatten\u_decoder.$auto$proc_rom.cc:150:do_switch$440$rdmux[0][3][5]$a$1816 [0] }
    Consolidated identical input bits for $mux cell $memory$flatten\u_decoder.$auto$proc_rom.cc:150:do_switch$440$rdmux[0][4][2]$1830:
      Old ports: A=10'1010110100, B=10'0000000000, Y=$memory$flatten\u_decoder.$auto$proc_rom.cc:150:do_switch$440$rdmux[0][3][1]$a$1804
      New ports: A=1'1, B=1'0, Y=$memory$flatten\u_decoder.$auto$proc_rom.cc:150:do_switch$440$rdmux[0][3][1]$a$1804 [2]
      New connections: { $memory$flatten\u_decoder.$auto$proc_rom.cc:150:do_switch$440$rdmux[0][3][1]$a$1804 [9:3] $memory$flatten\u_decoder.$auto$proc_rom.cc:150:do_switch$440$rdmux[0][3][1]$a$1804 [1:0] } = { $memory$flatten\u_decoder.$auto$proc_rom.cc:150:do_switch$440$rdmux[0][3][1]$a$1804 [2] 1'0 $memory$flatten\u_decoder.$auto$proc_rom.cc:150:do_switch$440$rdmux[0][3][1]$a$1804 [2] 1'0 $memory$flatten\u_decoder.$auto$proc_rom.cc:150:do_switch$440$rdmux[0][3][1]$a$1804 [2] $memory$flatten\u_decoder.$auto$proc_rom.cc:150:do_switch$440$rdmux[0][3][1]$a$1804 [2] 3'000 }
    Consolidated identical input bits for $mux cell $memory$flatten\u_decoder.$auto$proc_rom.cc:150:do_switch$440$rdmux[0][4][1]$1827:
      Old ports: A=10'0100110000, B=10'1001010000, Y=$memory$flatten\u_decoder.$auto$proc_rom.cc:150:do_switch$440$rdmux[0][3][0]$b$1802
      New ports: A=2'01, B=2'10, Y=$memory$flatten\u_decoder.$auto$proc_rom.cc:150:do_switch$440$rdmux[0][3][0]$b$1802 [6:5]
      New connections: { $memory$flatten\u_decoder.$auto$proc_rom.cc:150:do_switch$440$rdmux[0][3][0]$b$1802 [9:7] $memory$flatten\u_decoder.$auto$proc_rom.cc:150:do_switch$440$rdmux[0][3][0]$b$1802 [4:0] } = { $memory$flatten\u_decoder.$auto$proc_rom.cc:150:do_switch$440$rdmux[0][3][0]$b$1802 [6:5] 6'010000 }
    Consolidated identical input bits for $mux cell $memory$flatten\u_decoder.$auto$proc_rom.cc:150:do_switch$440$rdmux[0][4][12]$1860:
      Old ports: A=10'1010111100, B=10'0000000000, Y=$memory$flatten\u_decoder.$auto$proc_rom.cc:150:do_switch$440$rdmux[0][3][6]$a$1819
      New ports: A=1'1, B=1'0, Y=$memory$flatten\u_decoder.$auto$proc_rom.cc:150:do_switch$440$rdmux[0][3][6]$a$1819 [2]
      New connections: { $memory$flatten\u_decoder.$auto$proc_rom.cc:150:do_switch$440$rdmux[0][3][6]$a$1819 [9:3] $memory$flatten\u_decoder.$auto$proc_rom.cc:150:do_switch$440$rdmux[0][3][6]$a$1819 [1:0] } = { $memory$flatten\u_decoder.$auto$proc_rom.cc:150:do_switch$440$rdmux[0][3][6]$a$1819 [2] 1'0 $memory$flatten\u_decoder.$auto$proc_rom.cc:150:do_switch$440$rdmux[0][3][6]$a$1819 [2] 1'0 $memory$flatten\u_decoder.$auto$proc_rom.cc:150:do_switch$440$rdmux[0][3][6]$a$1819 [2] $memory$flatten\u_decoder.$auto$proc_rom.cc:150:do_switch$440$rdmux[0][3][6]$a$1819 [2] $memory$flatten\u_decoder.$auto$proc_rom.cc:150:do_switch$440$rdmux[0][3][6]$a$1819 [2] 2'00 }
    Consolidated identical input bits for $mux cell $memory$flatten\u_decoder.$auto$proc_rom.cc:150:do_switch$436$rdmux[0][2][2]$1773:
      Old ports: A=5'01110, B=5'01111, Y=$memory$flatten\u_decoder.$auto$proc_rom.cc:150:do_switch$436$rdmux[0][1][1]$a$1765
      New ports: A=1'0, B=1'1, Y=$memory$flatten\u_decoder.$auto$proc_rom.cc:150:do_switch$436$rdmux[0][1][1]$a$1765 [0]
      New connections: $memory$flatten\u_decoder.$auto$proc_rom.cc:150:do_switch$436$rdmux[0][1][1]$a$1765 [4:1] = 4'0111
    Consolidated identical input bits for $mux cell $memory$flatten\u_decoder.$auto$proc_rom.cc:150:do_switch$436$rdmux[0][2][1]$1770:
      Old ports: A=5'01100, B=5'01101, Y=$memory$flatten\u_decoder.$auto$proc_rom.cc:150:do_switch$436$rdmux[0][1][0]$b$1763
      New ports: A=1'0, B=1'1, Y=$memory$flatten\u_decoder.$auto$proc_rom.cc:150:do_switch$436$rdmux[0][1][0]$b$1763 [0]
      New connections: $memory$flatten\u_decoder.$auto$proc_rom.cc:150:do_switch$436$rdmux[0][1][0]$b$1763 [4:1] = 4'0110
    Consolidated identical input bits for $mux cell $memory$flatten\u_decoder.$auto$proc_rom.cc:150:do_switch$436$rdmux[0][2][0]$1767:
      Old ports: A=5'01010, B=5'01011, Y=$memory$flatten\u_decoder.$auto$proc_rom.cc:150:do_switch$436$rdmux[0][1][0]$a$1762
      New ports: A=1'0, B=1'1, Y=$memory$flatten\u_decoder.$auto$proc_rom.cc:150:do_switch$436$rdmux[0][1][0]$a$1762 [0]
      New connections: $memory$flatten\u_decoder.$auto$proc_rom.cc:150:do_switch$436$rdmux[0][1][0]$a$1762 [4:1] = 4'0101
    Consolidated identical input bits for $mux cell $memory$flatten\u_decoder.$auto$proc_rom.cc:150:do_switch$436$rdmux[0][2][3]$1776:
      Old ports: A=5'10000, B=5'10001, Y=$memory$flatten\u_decoder.$auto$proc_rom.cc:150:do_switch$436$rdmux[0][1][1]$b$1766
      New ports: A=1'0, B=1'1, Y=$memory$flatten\u_decoder.$auto$proc_rom.cc:150:do_switch$436$rdmux[0][1][1]$b$1766 [0]
      New connections: $memory$flatten\u_decoder.$auto$proc_rom.cc:150:do_switch$436$rdmux[0][1][1]$b$1766 [4:1] = 4'1000
    Consolidated identical input bits for $mux cell $memory$flatten\u_decoder.$auto$proc_rom.cc:150:do_switch$440$rdmux[0][4][14]$1866:
      Old ports: A=10'1010111101, B=10'0000000000, Y=$memory$flatten\u_decoder.$auto$proc_rom.cc:150:do_switch$440$rdmux[0][3][7]$a$1822
      New ports: A=1'1, B=1'0, Y=$memory$flatten\u_decoder.$auto$proc_rom.cc:150:do_switch$440$rdmux[0][3][7]$a$1822 [0]
      New connections: $memory$flatten\u_decoder.$auto$proc_rom.cc:150:do_switch$440$rdmux[0][3][7]$a$1822 [9:1] = { $memory$flatten\u_decoder.$auto$proc_rom.cc:150:do_switch$440$rdmux[0][3][7]$a$1822 [0] 1'0 $memory$flatten\u_decoder.$auto$proc_rom.cc:150:do_switch$440$rdmux[0][3][7]$a$1822 [0] 1'0 $memory$flatten\u_decoder.$auto$proc_rom.cc:150:do_switch$440$rdmux[0][3][7]$a$1822 [0] $memory$flatten\u_decoder.$auto$proc_rom.cc:150:do_switch$440$rdmux[0][3][7]$a$1822 [0] $memory$flatten\u_decoder.$auto$proc_rom.cc:150:do_switch$440$rdmux[0][3][7]$a$1822 [0] $memory$flatten\u_decoder.$auto$proc_rom.cc:150:do_switch$440$rdmux[0][3][7]$a$1822 [0] 1'0 }
    Consolidated identical input bits for $pmux cell $flatten\u_decoder.$procmux$1193:
      Old ports: A={ 4'0000 \stim_reg[0] [30] }, B={ 24'000100001100100001010011 \stim_reg[0] [30] 10'0100001001 }, Y=$flatten\u_decoder.$6\alu_op_dec[4:0]
      New ports: A={ 3'000 \stim_reg[0] [30] }, B={ 19'0010001101000101011 \stim_reg[0] [30] 8'10001001 }, Y=$flatten\u_decoder.$6\alu_op_dec[4:0] [3:0]
      New connections: $flatten\u_decoder.$6\alu_op_dec[4:0] [4] = 1'0
    Consolidated identical input bits for $pmux cell $flatten\u_decoder.$procmux$1296:
      Old ports: A=5'00000, B={ 24'000100001100100001010011 \stim_reg[0] [30] 10'0100001001 }, Y=$flatten\u_decoder.$2\alu_op_dec[4:0]
      New ports: A=4'0000, B={ 19'0010001101000101011 \stim_reg[0] [30] 8'10001001 }, Y=$flatten\u_decoder.$2\alu_op_dec[4:0] [3:0]
      New connections: $flatten\u_decoder.$2\alu_op_dec[4:0] [4] = 1'0
  Optimizing cells in module \synth_harness.
    Consolidated identical input bits for $mux cell $memory$flatten\u_decoder.$auto$proc_rom.cc:150:do_switch$440$rdmux[0][3][7]$1821:
      Old ports: A=$memory$flatten\u_decoder.$auto$proc_rom.cc:150:do_switch$440$rdmux[0][3][7]$a$1822, B=10'0000000000, Y=$memory$flatten\u_decoder.$auto$proc_rom.cc:150:do_switch$440$rdmux[0][2][3]$b$1799
      New ports: A=$memory$flatten\u_decoder.$auto$proc_rom.cc:150:do_switch$440$rdmux[0][3][7]$a$1822 [0], B=1'0, Y=$memory$flatten\u_decoder.$auto$proc_rom.cc:150:do_switch$440$rdmux[0][2][3]$b$1799 [0]
      New connections: $memory$flatten\u_decoder.$auto$proc_rom.cc:150:do_switch$440$rdmux[0][2][3]$b$1799 [9:1] = { $memory$flatten\u_decoder.$auto$proc_rom.cc:150:do_switch$440$rdmux[0][2][3]$b$1799 [0] 1'0 $memory$flatten\u_decoder.$auto$proc_rom.cc:150:do_switch$440$rdmux[0][2][3]$b$1799 [0] 1'0 $memory$flatten\u_decoder.$auto$proc_rom.cc:150:do_switch$440$rdmux[0][2][3]$b$1799 [0] $memory$flatten\u_decoder.$auto$proc_rom.cc:150:do_switch$440$rdmux[0][2][3]$b$1799 [0] $memory$flatten\u_decoder.$auto$proc_rom.cc:150:do_switch$440$rdmux[0][2][3]$b$1799 [0] $memory$flatten\u_decoder.$auto$proc_rom.cc:150:do_switch$440$rdmux[0][2][3]$b$1799 [0] 1'0 }
    Consolidated identical input bits for $mux cell $memory$flatten\u_decoder.$auto$proc_rom.cc:150:do_switch$440$rdmux[0][3][6]$1818:
      Old ports: A=$memory$flatten\u_decoder.$auto$proc_rom.cc:150:do_switch$440$rdmux[0][3][6]$a$1819, B=10'0000000000, Y=$memory$flatten\u_decoder.$auto$proc_rom.cc:150:do_switch$440$rdmux[0][2][3]$a$1798
      New ports: A=$memory$flatten\u_decoder.$auto$proc_rom.cc:150:do_switch$440$rdmux[0][3][6]$a$1819 [2], B=1'0, Y=$memory$flatten\u_decoder.$auto$proc_rom.cc:150:do_switch$440$rdmux[0][2][3]$a$1798 [2]
      New connections: { $memory$flatten\u_decoder.$auto$proc_rom.cc:150:do_switch$440$rdmux[0][2][3]$a$1798 [9:3] $memory$flatten\u_decoder.$auto$proc_rom.cc:150:do_switch$440$rdmux[0][2][3]$a$1798 [1:0] } = { $memory$flatten\u_decoder.$auto$proc_rom.cc:150:do_switch$440$rdmux[0][2][3]$a$1798 [2] 1'0 $memory$flatten\u_decoder.$auto$proc_rom.cc:150:do_switch$440$rdmux[0][2][3]$a$1798 [2] 1'0 $memory$flatten\u_decoder.$auto$proc_rom.cc:150:do_switch$440$rdmux[0][2][3]$a$1798 [2] $memory$flatten\u_decoder.$auto$proc_rom.cc:150:do_switch$440$rdmux[0][2][3]$a$1798 [2] $memory$flatten\u_decoder.$auto$proc_rom.cc:150:do_switch$440$rdmux[0][2][3]$a$1798 [2] 2'00 }
    Consolidated identical input bits for $mux cell $memory$flatten\u_decoder.$auto$proc_rom.cc:150:do_switch$440$rdmux[0][3][5]$1815:
      Old ports: A=$memory$flatten\u_decoder.$auto$proc_rom.cc:150:do_switch$440$rdmux[0][3][5]$a$1816, B=10'0000000000, Y=$memory$flatten\u_decoder.$auto$proc_rom.cc:150:do_switch$440$rdmux[0][2][2]$b$1796
      New ports: A=$memory$flatten\u_decoder.$auto$proc_rom.cc:150:do_switch$440$rdmux[0][3][5]$a$1816 [0], B=1'0, Y=$memory$flatten\u_decoder.$auto$proc_rom.cc:150:do_switch$440$rdmux[0][2][2]$b$1796 [0]
      New connections: $memory$flatten\u_decoder.$auto$proc_rom.cc:150:do_switch$440$rdmux[0][2][2]$b$1796 [9:1] = { $memory$flatten\u_decoder.$auto$proc_rom.cc:150:do_switch$440$rdmux[0][2][2]$b$1796 [0] 1'0 $memory$flatten\u_decoder.$auto$proc_rom.cc:150:do_switch$440$rdmux[0][2][2]$b$1796 [0] 1'0 $memory$flatten\u_decoder.$auto$proc_rom.cc:150:do_switch$440$rdmux[0][2][2]$b$1796 [0] $memory$flatten\u_decoder.$auto$proc_rom.cc:150:do_switch$440$rdmux[0][2][2]$b$1796 [0] $memory$flatten\u_decoder.$auto$proc_rom.cc:150:do_switch$440$rdmux[0][2][2]$b$1796 [0] 1'0 $memory$flatten\u_decoder.$auto$proc_rom.cc:150:do_switch$440$rdmux[0][2][2]$b$1796 [0] }
    Consolidated identical input bits for $mux cell $memory$flatten\u_decoder.$auto$proc_rom.cc:150:do_switch$440$rdmux[0][3][4]$1812:
      Old ports: A=$memory$flatten\u_decoder.$auto$proc_rom.cc:150:do_switch$440$rdmux[0][3][4]$a$1813, B=10'0000000000, Y=$memory$flatten\u_decoder.$auto$proc_rom.cc:150:do_switch$440$rdmux[0][2][2]$a$1795
      New ports: A=$memory$flatten\u_decoder.$auto$proc_rom.cc:150:do_switch$440$rdmux[0][3][4]$a$1813 [1], B=1'0, Y=$memory$flatten\u_decoder.$auto$proc_rom.cc:150:do_switch$440$rdmux[0][2][2]$a$1795 [1]
      New connections: { $memory$flatten\u_decoder.$auto$proc_rom.cc:150:do_switch$440$rdmux[0][2][2]$a$1795 [9:2] $memory$flatten\u_decoder.$auto$proc_rom.cc:150:do_switch$440$rdmux[0][2][2]$a$1795 [0] } = { $memory$flatten\u_decoder.$auto$proc_rom.cc:150:do_switch$440$rdmux[0][2][2]$a$1795 [1] 1'0 $memory$flatten\u_decoder.$auto$proc_rom.cc:150:do_switch$440$rdmux[0][2][2]$a$1795 [1] 1'0 $memory$flatten\u_decoder.$auto$proc_rom.cc:150:do_switch$440$rdmux[0][2][2]$a$1795 [1] $memory$flatten\u_decoder.$auto$proc_rom.cc:150:do_switch$440$rdmux[0][2][2]$a$1795 [1] $memory$flatten\u_decoder.$auto$proc_rom.cc:150:do_switch$440$rdmux[0][2][2]$a$1795 [1] 2'00 }
    Consolidated identical input bits for $mux cell $memory$flatten\u_decoder.$auto$proc_rom.cc:150:do_switch$440$rdmux[0][3][3]$1809:
      Old ports: A=$memory$flatten\u_decoder.$auto$proc_rom.cc:150:do_switch$440$rdmux[0][3][3]$a$1810, B=10'0000000000, Y=$memory$flatten\u_decoder.$auto$proc_rom.cc:150:do_switch$440$rdmux[0][2][1]$b$1793
      New ports: A=$memory$flatten\u_decoder.$auto$proc_rom.cc:150:do_switch$440$rdmux[0][3][3]$a$1810 [1], B=1'0, Y=$memory$flatten\u_decoder.$auto$proc_rom.cc:150:do_switch$440$rdmux[0][2][1]$b$1793 [1]
      New connections: { $memory$flatten\u_decoder.$auto$proc_rom.cc:150:do_switch$440$rdmux[0][2][1]$b$1793 [9:2] $memory$flatten\u_decoder.$auto$proc_rom.cc:150:do_switch$440$rdmux[0][2][1]$b$1793 [0] } = { $memory$flatten\u_decoder.$auto$proc_rom.cc:150:do_switch$440$rdmux[0][2][1]$b$1793 [1] 1'0 $memory$flatten\u_decoder.$auto$proc_rom.cc:150:do_switch$440$rdmux[0][2][1]$b$1793 [1] 1'0 $memory$flatten\u_decoder.$auto$proc_rom.cc:150:do_switch$440$rdmux[0][2][1]$b$1793 [1] $memory$flatten\u_decoder.$auto$proc_rom.cc:150:do_switch$440$rdmux[0][2][1]$b$1793 [1] 3'000 }
    Consolidated identical input bits for $mux cell $memory$flatten\u_decoder.$auto$proc_rom.cc:150:do_switch$440$rdmux[0][3][2]$1806:
      Old ports: A=$memory$flatten\u_decoder.$auto$proc_rom.cc:150:do_switch$440$rdmux[0][3][2]$a$1807, B=10'0000000000, Y=$memory$flatten\u_decoder.$auto$proc_rom.cc:150:do_switch$440$rdmux[0][2][1]$a$1792
      New ports: A=$memory$flatten\u_decoder.$auto$proc_rom.cc:150:do_switch$440$rdmux[0][3][2]$a$1807 [0], B=1'0, Y=$memory$flatten\u_decoder.$auto$proc_rom.cc:150:do_switch$440$rdmux[0][2][1]$a$1792 [0]
      New connections: $memory$flatten\u_decoder.$auto$proc_rom.cc:150:do_switch$440$rdmux[0][2][1]$a$1792 [9:1] = { $memory$flatten\u_decoder.$auto$proc_rom.cc:150:do_switch$440$rdmux[0][2][1]$a$1792 [0] 1'0 $memory$flatten\u_decoder.$auto$proc_rom.cc:150:do_switch$440$rdmux[0][2][1]$a$1792 [0] 1'0 $memory$flatten\u_decoder.$auto$proc_rom.cc:150:do_switch$440$rdmux[0][2][1]$a$1792 [0] $memory$flatten\u_decoder.$auto$proc_rom.cc:150:do_switch$440$rdmux[0][2][1]$a$1792 [0] 2'00 $memory$flatten\u_decoder.$auto$proc_rom.cc:150:do_switch$440$rdmux[0][2][1]$a$1792 [0] }
    Consolidated identical input bits for $mux cell $memory$flatten\u_decoder.$auto$proc_rom.cc:150:do_switch$440$rdmux[0][3][1]$1803:
      Old ports: A=$memory$flatten\u_decoder.$auto$proc_rom.cc:150:do_switch$440$rdmux[0][3][1]$a$1804, B=10'0000000000, Y=$memory$flatten\u_decoder.$auto$proc_rom.cc:150:do_switch$440$rdmux[0][2][0]$b$1790
      New ports: A=$memory$flatten\u_decoder.$auto$proc_rom.cc:150:do_switch$440$rdmux[0][3][1]$a$1804 [2], B=1'0, Y=$memory$flatten\u_decoder.$auto$proc_rom.cc:150:do_switch$440$rdmux[0][2][0]$b$1790 [2]
      New connections: { $memory$flatten\u_decoder.$auto$proc_rom.cc:150:do_switch$440$rdmux[0][2][0]$b$1790 [9:3] $memory$flatten\u_decoder.$auto$proc_rom.cc:150:do_switch$440$rdmux[0][2][0]$b$1790 [1:0] } = { $memory$flatten\u_decoder.$auto$proc_rom.cc:150:do_switch$440$rdmux[0][2][0]$b$1790 [2] 1'0 $memory$flatten\u_decoder.$auto$proc_rom.cc:150:do_switch$440$rdmux[0][2][0]$b$1790 [2] 1'0 $memory$flatten\u_decoder.$auto$proc_rom.cc:150:do_switch$440$rdmux[0][2][0]$b$1790 [2] $memory$flatten\u_decoder.$auto$proc_rom.cc:150:do_switch$440$rdmux[0][2][0]$b$1790 [2] 3'000 }
    Consolidated identical input bits for $mux cell $memory$flatten\u_decoder.$auto$proc_rom.cc:150:do_switch$440$rdmux[0][3][0]$1800:
      Old ports: A=10'1010110000, B=$memory$flatten\u_decoder.$auto$proc_rom.cc:150:do_switch$440$rdmux[0][3][0]$b$1802, Y=$memory$flatten\u_decoder.$auto$proc_rom.cc:150:do_switch$440$rdmux[0][2][0]$a$1789
      New ports: A=5'10101, B={ $memory$flatten\u_decoder.$auto$proc_rom.cc:150:do_switch$440$rdmux[0][3][0]$b$1802 [6:5] 1'0 $memory$flatten\u_decoder.$auto$proc_rom.cc:150:do_switch$440$rdmux[0][3][0]$b$1802 [6:5] }, Y=$memory$flatten\u_decoder.$auto$proc_rom.cc:150:do_switch$440$rdmux[0][2][0]$a$1789 [9:5]
      New connections: $memory$flatten\u_decoder.$auto$proc_rom.cc:150:do_switch$440$rdmux[0][2][0]$a$1789 [4:0] = 5'10000
    Consolidated identical input bits for $mux cell $memory$flatten\u_decoder.$auto$proc_rom.cc:150:do_switch$436$rdmux[0][1][1]$1764:
      Old ports: A=$memory$flatten\u_decoder.$auto$proc_rom.cc:150:do_switch$436$rdmux[0][1][1]$a$1765, B=$memory$flatten\u_decoder.$auto$proc_rom.cc:150:do_switch$436$rdmux[0][1][1]$b$1766, Y=$memory$flatten\u_decoder.$auto$proc_rom.cc:150:do_switch$436$rdmux[0][0][0]$b$1760
      New ports: A={ 2'01 $memory$flatten\u_decoder.$auto$proc_rom.cc:150:do_switch$436$rdmux[0][1][1]$a$1765 [0] }, B={ 2'10 $memory$flatten\u_decoder.$auto$proc_rom.cc:150:do_switch$436$rdmux[0][1][1]$b$1766 [0] }, Y={ $memory$flatten\u_decoder.$auto$proc_rom.cc:150:do_switch$436$rdmux[0][0][0]$b$1760 [4] $memory$flatten\u_decoder.$auto$proc_rom.cc:150:do_switch$436$rdmux[0][0][0]$b$1760 [1:0] }
      New connections: $memory$flatten\u_decoder.$auto$proc_rom.cc:150:do_switch$436$rdmux[0][0][0]$b$1760 [3:2] = { $memory$flatten\u_decoder.$auto$proc_rom.cc:150:do_switch$436$rdmux[0][0][0]$b$1760 [1] $memory$flatten\u_decoder.$auto$proc_rom.cc:150:do_switch$436$rdmux[0][0][0]$b$1760 [1] }
    Consolidated identical input bits for $mux cell $memory$flatten\u_decoder.$auto$proc_rom.cc:150:do_switch$436$rdmux[0][1][0]$1761:
      Old ports: A=$memory$flatten\u_decoder.$auto$proc_rom.cc:150:do_switch$436$rdmux[0][1][0]$a$1762, B=$memory$flatten\u_decoder.$auto$proc_rom.cc:150:do_switch$436$rdmux[0][1][0]$b$1763, Y=$memory$flatten\u_decoder.$auto$proc_rom.cc:150:do_switch$436$rdmux[0][0][0]$a$1759
      New ports: A={ 2'01 $memory$flatten\u_decoder.$auto$proc_rom.cc:150:do_switch$436$rdmux[0][1][0]$a$1762 [0] }, B={ 2'10 $memory$flatten\u_decoder.$auto$proc_rom.cc:150:do_switch$436$rdmux[0][1][0]$b$1763 [0] }, Y=$memory$flatten\u_decoder.$auto$proc_rom.cc:150:do_switch$436$rdmux[0][0][0]$a$1759 [2:0]
      New connections: $memory$flatten\u_decoder.$auto$proc_rom.cc:150:do_switch$436$rdmux[0][0][0]$a$1759 [4:3] = 2'01
  Optimizing cells in module \synth_harness.
    Consolidated identical input bits for $mux cell $memory$flatten\u_decoder.$auto$proc_rom.cc:150:do_switch$440$rdmux[0][2][3]$1797:
      Old ports: A=$memory$flatten\u_decoder.$auto$proc_rom.cc:150:do_switch$440$rdmux[0][2][3]$a$1798, B=$memory$flatten\u_decoder.$auto$proc_rom.cc:150:do_switch$440$rdmux[0][2][3]$b$1799, Y=$memory$flatten\u_decoder.$auto$proc_rom.cc:150:do_switch$440$rdmux[0][1][1]$b$1787
      New ports: A={ $memory$flatten\u_decoder.$auto$proc_rom.cc:150:do_switch$440$rdmux[0][2][3]$a$1798 [2] 1'0 }, B={ $memory$flatten\u_decoder.$auto$proc_rom.cc:150:do_switch$440$rdmux[0][2][3]$b$1799 [0] $memory$flatten\u_decoder.$auto$proc_rom.cc:150:do_switch$440$rdmux[0][2][3]$b$1799 [0] }, Y={ $memory$flatten\u_decoder.$auto$proc_rom.cc:150:do_switch$440$rdmux[0][1][1]$b$1787 [2] $memory$flatten\u_decoder.$auto$proc_rom.cc:150:do_switch$440$rdmux[0][1][1]$b$1787 [0] }
      New connections: { $memory$flatten\u_decoder.$auto$proc_rom.cc:150:do_switch$440$rdmux[0][1][1]$b$1787 [9:3] $memory$flatten\u_decoder.$auto$proc_rom.cc:150:do_switch$440$rdmux[0][1][1]$b$1787 [1] } = { $memory$flatten\u_decoder.$auto$proc_rom.cc:150:do_switch$440$rdmux[0][1][1]$b$1787 [2] 1'0 $memory$flatten\u_decoder.$auto$proc_rom.cc:150:do_switch$440$rdmux[0][1][1]$b$1787 [2] 1'0 $memory$flatten\u_decoder.$auto$proc_rom.cc:150:do_switch$440$rdmux[0][1][1]$b$1787 [2] $memory$flatten\u_decoder.$auto$proc_rom.cc:150:do_switch$440$rdmux[0][1][1]$b$1787 [2] $memory$flatten\u_decoder.$auto$proc_rom.cc:150:do_switch$440$rdmux[0][1][1]$b$1787 [2] 1'0 }
    Consolidated identical input bits for $mux cell $memory$flatten\u_decoder.$auto$proc_rom.cc:150:do_switch$440$rdmux[0][2][2]$1794:
      Old ports: A=$memory$flatten\u_decoder.$auto$proc_rom.cc:150:do_switch$440$rdmux[0][2][2]$a$1795, B=$memory$flatten\u_decoder.$auto$proc_rom.cc:150:do_switch$440$rdmux[0][2][2]$b$1796, Y=$memory$flatten\u_decoder.$auto$proc_rom.cc:150:do_switch$440$rdmux[0][1][1]$a$1786
      New ports: A={ $memory$flatten\u_decoder.$auto$proc_rom.cc:150:do_switch$440$rdmux[0][2][2]$a$1795 [1] 1'0 }, B={ $memory$flatten\u_decoder.$auto$proc_rom.cc:150:do_switch$440$rdmux[0][2][2]$b$1796 [0] $memory$flatten\u_decoder.$auto$proc_rom.cc:150:do_switch$440$rdmux[0][2][2]$b$1796 [0] }, Y=$memory$flatten\u_decoder.$auto$proc_rom.cc:150:do_switch$440$rdmux[0][1][1]$a$1786 [1:0]
      New connections: $memory$flatten\u_decoder.$auto$proc_rom.cc:150:do_switch$440$rdmux[0][1][1]$a$1786 [9:2] = { $memory$flatten\u_decoder.$auto$proc_rom.cc:150:do_switch$440$rdmux[0][1][1]$a$1786 [1] 1'0 $memory$flatten\u_decoder.$auto$proc_rom.cc:150:do_switch$440$rdmux[0][1][1]$a$1786 [1] 1'0 $memory$flatten\u_decoder.$auto$proc_rom.cc:150:do_switch$440$rdmux[0][1][1]$a$1786 [1] $memory$flatten\u_decoder.$auto$proc_rom.cc:150:do_switch$440$rdmux[0][1][1]$a$1786 [1] $memory$flatten\u_decoder.$auto$proc_rom.cc:150:do_switch$440$rdmux[0][1][1]$a$1786 [1] 1'0 }
    Consolidated identical input bits for $mux cell $memory$flatten\u_decoder.$auto$proc_rom.cc:150:do_switch$440$rdmux[0][2][1]$1791:
      Old ports: A=$memory$flatten\u_decoder.$auto$proc_rom.cc:150:do_switch$440$rdmux[0][2][1]$a$1792, B=$memory$flatten\u_decoder.$auto$proc_rom.cc:150:do_switch$440$rdmux[0][2][1]$b$1793, Y=$memory$flatten\u_decoder.$auto$proc_rom.cc:150:do_switch$440$rdmux[0][1][0]$b$1784
      New ports: A={ $memory$flatten\u_decoder.$auto$proc_rom.cc:150:do_switch$440$rdmux[0][2][1]$a$1792 [0] $memory$flatten\u_decoder.$auto$proc_rom.cc:150:do_switch$440$rdmux[0][2][1]$a$1792 [0] }, B={ $memory$flatten\u_decoder.$auto$proc_rom.cc:150:do_switch$440$rdmux[0][2][1]$b$1793 [1] 1'0 }, Y=$memory$flatten\u_decoder.$auto$proc_rom.cc:150:do_switch$440$rdmux[0][1][0]$b$1784 [1:0]
      New connections: $memory$flatten\u_decoder.$auto$proc_rom.cc:150:do_switch$440$rdmux[0][1][0]$b$1784 [9:2] = { $memory$flatten\u_decoder.$auto$proc_rom.cc:150:do_switch$440$rdmux[0][1][0]$b$1784 [1] 1'0 $memory$flatten\u_decoder.$auto$proc_rom.cc:150:do_switch$440$rdmux[0][1][0]$b$1784 [1] 1'0 $memory$flatten\u_decoder.$auto$proc_rom.cc:150:do_switch$440$rdmux[0][1][0]$b$1784 [1] $memory$flatten\u_decoder.$auto$proc_rom.cc:150:do_switch$440$rdmux[0][1][0]$b$1784 [1] 2'00 }
    Consolidated identical input bits for $mux cell $memory$flatten\u_decoder.$auto$proc_rom.cc:150:do_switch$440$rdmux[0][2][0]$1788:
      Old ports: A=$memory$flatten\u_decoder.$auto$proc_rom.cc:150:do_switch$440$rdmux[0][2][0]$a$1789, B=$memory$flatten\u_decoder.$auto$proc_rom.cc:150:do_switch$440$rdmux[0][2][0]$b$1790, Y=$memory$flatten\u_decoder.$auto$proc_rom.cc:150:do_switch$440$rdmux[0][1][0]$a$1783
      New ports: A={ $memory$flatten\u_decoder.$auto$proc_rom.cc:150:do_switch$440$rdmux[0][2][0]$a$1789 [9:5] 2'10 }, B={ $memory$flatten\u_decoder.$auto$proc_rom.cc:150:do_switch$440$rdmux[0][2][0]$b$1790 [2] 1'0 $memory$flatten\u_decoder.$auto$proc_rom.cc:150:do_switch$440$rdmux[0][2][0]$b$1790 [2] 1'0 $memory$flatten\u_decoder.$auto$proc_rom.cc:150:do_switch$440$rdmux[0][2][0]$b$1790 [2] $memory$flatten\u_decoder.$auto$proc_rom.cc:150:do_switch$440$rdmux[0][2][0]$b$1790 [2] $memory$flatten\u_decoder.$auto$proc_rom.cc:150:do_switch$440$rdmux[0][2][0]$b$1790 [2] }, Y={ $memory$flatten\u_decoder.$auto$proc_rom.cc:150:do_switch$440$rdmux[0][1][0]$a$1783 [9:4] $memory$flatten\u_decoder.$auto$proc_rom.cc:150:do_switch$440$rdmux[0][1][0]$a$1783 [2] }
      New connections: { $memory$flatten\u_decoder.$auto$proc_rom.cc:150:do_switch$440$rdmux[0][1][0]$a$1783 [3] $memory$flatten\u_decoder.$auto$proc_rom.cc:150:do_switch$440$rdmux[0][1][0]$a$1783 [1:0] } = 3'000
  Optimizing cells in module \synth_harness.
    Consolidated identical input bits for $mux cell $memory$flatten\u_decoder.$auto$proc_rom.cc:150:do_switch$440$rdmux[0][1][1]$1785:
      Old ports: A=$memory$flatten\u_decoder.$auto$proc_rom.cc:150:do_switch$440$rdmux[0][1][1]$a$1786, B=$memory$flatten\u_decoder.$auto$proc_rom.cc:150:do_switch$440$rdmux[0][1][1]$b$1787, Y=$memory$flatten\u_decoder.$auto$proc_rom.cc:150:do_switch$440$rdmux[0][0][0]$b$1781
      New ports: A={ $memory$flatten\u_decoder.$auto$proc_rom.cc:150:do_switch$440$rdmux[0][1][1]$a$1786 [1] 1'0 $memory$flatten\u_decoder.$auto$proc_rom.cc:150:do_switch$440$rdmux[0][1][1]$a$1786 [1:0] }, B={ $memory$flatten\u_decoder.$auto$proc_rom.cc:150:do_switch$440$rdmux[0][1][1]$b$1787 [2] $memory$flatten\u_decoder.$auto$proc_rom.cc:150:do_switch$440$rdmux[0][1][1]$b$1787 [2] 1'0 $memory$flatten\u_decoder.$auto$proc_rom.cc:150:do_switch$440$rdmux[0][1][1]$b$1787 [0] }, Y=$memory$flatten\u_decoder.$auto$proc_rom.cc:150:do_switch$440$rdmux[0][0][0]$b$1781 [3:0]
      New connections: $memory$flatten\u_decoder.$auto$proc_rom.cc:150:do_switch$440$rdmux[0][0][0]$b$1781 [9:4] = { $memory$flatten\u_decoder.$auto$proc_rom.cc:150:do_switch$440$rdmux[0][0][0]$b$1781 [3] 1'0 $memory$flatten\u_decoder.$auto$proc_rom.cc:150:do_switch$440$rdmux[0][0][0]$b$1781 [3] 1'0 $memory$flatten\u_decoder.$auto$proc_rom.cc:150:do_switch$440$rdmux[0][0][0]$b$1781 [3] $memory$flatten\u_decoder.$auto$proc_rom.cc:150:do_switch$440$rdmux[0][0][0]$b$1781 [3] }
    Consolidated identical input bits for $mux cell $memory$flatten\u_decoder.$auto$proc_rom.cc:150:do_switch$440$rdmux[0][1][0]$1782:
      Old ports: A=$memory$flatten\u_decoder.$auto$proc_rom.cc:150:do_switch$440$rdmux[0][1][0]$a$1783, B=$memory$flatten\u_decoder.$auto$proc_rom.cc:150:do_switch$440$rdmux[0][1][0]$b$1784, Y=$memory$flatten\u_decoder.$auto$proc_rom.cc:150:do_switch$440$rdmux[0][0][0]$a$1780
      New ports: A={ $memory$flatten\u_decoder.$auto$proc_rom.cc:150:do_switch$440$rdmux[0][1][0]$a$1783 [9:4] $memory$flatten\u_decoder.$auto$proc_rom.cc:150:do_switch$440$rdmux[0][1][0]$a$1783 [2] 2'00 }, B={ $memory$flatten\u_decoder.$auto$proc_rom.cc:150:do_switch$440$rdmux[0][1][0]$b$1784 [1] 1'0 $memory$flatten\u_decoder.$auto$proc_rom.cc:150:do_switch$440$rdmux[0][1][0]$b$1784 [1] 1'0 $memory$flatten\u_decoder.$auto$proc_rom.cc:150:do_switch$440$rdmux[0][1][0]$b$1784 [1] $memory$flatten\u_decoder.$auto$proc_rom.cc:150:do_switch$440$rdmux[0][1][0]$b$1784 [1] 1'0 $memory$flatten\u_decoder.$auto$proc_rom.cc:150:do_switch$440$rdmux[0][1][0]$b$1784 [1:0] }, Y={ $memory$flatten\u_decoder.$auto$proc_rom.cc:150:do_switch$440$rdmux[0][0][0]$a$1780 [9:4] $memory$flatten\u_decoder.$auto$proc_rom.cc:150:do_switch$440$rdmux[0][0][0]$a$1780 [2:0] }
      New connections: $memory$flatten\u_decoder.$auto$proc_rom.cc:150:do_switch$440$rdmux[0][0][0]$a$1780 [3] = 1'0
  Optimizing cells in module \synth_harness.
Performed a total of 30 changes.

3.29.5. Executing OPT_MERGE pass (detect identical cells).
Finding identical cells in module `\synth_harness'.
<suppressed ~51 debug messages>
Removed a total of 17 cells.

3.29.6. Executing OPT_DFF pass (perform DFF optimizations).

3.29.7. Executing OPT_CLEAN pass (remove unused cells and wires).
Finding unused cells or wires in module \synth_harness..
Removed 0 unused cells and 65 unused wires.
<suppressed ~1 debug messages>

3.29.8. Executing OPT_EXPR pass (perform const folding).
Optimizing module synth_harness.

3.29.9. Rerunning OPT passes. (Maybe there is more to do..)

3.29.10. Executing OPT_MUXTREE pass (detect dead branches in mux trees).
Running muxtree optimizer on module \synth_harness..
  Creating internal representation of mux trees.
  Evaluating internal representation of mux trees.
  Analyzing evaluation results.
Removed 0 multiplexer ports.
<suppressed ~10 debug messages>

3.29.11. Executing OPT_REDUCE pass (consolidate $*mux and $reduce_* inputs).
  Optimizing cells in module \synth_harness.
    Consolidated identical input bits for $mux cell $memory$flatten\u_decoder.$auto$proc_rom.cc:150:do_switch$436$rdmux[0][0][0]$1758:
      Old ports: A={ 2'01 $memory$flatten\u_decoder.$auto$proc_rom.cc:150:do_switch$436$rdmux[0][0][0]$a$1759 [2:0] }, B={ $memory$flatten\u_decoder.$auto$proc_rom.cc:150:do_switch$436$rdmux[0][0][0]$a$1759 [2:1] $memory$flatten\u_decoder.$auto$proc_rom.cc:150:do_switch$436$rdmux[0][0][0]$a$1759 [1] $memory$flatten\u_decoder.$auto$proc_rom.cc:150:do_switch$436$rdmux[0][0][0]$a$1759 [1:0] }, Y=$$flatten\u_decoder.$auto$proc_rom.cc:150:do_switch$436$rdreg[0]$d
      New ports: A={ 2'01 $memory$flatten\u_decoder.$auto$proc_rom.cc:150:do_switch$436$rdmux[0][0][0]$a$1759 [2] }, B={ $memory$flatten\u_decoder.$auto$proc_rom.cc:150:do_switch$436$rdmux[0][0][0]$a$1759 [2:1] $memory$flatten\u_decoder.$auto$proc_rom.cc:150:do_switch$436$rdmux[0][0][0]$a$1759 [1] }, Y=$$flatten\u_decoder.$auto$proc_rom.cc:150:do_switch$436$rdreg[0]$d [4:2]
      New connections: $$flatten\u_decoder.$auto$proc_rom.cc:150:do_switch$436$rdreg[0]$d [1:0] = $memory$flatten\u_decoder.$auto$proc_rom.cc:150:do_switch$436$rdmux[0][0][0]$a$1759 [1:0]
    Consolidated identical input bits for $mux cell $memory$flatten\u_decoder.$auto$proc_rom.cc:150:do_switch$436$rdmux[0][1][1]$1764:
      Old ports: A={ 2'01 $memory$flatten\u_decoder.$auto$proc_rom.cc:150:do_switch$436$rdmux[0][1][0]$a$1762 [0] }, B={ 2'10 $memory$flatten\u_decoder.$auto$proc_rom.cc:150:do_switch$436$rdmux[0][1][0]$a$1762 [0] }, Y=$memory$flatten\u_decoder.$auto$proc_rom.cc:150:do_switch$436$rdmux[0][0][0]$a$1759 [2:0]
      New ports: A=2'01, B=2'10, Y=$memory$flatten\u_decoder.$auto$proc_rom.cc:150:do_switch$436$rdmux[0][0][0]$a$1759 [2:1]
      New connections: $memory$flatten\u_decoder.$auto$proc_rom.cc:150:do_switch$436$rdmux[0][0][0]$a$1759 [0] = $memory$flatten\u_decoder.$auto$proc_rom.cc:150:do_switch$436$rdmux[0][1][0]$a$1762 [0]
    Consolidated identical input bits for $mux cell $memory$flatten\u_decoder.$auto$proc_rom.cc:150:do_switch$440$rdmux[0][1][1]$1785:
      Old ports: A={ $memory$flatten\u_decoder.$auto$proc_rom.cc:150:do_switch$440$rdmux[0][1][1]$a$1786 [9] 1'0 $memory$flatten\u_decoder.$auto$proc_rom.cc:150:do_switch$440$rdmux[0][1][1]$a$1786 [9] $memory$flatten\u_decoder.$auto$proc_rom.cc:150:do_switch$440$rdmux[0][1][1]$a$1786 [0] }, B={ $memory$flatten\u_decoder.$auto$proc_rom.cc:150:do_switch$440$rdmux[0][1][1]$a$1786 [9] $memory$flatten\u_decoder.$auto$proc_rom.cc:150:do_switch$440$rdmux[0][1][1]$a$1786 [9] 1'0 $memory$flatten\u_decoder.$auto$proc_rom.cc:150:do_switch$440$rdmux[0][1][1]$a$1786 [0] }, Y={ $memory$flatten\u_decoder.$auto$proc_rom.cc:150:do_switch$440$rdmux[0][0][0]$b$1781 [9] $memory$flatten\u_decoder.$auto$proc_rom.cc:150:do_switch$440$rdmux[0][0][0]$b$1781 [2:0] }
      New ports: A={ 1'0 $memory$flatten\u_decoder.$auto$proc_rom.cc:150:do_switch$440$rdmux[0][1][1]$a$1786 [9] }, B={ $memory$flatten\u_decoder.$auto$proc_rom.cc:150:do_switch$440$rdmux[0][1][1]$a$1786 [9] 1'0 }, Y=$memory$flatten\u_decoder.$auto$proc_rom.cc:150:do_switch$440$rdmux[0][0][0]$b$1781 [2:1]
      New connections: { $memory$flatten\u_decoder.$auto$proc_rom.cc:150:do_switch$440$rdmux[0][0][0]$b$1781 [9] $memory$flatten\u_decoder.$auto$proc_rom.cc:150:do_switch$440$rdmux[0][0][0]$b$1781 [0] } = { $memory$flatten\u_decoder.$auto$proc_rom.cc:150:do_switch$440$rdmux[0][1][1]$a$1786 [9] $memory$flatten\u_decoder.$auto$proc_rom.cc:150:do_switch$440$rdmux[0][1][1]$a$1786 [0] }
    Consolidated identical input bits for $mux cell $memory$flatten\u_decoder.$auto$proc_rom.cc:150:do_switch$440$rdmux[0][2][1]$1791:
      Old ports: A={ $memory$flatten\u_decoder.$auto$proc_rom.cc:150:do_switch$440$rdmux[0][2][0]$b$1790 [9] $memory$flatten\u_decoder.$auto$proc_rom.cc:150:do_switch$440$rdmux[0][2][0]$b$1790 [9] }, B={ $memory$flatten\u_decoder.$auto$proc_rom.cc:150:do_switch$440$rdmux[0][2][0]$b$1790 [9] 1'0 }, Y={ $memory$flatten\u_decoder.$auto$proc_rom.cc:150:do_switch$440$rdmux[0][1][0]$b$1784 [9] $memory$flatten\u_decoder.$auto$proc_rom.cc:150:do_switch$440$rdmux[0][1][0]$b$1784 [0] }
      New ports: A=$memory$flatten\u_decoder.$auto$proc_rom.cc:150:do_switch$440$rdmux[0][2][0]$b$1790 [9], B=1'0, Y=$memory$flatten\u_decoder.$auto$proc_rom.cc:150:do_switch$440$rdmux[0][1][0]$b$1784 [0]
      New connections: $memory$flatten\u_decoder.$auto$proc_rom.cc:150:do_switch$440$rdmux[0][1][0]$b$1784 [9] = $memory$flatten\u_decoder.$auto$proc_rom.cc:150:do_switch$440$rdmux[0][2][0]$b$1790 [9]
    Consolidated identical input bits for $mux cell $memory$flatten\u_decoder.$auto$proc_rom.cc:150:do_switch$440$rdmux[0][2][2]$1794:
      Old ports: A={ $memory$flatten\u_decoder.$auto$proc_rom.cc:150:do_switch$440$rdmux[0][2][0]$b$1790 [9] 1'0 }, B={ $memory$flatten\u_decoder.$auto$proc_rom.cc:150:do_switch$440$rdmux[0][2][0]$b$1790 [9] $memory$flatten\u_decoder.$auto$proc_rom.cc:150:do_switch$440$rdmux[0][2][0]$b$1790 [9] }, Y={ $memory$flatten\u_decoder.$auto$proc_rom.cc:150:do_switch$440$rdmux[0][1][1]$a$1786 [9] $memory$flatten\u_decoder.$auto$proc_rom.cc:150:do_switch$440$rdmux[0][1][1]$a$1786 [0] }
      New ports: A=1'0, B=$memory$flatten\u_decoder.$auto$proc_rom.cc:150:do_switch$440$rdmux[0][2][0]$b$1790 [9], Y=$memory$flatten\u_decoder.$auto$proc_rom.cc:150:do_switch$440$rdmux[0][1][1]$a$1786 [0]
      New connections: $memory$flatten\u_decoder.$auto$proc_rom.cc:150:do_switch$440$rdmux[0][1][1]$a$1786 [9] = $memory$flatten\u_decoder.$auto$proc_rom.cc:150:do_switch$440$rdmux[0][2][0]$b$1790 [9]
  Optimizing cells in module \synth_harness.
Performed a total of 5 changes.

3.29.12. Executing OPT_MERGE pass (detect identical cells).
Finding identical cells in module `\synth_harness'.
Removed a total of 0 cells.

3.29.13. Executing OPT_DFF pass (perform DFF optimizations).
Adding SRST signal on $$flatten\u_decoder.$auto$proc_rom.cc:150:do_switch$440$rdreg[0] ($dff) from module synth_harness (D = { $memory$flatten\u_decoder.$auto$proc_rom.cc:150:do_switch$440$rdmux[0][3][0]$b$1802 [8] $memory$flatten\u_decoder.$auto$proc_rom.cc:150:do_switch$440$rdmux[0][3][0]$b$1802 [9] }, Q = { $flatten\u_decoder.$2\is_lr_dec[0:0] $flatten\u_decoder.$2\is_sc_dec[0:0] }, rval = 2'00).
Adding SRST signal on $$flatten\u_decoder.$auto$proc_rom.cc:150:do_switch$440$rdreg[0] ($dff) from module synth_harness (D = $memory$flatten\u_decoder.$auto$proc_rom.cc:150:do_switch$440$rdmux[0][0][0]$b$1781 [9], Q = $flatten\u_decoder.$9\alu_op_dec[4:0] [4], rval = 1'0).
Adding SRST signal on $$flatten\u_decoder.$auto$proc_rom.cc:150:do_switch$436$rdreg[0] ($dff) from module synth_harness (D = $memory$flatten\u_decoder.$auto$proc_rom.cc:150:do_switch$436$rdmux[0][0][0]$a$1759 [2:1], Q = $flatten\u_decoder.$4\alu_op_dec[4:0] [4:3], rval = 2'01).

3.29.14. Executing OPT_CLEAN pass (remove unused cells and wires).
Finding unused cells or wires in module \synth_harness..
Removed 3 unused cells and 7 unused wires.
<suppressed ~4 debug messages>

3.29.15. Executing OPT_EXPR pass (perform const folding).
Optimizing module synth_harness.

3.29.16. Rerunning OPT passes. (Maybe there is more to do..)

3.29.17. Executing OPT_MUXTREE pass (detect dead branches in mux trees).
Running muxtree optimizer on module \synth_harness..
  Creating internal representation of mux trees.
  Evaluating internal representation of mux trees.
  Analyzing evaluation results.
Removed 0 multiplexer ports.
<suppressed ~12 debug messages>

3.29.18. Executing OPT_REDUCE pass (consolidate $*mux and $reduce_* inputs).
  Optimizing cells in module \synth_harness.
Performed a total of 0 changes.

3.29.19. Executing OPT_MERGE pass (detect identical cells).
Finding identical cells in module `\synth_harness'.
Removed a total of 0 cells.

3.29.20. Executing OPT_DFF pass (perform DFF optimizations).

3.29.21. Executing OPT_CLEAN pass (remove unused cells and wires).
Finding unused cells or wires in module \synth_harness..

3.29.22. Executing OPT_EXPR pass (perform const folding).
Optimizing module synth_harness.

3.29.23. Finished OPT passes. (There is nothing left to do.)

3.30. Executing ICE40_WRAPCARRY pass (wrap carries).

3.31. Executing TECHMAP pass (map to technology primitives).

3.31.1. Executing Verilog-2005 frontend: /usr/bin/../share/yosys/techmap.v
Parsing Verilog input from `/usr/bin/../share/yosys/techmap.v' to AST representation.
Generating RTLIL representation for module `\_90_simplemap_bool_ops'.
Generating RTLIL representation for module `\_90_simplemap_reduce_ops'.
Generating RTLIL representation for module `\_90_simplemap_logic_ops'.
Generating RTLIL representation for module `\_90_simplemap_compare_ops'.
Generating RTLIL representation for module `\_90_simplemap_various'.
Generating RTLIL representation for module `\_90_simplemap_registers'.
Generating RTLIL representation for module `\_90_shift_ops_shr_shl_sshl_sshr'.
Generating RTLIL representation for module `\_90_shift_shiftx'.
Generating RTLIL representation for module `\_90_fa'.
Generating RTLIL representation for module `\_90_lcu'.
Generating RTLIL representation for module `\_90_alu'.
Generating RTLIL representation for module `\_90_macc'.
Generating RTLIL representation for module `\_90_alumacc'.
Generating RTLIL representation for module `\$__div_mod_u'.
Generating RTLIL representation for module `\$__div_mod_trunc'.
Generating RTLIL representation for module `\_90_div'.
Generating RTLIL representation for module `\_90_mod'.
Generating RTLIL representation for module `\$__div_mod_floor'.
Generating RTLIL representation for module `\_90_divfloor'.
Generating RTLIL representation for module `\_90_modfloor'.
Generating RTLIL representation for module `\_90_pow'.
Generating RTLIL representation for module `\_90_pmux'.
Generating RTLIL representation for module `\_90_demux'.
Generating RTLIL representation for module `\_90_lut'.
Successfully finished Verilog frontend.

3.31.2. Executing Verilog-2005 frontend: /usr/bin/../share/yosys/ice40/arith_map.v
Parsing Verilog input from `/usr/bin/../share/yosys/ice40/arith_map.v' to AST representation.
Generating RTLIL representation for module `\_80_ice40_alu'.
Successfully finished Verilog frontend.

3.31.3. Continuing TECHMAP pass.
Using extmapper simplemap for cells of type $mux.
Using template $paramod$672a140277c71df8314410f22acc08d55222c3c7\_80_ice40_alu for cells of type $alu.
Using extmapper simplemap for cells of type $not.
Using extmapper simplemap for cells of type $xor.
Using extmapper simplemap for cells of type $dff.
Using extmapper simplemap for cells of type $sdffe.
Using extmapper simplemap for cells of type $sdff.
Using template $paramod$c5c783b17ab1d780abfad8cfe6563a0a7b47a3b0\_90_pmux for cells of type $pmux.
Using extmapper simplemap for cells of type $eq.
Using template $paramod$b3b6ac92d800c6f07aa48f510f923d86a674e5a7\_90_pmux for cells of type $pmux.
Using template $paramod$33afdd83bf3811dac2de7a968d39eea5718691bc\_90_pmux for cells of type $pmux.
Using template $paramod$24fb226dd75c9d3f6955ec2ad61d794776778cf6\_90_pmux for cells of type $pmux.
Using extmapper simplemap for cells of type $reduce_or.
Using extmapper simplemap for cells of type $logic_not.
Using extmapper simplemap for cells of type $and.
Using extmapper simplemap for cells of type $pos.
No more expansions possible.
<suppressed ~302 debug messages>

3.32. Executing OPT pass (performing simple optimizations).

3.32.1. Executing OPT_EXPR pass (perform const folding).
Optimizing module synth_harness.
<suppressed ~306 debug messages>

3.32.2. Executing OPT_MERGE pass (detect identical cells).
Finding identical cells in module `\synth_harness'.
<suppressed ~645 debug messages>
Removed a total of 215 cells.

3.32.3. Executing OPT_DFF pass (perform DFF optimizations).

3.32.4. Executing OPT_CLEAN pass (remove unused cells and wires).
Finding unused cells or wires in module \synth_harness..
Removed 64 unused cells and 343 unused wires.
<suppressed ~65 debug messages>

3.32.5. Finished fast OPT passes.

3.33. Executing ICE40_OPT pass (performing simple optimizations).

3.33.1. Running ICE40 specific optimizations.
Optimized $__ICE40_CARRY_WRAPPER cell back to logic (without SB_CARRY) synth_harness.$auto$alumacc.cc:485:replace_alu$1718.slice[0].carry: CO=\stim_sel [0]

3.33.2. Executing OPT_EXPR pass (perform const folding).
Optimizing module synth_harness.
<suppressed ~43 debug messages>

3.33.3. Executing OPT_MERGE pass (detect identical cells).
Finding identical cells in module `\synth_harness'.
Removed a total of 0 cells.

3.33.4. Executing OPT_DFF pass (perform DFF optimizations).
Adding SRST signal on $auto$ff.cc:266:slice$2270 ($_DFF_P_) from module synth_harness (D = $auto$rtlil.cc:2401:Not$1648 [6], Q = $flatten\u_decoder.$4\alu_op_dec[4:0] [0], rval = 1'0).

3.33.5. Executing OPT_CLEAN pass (remove unused cells and wires).
Finding unused cells or wires in module \synth_harness..
Removed 4 unused cells and 0 unused wires.
<suppressed ~4 debug messages>

3.33.6. Rerunning OPT passes. (Removed registers in this run.)

3.33.7. Running ICE40 specific optimizations.

3.33.8. Executing OPT_EXPR pass (perform const folding).
Optimizing module synth_harness.
<suppressed ~1 debug messages>

3.33.9. Executing OPT_MERGE pass (detect identical cells).
Finding identical cells in module `\synth_harness'.
<suppressed ~3 debug messages>
Removed a total of 1 cells.

3.33.10. Executing OPT_DFF pass (perform DFF optimizations).

3.33.11. Executing OPT_CLEAN pass (remove unused cells and wires).
Finding unused cells or wires in module \synth_harness..

3.33.12. Rerunning OPT passes. (Removed registers in this run.)

3.33.13. Running ICE40 specific optimizations.

3.33.14. Executing OPT_EXPR pass (perform const folding).
Optimizing module synth_harness.

3.33.15. Executing OPT_MERGE pass (detect identical cells).
Finding identical cells in module `\synth_harness'.
Removed a total of 0 cells.

3.33.16. Executing OPT_DFF pass (perform DFF optimizations).

3.33.17. Executing OPT_CLEAN pass (remove unused cells and wires).
Finding unused cells or wires in module \synth_harness..

3.33.18. Finished OPT passes. (There is nothing left to do.)

3.34. Executing DFFLEGALIZE pass (convert FFs to types supported by the target).

3.35. Executing TECHMAP pass (map to technology primitives).

3.35.1. Executing Verilog-2005 frontend: /usr/bin/../share/yosys/ice40/ff_map.v
Parsing Verilog input from `/usr/bin/../share/yosys/ice40/ff_map.v' to AST representation.
Generating RTLIL representation for module `\$_DFF_N_'.
Generating RTLIL representation for module `\$_DFF_P_'.
Generating RTLIL representation for module `\$_DFFE_NP_'.
Generating RTLIL representation for module `\$_DFFE_PP_'.
Generating RTLIL representation for module `\$_DFF_NP0_'.
Generating RTLIL representation for module `\$_DFF_NP1_'.
Generating RTLIL representation for module `\$_DFF_PP0_'.
Generating RTLIL representation for module `\$_DFF_PP1_'.
Generating RTLIL representation for module `\$_DFFE_NP0P_'.
Generating RTLIL representation for module `\$_DFFE_NP1P_'.
Generating RTLIL representation for module `\$_DFFE_PP0P_'.
Generating RTLIL representation for module `\$_DFFE_PP1P_'.
Generating RTLIL representation for module `\$_SDFF_NP0_'.
Generating RTLIL representation for module `\$_SDFF_NP1_'.
Generating RTLIL representation for module `\$_SDFF_PP0_'.
Generating RTLIL representation for module `\$_SDFF_PP1_'.
Generating RTLIL representation for module `\$_SDFFCE_NP0P_'.
Generating RTLIL representation for module `\$_SDFFCE_NP1P_'.
Generating RTLIL representation for module `\$_SDFFCE_PP0P_'.
Generating RTLIL representation for module `\$_SDFFCE_PP1P_'.
Successfully finished Verilog frontend.

3.35.2. Continuing TECHMAP pass.
Using template \$_DFF_P_ for cells of type $_DFF_P_.
Using template \$_SDFF_PP0_ for cells of type $_SDFF_PP0_.
Using template \$_SDFFCE_PP0P_ for cells of type $_SDFFCE_PP0P_.
Using template \$_SDFF_PP1_ for cells of type $_SDFF_PP1_.
No more expansions possible.
<suppressed ~287 debug messages>

3.36. Executing OPT_EXPR pass (perform const folding).
Optimizing module synth_harness.

3.37. Executing SIMPLEMAP pass (map simple cells to gate primitives).
Mapping synth_harness.$auto$alumacc.cc:485:replace_alu$1718.slice[0].carry ($lut).

3.38. Executing ICE40_OPT pass (performing simple optimizations).

3.38.1. Running ICE40 specific optimizations.

3.38.2. Executing OPT_EXPR pass (perform const folding).
Optimizing module synth_harness.
<suppressed ~36 debug messages>

3.38.3. Executing OPT_MERGE pass (detect identical cells).
Finding identical cells in module `\synth_harness'.
<suppressed ~798 debug messages>
Removed a total of 266 cells.

3.38.4. Executing OPT_DFF pass (perform DFF optimizations).

3.38.5. Executing OPT_CLEAN pass (remove unused cells and wires).
Finding unused cells or wires in module \synth_harness..
Removed 0 unused cells and 1600 unused wires.
<suppressed ~1 debug messages>

3.38.6. Rerunning OPT passes. (Removed registers in this run.)

3.38.7. Running ICE40 specific optimizations.

3.38.8. Executing OPT_EXPR pass (perform const folding).
Optimizing module synth_harness.

3.38.9. Executing OPT_MERGE pass (detect identical cells).
Finding identical cells in module `\synth_harness'.
Removed a total of 0 cells.

3.38.10. Executing OPT_DFF pass (perform DFF optimizations).

3.38.11. Executing OPT_CLEAN pass (remove unused cells and wires).
Finding unused cells or wires in module \synth_harness..

3.38.12. Finished OPT passes. (There is nothing left to do.)

3.39. Executing TECHMAP pass (map to technology primitives).

3.39.1. Executing Verilog-2005 frontend: /usr/bin/../share/yosys/ice40/latches_map.v
Parsing Verilog input from `/usr/bin/../share/yosys/ice40/latches_map.v' to AST representation.
Generating RTLIL representation for module `\$_DLATCH_N_'.
Generating RTLIL representation for module `\$_DLATCH_P_'.
Successfully finished Verilog frontend.

3.39.2. Continuing TECHMAP pass.
No more expansions possible.
<suppressed ~4 debug messages>

3.40. Executing ABC pass (technology mapping using ABC).

3.40.1. Extracting gate netlist of module `\synth_harness' to `<abc-temp-dir>/input.blif'..
Extracted 280 gates and 350 wires to a netlist network with 68 inputs and 45 outputs.

3.40.1.1. Executing ABC.
Running ABC command: "<yosys-exe-dir>/yosys-abc" -s -f <abc-temp-dir>/abc.script 2>&1
ABC: ABC command line: "source <abc-temp-dir>/abc.script".
ABC: 
ABC: + read_blif <abc-temp-dir>/input.blif 
ABC: + read_lut <abc-temp-dir>/lutdefs.txt 
ABC: + strash 
ABC: + &get -n 
ABC: + &fraig -x 
ABC: + &put 
ABC: + scorr 
ABC: Warning: The network is combinational (run "fraig" or "fraig_sweep").
ABC: + dc2 
ABC: + dretime 
ABC: + strash 
ABC: + dch -f 
ABC: + if 
ABC: + mfs2 
ABC: + lutpack -S 1 
ABC: + dress <abc-temp-dir>/input.blif 
ABC: Total number of equiv classes                =      72.
ABC: Participating nodes from both networks       =     166.
ABC: Participating nodes from the first network   =      72. (  81.82 % of nodes)
ABC: Participating nodes from the second network  =      94. ( 106.82 % of nodes)
ABC: Node pairs (any polarity)                    =      72. (  81.82 % of names can be moved)
ABC: Node pairs (same polarity)                   =      65. (  73.86 % of names can be moved)
ABC: Total runtime =     0.03 sec
ABC: + write_blif <abc-temp-dir>/output.blif 

3.40.1.2. Re-integrating ABC results.
ABC RESULTS:              $lut cells:       87
ABC RESULTS:        internal signals:      237
ABC RESULTS:           input signals:       68
ABC RESULTS:          output signals:       45
Removing temp directory.

3.41. Executing ICE40_WRAPCARRY pass (wrap carries).

3.42. Executing TECHMAP pass (map to technology primitives).

3.42.1. Executing Verilog-2005 frontend: /usr/bin/../share/yosys/ice40/ff_map.v
Parsing Verilog input from `/usr/bin/../share/yosys/ice40/ff_map.v' to AST representation.
Generating RTLIL representation for module `\$_DFF_N_'.
Generating RTLIL representation for module `\$_DFF_P_'.
Generating RTLIL representation for module `\$_DFFE_NP_'.
Generating RTLIL representation for module `\$_DFFE_PP_'.
Generating RTLIL representation for module `\$_DFF_NP0_'.
Generating RTLIL representation for module `\$_DFF_NP1_'.
Generating RTLIL representation for module `\$_DFF_PP0_'.
Generating RTLIL representation for module `\$_DFF_PP1_'.
Generating RTLIL representation for module `\$_DFFE_NP0P_'.
Generating RTLIL representation for module `\$_DFFE_NP1P_'.
Generating RTLIL representation for module `\$_DFFE_PP0P_'.
Generating RTLIL representation for module `\$_DFFE_PP1P_'.
Generating RTLIL representation for module `\$_SDFF_NP0_'.
Generating RTLIL representation for module `\$_SDFF_NP1_'.
Generating RTLIL representation for module `\$_SDFF_PP0_'.
Generating RTLIL representation for module `\$_SDFF_PP1_'.
Generating RTLIL representation for module `\$_SDFFCE_NP0P_'.
Generating RTLIL representation for module `\$_SDFFCE_NP1P_'.
Generating RTLIL representation for module `\$_SDFFCE_PP0P_'.
Generating RTLIL representation for module `\$_SDFFCE_PP1P_'.
Successfully finished Verilog frontend.

3.42.2. Continuing TECHMAP pass.
No more expansions possible.
<suppressed ~22 debug messages>
Removed 87 unused cells and 242 unused wires.

3.43. Executing OPT_LUT pass (optimize LUTs).
Discovering LUTs.
Number of LUTs:       84
  1-LUT               12
  2-LUT               16
  3-LUT               18
  4-LUT               38
  with \SB_CARRY    (#0)    0
  with \SB_CARRY    (#1)    0

Eliminating LUTs.
Number of LUTs:       84
  1-LUT               12
  2-LUT               16
  3-LUT               18
  4-LUT               38
  with \SB_CARRY    (#0)    0
  with \SB_CARRY    (#1)    0

Combining LUTs.
Number of LUTs:       84
  1-LUT               12
  2-LUT               16
  3-LUT               18
  4-LUT               38
  with \SB_CARRY    (#0)    0
  with \SB_CARRY    (#1)    0

Eliminated 0 LUTs.
Combined 0 LUTs.
<suppressed ~336 debug messages>

3.44. Executing TECHMAP pass (map to technology primitives).

3.44.1. Executing Verilog-2005 frontend: /usr/bin/../share/yosys/ice40/cells_map.v
Parsing Verilog input from `/usr/bin/../share/yosys/ice40/cells_map.v' to AST representation.
Generating RTLIL representation for module `\$lut'.
Successfully finished Verilog frontend.

3.44.2. Continuing TECHMAP pass.
Using template $paramod$272652f6c6fbe9a75eff76e45cc7e2788835518b\$lut for cells of type $lut.
Using template $paramod\$lut\WIDTH=32'00000000000000000000000000000011\LUT=8'00010000 for cells of type $lut.
Using template $paramod$571404c0889eaf57f492cb5e37f8acb5df5852f9\$lut for cells of type $lut.
Using template $paramod\$lut\WIDTH=32'00000000000000000000000000000010\LUT=4'1000 for cells of type $lut.
Using template $paramod$480713ae83d1aa78a807dc0c440de40081b48ed2\$lut for cells of type $lut.
Using template $paramod$608f40069c27841a5b3bdf03643a34bdc8974072\$lut for cells of type $lut.
Using template $paramod$6d6beead1425af15cf78b27fd9b11b41b5d4bce8\$lut for cells of type $lut.
Using template $paramod$658b9ed803f0d3d335616d3858b53e0a2522f1e8\$lut for cells of type $lut.
Using template $paramod$d5dc8bdb40fd8609b78a0490a3aa62fa1035e4ef\$lut for cells of type $lut.
Using template $paramod$048d4aa2263b685fba6c6b0d38f6224df0dc3042\$lut for cells of type $lut.
Using template $paramod\$lut\WIDTH=32'00000000000000000000000000000011\LUT=8'11101111 for cells of type $lut.
Using template $paramod\$lut\WIDTH=32'00000000000000000000000000000001\LUT=2'01 for cells of type $lut.
Using template $paramod$eb198fdd2a364fc5fc99493bddad777e7186425f\$lut for cells of type $lut.
Using template $paramod\$lut\WIDTH=32'00000000000000000000000000000011\LUT=8'01001111 for cells of type $lut.
Using template $paramod\$lut\WIDTH=32'00000000000000000000000000000010\LUT=4'0111 for cells of type $lut.
Using template $paramod$8ff049b8516c2f8f74e5ea53e4e574b0441ac9d7\$lut for cells of type $lut.
Using template $paramod\$lut\WIDTH=32'00000000000000000000000000000010\LUT=4'0110 for cells of type $lut.
Using template $paramod$cd6c4b4da6d8737b72fd2dc8f5d83d8967445809\$lut for cells of type $lut.
Using template $paramod\$lut\WIDTH=32'00000000000000000000000000000011\LUT=8'01000000 for cells of type $lut.
Using template $paramod\$lut\WIDTH=32'00000000000000000000000000000011\LUT=8'11111000 for cells of type $lut.
Using template $paramod\$lut\WIDTH=32'00000000000000000000000000000011\LUT=8'00001011 for cells of type $lut.
Using template $paramod\$lut\WIDTH=32'00000000000000000000000000000011\LUT=8'10000000 for cells of type $lut.
Using template $paramod$8c24dc0cdd336b7fb88bbf7eed45cec5cbae862b\$lut for cells of type $lut.
Using template $paramod\$lut\WIDTH=32'00000000000000000000000000000011\LUT=8'11100000 for cells of type $lut.
Using template $paramod\$lut\WIDTH=32'00000000000000000000000000000010\LUT=4'1011 for cells of type $lut.
Using template $paramod$6e238df02989b317f10820a22773676e71120644\$lut for cells of type $lut.
Using template $paramod\$lut\WIDTH=32'00000000000000000000000000000010\LUT=4'1110 for cells of type $lut.
Using template $paramod\$lut\WIDTH=32'00000000000000000000000000000011\LUT=8'10010000 for cells of type $lut.
Using template $paramod$834c4e678d55a2d8d648671fa29a5046863df970\$lut for cells of type $lut.
Using template $paramod$4da2782c2e024b3eded45331a6607870b9d0254f\$lut for cells of type $lut.
Using template $paramod\$lut\WIDTH=32'00000000000000000000000000000011\LUT=8'00001110 for cells of type $lut.
Using template $paramod$b4d0f4738a5ce50c7f36c2aa2ecc09cfb874f2b6\$lut for cells of type $lut.
Using template $paramod$722bfd9af0ae56ca9d1d12a221cb5ede16461f26\$lut for cells of type $lut.
Using template $paramod\$lut\WIDTH=32'00000000000000000000000000000010\LUT=4'1001 for cells of type $lut.
Using template $paramod$e49f6e3576ef1a6d2f58c54414dbb786af8cc869\$lut for cells of type $lut.
Using template $paramod$fd904e9e35cfd343a9df248824bd3f1408724879\$lut for cells of type $lut.
Using template $paramod$ab8bb87959c5d7cfa27886cee1355b38e054a61a\$lut for cells of type $lut.
Using template $paramod$e5759512db67494ff77fbdfc66dff4006376568f\$lut for cells of type $lut.
Using template $paramod\$lut\WIDTH=32'00000000000000000000000000000011\LUT=8'11001010 for cells of type $lut.
Using template $paramod$53ce561f80f32d4298a3beadc88b6c5c78293221\$lut for cells of type $lut.
Using template $paramod$4e1cecab63d8e9cc19cb0241724b1211fb7856cb\$lut for cells of type $lut.
Using template $paramod$164bdefb5d1c06a6528ecdb35b429071950e50d7\$lut for cells of type $lut.
No more expansions possible.
<suppressed ~633 debug messages>
Removed 0 unused cells and 187 unused wires.

3.45. Executing AUTONAME pass.
Renamed 1021 objects in module synth_harness (21 iterations).
<suppressed ~323 debug messages>

3.46. Executing HIERARCHY pass (managing design hierarchy).

3.46.1. Analyzing design hierarchy..
Top module:  \synth_harness

3.46.2. Analyzing design hierarchy..
Top module:  \synth_harness
Removed 0 unused modules.

3.47. Printing statistics.

=== synth_harness ===

   Number of wires:                121
   Number of wire bits:            976
   Number of public wires:         121
   Number of public wire bits:     976
   Number of memories:               0
   Number of memory bits:            0
   Number of processes:              0
   Number of cells:                273
     SB_DFF                         18
     SB_DFFESR                      15
     SB_DFFSR                      155
     SB_DFFSS                        1
     SB_LUT4                        84

3.48. Executing CHECK pass (checking for obvious problems).
Checking module synth_harness...
Found and reported 0 problems.

3.49. Executing JSON backend.

Warnings: 1 unique messages, 2 total
End of script. Logfile hash: 53977cdfd7, CPU: user 1.01s system 0.01s, MEM: 22.73 MB peak
Yosys 0.33 (git sha1 2584903a060)
Time spent: 32% 14x read_verilog (0 sec), 14% 24x opt_expr (0 sec), ...
