
 /----------------------------------------------------------------------------\
 |                                                                            |
 |  yosys -- Yosys Open SYnthesis Suite                                       |
 |                                                                            |
 |  Copyright (C) 2012 - 2020  Claire Xenia Wolf <claire@yosyshq.com>         |
 |                                                                            |
 |  Permission to use, copy, modify, and/or distribute this software for any  |
 |  purpose with or without fee is hereby granted, provided that the above    |
 |  copyright notice and this permission notice appear in all copies.         |
 |                                                                            |
 |  THE SOFTWARE IS PROVIDED "AS IS" AND THE AUTHOR DISCLAIMS ALL WARRANTIES  |
 |  WITH REGARD TO THIS SOFTWARE INCLUDING ALL IMPLIED WARRANTIES OF          |
 |  MERCHANTABILITY AND FITNESS. IN NO EVENT SHALL THE AUTHOR BE LIABLE FOR   |
 |  ANY SPECIAL, DIRECT, INDIRECT, OR CONSEQUENTIAL DAMAGES OR ANY DAMAGES    |
 |  WHATSOEVER RESULTING FROM LOSS OF USE, DATA OR PROFITS, WHETHER IN AN     |
 |  ACTION OF CONTRACT, NEGLIGENCE OR OTHER TORTIOUS ACTION, ARISING OUT OF   |
 |  OR IN CONNECTION WITH THE USE OR PERFORMANCE OF THIS SOFTWARE.            |
 |                                                                            |
 \----------------------------------------------------------------------------/

 Yosys 0.33 (git sha1 2584903a060)


-- Running command `read_verilog -sv -DSYNTH_ALU synth_harness.sv ../../rtl/alu.sv ../../rtl/div_unit.sv; synth_ice40 -top synth_harness -json build/alu.json' --

1. Executing Verilog-2005 frontend: synth_harness.sv
Parsing SystemVerilog input from `synth_harness.sv' to AST representation.
Generating RTLIL representation for module `\synth_harness'.
Warning: Replacing memory \stim_reg with list of registers. See synth_harness.sv:32
Successfully finished Verilog frontend.

2. Executing Verilog-2005 frontend: ../../rtl/alu.sv
Parsing SystemVerilog input from `../../rtl/alu.sv' to AST representation.
Generating RTLIL representation for module `\alu'.
Successfully finished Verilog frontend.

3. Executing Verilog-2005 frontend: ../../rtl/div_unit.sv
Parsing SystemVerilog input from `../../rtl/div_unit.sv' to AST representation.
Generating RTLIL representation for module `\div_unit'.
Successfully finished Verilog frontend.

4. Executing SYNTH_ICE40 pass.

4.1. Executing Verilog-2005 frontend: /usr/bin/../share/yosys/ice40/cells_sim.v
Parsing Verilog input from `/usr/bin/../share/yosys/ice40/cells_sim.v' to AST representation.
Generating RTLIL representation for module `\SB_IO'.
Generating RTLIL representation for module `\SB_GB_IO'.
Generating RTLIL representation for module `\SB_GB'.
Generating RTLIL representation for module `\SB_LUT4'.
Generating RTLIL representation for module `\SB_CARRY'.
Generating RTLIL representation for module `\SB_DFF'.
Generating RTLIL representation for module `\SB_DFFE'.
Generating RTLIL representation for module `\SB_DFFSR'.
Generating RTLIL representation for module `\SB_DFFR'.
Generating RTLIL representation for module `\SB_DFFSS'.
Generating RTLIL representation for module `\SB_DFFS'.
Generating RTLIL representation for module `\SB_DFFESR'.
Generating RTLIL representation for module `\SB_DFFER'.
Generating RTLIL representation for module `\SB_DFFESS'.
Generating RTLIL representation for module `\SB_DFFES'.
Generating RTLIL representation for module `\SB_DFFN'.
Generating RTLIL representation for module `\SB_DFFNE'.
Generating RTLIL representation for module `\SB_DFFNSR'.
Generating RTLIL representation for module `\SB_DFFNR'.
Generating RTLIL representation for module `\SB_DFFNSS'.
Generating RTLIL representation for module `\SB_DFFNS'.
Generating RTLIL representation for module `\SB_DFFNESR'.
Generating RTLIL representation for module `\SB_DFFNER'.
Generating RTLIL representation for module `\SB_DFFNESS'.
Generating RTLIL representation for module `\SB_DFFNES'.
Generating RTLIL representation for module `\SB_RAM40_4K'.
Generating RTLIL representation for module `\SB_RAM40_4KNR'.
Generating RTLIL representation for module `\SB_RAM40_4KNW'.
Generating RTLIL representation for module `\SB_RAM40_4KNRNW'.
Generating RTLIL representation for module `\ICESTORM_LC'.
Generating RTLIL representation for module `\SB_PLL40_CORE'.
Generating RTLIL representation for module `\SB_PLL40_PAD'.
Generating RTLIL representation for module `\SB_PLL40_2_PAD'.
Generating RTLIL representation for module `\SB_PLL40_2F_CORE'.
Generating RTLIL representation for module `\SB_PLL40_2F_PAD'.
Generating RTLIL representation for module `\SB_WARMBOOT'.
Generating RTLIL representation for module `\SB_SPRAM256KA'.
Generating RTLIL representation for module `\SB_HFOSC'.
Generating RTLIL representation for module `\SB_LFOSC'.
Generating RTLIL representation for module `\SB_RGBA_DRV'.
Generating RTLIL representation for module `\SB_LED_DRV_CUR'.
Generating RTLIL representation for module `\SB_RGB_DRV'.
Generating RTLIL representation for module `\SB_I2C'.
Generating RTLIL representation for module `\SB_SPI'.
Generating RTLIL representation for module `\SB_LEDDA_IP'.
Generating RTLIL representation for module `\SB_FILTER_50NS'.
Generating RTLIL representation for module `\SB_IO_I3C'.
Generating RTLIL representation for module `\SB_IO_OD'.
Generating RTLIL representation for module `\SB_MAC16'.
Generating RTLIL representation for module `\ICESTORM_RAM'.
Successfully finished Verilog frontend.

4.2. Executing HIERARCHY pass (managing design hierarchy).

4.2.1. Analyzing design hierarchy..
Top module:  \synth_harness
Used module:     \alu
Used module:         \div_unit
Reprocessing module synth_harness because instantiated module alu has become available.
Generating RTLIL representation for module `\synth_harness'.
Warning: Replacing memory \stim_reg with list of registers. See synth_harness.sv:32
Parameter \WIDTH = 32

4.2.2. Executing AST frontend in derive mode using pre-parsed AST for module `\div_unit'.
Parameter \WIDTH = 32
Generating RTLIL representation for module `$paramod\div_unit\WIDTH=s32'00000000000000000000000000100000'.

4.2.3. Analyzing design hierarchy..
Top module:  \synth_harness
Used module:     \alu
Used module:         $paramod\div_unit\WIDTH=s32'00000000000000000000000000100000

4.2.4. Analyzing design hierarchy..
Top module:  \synth_harness
Used module:     \alu
Used module:         $paramod\div_unit\WIDTH=s32'00000000000000000000000000100000
Removing unused module `\div_unit'.
Removed 1 unused modules.

4.3. Executing PROC pass (convert processes to netlists).

4.3.1. Executing PROC_CLEAN pass (remove empty switches from decision trees).
Cleaned up 0 empty switches.

4.3.2. Executing PROC_RMDEAD pass (remove dead branches from decision trees).
Marked 6 switch rules as full_case in process $proc$../../rtl/div_unit.sv:0$539 in module $paramod\div_unit\WIDTH=s32'00000000000000000000000000100000.
Marked 3 switch rules as full_case in process $proc$../../rtl/div_unit.sv:0$529 in module $paramod\div_unit\WIDTH=s32'00000000000000000000000000100000.
Marked 3 switch rules as full_case in process $proc$../../rtl/div_unit.sv:141$514 in module $paramod\div_unit\WIDTH=s32'00000000000000000000000000100000.
Marked 1 switch rules as full_case in process $proc$../../rtl/div_unit.sv:0$500 in module $paramod\div_unit\WIDTH=s32'00000000000000000000000000100000.
Marked 4 switch rules as full_case in process $proc$../../rtl/div_unit.sv:0$497 in module $paramod\div_unit\WIDTH=s32'00000000000000000000000000100000.
Marked 1 switch rules as full_case in process $proc$../../rtl/div_unit.sv:68$495 in module $paramod\div_unit\WIDTH=s32'00000000000000000000000000100000.
Marked 1 switch rules as full_case in process $proc$/usr/bin/../share/yosys/ice40/cells_sim.v:1414$340 in module SB_DFFNES.
Marked 1 switch rules as full_case in process $proc$/usr/bin/../share/yosys/ice40/cells_sim.v:1353$333 in module SB_DFFNESS.
Marked 1 switch rules as full_case in process $proc$/usr/bin/../share/yosys/ice40/cells_sim.v:1273$329 in module SB_DFFNER.
Marked 1 switch rules as full_case in process $proc$/usr/bin/../share/yosys/ice40/cells_sim.v:1212$322 in module SB_DFFNESR.
Marked 1 switch rules as full_case in process $proc$/usr/bin/../share/yosys/ice40/cells_sim.v:1138$319 in module SB_DFFNS.
Marked 1 switch rules as full_case in process $proc$/usr/bin/../share/yosys/ice40/cells_sim.v:1088$316 in module SB_DFFNSS.
Marked 1 switch rules as full_case in process $proc$/usr/bin/../share/yosys/ice40/cells_sim.v:1017$313 in module SB_DFFNR.
Marked 1 switch rules as full_case in process $proc$/usr/bin/../share/yosys/ice40/cells_sim.v:967$310 in module SB_DFFNSR.
Marked 1 switch rules as full_case in process $proc$/usr/bin/../share/yosys/ice40/cells_sim.v:803$302 in module SB_DFFES.
Marked 1 switch rules as full_case in process $proc$/usr/bin/../share/yosys/ice40/cells_sim.v:742$295 in module SB_DFFESS.
Marked 1 switch rules as full_case in process $proc$/usr/bin/../share/yosys/ice40/cells_sim.v:662$291 in module SB_DFFER.
Marked 1 switch rules as full_case in process $proc$/usr/bin/../share/yosys/ice40/cells_sim.v:601$284 in module SB_DFFESR.
Marked 1 switch rules as full_case in process $proc$/usr/bin/../share/yosys/ice40/cells_sim.v:527$281 in module SB_DFFS.
Marked 1 switch rules as full_case in process $proc$/usr/bin/../share/yosys/ice40/cells_sim.v:477$278 in module SB_DFFSS.
Marked 1 switch rules as full_case in process $proc$/usr/bin/../share/yosys/ice40/cells_sim.v:406$275 in module SB_DFFR.
Marked 1 switch rules as full_case in process $proc$/usr/bin/../share/yosys/ice40/cells_sim.v:356$272 in module SB_DFFSR.
Marked 1 switch rules as full_case in process $proc$synth_harness.sv:29$484 in module synth_harness.
Marked 1 switch rules as full_case in process $proc$../../rtl/alu.sv:0$27 in module alu.
Marked 1 switch rules as full_case in process $proc$../../rtl/alu.sv:0$25 in module alu.
Removed a total of 0 dead cases.

4.3.3. Executing PROC_PRUNE pass (remove redundant assignments in processes).
Removed 18 redundant assignments.
Promoted 43 assignments to connections.

4.3.4. Executing PROC_INIT pass (extract init attributes).
Found init rule in `\SB_DFFNES.$proc$/usr/bin/../share/yosys/ice40/cells_sim.v:0$343'.
  Set init value: \Q = 1'0
Found init rule in `\SB_DFFNESS.$proc$/usr/bin/../share/yosys/ice40/cells_sim.v:0$339'.
  Set init value: \Q = 1'0
Found init rule in `\SB_DFFNER.$proc$/usr/bin/../share/yosys/ice40/cells_sim.v:0$332'.
  Set init value: \Q = 1'0
Found init rule in `\SB_DFFNESR.$proc$/usr/bin/../share/yosys/ice40/cells_sim.v:0$328'.
  Set init value: \Q = 1'0
Found init rule in `\SB_DFFNS.$proc$/usr/bin/../share/yosys/ice40/cells_sim.v:0$321'.
  Set init value: \Q = 1'0
Found init rule in `\SB_DFFNSS.$proc$/usr/bin/../share/yosys/ice40/cells_sim.v:0$318'.
  Set init value: \Q = 1'0
Found init rule in `\SB_DFFNR.$proc$/usr/bin/../share/yosys/ice40/cells_sim.v:0$315'.
  Set init value: \Q = 1'0
Found init rule in `\SB_DFFNSR.$proc$/usr/bin/../share/yosys/ice40/cells_sim.v:0$312'.
  Set init value: \Q = 1'0
Found init rule in `\SB_DFFNE.$proc$/usr/bin/../share/yosys/ice40/cells_sim.v:0$309'.
  Set init value: \Q = 1'0
Found init rule in `\SB_DFFN.$proc$/usr/bin/../share/yosys/ice40/cells_sim.v:0$307'.
  Set init value: \Q = 1'0
Found init rule in `\SB_DFFES.$proc$/usr/bin/../share/yosys/ice40/cells_sim.v:0$305'.
  Set init value: \Q = 1'0
Found init rule in `\SB_DFFESS.$proc$/usr/bin/../share/yosys/ice40/cells_sim.v:0$301'.
  Set init value: \Q = 1'0
Found init rule in `\SB_DFFER.$proc$/usr/bin/../share/yosys/ice40/cells_sim.v:0$294'.
  Set init value: \Q = 1'0
Found init rule in `\SB_DFFESR.$proc$/usr/bin/../share/yosys/ice40/cells_sim.v:0$290'.
  Set init value: \Q = 1'0
Found init rule in `\SB_DFFS.$proc$/usr/bin/../share/yosys/ice40/cells_sim.v:0$283'.
  Set init value: \Q = 1'0
Found init rule in `\SB_DFFSS.$proc$/usr/bin/../share/yosys/ice40/cells_sim.v:0$280'.
  Set init value: \Q = 1'0
Found init rule in `\SB_DFFR.$proc$/usr/bin/../share/yosys/ice40/cells_sim.v:0$277'.
  Set init value: \Q = 1'0
Found init rule in `\SB_DFFSR.$proc$/usr/bin/../share/yosys/ice40/cells_sim.v:0$274'.
  Set init value: \Q = 1'0
Found init rule in `\SB_DFFE.$proc$/usr/bin/../share/yosys/ice40/cells_sim.v:0$271'.
  Set init value: \Q = 1'0
Found init rule in `\SB_DFF.$proc$/usr/bin/../share/yosys/ice40/cells_sim.v:0$269'.
  Set init value: \Q = 1'0

4.3.5. Executing PROC_ARST pass (detect async resets in processes).
Found async reset \rst_n in `$paramod\div_unit\WIDTH=s32'00000000000000000000000000100000.$proc$../../rtl/div_unit.sv:141$514'.
Found async reset \rst_n in `$paramod\div_unit\WIDTH=s32'00000000000000000000000000100000.$proc$../../rtl/div_unit.sv:68$495'.
Found async reset \S in `\SB_DFFNES.$proc$/usr/bin/../share/yosys/ice40/cells_sim.v:1414$340'.
Found async reset \R in `\SB_DFFNER.$proc$/usr/bin/../share/yosys/ice40/cells_sim.v:1273$329'.
Found async reset \S in `\SB_DFFNS.$proc$/usr/bin/../share/yosys/ice40/cells_sim.v:1138$319'.
Found async reset \R in `\SB_DFFNR.$proc$/usr/bin/../share/yosys/ice40/cells_sim.v:1017$313'.
Found async reset \S in `\SB_DFFES.$proc$/usr/bin/../share/yosys/ice40/cells_sim.v:803$302'.
Found async reset \R in `\SB_DFFER.$proc$/usr/bin/../share/yosys/ice40/cells_sim.v:662$291'.
Found async reset \S in `\SB_DFFS.$proc$/usr/bin/../share/yosys/ice40/cells_sim.v:527$281'.
Found async reset \R in `\SB_DFFR.$proc$/usr/bin/../share/yosys/ice40/cells_sim.v:406$275'.
Found async reset \rst_n in `\synth_harness.$proc$synth_harness.sv:29$484'.

4.3.6. Executing PROC_ROM pass (convert switches to ROMs).
Converted 0 switches.
<suppressed ~39 debug messages>

4.3.7. Executing PROC_MUX pass (convert decision trees to multiplexers).
Creating decoders for process `$paramod\div_unit\WIDTH=s32'00000000000000000000000000100000.$proc$../../rtl/div_unit.sv:0$539'.
     1/6: $6\result[31:0]
     2/6: $5\result[31:0]
     3/6: $4\result[31:0]
     4/6: $3\result[31:0]
     5/6: $2\result[31:0]
     6/6: $1\result[31:0]
Creating decoders for process `$paramod\div_unit\WIDTH=s32'00000000000000000000000000100000.$proc$../../rtl/div_unit.sv:0$529'.
     1/4: $2\final_remainder[31:0]
     2/4: $2\final_quotient[31:0]
     3/4: $1\final_remainder[31:0]
     4/4: $1\final_quotient[31:0]
Creating decoders for process `$paramod\div_unit\WIDTH=s32'00000000000000000000000000100000.$proc$../../rtl/div_unit.sv:141$514'.
     1/8: $0\overflow[0:0]
     2/8: $0\div_by_zero[0:0]
     3/8: $0\divisor_neg[0:0]
     4/8: $0\dividend_neg[0:0]
     5/8: $0\iter_count[4:0]
     6/8: $0\Q[31:0]
     7/8: $0\P[63:0]
     8/8: $0\D[63:0]
Creating decoders for process `$paramod\div_unit\WIDTH=s32'00000000000000000000000000100000.$proc$../../rtl/div_unit.sv:0$500'.
     1/2: $1\abs_divisor[31:0]
     2/2: $1\abs_dividend[31:0]
Creating decoders for process `$paramod\div_unit\WIDTH=s32'00000000000000000000000000100000.$proc$../../rtl/div_unit.sv:0$497'.
     1/4: $4\next_state[2:0]
     2/4: $3\next_state[2:0]
     3/4: $2\next_state[2:0]
     4/4: $1\next_state[2:0]
Creating decoders for process `$paramod\div_unit\WIDTH=s32'00000000000000000000000000100000.$proc$../../rtl/div_unit.sv:68$495'.
     1/1: $0\state[2:0]
Creating decoders for process `\SB_DFFNES.$proc$/usr/bin/../share/yosys/ice40/cells_sim.v:0$343'.
Creating decoders for process `\SB_DFFNES.$proc$/usr/bin/../share/yosys/ice40/cells_sim.v:1414$340'.
     1/1: $0\Q[0:0]
Creating decoders for process `\SB_DFFNESS.$proc$/usr/bin/../share/yosys/ice40/cells_sim.v:0$339'.
Creating decoders for process `\SB_DFFNESS.$proc$/usr/bin/../share/yosys/ice40/cells_sim.v:1353$333'.
     1/1: $0\Q[0:0]
Creating decoders for process `\SB_DFFNER.$proc$/usr/bin/../share/yosys/ice40/cells_sim.v:0$332'.
Creating decoders for process `\SB_DFFNER.$proc$/usr/bin/../share/yosys/ice40/cells_sim.v:1273$329'.
     1/1: $0\Q[0:0]
Creating decoders for process `\SB_DFFNESR.$proc$/usr/bin/../share/yosys/ice40/cells_sim.v:0$328'.
Creating decoders for process `\SB_DFFNESR.$proc$/usr/bin/../share/yosys/ice40/cells_sim.v:1212$322'.
     1/1: $0\Q[0:0]
Creating decoders for process `\SB_DFFNS.$proc$/usr/bin/../share/yosys/ice40/cells_sim.v:0$321'.
Creating decoders for process `\SB_DFFNS.$proc$/usr/bin/../share/yosys/ice40/cells_sim.v:1138$319'.
     1/1: $0\Q[0:0]
Creating decoders for process `\SB_DFFNSS.$proc$/usr/bin/../share/yosys/ice40/cells_sim.v:0$318'.
Creating decoders for process `\SB_DFFNSS.$proc$/usr/bin/../share/yosys/ice40/cells_sim.v:1088$316'.
     1/1: $0\Q[0:0]
Creating decoders for process `\SB_DFFNR.$proc$/usr/bin/../share/yosys/ice40/cells_sim.v:0$315'.
Creating decoders for process `\SB_DFFNR.$proc$/usr/bin/../share/yosys/ice40/cells_sim.v:1017$313'.
     1/1: $0\Q[0:0]
Creating decoders for process `\SB_DFFNSR.$proc$/usr/bin/../share/yosys/ice40/cells_sim.v:0$312'.
Creating decoders for process `\SB_DFFNSR.$proc$/usr/bin/../share/yosys/ice40/cells_sim.v:967$310'.
     1/1: $0\Q[0:0]
Creating decoders for process `\SB_DFFNE.$proc$/usr/bin/../share/yosys/ice40/cells_sim.v:0$309'.
Creating decoders for process `\SB_DFFNE.$proc$/usr/bin/../share/yosys/ice40/cells_sim.v:922$308'.
     1/1: $0\Q[0:0]
Creating decoders for process `\SB_DFFN.$proc$/usr/bin/../share/yosys/ice40/cells_sim.v:0$307'.
Creating decoders for process `\SB_DFFN.$proc$/usr/bin/../share/yosys/ice40/cells_sim.v:882$306'.
Creating decoders for process `\SB_DFFES.$proc$/usr/bin/../share/yosys/ice40/cells_sim.v:0$305'.
Creating decoders for process `\SB_DFFES.$proc$/usr/bin/../share/yosys/ice40/cells_sim.v:803$302'.
     1/1: $0\Q[0:0]
Creating decoders for process `\SB_DFFESS.$proc$/usr/bin/../share/yosys/ice40/cells_sim.v:0$301'.
Creating decoders for process `\SB_DFFESS.$proc$/usr/bin/../share/yosys/ice40/cells_sim.v:742$295'.
     1/1: $0\Q[0:0]
Creating decoders for process `\SB_DFFER.$proc$/usr/bin/../share/yosys/ice40/cells_sim.v:0$294'.
Creating decoders for process `\SB_DFFER.$proc$/usr/bin/../share/yosys/ice40/cells_sim.v:662$291'.
     1/1: $0\Q[0:0]
Creating decoders for process `\SB_DFFESR.$proc$/usr/bin/../share/yosys/ice40/cells_sim.v:0$290'.
Creating decoders for process `\SB_DFFESR.$proc$/usr/bin/../share/yosys/ice40/cells_sim.v:601$284'.
     1/1: $0\Q[0:0]
Creating decoders for process `\SB_DFFS.$proc$/usr/bin/../share/yosys/ice40/cells_sim.v:0$283'.
Creating decoders for process `\SB_DFFS.$proc$/usr/bin/../share/yosys/ice40/cells_sim.v:527$281'.
     1/1: $0\Q[0:0]
Creating decoders for process `\SB_DFFSS.$proc$/usr/bin/../share/yosys/ice40/cells_sim.v:0$280'.
Creating decoders for process `\SB_DFFSS.$proc$/usr/bin/../share/yosys/ice40/cells_sim.v:477$278'.
     1/1: $0\Q[0:0]
Creating decoders for process `\SB_DFFR.$proc$/usr/bin/../share/yosys/ice40/cells_sim.v:0$277'.
Creating decoders for process `\SB_DFFR.$proc$/usr/bin/../share/yosys/ice40/cells_sim.v:406$275'.
     1/1: $0\Q[0:0]
Creating decoders for process `\SB_DFFSR.$proc$/usr/bin/../share/yosys/ice40/cells_sim.v:0$274'.
Creating decoders for process `\SB_DFFSR.$proc$/usr/bin/../share/yosys/ice40/cells_sim.v:356$272'.
     1/1: $0\Q[0:0]
Creating decoders for process `\SB_DFFE.$proc$/usr/bin/../share/yosys/ice40/cells_sim.v:0$271'.
Creating decoders for process `\SB_DFFE.$proc$/usr/bin/../share/yosys/ice40/cells_sim.v:311$270'.
     1/1: $0\Q[0:0]
Creating decoders for process `\SB_DFF.$proc$/usr/bin/../share/yosys/ice40/cells_sim.v:0$269'.
Creating decoders for process `\SB_DFF.$proc$/usr/bin/../share/yosys/ice40/cells_sim.v:271$268'.
Creating decoders for process `\synth_harness.$proc$synth_harness.sv:70$492'.
Creating decoders for process `\synth_harness.$proc$synth_harness.sv:29$484'.
     1/11: $0\stim_sel[4:0]
     2/11: $1$fordecl_block$3.i[31:0]$489
     3/11: $0\stim_reg[7][31:0]
     4/11: $0\stim_reg[6][31:0]
     5/11: $0\stim_reg[5][31:0]
     6/11: $0\stim_reg[4][31:0]
     7/11: $0\stim_reg[3][31:0]
     8/11: $0\stim_reg[2][31:0]
     9/11: $0\stim_reg[1][31:0]
    10/11: $0\stim_reg[0][31:0]
    11/11: $1$fordecl_block$1.i[31:0]$488
Creating decoders for process `\synth_harness.$proc$synth_harness.sv:18$483'.
Creating decoders for process `\alu.$proc$../../rtl/alu.sv:0$27'.
     1/4: $1\result[31:0]
     2/4: $1\mulhsu_b_ext[63:0]
     3/4: $1\mulhsu_a_ext[63:0]
     4/4: $1\mul_result[63:0]
Creating decoders for process `\alu.$proc$../../rtl/alu.sv:0$25'.
     1/2: $1\div_rem_sel[0:0]
     2/2: $1\div_is_signed[0:0]

4.3.8. Executing PROC_DLATCH pass (convert process syncs to latches).
No latch inferred for signal `$paramod\div_unit\WIDTH=s32'00000000000000000000000000100000.\result' from process `$paramod\div_unit\WIDTH=s32'00000000000000000000000000100000.$proc$../../rtl/div_unit.sv:0$539'.
No latch inferred for signal `$paramod\div_unit\WIDTH=s32'00000000000000000000000000100000.\ready' from process `$paramod\div_unit\WIDTH=s32'00000000000000000000000000100000.$proc$../../rtl/div_unit.sv:0$539'.
No latch inferred for signal `$paramod\div_unit\WIDTH=s32'00000000000000000000000000100000.\final_quotient' from process `$paramod\div_unit\WIDTH=s32'00000000000000000000000000100000.$proc$../../rtl/div_unit.sv:0$529'.
No latch inferred for signal `$paramod\div_unit\WIDTH=s32'00000000000000000000000000100000.\final_remainder' from process `$paramod\div_unit\WIDTH=s32'00000000000000000000000000100000.$proc$../../rtl/div_unit.sv:0$529'.
No latch inferred for signal `$paramod\div_unit\WIDTH=s32'00000000000000000000000000100000.\abs_dividend' from process `$paramod\div_unit\WIDTH=s32'00000000000000000000000000100000.$proc$../../rtl/div_unit.sv:0$500'.
No latch inferred for signal `$paramod\div_unit\WIDTH=s32'00000000000000000000000000100000.\abs_divisor' from process `$paramod\div_unit\WIDTH=s32'00000000000000000000000000100000.$proc$../../rtl/div_unit.sv:0$500'.
No latch inferred for signal `$paramod\div_unit\WIDTH=s32'00000000000000000000000000100000.\P_shifted' from process `$paramod\div_unit\WIDTH=s32'00000000000000000000000000100000.$proc$../../rtl/div_unit.sv:0$500'.
No latch inferred for signal `$paramod\div_unit\WIDTH=s32'00000000000000000000000000100000.\P_add' from process `$paramod\div_unit\WIDTH=s32'00000000000000000000000000100000.$proc$../../rtl/div_unit.sv:0$500'.
No latch inferred for signal `$paramod\div_unit\WIDTH=s32'00000000000000000000000000100000.\P_sub' from process `$paramod\div_unit\WIDTH=s32'00000000000000000000000000100000.$proc$../../rtl/div_unit.sv:0$500'.
No latch inferred for signal `$paramod\div_unit\WIDTH=s32'00000000000000000000000000100000.\next_state' from process `$paramod\div_unit\WIDTH=s32'00000000000000000000000000100000.$proc$../../rtl/div_unit.sv:0$497'.
No latch inferred for signal `\alu.\result' from process `\alu.$proc$../../rtl/alu.sv:0$27'.
No latch inferred for signal `\alu.\mul_result' from process `\alu.$proc$../../rtl/alu.sv:0$27'.
No latch inferred for signal `\alu.\mulhsu_a_ext' from process `\alu.$proc$../../rtl/alu.sv:0$27'.
No latch inferred for signal `\alu.\mulhsu_b_ext' from process `\alu.$proc$../../rtl/alu.sv:0$27'.
No latch inferred for signal `\alu.\div_is_signed' from process `\alu.$proc$../../rtl/alu.sv:0$25'.
No latch inferred for signal `\alu.\div_rem_sel' from process `\alu.$proc$../../rtl/alu.sv:0$25'.

4.3.9. Executing PROC_DFF pass (convert process syncs to FFs).
Creating register for signal `$paramod\div_unit\WIDTH=s32'00000000000000000000000000100000.\D' using process `$paramod\div_unit\WIDTH=s32'00000000000000000000000000100000.$proc$../../rtl/div_unit.sv:141$514'.
  created $adff cell `$procdff$812' with positive edge clock and negative level reset.
Creating register for signal `$paramod\div_unit\WIDTH=s32'00000000000000000000000000100000.\P' using process `$paramod\div_unit\WIDTH=s32'00000000000000000000000000100000.$proc$../../rtl/div_unit.sv:141$514'.
  created $adff cell `$procdff$813' with positive edge clock and negative level reset.
Creating register for signal `$paramod\div_unit\WIDTH=s32'00000000000000000000000000100000.\Q' using process `$paramod\div_unit\WIDTH=s32'00000000000000000000000000100000.$proc$../../rtl/div_unit.sv:141$514'.
  created $adff cell `$procdff$814' with positive edge clock and negative level reset.
Creating register for signal `$paramod\div_unit\WIDTH=s32'00000000000000000000000000100000.\iter_count' using process `$paramod\div_unit\WIDTH=s32'00000000000000000000000000100000.$proc$../../rtl/div_unit.sv:141$514'.
  created $adff cell `$procdff$815' with positive edge clock and negative level reset.
Creating register for signal `$paramod\div_unit\WIDTH=s32'00000000000000000000000000100000.\dividend_neg' using process `$paramod\div_unit\WIDTH=s32'00000000000000000000000000100000.$proc$../../rtl/div_unit.sv:141$514'.
  created $adff cell `$procdff$816' with positive edge clock and negative level reset.
Creating register for signal `$paramod\div_unit\WIDTH=s32'00000000000000000000000000100000.\divisor_neg' using process `$paramod\div_unit\WIDTH=s32'00000000000000000000000000100000.$proc$../../rtl/div_unit.sv:141$514'.
  created $adff cell `$procdff$817' with positive edge clock and negative level reset.
Creating register for signal `$paramod\div_unit\WIDTH=s32'00000000000000000000000000100000.\div_by_zero' using process `$paramod\div_unit\WIDTH=s32'00000000000000000000000000100000.$proc$../../rtl/div_unit.sv:141$514'.
  created $adff cell `$procdff$818' with positive edge clock and negative level reset.
Creating register for signal `$paramod\div_unit\WIDTH=s32'00000000000000000000000000100000.\overflow' using process `$paramod\div_unit\WIDTH=s32'00000000000000000000000000100000.$proc$../../rtl/div_unit.sv:141$514'.
  created $adff cell `$procdff$819' with positive edge clock and negative level reset.
Creating register for signal `$paramod\div_unit\WIDTH=s32'00000000000000000000000000100000.\state' using process `$paramod\div_unit\WIDTH=s32'00000000000000000000000000100000.$proc$../../rtl/div_unit.sv:68$495'.
  created $adff cell `$procdff$820' with positive edge clock and negative level reset.
Creating register for signal `\SB_DFFNES.\Q' using process `\SB_DFFNES.$proc$/usr/bin/../share/yosys/ice40/cells_sim.v:1414$340'.
  created $adff cell `$procdff$821' with negative edge clock and positive level reset.
Creating register for signal `\SB_DFFNESS.\Q' using process `\SB_DFFNESS.$proc$/usr/bin/../share/yosys/ice40/cells_sim.v:1353$333'.
  created $dff cell `$procdff$822' with negative edge clock.
Creating register for signal `\SB_DFFNER.\Q' using process `\SB_DFFNER.$proc$/usr/bin/../share/yosys/ice40/cells_sim.v:1273$329'.
  created $adff cell `$procdff$823' with negative edge clock and positive level reset.
Creating register for signal `\SB_DFFNESR.\Q' using process `\SB_DFFNESR.$proc$/usr/bin/../share/yosys/ice40/cells_sim.v:1212$322'.
  created $dff cell `$procdff$824' with negative edge clock.
Creating register for signal `\SB_DFFNS.\Q' using process `\SB_DFFNS.$proc$/usr/bin/../share/yosys/ice40/cells_sim.v:1138$319'.
  created $adff cell `$procdff$825' with negative edge clock and positive level reset.
Creating register for signal `\SB_DFFNSS.\Q' using process `\SB_DFFNSS.$proc$/usr/bin/../share/yosys/ice40/cells_sim.v:1088$316'.
  created $dff cell `$procdff$826' with negative edge clock.
Creating register for signal `\SB_DFFNR.\Q' using process `\SB_DFFNR.$proc$/usr/bin/../share/yosys/ice40/cells_sim.v:1017$313'.
  created $adff cell `$procdff$827' with negative edge clock and positive level reset.
Creating register for signal `\SB_DFFNSR.\Q' using process `\SB_DFFNSR.$proc$/usr/bin/../share/yosys/ice40/cells_sim.v:967$310'.
  created $dff cell `$procdff$828' with negative edge clock.
Creating register for signal `\SB_DFFNE.\Q' using process `\SB_DFFNE.$proc$/usr/bin/../share/yosys/ice40/cells_sim.v:922$308'.
  created $dff cell `$procdff$829' with negative edge clock.
Creating register for signal `\SB_DFFN.\Q' using process `\SB_DFFN.$proc$/usr/bin/../share/yosys/ice40/cells_sim.v:882$306'.
  created $dff cell `$procdff$830' with negative edge clock.
Creating register for signal `\SB_DFFES.\Q' using process `\SB_DFFES.$proc$/usr/bin/../share/yosys/ice40/cells_sim.v:803$302'.
  created $adff cell `$procdff$831' with positive edge clock and positive level reset.
Creating register for signal `\SB_DFFESS.\Q' using process `\SB_DFFESS.$proc$/usr/bin/../share/yosys/ice40/cells_sim.v:742$295'.
  created $dff cell `$procdff$832' with positive edge clock.
Creating register for signal `\SB_DFFER.\Q' using process `\SB_DFFER.$proc$/usr/bin/../share/yosys/ice40/cells_sim.v:662$291'.
  created $adff cell `$procdff$833' with positive edge clock and positive level reset.
Creating register for signal `\SB_DFFESR.\Q' using process `\SB_DFFESR.$proc$/usr/bin/../share/yosys/ice40/cells_sim.v:601$284'.
  created $dff cell `$procdff$834' with positive edge clock.
Creating register for signal `\SB_DFFS.\Q' using process `\SB_DFFS.$proc$/usr/bin/../share/yosys/ice40/cells_sim.v:527$281'.
  created $adff cell `$procdff$835' with positive edge clock and positive level reset.
Creating register for signal `\SB_DFFSS.\Q' using process `\SB_DFFSS.$proc$/usr/bin/../share/yosys/ice40/cells_sim.v:477$278'.
  created $dff cell `$procdff$836' with positive edge clock.
Creating register for signal `\SB_DFFR.\Q' using process `\SB_DFFR.$proc$/usr/bin/../share/yosys/ice40/cells_sim.v:406$275'.
  created $adff cell `$procdff$837' with positive edge clock and positive level reset.
Creating register for signal `\SB_DFFSR.\Q' using process `\SB_DFFSR.$proc$/usr/bin/../share/yosys/ice40/cells_sim.v:356$272'.
  created $dff cell `$procdff$838' with positive edge clock.
Creating register for signal `\SB_DFFE.\Q' using process `\SB_DFFE.$proc$/usr/bin/../share/yosys/ice40/cells_sim.v:311$270'.
  created $dff cell `$procdff$839' with positive edge clock.
Creating register for signal `\SB_DFF.\Q' using process `\SB_DFF.$proc$/usr/bin/../share/yosys/ice40/cells_sim.v:271$268'.
  created $dff cell `$procdff$840' with positive edge clock.
Creating register for signal `\synth_harness.\result_reg' using process `\synth_harness.$proc$synth_harness.sv:70$492'.
  created $dff cell `$procdff$841' with positive edge clock.
Creating register for signal `\synth_harness.\stim_sel' using process `\synth_harness.$proc$synth_harness.sv:29$484'.
  created $adff cell `$procdff$842' with positive edge clock and negative level reset.
Creating register for signal `\synth_harness.$fordecl_block$1.i' using process `\synth_harness.$proc$synth_harness.sv:29$484'.
  created $adff cell `$procdff$843' with positive edge clock and negative level reset.
Creating register for signal `\synth_harness.$fordecl_block$3.i' using process `\synth_harness.$proc$synth_harness.sv:29$484'.
  created $dff cell `$procdff$846' with positive edge clock.
Creating register for signal `\synth_harness.\stim_reg[0]' using process `\synth_harness.$proc$synth_harness.sv:29$484'.
  created $adff cell `$procdff$847' with positive edge clock and negative level reset.
Creating register for signal `\synth_harness.\stim_reg[1]' using process `\synth_harness.$proc$synth_harness.sv:29$484'.
  created $adff cell `$procdff$848' with positive edge clock and negative level reset.
Creating register for signal `\synth_harness.\stim_reg[2]' using process `\synth_harness.$proc$synth_harness.sv:29$484'.
  created $adff cell `$procdff$849' with positive edge clock and negative level reset.
Creating register for signal `\synth_harness.\stim_reg[3]' using process `\synth_harness.$proc$synth_harness.sv:29$484'.
  created $adff cell `$procdff$850' with positive edge clock and negative level reset.
Creating register for signal `\synth_harness.\stim_reg[4]' using process `\synth_harness.$proc$synth_harness.sv:29$484'.
  created $adff cell `$procdff$851' with positive edge clock and negative level reset.
Creating register for signal `\synth_harness.\stim_reg[5]' using process `\synth_harness.$proc$synth_harness.sv:29$484'.
  created $adff cell `$procdff$852' with positive edge clock and negative level reset.
Creating register for signal `\synth_harness.\stim_reg[6]' using process `\synth_harness.$proc$synth_harness.sv:29$484'.
  created $adff cell `$procdff$853' with positive edge clock and negative level reset.
Creating register for signal `\synth_harness.\stim_reg[7]' using process `\synth_harness.$proc$synth_harness.sv:29$484'.
  created $adff cell `$procdff$854' with positive edge clock and negative level reset.
Creating register for signal `\synth_harness.\rst_n_sync1' using process `\synth_harness.$proc$synth_harness.sv:18$483'.
  created $dff cell `$procdff$855' with positive edge clock.
Creating register for signal `\synth_harness.\rst_n_sync2' using process `\synth_harness.$proc$synth_harness.sv:18$483'.
  created $dff cell `$procdff$856' with positive edge clock.

4.3.10. Executing PROC_MEMWR pass (convert process memory writes to cells).

4.3.11. Executing PROC_CLEAN pass (remove empty switches from decision trees).
Found and cleaned up 6 empty switches in `$paramod\div_unit\WIDTH=s32'00000000000000000000000000100000.$proc$../../rtl/div_unit.sv:0$539'.
Removing empty process `$paramod\div_unit\WIDTH=s32'00000000000000000000000000100000.$proc$../../rtl/div_unit.sv:0$539'.
Found and cleaned up 3 empty switches in `$paramod\div_unit\WIDTH=s32'00000000000000000000000000100000.$proc$../../rtl/div_unit.sv:0$529'.
Removing empty process `$paramod\div_unit\WIDTH=s32'00000000000000000000000000100000.$proc$../../rtl/div_unit.sv:0$529'.
Found and cleaned up 5 empty switches in `$paramod\div_unit\WIDTH=s32'00000000000000000000000000100000.$proc$../../rtl/div_unit.sv:141$514'.
Removing empty process `$paramod\div_unit\WIDTH=s32'00000000000000000000000000100000.$proc$../../rtl/div_unit.sv:141$514'.
Found and cleaned up 1 empty switch in `$paramod\div_unit\WIDTH=s32'00000000000000000000000000100000.$proc$../../rtl/div_unit.sv:0$500'.
Removing empty process `$paramod\div_unit\WIDTH=s32'00000000000000000000000000100000.$proc$../../rtl/div_unit.sv:0$500'.
Found and cleaned up 4 empty switches in `$paramod\div_unit\WIDTH=s32'00000000000000000000000000100000.$proc$../../rtl/div_unit.sv:0$497'.
Removing empty process `$paramod\div_unit\WIDTH=s32'00000000000000000000000000100000.$proc$../../rtl/div_unit.sv:0$497'.
Removing empty process `$paramod\div_unit\WIDTH=s32'00000000000000000000000000100000.$proc$../../rtl/div_unit.sv:68$495'.
Removing empty process `SB_DFFNES.$proc$/usr/bin/../share/yosys/ice40/cells_sim.v:0$343'.
Found and cleaned up 1 empty switch in `\SB_DFFNES.$proc$/usr/bin/../share/yosys/ice40/cells_sim.v:1414$340'.
Removing empty process `SB_DFFNES.$proc$/usr/bin/../share/yosys/ice40/cells_sim.v:1414$340'.
Removing empty process `SB_DFFNESS.$proc$/usr/bin/../share/yosys/ice40/cells_sim.v:0$339'.
Found and cleaned up 2 empty switches in `\SB_DFFNESS.$proc$/usr/bin/../share/yosys/ice40/cells_sim.v:1353$333'.
Removing empty process `SB_DFFNESS.$proc$/usr/bin/../share/yosys/ice40/cells_sim.v:1353$333'.
Removing empty process `SB_DFFNER.$proc$/usr/bin/../share/yosys/ice40/cells_sim.v:0$332'.
Found and cleaned up 1 empty switch in `\SB_DFFNER.$proc$/usr/bin/../share/yosys/ice40/cells_sim.v:1273$329'.
Removing empty process `SB_DFFNER.$proc$/usr/bin/../share/yosys/ice40/cells_sim.v:1273$329'.
Removing empty process `SB_DFFNESR.$proc$/usr/bin/../share/yosys/ice40/cells_sim.v:0$328'.
Found and cleaned up 2 empty switches in `\SB_DFFNESR.$proc$/usr/bin/../share/yosys/ice40/cells_sim.v:1212$322'.
Removing empty process `SB_DFFNESR.$proc$/usr/bin/../share/yosys/ice40/cells_sim.v:1212$322'.
Removing empty process `SB_DFFNS.$proc$/usr/bin/../share/yosys/ice40/cells_sim.v:0$321'.
Removing empty process `SB_DFFNS.$proc$/usr/bin/../share/yosys/ice40/cells_sim.v:1138$319'.
Removing empty process `SB_DFFNSS.$proc$/usr/bin/../share/yosys/ice40/cells_sim.v:0$318'.
Found and cleaned up 1 empty switch in `\SB_DFFNSS.$proc$/usr/bin/../share/yosys/ice40/cells_sim.v:1088$316'.
Removing empty process `SB_DFFNSS.$proc$/usr/bin/../share/yosys/ice40/cells_sim.v:1088$316'.
Removing empty process `SB_DFFNR.$proc$/usr/bin/../share/yosys/ice40/cells_sim.v:0$315'.
Removing empty process `SB_DFFNR.$proc$/usr/bin/../share/yosys/ice40/cells_sim.v:1017$313'.
Removing empty process `SB_DFFNSR.$proc$/usr/bin/../share/yosys/ice40/cells_sim.v:0$312'.
Found and cleaned up 1 empty switch in `\SB_DFFNSR.$proc$/usr/bin/../share/yosys/ice40/cells_sim.v:967$310'.
Removing empty process `SB_DFFNSR.$proc$/usr/bin/../share/yosys/ice40/cells_sim.v:967$310'.
Removing empty process `SB_DFFNE.$proc$/usr/bin/../share/yosys/ice40/cells_sim.v:0$309'.
Found and cleaned up 1 empty switch in `\SB_DFFNE.$proc$/usr/bin/../share/yosys/ice40/cells_sim.v:922$308'.
Removing empty process `SB_DFFNE.$proc$/usr/bin/../share/yosys/ice40/cells_sim.v:922$308'.
Removing empty process `SB_DFFN.$proc$/usr/bin/../share/yosys/ice40/cells_sim.v:0$307'.
Removing empty process `SB_DFFN.$proc$/usr/bin/../share/yosys/ice40/cells_sim.v:882$306'.
Removing empty process `SB_DFFES.$proc$/usr/bin/../share/yosys/ice40/cells_sim.v:0$305'.
Found and cleaned up 1 empty switch in `\SB_DFFES.$proc$/usr/bin/../share/yosys/ice40/cells_sim.v:803$302'.
Removing empty process `SB_DFFES.$proc$/usr/bin/../share/yosys/ice40/cells_sim.v:803$302'.
Removing empty process `SB_DFFESS.$proc$/usr/bin/../share/yosys/ice40/cells_sim.v:0$301'.
Found and cleaned up 2 empty switches in `\SB_DFFESS.$proc$/usr/bin/../share/yosys/ice40/cells_sim.v:742$295'.
Removing empty process `SB_DFFESS.$proc$/usr/bin/../share/yosys/ice40/cells_sim.v:742$295'.
Removing empty process `SB_DFFER.$proc$/usr/bin/../share/yosys/ice40/cells_sim.v:0$294'.
Found and cleaned up 1 empty switch in `\SB_DFFER.$proc$/usr/bin/../share/yosys/ice40/cells_sim.v:662$291'.
Removing empty process `SB_DFFER.$proc$/usr/bin/../share/yosys/ice40/cells_sim.v:662$291'.
Removing empty process `SB_DFFESR.$proc$/usr/bin/../share/yosys/ice40/cells_sim.v:0$290'.
Found and cleaned up 2 empty switches in `\SB_DFFESR.$proc$/usr/bin/../share/yosys/ice40/cells_sim.v:601$284'.
Removing empty process `SB_DFFESR.$proc$/usr/bin/../share/yosys/ice40/cells_sim.v:601$284'.
Removing empty process `SB_DFFS.$proc$/usr/bin/../share/yosys/ice40/cells_sim.v:0$283'.
Removing empty process `SB_DFFS.$proc$/usr/bin/../share/yosys/ice40/cells_sim.v:527$281'.
Removing empty process `SB_DFFSS.$proc$/usr/bin/../share/yosys/ice40/cells_sim.v:0$280'.
Found and cleaned up 1 empty switch in `\SB_DFFSS.$proc$/usr/bin/../share/yosys/ice40/cells_sim.v:477$278'.
Removing empty process `SB_DFFSS.$proc$/usr/bin/../share/yosys/ice40/cells_sim.v:477$278'.
Removing empty process `SB_DFFR.$proc$/usr/bin/../share/yosys/ice40/cells_sim.v:0$277'.
Removing empty process `SB_DFFR.$proc$/usr/bin/../share/yosys/ice40/cells_sim.v:406$275'.
Removing empty process `SB_DFFSR.$proc$/usr/bin/../share/yosys/ice40/cells_sim.v:0$274'.
Found and cleaned up 1 empty switch in `\SB_DFFSR.$proc$/usr/bin/../share/yosys/ice40/cells_sim.v:356$272'.
Removing empty process `SB_DFFSR.$proc$/usr/bin/../share/yosys/ice40/cells_sim.v:356$272'.
Removing empty process `SB_DFFE.$proc$/usr/bin/../share/yosys/ice40/cells_sim.v:0$271'.
Found and cleaned up 1 empty switch in `\SB_DFFE.$proc$/usr/bin/../share/yosys/ice40/cells_sim.v:311$270'.
Removing empty process `SB_DFFE.$proc$/usr/bin/../share/yosys/ice40/cells_sim.v:311$270'.
Removing empty process `SB_DFF.$proc$/usr/bin/../share/yosys/ice40/cells_sim.v:0$269'.
Removing empty process `SB_DFF.$proc$/usr/bin/../share/yosys/ice40/cells_sim.v:271$268'.
Removing empty process `synth_harness.$proc$synth_harness.sv:70$492'.
Removing empty process `synth_harness.$proc$synth_harness.sv:29$484'.
Removing empty process `synth_harness.$proc$synth_harness.sv:18$483'.
Found and cleaned up 1 empty switch in `\alu.$proc$../../rtl/alu.sv:0$27'.
Removing empty process `alu.$proc$../../rtl/alu.sv:0$27'.
Found and cleaned up 1 empty switch in `\alu.$proc$../../rtl/alu.sv:0$25'.
Removing empty process `alu.$proc$../../rtl/alu.sv:0$25'.
Cleaned up 39 empty switches.

4.3.12. Executing OPT_EXPR pass (perform const folding).
Optimizing module $paramod\div_unit\WIDTH=s32'00000000000000000000000000100000.
<suppressed ~10 debug messages>
Optimizing module synth_harness.
<suppressed ~1 debug messages>
Optimizing module alu.
<suppressed ~2 debug messages>

4.4. Executing FLATTEN pass (flatten design).
Deleting now unused module $paramod\div_unit\WIDTH=s32'00000000000000000000000000100000.
Deleting now unused module alu.
<suppressed ~2 debug messages>

4.5. Executing TRIBUF pass.

4.6. Executing DEMINOUT pass (demote inout ports to input or output).

4.7. Executing OPT_EXPR pass (perform const folding).
Optimizing module synth_harness.

4.8. Executing OPT_CLEAN pass (remove unused cells and wires).
Finding unused cells or wires in module \synth_harness..
Removed 18 unused cells and 144 unused wires.
<suppressed ~22 debug messages>

4.9. Executing CHECK pass (checking for obvious problems).
Checking module synth_harness...
Found and reported 0 problems.

4.10. Executing OPT pass (performing simple optimizations).

4.10.1. Executing OPT_EXPR pass (perform const folding).
Optimizing module synth_harness.

4.10.2. Executing OPT_MERGE pass (detect identical cells).
Finding identical cells in module `\synth_harness'.
<suppressed ~87 debug messages>
Removed a total of 29 cells.

4.10.3. Executing OPT_MUXTREE pass (detect dead branches in mux trees).
Running muxtree optimizer on module \synth_harness..
  Creating internal representation of mux trees.
  Evaluating internal representation of mux trees.
      Replacing known input bits on port A of cell $flatten\u_alu.\u_div.$procmux$652: \u_alu.u_div.P -> { 1'0 \u_alu.u_div.P [62:0] }
      Replacing known input bits on port A of cell $flatten\u_alu.\u_div.$ternary$../../rtl/div_unit.sv:128$507: \stim_reg[0] -> { 1'0 \stim_reg[0] [30:0] }
      Replacing known input bits on port A of cell $flatten\u_alu.\u_div.$ternary$../../rtl/div_unit.sv:129$510: \stim_reg[1] -> { 1'0 \stim_reg[1] [30:0] }
  Analyzing evaluation results.
    dead port 1/2 on $mux $flatten\u_alu.\u_div.$procmux$547.
    dead port 1/2 on $mux $flatten\u_alu.\u_div.$procmux$550.
    dead port 2/2 on $mux $flatten\u_alu.\u_div.$procmux$552.
    dead port 2/2 on $mux $flatten\u_alu.\u_div.$procmux$559.
    dead port 1/2 on $mux $flatten\u_alu.\u_div.$procmux$562.
    dead port 2/2 on $mux $flatten\u_alu.\u_div.$procmux$564.
    dead port 1/2 on $mux $flatten\u_alu.\u_div.$procmux$571.
    dead port 2/2 on $mux $flatten\u_alu.\u_div.$procmux$573.
    dead port 2/2 on $mux $flatten\u_alu.\u_div.$procmux$580.
    dead port 2/2 on $mux $flatten\u_alu.\u_div.$procmux$582.
    dead port 2/2 on $mux $flatten\u_alu.\u_div.$procmux$588.
    dead port 2/2 on $mux $flatten\u_alu.\u_div.$procmux$597.
    dead port 2/2 on $mux $flatten\u_alu.\u_div.$procmux$603.
    dead port 2/2 on $mux $flatten\u_alu.\u_div.$procmux$681.
    dead port 2/2 on $mux $flatten\u_alu.\u_div.$procmux$690.
    dead port 2/2 on $mux $flatten\u_alu.\u_div.$procmux$700.
Removed 16 multiplexer ports.
<suppressed ~13 debug messages>

4.10.4. Executing OPT_REDUCE pass (consolidate $*mux and $reduce_* inputs).
  Optimizing cells in module \synth_harness.
    New ctrl vector for $pmux cell $flatten\u_alu.$procmux$804: $auto$opt_reduce.cc:134:opt_pmux$860
    New ctrl vector for $pmux cell $flatten\u_alu.$procmux$809: $auto$opt_reduce.cc:134:opt_pmux$862
  Optimizing cells in module \synth_harness.
Performed a total of 2 changes.

4.10.5. Executing OPT_MERGE pass (detect identical cells).
Finding identical cells in module `\synth_harness'.
Removed a total of 0 cells.

4.10.6. Executing OPT_DFF pass (perform DFF optimizations).

4.10.7. Executing OPT_CLEAN pass (remove unused cells and wires).
Finding unused cells or wires in module \synth_harness..
Removed 0 unused cells and 42 unused wires.
<suppressed ~1 debug messages>

4.10.8. Executing OPT_EXPR pass (perform const folding).
Optimizing module synth_harness.

4.10.9. Rerunning OPT passes. (Maybe there is more to do..)

4.10.10. Executing OPT_MUXTREE pass (detect dead branches in mux trees).
Running muxtree optimizer on module \synth_harness..
  Creating internal representation of mux trees.
  Evaluating internal representation of mux trees.
  Analyzing evaluation results.
Removed 0 multiplexer ports.
<suppressed ~13 debug messages>

4.10.11. Executing OPT_REDUCE pass (consolidate $*mux and $reduce_* inputs).
  Optimizing cells in module \synth_harness.
Performed a total of 0 changes.

4.10.12. Executing OPT_MERGE pass (detect identical cells).
Finding identical cells in module `\synth_harness'.
Removed a total of 0 cells.

4.10.13. Executing OPT_DFF pass (perform DFF optimizations).

4.10.14. Executing OPT_CLEAN pass (remove unused cells and wires).
Finding unused cells or wires in module \synth_harness..

4.10.15. Executing OPT_EXPR pass (perform const folding).
Optimizing module synth_harness.

4.10.16. Finished OPT passes. (There is nothing left to do.)

4.11. Executing FSM pass (extract and optimize FSM).

4.11.1. Executing FSM_DETECT pass (finding FSMs in design).
Not marking synth_harness.u_alu.u_div.state as FSM state register:
    Circuit seems to be self-resetting.

4.11.2. Executing FSM_EXTRACT pass (extracting FSM from design).

4.11.3. Executing FSM_OPT pass (simple optimizations of FSMs).

4.11.4. Executing OPT_CLEAN pass (remove unused cells and wires).
Finding unused cells or wires in module \synth_harness..

4.11.5. Executing FSM_OPT pass (simple optimizations of FSMs).

4.11.6. Executing FSM_RECODE pass (re-assigning FSM state encoding).

4.11.7. Executing FSM_INFO pass (dumping all available information on FSM cells).

4.11.8. Executing FSM_MAP pass (mapping FSMs to basic logic).

4.12. Executing OPT pass (performing simple optimizations).

4.12.1. Executing OPT_EXPR pass (perform const folding).
Optimizing module synth_harness.

4.12.2. Executing OPT_MERGE pass (detect identical cells).
Finding identical cells in module `\synth_harness'.
Removed a total of 0 cells.

4.12.3. Executing OPT_MUXTREE pass (detect dead branches in mux trees).
Running muxtree optimizer on module \synth_harness..
  Creating internal representation of mux trees.
  Evaluating internal representation of mux trees.
  Analyzing evaluation results.
Removed 0 multiplexer ports.
<suppressed ~13 debug messages>

4.12.4. Executing OPT_REDUCE pass (consolidate $*mux and $reduce_* inputs).
  Optimizing cells in module \synth_harness.
Performed a total of 0 changes.

4.12.5. Executing OPT_MERGE pass (detect identical cells).
Finding identical cells in module `\synth_harness'.
Removed a total of 0 cells.

4.12.6. Executing OPT_DFF pass (perform DFF optimizations).
Adding EN signal on $flatten\u_alu.\u_div.$procdff$820 ($adff) from module synth_harness (D = \u_alu.u_div.next_state, Q = \u_alu.u_div.state).
Adding EN signal on $flatten\u_alu.\u_div.$procdff$819 ($adff) from module synth_harness (D = $flatten\u_alu.\u_div.$logic_and$../../rtl/div_unit.sv:158$520_Y, Q = \u_alu.u_div.overflow).
Adding EN signal on $flatten\u_alu.\u_div.$procdff$818 ($adff) from module synth_harness (D = $flatten\u_alu.\u_div.$eq$../../rtl/div_unit.sv:155$516_Y, Q = \u_alu.u_div.div_by_zero).
Adding EN signal on $flatten\u_alu.\u_div.$procdff$817 ($adff) from module synth_harness (D = $flatten\u_alu.\u_div.$procmux$622_Y, Q = \u_alu.u_div.divisor_neg).
Adding EN signal on $flatten\u_alu.\u_div.$procdff$816 ($adff) from module synth_harness (D = $flatten\u_alu.\u_div.$procmux$631_Y, Q = \u_alu.u_div.dividend_neg).
Adding EN signal on $flatten\u_alu.\u_div.$procdff$815 ($adff) from module synth_harness (D = $flatten\u_alu.\u_div.$0\iter_count[4:0], Q = \u_alu.u_div.iter_count).
Adding EN signal on $flatten\u_alu.\u_div.$procdff$814 ($adff) from module synth_harness (D = $flatten\u_alu.\u_div.$0\Q[31:0], Q = \u_alu.u_div.Q).
Adding EN signal on $flatten\u_alu.\u_div.$procdff$813 ($adff) from module synth_harness (D = $flatten\u_alu.\u_div.$0\P[63:0] [62:0], Q = \u_alu.u_div.P [62:0]).
Adding EN signal on $flatten\u_alu.\u_div.$procdff$813 ($adff) from module synth_harness (D = $flatten\u_alu.\u_div.$0\P[63:0] [63], Q = \u_alu.u_div.P [63]).
Adding EN signal on $flatten\u_alu.\u_div.$procdff$812 ($adff) from module synth_harness (D = { \u_alu.u_div.abs_divisor 32'00000000000000000000000000000000 }, Q = \u_alu.u_div.D).
Setting constant 0-bit at position 0 on $auto$ff.cc:266:slice$904 ($adffe) from module synth_harness.
Setting constant 0-bit at position 1 on $auto$ff.cc:266:slice$904 ($adffe) from module synth_harness.
Setting constant 0-bit at position 2 on $auto$ff.cc:266:slice$904 ($adffe) from module synth_harness.
Setting constant 0-bit at position 3 on $auto$ff.cc:266:slice$904 ($adffe) from module synth_harness.
Setting constant 0-bit at position 4 on $auto$ff.cc:266:slice$904 ($adffe) from module synth_harness.
Setting constant 0-bit at position 5 on $auto$ff.cc:266:slice$904 ($adffe) from module synth_harness.
Setting constant 0-bit at position 6 on $auto$ff.cc:266:slice$904 ($adffe) from module synth_harness.
Setting constant 0-bit at position 7 on $auto$ff.cc:266:slice$904 ($adffe) from module synth_harness.
Setting constant 0-bit at position 8 on $auto$ff.cc:266:slice$904 ($adffe) from module synth_harness.
Setting constant 0-bit at position 9 on $auto$ff.cc:266:slice$904 ($adffe) from module synth_harness.
Setting constant 0-bit at position 10 on $auto$ff.cc:266:slice$904 ($adffe) from module synth_harness.
Setting constant 0-bit at position 11 on $auto$ff.cc:266:slice$904 ($adffe) from module synth_harness.
Setting constant 0-bit at position 12 on $auto$ff.cc:266:slice$904 ($adffe) from module synth_harness.
Setting constant 0-bit at position 13 on $auto$ff.cc:266:slice$904 ($adffe) from module synth_harness.
Setting constant 0-bit at position 14 on $auto$ff.cc:266:slice$904 ($adffe) from module synth_harness.
Setting constant 0-bit at position 15 on $auto$ff.cc:266:slice$904 ($adffe) from module synth_harness.
Setting constant 0-bit at position 16 on $auto$ff.cc:266:slice$904 ($adffe) from module synth_harness.
Setting constant 0-bit at position 17 on $auto$ff.cc:266:slice$904 ($adffe) from module synth_harness.
Setting constant 0-bit at position 18 on $auto$ff.cc:266:slice$904 ($adffe) from module synth_harness.
Setting constant 0-bit at position 19 on $auto$ff.cc:266:slice$904 ($adffe) from module synth_harness.
Setting constant 0-bit at position 20 on $auto$ff.cc:266:slice$904 ($adffe) from module synth_harness.
Setting constant 0-bit at position 21 on $auto$ff.cc:266:slice$904 ($adffe) from module synth_harness.
Setting constant 0-bit at position 22 on $auto$ff.cc:266:slice$904 ($adffe) from module synth_harness.
Setting constant 0-bit at position 23 on $auto$ff.cc:266:slice$904 ($adffe) from module synth_harness.
Setting constant 0-bit at position 24 on $auto$ff.cc:266:slice$904 ($adffe) from module synth_harness.
Setting constant 0-bit at position 25 on $auto$ff.cc:266:slice$904 ($adffe) from module synth_harness.
Setting constant 0-bit at position 26 on $auto$ff.cc:266:slice$904 ($adffe) from module synth_harness.
Setting constant 0-bit at position 27 on $auto$ff.cc:266:slice$904 ($adffe) from module synth_harness.
Setting constant 0-bit at position 28 on $auto$ff.cc:266:slice$904 ($adffe) from module synth_harness.
Setting constant 0-bit at position 29 on $auto$ff.cc:266:slice$904 ($adffe) from module synth_harness.
Setting constant 0-bit at position 30 on $auto$ff.cc:266:slice$904 ($adffe) from module synth_harness.
Setting constant 0-bit at position 31 on $auto$ff.cc:266:slice$904 ($adffe) from module synth_harness.

4.12.7. Executing OPT_CLEAN pass (remove unused cells and wires).
Finding unused cells or wires in module \synth_harness..
Removed 8 unused cells and 8 unused wires.
<suppressed ~9 debug messages>

4.12.8. Executing OPT_EXPR pass (perform const folding).
Optimizing module synth_harness.
<suppressed ~4 debug messages>

4.12.9. Rerunning OPT passes. (Maybe there is more to do..)

4.12.10. Executing OPT_MUXTREE pass (detect dead branches in mux trees).
Running muxtree optimizer on module \synth_harness..
  Creating internal representation of mux trees.
  Evaluating internal representation of mux trees.
  Analyzing evaluation results.
Removed 0 multiplexer ports.
<suppressed ~11 debug messages>

4.12.11. Executing OPT_REDUCE pass (consolidate $*mux and $reduce_* inputs).
  Optimizing cells in module \synth_harness.
Performed a total of 0 changes.

4.12.12. Executing OPT_MERGE pass (detect identical cells).
Finding identical cells in module `\synth_harness'.
<suppressed ~24 debug messages>
Removed a total of 8 cells.

4.12.13. Executing OPT_DFF pass (perform DFF optimizations).

4.12.14. Executing OPT_CLEAN pass (remove unused cells and wires).
Finding unused cells or wires in module \synth_harness..
Removed 0 unused cells and 8 unused wires.
<suppressed ~1 debug messages>

4.12.15. Executing OPT_EXPR pass (perform const folding).
Optimizing module synth_harness.

4.12.16. Rerunning OPT passes. (Maybe there is more to do..)

4.12.17. Executing OPT_MUXTREE pass (detect dead branches in mux trees).
Running muxtree optimizer on module \synth_harness..
  Creating internal representation of mux trees.
  Evaluating internal representation of mux trees.
  Analyzing evaluation results.
Removed 0 multiplexer ports.
<suppressed ~11 debug messages>

4.12.18. Executing OPT_REDUCE pass (consolidate $*mux and $reduce_* inputs).
  Optimizing cells in module \synth_harness.
Performed a total of 0 changes.

4.12.19. Executing OPT_MERGE pass (detect identical cells).
Finding identical cells in module `\synth_harness'.
Removed a total of 0 cells.

4.12.20. Executing OPT_DFF pass (perform DFF optimizations).

4.12.21. Executing OPT_CLEAN pass (remove unused cells and wires).
Finding unused cells or wires in module \synth_harness..

4.12.22. Executing OPT_EXPR pass (perform const folding).
Optimizing module synth_harness.

4.12.23. Finished OPT passes. (There is nothing left to do.)

4.13. Executing WREDUCE pass (reducing word size of cells).
Removed top 31 bits (of 32) from port B of cell synth_harness.$xor$synth_harness.sv:71$493 ($xor).
Removed top 31 bits (of 32) from port B of cell synth_harness.$xor$synth_harness.sv:71$494 ($xor).
Removed top 24 bits (of 32) from FF cell synth_harness.$procdff$841 ($dff).
Removed top 1 bits (of 2) from port B of cell synth_harness.$auto$opt_dff.cc:195:make_patterns_logic$878 ($ne).
Removed top 1 bits (of 2) from port B of cell synth_harness.$auto$opt_dff.cc:195:make_patterns_logic$865 ($ne).
Removed top 2 bits (of 3) from port B of cell synth_harness.$flatten\u_alu.\u_div.$eq$../../rtl/div_unit.sv:127$501 ($eq).
Removed top 1 bits (of 3) from port B of cell synth_harness.$flatten\u_alu.\u_div.$procmux$639_CMP0 ($eq).
Removed top 31 bits (of 32) from mux cell synth_harness.$flatten\u_alu.\u_div.$procmux$645 ($mux).
Removed top 1 bits (of 3) from port B of cell synth_harness.$flatten\u_alu.\u_div.$procmux$655_CMP0 ($eq).
Removed top 2 bits (of 3) from mux cell synth_harness.$flatten\u_alu.\u_div.$procmux$679 ($mux).
Removed top 4 bits (of 5) from port B of cell synth_harness.$flatten\u_alu.$procmux$772_CMP0 ($eq).
Removed top 3 bits (of 5) from port B of cell synth_harness.$flatten\u_alu.$procmux$771_CMP0 ($eq).
Removed top 3 bits (of 5) from port B of cell synth_harness.$flatten\u_alu.$procmux$770_CMP0 ($eq).
Removed top 2 bits (of 5) from port B of cell synth_harness.$flatten\u_alu.$procmux$769_CMP0 ($eq).
Removed top 2 bits (of 5) from port B of cell synth_harness.$flatten\u_alu.$procmux$768_CMP0 ($eq).
Removed top 2 bits (of 5) from port B of cell synth_harness.$flatten\u_alu.$procmux$767_CMP0 ($eq).
Removed top 2 bits (of 5) from port B of cell synth_harness.$flatten\u_alu.$procmux$766_CMP0 ($eq).
Removed top 1 bits (of 5) from port B of cell synth_harness.$flatten\u_alu.$procmux$765_CMP0 ($eq).
Removed top 1 bits (of 5) from port B of cell synth_harness.$flatten\u_alu.$procmux$764_CMP0 ($eq).
Removed top 1 bits (of 5) from port B of cell synth_harness.$flatten\u_alu.$procmux$763_CMP0 ($eq).
Removed top 1 bits (of 5) from port B of cell synth_harness.$flatten\u_alu.$procmux$762_CMP0 ($eq).
Removed top 1 bits (of 5) from port B of cell synth_harness.$flatten\u_alu.$procmux$761_CMP0 ($eq).
Removed top 1 bits (of 5) from port B of cell synth_harness.$flatten\u_alu.$procmux$760_CMP0 ($eq).
Removed top 32 bits (of 64) from port A of cell synth_harness.$flatten\u_alu.$mul$../../rtl/alu.sv:149$43 ($mul).
Removed top 32 bits (of 64) from port B of cell synth_harness.$flatten\u_alu.$mul$../../rtl/alu.sv:149$43 ($mul).
Removed top 32 bits (of 64) from port A of cell synth_harness.$flatten\u_alu.$mul$../../rtl/alu.sv:145$42 ($mul).
Removed top 31 bits (of 64) from port B of cell synth_harness.$flatten\u_alu.$mul$../../rtl/alu.sv:145$42 ($mul).
Removed top 32 bits (of 64) from port A of cell synth_harness.$flatten\u_alu.$mul$../../rtl/alu.sv:133$40 ($mul).
Removed top 32 bits (of 64) from port B of cell synth_harness.$flatten\u_alu.$mul$../../rtl/alu.sv:133$40 ($mul).
Removed top 31 bits (of 32) from mux cell synth_harness.$flatten\u_alu.$ternary$../../rtl/alu.sv:129$39 ($mux).
Removed top 31 bits (of 32) from mux cell synth_harness.$flatten\u_alu.$ternary$../../rtl/alu.sv:128$37 ($mux).
Removed top 1 bits (of 5) from port B of cell synth_harness.$flatten\u_alu.$eq$../../rtl/alu.sv:70$18 ($eq).
Removed top 1 bits (of 5) from port B of cell synth_harness.$flatten\u_alu.$eq$../../rtl/alu.sv:69$17 ($eq).
Removed top 24 bits (of 32) from port Y of cell synth_harness.$xor$synth_harness.sv:71$494 ($xor).
Removed top 24 bits (of 32) from port A of cell synth_harness.$xor$synth_harness.sv:71$494 ($xor).
Removed top 24 bits (of 32) from port Y of cell synth_harness.$xor$synth_harness.sv:71$493 ($xor).
Removed top 24 bits (of 32) from port A of cell synth_harness.$xor$synth_harness.sv:71$493 ($xor).
Removed top 24 bits (of 32) from wire synth_harness.$0\result_reg[31:0].
Removed top 31 bits (of 32) from wire synth_harness.$flatten\u_alu.$ternary$../../rtl/alu.sv:128$37_Y.
Removed top 31 bits (of 32) from wire synth_harness.$flatten\u_alu.$ternary$../../rtl/alu.sv:129$39_Y.
Removed top 2 bits (of 3) from wire synth_harness.$flatten\u_alu.\u_div.$4\next_state[2:0].
Removed top 24 bits (of 32) from wire synth_harness.$xor$synth_harness.sv:71$493_Y.

4.14. Executing PEEPOPT pass (run peephole optimizers).

4.15. Executing OPT_CLEAN pass (remove unused cells and wires).
Finding unused cells or wires in module \synth_harness..
Removed 0 unused cells and 5 unused wires.
<suppressed ~1 debug messages>

4.16. Executing SHARE pass (SAT-based resource sharing).
Found 6 cells in module synth_harness that may be considered for resource sharing.
  Analyzing resource sharing options for $flatten\u_alu.$sshr$../../rtl/alu.sv:127$35 ($sshr):
    Found 1 activation_patterns using ctrl signal $flatten\u_alu.$procmux$766_CMP.
    No candidates found.
  Analyzing resource sharing options for $flatten\u_alu.$shr$../../rtl/alu.sv:126$34 ($shr):
    Found 1 activation_patterns using ctrl signal $flatten\u_alu.$procmux$767_CMP.
    No candidates found.
  Analyzing resource sharing options for $flatten\u_alu.$shl$../../rtl/alu.sv:125$33 ($shl):
    Found 1 activation_patterns using ctrl signal $flatten\u_alu.$procmux$768_CMP.
    No candidates found.
  Analyzing resource sharing options for $flatten\u_alu.$mul$../../rtl/alu.sv:149$43 ($mul):
    Found 1 activation_patterns using ctrl signal $flatten\u_alu.$procmux$760_CMP.
    Found 2 candidates: $flatten\u_alu.$mul$../../rtl/alu.sv:145$42 $flatten\u_alu.$mul$../../rtl/alu.sv:133$40
    Analyzing resource sharing with $flatten\u_alu.$mul$../../rtl/alu.sv:145$42 ($mul):
      Found 1 activation_patterns using ctrl signal $flatten\u_alu.$procmux$761_CMP.
      Activation pattern for cell $flatten\u_alu.$mul$../../rtl/alu.sv:149$43: $flatten\u_alu.$procmux$760_CMP = 1'1
      Activation pattern for cell $flatten\u_alu.$mul$../../rtl/alu.sv:145$42: $flatten\u_alu.$procmux$761_CMP = 1'1
      Size of SAT problem: 0 cells, 34 variables, 87 clauses
      According to the SAT solver this pair of cells can be shared.
      Activation signal for $flatten\u_alu.$mul$../../rtl/alu.sv:149$43: $auto$share.cc:977:make_cell_activation_logic$913
      New cell: $auto$share.cc:667:make_supercell$920 ($mul)
  Analyzing resource sharing options for $auto$share.cc:667:make_supercell$920 ($mul):
    Found 2 activation_patterns using ctrl signal { $flatten\u_alu.$procmux$760_CMP $flatten\u_alu.$procmux$761_CMP }.
    Found 1 candidates: $flatten\u_alu.$mul$../../rtl/alu.sv:133$40
    Analyzing resource sharing with $flatten\u_alu.$mul$../../rtl/alu.sv:133$40 ($mul):
      Found 2 activation_patterns using ctrl signal { $flatten\u_alu.$procmux$762_CMP $flatten\u_alu.$procmux$763_CMP }.
      Activation pattern for cell $auto$share.cc:667:make_supercell$920: $flatten\u_alu.$procmux$760_CMP = 1'1
      Activation pattern for cell $auto$share.cc:667:make_supercell$920: $flatten\u_alu.$procmux$761_CMP = 1'1
      Activation pattern for cell $flatten\u_alu.$mul$../../rtl/alu.sv:133$40: $flatten\u_alu.$procmux$762_CMP = 1'1
      Activation pattern for cell $flatten\u_alu.$mul$../../rtl/alu.sv:133$40: $flatten\u_alu.$procmux$763_CMP = 1'1
      Size of SAT problem: 0 cells, 56 variables, 155 clauses
      According to the SAT solver this pair of cells can be shared.
      Activation signal for $auto$share.cc:667:make_supercell$920: $auto$share.cc:987:make_cell_activation_logic$926
      New cell: $auto$share.cc:667:make_supercell$933 ($mul)
  Analyzing resource sharing options for $auto$share.cc:667:make_supercell$933 ($mul):
    Found 4 activation_patterns using ctrl signal { $flatten\u_alu.$procmux$760_CMP $flatten\u_alu.$procmux$761_CMP $flatten\u_alu.$procmux$762_CMP $flatten\u_alu.$procmux$763_CMP }.
    No candidates found.
Removing 4 cells in module synth_harness:
  Removing cell $flatten\u_alu.$mul$../../rtl/alu.sv:133$40 ($mul).
  Removing cell $auto$share.cc:667:make_supercell$920 ($mul).
  Removing cell $flatten\u_alu.$mul$../../rtl/alu.sv:145$42 ($mul).
  Removing cell $flatten\u_alu.$mul$../../rtl/alu.sv:149$43 ($mul).

4.17. Executing TECHMAP pass (map to technology primitives).

4.17.1. Executing Verilog-2005 frontend: /usr/bin/../share/yosys/cmp2lut.v
Parsing Verilog input from `/usr/bin/../share/yosys/cmp2lut.v' to AST representation.
Generating RTLIL representation for module `\_90_lut_cmp_'.
Successfully finished Verilog frontend.

4.17.2. Continuing TECHMAP pass.
No more expansions possible.
<suppressed ~114 debug messages>

4.18. Executing OPT_EXPR pass (perform const folding).
Optimizing module synth_harness.
<suppressed ~4 debug messages>

4.19. Executing OPT_CLEAN pass (remove unused cells and wires).
Finding unused cells or wires in module \synth_harness..
Removed 0 unused cells and 7 unused wires.
<suppressed ~5 debug messages>

4.20. Executing ALUMACC pass (create $alu and $macc cells).
Extracting $alu and $macc cells in module synth_harness:
  creating $macc model for $add$synth_harness.sv:41$491 ($add).
  creating $macc model for $auto$share.cc:667:make_supercell$933 ($mul).
  creating $macc model for $flatten\u_alu.$add$../../rtl/alu.sv:120$28 ($add).
  creating $macc model for $flatten\u_alu.$sub$../../rtl/alu.sv:121$29 ($sub).
  creating $macc model for $flatten\u_alu.\u_div.$add$../../rtl/div_unit.sv:128$506 ($add).
  creating $macc model for $flatten\u_alu.\u_div.$add$../../rtl/div_unit.sv:129$509 ($add).
  creating $macc model for $flatten\u_alu.\u_div.$add$../../rtl/div_unit.sv:135$513 ($add).
  creating $macc model for $flatten\u_alu.\u_div.$add$../../rtl/div_unit.sv:198$527 ($add).
  creating $macc model for $flatten\u_alu.\u_div.$add$../../rtl/div_unit.sv:205$528 ($add).
  creating $macc model for $flatten\u_alu.\u_div.$add$../../rtl/div_unit.sv:225$536 ($add).
  creating $macc model for $flatten\u_alu.\u_div.$add$../../rtl/div_unit.sv:231$538 ($add).
  creating $macc model for $flatten\u_alu.\u_div.$sub$../../rtl/div_unit.sv:134$512 ($sub).
  creating $alu model for $macc $flatten\u_alu.\u_div.$sub$../../rtl/div_unit.sv:134$512.
  creating $alu model for $macc $flatten\u_alu.\u_div.$add$../../rtl/div_unit.sv:231$538.
  creating $alu model for $macc $flatten\u_alu.\u_div.$add$../../rtl/div_unit.sv:225$536.
  creating $alu model for $macc $flatten\u_alu.\u_div.$add$../../rtl/div_unit.sv:205$528.
  creating $alu model for $macc $flatten\u_alu.\u_div.$add$../../rtl/div_unit.sv:198$527.
  creating $alu model for $macc $flatten\u_alu.\u_div.$add$../../rtl/div_unit.sv:135$513.
  creating $alu model for $macc $flatten\u_alu.\u_div.$add$../../rtl/div_unit.sv:129$509.
  creating $alu model for $macc $flatten\u_alu.\u_div.$add$../../rtl/div_unit.sv:128$506.
  creating $alu model for $macc $flatten\u_alu.$sub$../../rtl/alu.sv:121$29.
  creating $alu model for $macc $flatten\u_alu.$add$../../rtl/alu.sv:120$28.
  creating $alu model for $macc $add$synth_harness.sv:41$491.
  creating $macc cell for $auto$share.cc:667:make_supercell$933: $auto$alumacc.cc:365:replace_macc$937
  creating $alu model for $flatten\u_alu.$gt$../../rtl/alu.sv:163$46 ($gt): new $alu
  creating $alu model for $flatten\u_alu.$gt$../../rtl/alu.sv:165$50 ($gt): merged with $flatten\u_alu.$sub$../../rtl/alu.sv:121$29.
  creating $alu model for $flatten\u_alu.$lt$../../rtl/alu.sv:128$36 ($lt): merged with $flatten\u_alu.$gt$../../rtl/alu.sv:163$46.
  creating $alu model for $flatten\u_alu.$lt$../../rtl/alu.sv:129$38 ($lt): merged with $flatten\u_alu.$sub$../../rtl/alu.sv:121$29.
  creating $alu cell for $add$synth_harness.sv:41$491: $auto$alumacc.cc:485:replace_alu$939
  creating $alu cell for $flatten\u_alu.$gt$../../rtl/alu.sv:163$46, $flatten\u_alu.$lt$../../rtl/alu.sv:128$36: $auto$alumacc.cc:485:replace_alu$942
  creating $alu cell for $flatten\u_alu.$add$../../rtl/alu.sv:120$28: $auto$alumacc.cc:485:replace_alu$955
  creating $alu cell for $flatten\u_alu.$sub$../../rtl/alu.sv:121$29, $flatten\u_alu.$gt$../../rtl/alu.sv:165$50, $flatten\u_alu.$lt$../../rtl/alu.sv:129$38: $auto$alumacc.cc:485:replace_alu$958
  creating $alu cell for $flatten\u_alu.\u_div.$add$../../rtl/div_unit.sv:128$506: $auto$alumacc.cc:485:replace_alu$969
  creating $alu cell for $flatten\u_alu.\u_div.$add$../../rtl/div_unit.sv:129$509: $auto$alumacc.cc:485:replace_alu$972
  creating $alu cell for $flatten\u_alu.\u_div.$add$../../rtl/div_unit.sv:198$527: $auto$alumacc.cc:485:replace_alu$975
  creating $alu cell for $flatten\u_alu.\u_div.$add$../../rtl/div_unit.sv:205$528: $auto$alumacc.cc:485:replace_alu$978
  creating $alu cell for $flatten\u_alu.\u_div.$add$../../rtl/div_unit.sv:225$536: $auto$alumacc.cc:485:replace_alu$981
  creating $alu cell for $flatten\u_alu.\u_div.$add$../../rtl/div_unit.sv:231$538: $auto$alumacc.cc:485:replace_alu$984
  creating $alu cell for $flatten\u_alu.\u_div.$add$../../rtl/div_unit.sv:135$513: $auto$alumacc.cc:485:replace_alu$987
  creating $alu cell for $flatten\u_alu.\u_div.$sub$../../rtl/div_unit.sv:134$512: $auto$alumacc.cc:485:replace_alu$990
  created 12 $alu and 1 $macc cells.

4.21. Executing OPT pass (performing simple optimizations).

4.21.1. Executing OPT_EXPR pass (perform const folding).
Optimizing module synth_harness.
<suppressed ~4 debug messages>

4.21.2. Executing OPT_MERGE pass (detect identical cells).
Finding identical cells in module `\synth_harness'.
Removed a total of 0 cells.

4.21.3. Executing OPT_MUXTREE pass (detect dead branches in mux trees).
Running muxtree optimizer on module \synth_harness..
  Creating internal representation of mux trees.
  Evaluating internal representation of mux trees.
  Analyzing evaluation results.
Removed 0 multiplexer ports.
<suppressed ~13 debug messages>

4.21.4. Executing OPT_REDUCE pass (consolidate $*mux and $reduce_* inputs).
  Optimizing cells in module \synth_harness.
    New ctrl vector for $pmux cell $flatten\u_alu.$procmux$754: { $flatten\u_alu.$procmux$773_CMP $flatten\u_alu.$procmux$772_CMP $flatten\u_alu.$procmux$771_CMP $flatten\u_alu.$procmux$770_CMP $flatten\u_alu.$procmux$769_CMP $flatten\u_alu.$procmux$768_CMP $flatten\u_alu.$procmux$767_CMP $flatten\u_alu.$procmux$766_CMP $flatten\u_alu.$procmux$765_CMP $flatten\u_alu.$procmux$764_CMP $flatten\u_alu.$procmux$763_CMP $auto$opt_reduce.cc:134:opt_pmux$994 $flatten\u_alu.$procmux$759_CTRL $flatten\u_alu.$procmux$758_CMP $flatten\u_alu.$procmux$757_CMP $flatten\u_alu.$procmux$756_CMP $flatten\u_alu.$procmux$755_CMP }
  Optimizing cells in module \synth_harness.
Performed a total of 1 changes.

4.21.5. Executing OPT_MERGE pass (detect identical cells).
Finding identical cells in module `\synth_harness'.
Removed a total of 0 cells.

4.21.6. Executing OPT_DFF pass (perform DFF optimizations).

4.21.7. Executing OPT_CLEAN pass (remove unused cells and wires).
Finding unused cells or wires in module \synth_harness..
Removed 2 unused cells and 6 unused wires.
<suppressed ~3 debug messages>

4.21.8. Executing OPT_EXPR pass (perform const folding).
Optimizing module synth_harness.

4.21.9. Rerunning OPT passes. (Maybe there is more to do..)

4.21.10. Executing OPT_MUXTREE pass (detect dead branches in mux trees).
Running muxtree optimizer on module \synth_harness..
  Creating internal representation of mux trees.
  Evaluating internal representation of mux trees.
  Analyzing evaluation results.
Removed 0 multiplexer ports.
<suppressed ~13 debug messages>

4.21.11. Executing OPT_REDUCE pass (consolidate $*mux and $reduce_* inputs).
  Optimizing cells in module \synth_harness.
Performed a total of 0 changes.

4.21.12. Executing OPT_MERGE pass (detect identical cells).
Finding identical cells in module `\synth_harness'.
Removed a total of 0 cells.

4.21.13. Executing OPT_DFF pass (perform DFF optimizations).

4.21.14. Executing OPT_CLEAN pass (remove unused cells and wires).
Finding unused cells or wires in module \synth_harness..

4.21.15. Executing OPT_EXPR pass (perform const folding).
Optimizing module synth_harness.

4.21.16. Finished OPT passes. (There is nothing left to do.)

4.22. Executing MEMORY pass.

4.22.1. Executing OPT_MEM pass (optimize memories).
Performed a total of 0 transformations.

4.22.2. Executing OPT_MEM_PRIORITY pass (removing unnecessary memory write priority relations).
Performed a total of 0 transformations.

4.22.3. Executing OPT_MEM_FEEDBACK pass (finding memory read-to-write feedback paths).

4.22.4. Executing MEMORY_BMUX2ROM pass (converting muxes to ROMs).

4.22.5. Executing MEMORY_DFF pass (merging $dff cells to $memrd).

4.22.6. Executing OPT_CLEAN pass (remove unused cells and wires).
Finding unused cells or wires in module \synth_harness..

4.22.7. Executing MEMORY_SHARE pass (consolidating $memrd/$memwr cells).

4.22.8. Executing OPT_MEM_WIDEN pass (optimize memories where all ports are wide).
Performed a total of 0 transformations.

4.22.9. Executing OPT_CLEAN pass (remove unused cells and wires).
Finding unused cells or wires in module \synth_harness..

4.22.10. Executing MEMORY_COLLECT pass (generating $mem cells).

4.23. Executing OPT_CLEAN pass (remove unused cells and wires).
Finding unused cells or wires in module \synth_harness..

4.24. Executing MEMORY_LIBMAP pass (mapping memories to cells).

4.25. Executing TECHMAP pass (map to technology primitives).

4.25.1. Executing Verilog-2005 frontend: /usr/bin/../share/yosys/ice40/brams_map.v
Parsing Verilog input from `/usr/bin/../share/yosys/ice40/brams_map.v' to AST representation.
Generating RTLIL representation for module `\$__ICE40_RAM4K_'.
Successfully finished Verilog frontend.

4.25.2. Executing Verilog-2005 frontend: /usr/bin/../share/yosys/ice40/spram_map.v
Parsing Verilog input from `/usr/bin/../share/yosys/ice40/spram_map.v' to AST representation.
Generating RTLIL representation for module `\$__ICE40_SPRAM_'.
Successfully finished Verilog frontend.

4.25.3. Continuing TECHMAP pass.
No more expansions possible.
<suppressed ~4 debug messages>

4.26. Executing ICE40_BRAMINIT pass.

4.27. Executing OPT pass (performing simple optimizations).

4.27.1. Executing OPT_EXPR pass (perform const folding).
Optimizing module synth_harness.
<suppressed ~47 debug messages>

4.27.2. Executing OPT_MERGE pass (detect identical cells).
Finding identical cells in module `\synth_harness'.
Removed a total of 0 cells.

4.27.3. Executing OPT_DFF pass (perform DFF optimizations).
Adding EN signal on $auto$ff.cc:266:slice$888 ($adffe) from module synth_harness (D = $flatten\u_alu.\u_div.$0\P[63:0] [31:0], Q = \u_alu.u_div.P [31:0]).

4.27.4. Executing OPT_CLEAN pass (remove unused cells and wires).
Finding unused cells or wires in module \synth_harness..
Removed 31 unused cells and 44 unused wires.
<suppressed ~32 debug messages>

4.27.5. Rerunning OPT passes. (Removed registers in this run.)

4.27.6. Executing OPT_EXPR pass (perform const folding).
Optimizing module synth_harness.

4.27.7. Executing OPT_MERGE pass (detect identical cells).
Finding identical cells in module `\synth_harness'.
Removed a total of 0 cells.

4.27.8. Executing OPT_DFF pass (perform DFF optimizations).

4.27.9. Executing OPT_CLEAN pass (remove unused cells and wires).
Finding unused cells or wires in module \synth_harness..

4.27.10. Finished fast OPT passes.

4.28. Executing MEMORY_MAP pass (converting memories to logic and flip-flops).

4.29. Executing OPT pass (performing simple optimizations).

4.29.1. Executing OPT_EXPR pass (perform const folding).
Optimizing module synth_harness.

4.29.2. Executing OPT_MERGE pass (detect identical cells).
Finding identical cells in module `\synth_harness'.
Removed a total of 0 cells.

4.29.3. Executing OPT_MUXTREE pass (detect dead branches in mux trees).
Running muxtree optimizer on module \synth_harness..
  Creating internal representation of mux trees.
  Evaluating internal representation of mux trees.
  Analyzing evaluation results.
Removed 0 multiplexer ports.
<suppressed ~11 debug messages>

4.29.4. Executing OPT_REDUCE pass (consolidate $*mux and $reduce_* inputs).
  Optimizing cells in module \synth_harness.
    New input vector for $reduce_and cell $auto$opt_dff.cc:220:make_patterns_logic$1089: { $auto$opt_dff.cc:194:make_patterns_logic$1086 $auto$opt_dff.cc:194:make_patterns_logic$891 $auto$opt_dff.cc:194:make_patterns_logic$889 $auto$opt_dff.cc:194:make_patterns_logic$877 }
    Consolidated identical input bits for $mux cell $auto$share.cc:660:make_supercell$917:
      Old ports: A={ \stim_reg[0] [31] \stim_reg[0] }, B={ 1'0 \stim_reg[0] }, Y=$auto$share.cc:657:make_supercell$915
      New ports: A=\stim_reg[0] [31], B=1'0, Y=$auto$share.cc:657:make_supercell$915 [32]
      New connections: $auto$share.cc:657:make_supercell$915 [31:0] = \stim_reg[0]
    Consolidated identical input bits for $mux cell $auto$share.cc:661:make_supercell$931:
      Old ports: A={ \stim_reg[1] [31] \stim_reg[1] }, B={ 1'0 \stim_reg[1] }, Y=$auto$share.cc:658:make_supercell$929
      New ports: A=\stim_reg[1] [31], B=1'0, Y=$auto$share.cc:658:make_supercell$929 [32]
      New connections: $auto$share.cc:658:make_supercell$929 [31:0] = \stim_reg[1]
    Consolidated identical input bits for $mux cell $flatten\u_alu.\u_div.$procmux$557:
      Old ports: A=32'10000000000000000000000000000000, B=0, Y=$flatten\u_alu.\u_div.$5\result[31:0]
      New ports: A=1'1, B=1'0, Y=$flatten\u_alu.\u_div.$5\result[31:0] [31]
      New connections: $flatten\u_alu.\u_div.$5\result[31:0] [30:0] = 31'0000000000000000000000000000000
    Consolidated identical input bits for $mux cell $flatten\u_alu.\u_div.$procmux$652:
      Old ports: A=64'0xxxxxxxxxxxxxxxxxxxxxxxxxxxxxxxxxxxxxxxxxxxxxxxxxxxxxxxxxxxxxxx, B={ $flatten\u_alu.\u_div.$add$../../rtl/div_unit.sv:205$528_Y [63:32] 32'x }, Y=$flatten\u_alu.\u_div.$procmux$652_Y
      New ports: A=32'0xxxxxxxxxxxxxxxxxxxxxxxxxxxxxxx, B=$flatten\u_alu.\u_div.$add$../../rtl/div_unit.sv:205$528_Y [63:32], Y=$flatten\u_alu.\u_div.$procmux$652_Y [63:32]
      New connections: $flatten\u_alu.\u_div.$procmux$652_Y [31:0] = 32'x
    Consolidated identical input bits for $mux cell $flatten\u_alu.\u_div.$procmux$657:
      Old ports: A={ \u_alu.u_div.P_sub [63:32] \u_alu.u_div.P [30:0] 1'0 }, B={ \u_alu.u_div.P_add [63:32] \u_alu.u_div.P [30:0] 1'0 }, Y=$flatten\u_alu.\u_div.$procmux$657_Y
      New ports: A=\u_alu.u_div.P_sub [63:32], B=\u_alu.u_div.P_add [63:32], Y=$flatten\u_alu.\u_div.$procmux$657_Y [63:32]
      New connections: $flatten\u_alu.\u_div.$procmux$657_Y [31:0] = { \u_alu.u_div.P [30:0] 1'0 }
    Consolidated identical input bits for $mux cell $flatten\u_alu.\u_div.$procmux$688:
      Old ports: A=3'010, B=3'100, Y=$flatten\u_alu.\u_div.$3\next_state[2:0]
      New ports: A=2'01, B=2'10, Y=$flatten\u_alu.\u_div.$3\next_state[2:0] [2:1]
      New connections: $flatten\u_alu.\u_div.$3\next_state[2:0] [0] = 1'0
  Optimizing cells in module \synth_harness.
    Consolidated identical input bits for $mux cell $auto$share.cc:660:make_supercell$930:
      Old ports: A={ \stim_reg[0] [31] \stim_reg[0] }, B=$auto$share.cc:657:make_supercell$915, Y=$auto$share.cc:657:make_supercell$928
      New ports: A=\stim_reg[0] [31], B=$auto$share.cc:657:make_supercell$915 [32], Y=$auto$share.cc:657:make_supercell$928 [32]
      New connections: $auto$share.cc:657:make_supercell$928 [31:0] = \stim_reg[0]
  Optimizing cells in module \synth_harness.
Performed a total of 8 changes.

4.29.5. Executing OPT_MERGE pass (detect identical cells).
Finding identical cells in module `\synth_harness'.
Removed a total of 0 cells.

4.29.6. Executing OPT_DFF pass (perform DFF optimizations).

4.29.7. Executing OPT_CLEAN pass (remove unused cells and wires).
Finding unused cells or wires in module \synth_harness..

4.29.8. Executing OPT_EXPR pass (perform const folding).
Optimizing module synth_harness.

4.29.9. Rerunning OPT passes. (Maybe there is more to do..)

4.29.10. Executing OPT_MUXTREE pass (detect dead branches in mux trees).
Running muxtree optimizer on module \synth_harness..
  Creating internal representation of mux trees.
  Evaluating internal representation of mux trees.
  Analyzing evaluation results.
Removed 0 multiplexer ports.
<suppressed ~11 debug messages>

4.29.11. Executing OPT_REDUCE pass (consolidate $*mux and $reduce_* inputs).
  Optimizing cells in module \synth_harness.
Performed a total of 0 changes.

4.29.12. Executing OPT_MERGE pass (detect identical cells).
Finding identical cells in module `\synth_harness'.
Removed a total of 0 cells.

4.29.13. Executing OPT_DFF pass (perform DFF optimizations).

4.29.14. Executing OPT_CLEAN pass (remove unused cells and wires).
Finding unused cells or wires in module \synth_harness..

4.29.15. Executing OPT_EXPR pass (perform const folding).
Optimizing module synth_harness.

4.29.16. Finished OPT passes. (There is nothing left to do.)

4.30. Executing ICE40_WRAPCARRY pass (wrap carries).

4.31. Executing TECHMAP pass (map to technology primitives).

4.31.1. Executing Verilog-2005 frontend: /usr/bin/../share/yosys/techmap.v
Parsing Verilog input from `/usr/bin/../share/yosys/techmap.v' to AST representation.
Generating RTLIL representation for module `\_90_simplemap_bool_ops'.
Generating RTLIL representation for module `\_90_simplemap_reduce_ops'.
Generating RTLIL representation for module `\_90_simplemap_logic_ops'.
Generating RTLIL representation for module `\_90_simplemap_compare_ops'.
Generating RTLIL representation for module `\_90_simplemap_various'.
Generating RTLIL representation for module `\_90_simplemap_registers'.
Generating RTLIL representation for module `\_90_shift_ops_shr_shl_sshl_sshr'.
Generating RTLIL representation for module `\_90_shift_shiftx'.
Generating RTLIL representation for module `\_90_fa'.
Generating RTLIL representation for module `\_90_lcu'.
Generating RTLIL representation for module `\_90_alu'.
Generating RTLIL representation for module `\_90_macc'.
Generating RTLIL representation for module `\_90_alumacc'.
Generating RTLIL representation for module `\$__div_mod_u'.
Generating RTLIL representation for module `\$__div_mod_trunc'.
Generating RTLIL representation for module `\_90_div'.
Generating RTLIL representation for module `\_90_mod'.
Generating RTLIL representation for module `\$__div_mod_floor'.
Generating RTLIL representation for module `\_90_divfloor'.
Generating RTLIL representation for module `\_90_modfloor'.
Generating RTLIL representation for module `\_90_pow'.
Generating RTLIL representation for module `\_90_pmux'.
Generating RTLIL representation for module `\_90_demux'.
Generating RTLIL representation for module `\_90_lut'.
Successfully finished Verilog frontend.

4.31.2. Executing Verilog-2005 frontend: /usr/bin/../share/yosys/ice40/arith_map.v
Parsing Verilog input from `/usr/bin/../share/yosys/ice40/arith_map.v' to AST representation.
Generating RTLIL representation for module `\_80_ice40_alu'.
Successfully finished Verilog frontend.

4.31.3. Continuing TECHMAP pass.
Using template $paramod$2653f68ddb8eab7b1907b4a20767b72a824a7a36\_80_ice40_alu for cells of type $alu.
Using extmapper simplemap for cells of type $adffe.
Using extmapper simplemap for cells of type $not.
Using extmapper simplemap for cells of type $dff.
Using extmapper simplemap for cells of type $adff.
Using extmapper simplemap for cells of type $mux.
Using extmapper maccmap for cells of type $macc.
  add { $auto$share.cc:657:make_supercell$928 [32] \stim_reg[0] } * { $auto$share.cc:658:make_supercell$929 [32] \stim_reg[1] } (33x33 bits, signed)
Using extmapper simplemap for cells of type $reduce_bool.
Using extmapper simplemap for cells of type $ne.
Using extmapper simplemap for cells of type $reduce_and.
Using extmapper simplemap for cells of type $or.
Using extmapper simplemap for cells of type $reduce_or.
Using extmapper simplemap for cells of type $xor.
Using template $paramod$672a140277c71df8314410f22acc08d55222c3c7\_80_ice40_alu for cells of type $alu.
Using extmapper simplemap for cells of type $logic_or.
Using extmapper simplemap for cells of type $eq.
Using extmapper simplemap for cells of type $logic_and.
Using template $paramod$6a42b6fefed750f8a1c58eab59479d960557103c\_80_ice40_alu for cells of type $alu.
Using template $paramod$fbc7873bff55778c0b3173955b7e4bce1d9d6834\_80_ice40_alu for cells of type $alu.
Using extmapper simplemap for cells of type $logic_not.
Using template $paramod$54a4503cc57b9df40b70c1899504d6aac2650719\_90_pmux for cells of type $pmux.
Using template $paramod$d31bf4d7d72e59528d18fbd4f322e9d608532043\_90_pmux for cells of type $pmux.
Using template $paramod$constmap:4621fcf06a436d1e2a4080e2ed9866a7d07a6e07$paramod$e765c459d3029c22a22a27989e94858fd9ebfa9c\_90_shift_ops_shr_shl_sshl_sshr for cells of type $sshr.
Using template $paramod$constmap:4621fcf06a436d1e2a4080e2ed9866a7d07a6e07$paramod$feecc7a0dbd012970970f2858f15e786e251f677\_90_shift_ops_shr_shl_sshl_sshr for cells of type $shr.
Using template $paramod$constmap:4621fcf06a436d1e2a4080e2ed9866a7d07a6e07$paramod$335cfd09f1afa8139c4aafcbbe5f361887b79c5e\_90_shift_ops_shr_shl_sshl_sshr for cells of type $shl.
Using template $paramod$85ce492806bd9739432e559895e03e8bfc92432f\_90_pmux for cells of type $pmux.
Using extmapper simplemap for cells of type $and.
Using template $paramod\_90_fa\WIDTH=32'00000000000000000000000001000000 for cells of type $fa.
Using template $paramod\_90_fa\WIDTH=32'00000000000000000000000000111111 for cells of type $fa.
Using extmapper simplemap for cells of type $pos.
Using template $paramod$039520c137afc9cd69dd56c3fb11a4e1fbe5f664\_80_ice40_alu for cells of type $alu.
No more expansions possible.
<suppressed ~2019 debug messages>

4.32. Executing OPT pass (performing simple optimizations).

4.32.1. Executing OPT_EXPR pass (perform const folding).
Optimizing module synth_harness.
<suppressed ~4452 debug messages>

4.32.2. Executing OPT_MERGE pass (detect identical cells).
Finding identical cells in module `\synth_harness'.
<suppressed ~7686 debug messages>
Removed a total of 2562 cells.

4.32.3. Executing OPT_DFF pass (perform DFF optimizations).

4.32.4. Executing OPT_CLEAN pass (remove unused cells and wires).
Finding unused cells or wires in module \synth_harness..
Removed 248 unused cells and 1120 unused wires.
<suppressed ~249 debug messages>

4.32.5. Finished fast OPT passes.

4.33. Executing ICE40_OPT pass (performing simple optimizations).

4.33.1. Running ICE40 specific optimizations.
Optimized $__ICE40_CARRY_WRAPPER cell back to logic (without SB_CARRY) synth_harness.$auto$alumacc.cc:485:replace_alu$939.slice[0].carry: CO=\stim_sel [0]
Optimized $__ICE40_CARRY_WRAPPER cell back to logic (without SB_CARRY) synth_harness.$auto$alumacc.cc:485:replace_alu$969.slice[0].carry: CO=$auto$alumacc.cc:485:replace_alu$969.B [0]
Optimized $__ICE40_CARRY_WRAPPER cell back to logic (without SB_CARRY) synth_harness.$auto$alumacc.cc:485:replace_alu$972.slice[0].carry: CO=$auto$alumacc.cc:485:replace_alu$942.BB [0]
Optimized $__ICE40_CARRY_WRAPPER cell back to logic (without SB_CARRY) synth_harness.$auto$alumacc.cc:485:replace_alu$975.slice[0].carry: CO=\u_alu.u_div.iter_count [0]
Optimized $__ICE40_CARRY_WRAPPER cell back to logic (without SB_CARRY) synth_harness.$auto$alumacc.cc:485:replace_alu$981.slice[0].carry: CO=$auto$alumacc.cc:485:replace_alu$981.B [0]
Optimized $__ICE40_CARRY_WRAPPER cell back to logic (without SB_CARRY) synth_harness.$auto$alumacc.cc:485:replace_alu$984.slice[0].carry: CO=$auto$alumacc.cc:485:replace_alu$984.B [0]
Optimized $__ICE40_CARRY_WRAPPER cell back to logic (without SB_CARRY) synth_harness.$auto$maccmap.cc:240:synth$1656.slice[0].carry: CO=1'0

4.33.2. Executing OPT_EXPR pass (perform const folding).
Optimizing module synth_harness.
<suppressed ~31 debug messages>

4.33.3. Executing OPT_MERGE pass (detect identical cells).
Finding identical cells in module `\synth_harness'.
Removed a total of 0 cells.

4.33.4. Executing OPT_DFF pass (perform DFF optimizations).

4.33.5. Executing OPT_CLEAN pass (remove unused cells and wires).
Finding unused cells or wires in module \synth_harness..

4.33.6. Rerunning OPT passes. (Removed registers in this run.)

4.33.7. Running ICE40 specific optimizations.
Optimized $__ICE40_CARRY_WRAPPER cell back to logic (without SB_CARRY) synth_harness.$auto$maccmap.cc:240:synth$1656.slice[1].carry: CO=1'0

4.33.8. Executing OPT_EXPR pass (perform const folding).
Optimizing module synth_harness.

4.33.9. Executing OPT_MERGE pass (detect identical cells).
Finding identical cells in module `\synth_harness'.
Removed a total of 0 cells.

4.33.10. Executing OPT_DFF pass (perform DFF optimizations).

4.33.11. Executing OPT_CLEAN pass (remove unused cells and wires).
Finding unused cells or wires in module \synth_harness..

4.33.12. Rerunning OPT passes. (Removed registers in this run.)

4.33.13. Running ICE40 specific optimizations.
Optimized $__ICE40_CARRY_WRAPPER cell back to logic (without SB_CARRY) synth_harness.$auto$maccmap.cc:240:synth$1656.slice[2].carry: CO=1'0

4.33.14. Executing OPT_EXPR pass (perform const folding).
Optimizing module synth_harness.

4.33.15. Executing OPT_MERGE pass (detect identical cells).
Finding identical cells in module `\synth_harness'.
Removed a total of 0 cells.

4.33.16. Executing OPT_DFF pass (perform DFF optimizations).

4.33.17. Executing OPT_CLEAN pass (remove unused cells and wires).
Finding unused cells or wires in module \synth_harness..

4.33.18. Rerunning OPT passes. (Removed registers in this run.)

4.33.19. Running ICE40 specific optimizations.
Optimized $__ICE40_CARRY_WRAPPER cell back to logic (without SB_CARRY) synth_harness.$auto$maccmap.cc:240:synth$1656.slice[3].carry: CO=1'0

4.33.20. Executing OPT_EXPR pass (perform const folding).
Optimizing module synth_harness.

4.33.21. Executing OPT_MERGE pass (detect identical cells).
Finding identical cells in module `\synth_harness'.
Removed a total of 0 cells.

4.33.22. Executing OPT_DFF pass (perform DFF optimizations).

4.33.23. Executing OPT_CLEAN pass (remove unused cells and wires).
Finding unused cells or wires in module \synth_harness..

4.33.24. Rerunning OPT passes. (Removed registers in this run.)

4.33.25. Running ICE40 specific optimizations.
Optimized $__ICE40_CARRY_WRAPPER cell back to logic (without SB_CARRY) synth_harness.$auto$maccmap.cc:240:synth$1656.slice[4].carry: CO=1'0

4.33.26. Executing OPT_EXPR pass (perform const folding).
Optimizing module synth_harness.

4.33.27. Executing OPT_MERGE pass (detect identical cells).
Finding identical cells in module `\synth_harness'.
Removed a total of 0 cells.

4.33.28. Executing OPT_DFF pass (perform DFF optimizations).

4.33.29. Executing OPT_CLEAN pass (remove unused cells and wires).
Finding unused cells or wires in module \synth_harness..

4.33.30. Rerunning OPT passes. (Removed registers in this run.)

4.33.31. Running ICE40 specific optimizations.

4.33.32. Executing OPT_EXPR pass (perform const folding).
Optimizing module synth_harness.

4.33.33. Executing OPT_MERGE pass (detect identical cells).
Finding identical cells in module `\synth_harness'.
Removed a total of 0 cells.

4.33.34. Executing OPT_DFF pass (perform DFF optimizations).

4.33.35. Executing OPT_CLEAN pass (remove unused cells and wires).
Finding unused cells or wires in module \synth_harness..

4.33.36. Finished OPT passes. (There is nothing left to do.)

4.34. Executing DFFLEGALIZE pass (convert FFs to types supported by the target).

4.35. Executing TECHMAP pass (map to technology primitives).

4.35.1. Executing Verilog-2005 frontend: /usr/bin/../share/yosys/ice40/ff_map.v
Parsing Verilog input from `/usr/bin/../share/yosys/ice40/ff_map.v' to AST representation.
Generating RTLIL representation for module `\$_DFF_N_'.
Generating RTLIL representation for module `\$_DFF_P_'.
Generating RTLIL representation for module `\$_DFFE_NP_'.
Generating RTLIL representation for module `\$_DFFE_PP_'.
Generating RTLIL representation for module `\$_DFF_NP0_'.
Generating RTLIL representation for module `\$_DFF_NP1_'.
Generating RTLIL representation for module `\$_DFF_PP0_'.
Generating RTLIL representation for module `\$_DFF_PP1_'.
Generating RTLIL representation for module `\$_DFFE_NP0P_'.
Generating RTLIL representation for module `\$_DFFE_NP1P_'.
Generating RTLIL representation for module `\$_DFFE_PP0P_'.
Generating RTLIL representation for module `\$_DFFE_PP1P_'.
Generating RTLIL representation for module `\$_SDFF_NP0_'.
Generating RTLIL representation for module `\$_SDFF_NP1_'.
Generating RTLIL representation for module `\$_SDFF_PP0_'.
Generating RTLIL representation for module `\$_SDFF_PP1_'.
Generating RTLIL representation for module `\$_SDFFCE_NP0P_'.
Generating RTLIL representation for module `\$_SDFFCE_NP1P_'.
Generating RTLIL representation for module `\$_SDFFCE_PP0P_'.
Generating RTLIL representation for module `\$_SDFFCE_PP1P_'.
Successfully finished Verilog frontend.

4.35.2. Continuing TECHMAP pass.
Using template \$_DFF_PP0_ for cells of type $_DFF_PP0_.
Using template \$_DFFE_PP0P_ for cells of type $_DFFE_PP0P_.
Using template \$_DFF_P_ for cells of type $_DFF_P_.
No more expansions possible.
<suppressed ~433 debug messages>

4.36. Executing OPT_EXPR pass (perform const folding).
Optimizing module synth_harness.

4.37. Executing SIMPLEMAP pass (map simple cells to gate primitives).
Mapping synth_harness.$auto$alumacc.cc:485:replace_alu$939.slice[0].carry ($lut).
Mapping synth_harness.$auto$alumacc.cc:485:replace_alu$969.slice[0].carry ($lut).
Mapping synth_harness.$auto$alumacc.cc:485:replace_alu$972.slice[0].carry ($lut).
Mapping synth_harness.$auto$alumacc.cc:485:replace_alu$975.slice[0].carry ($lut).
Mapping synth_harness.$auto$alumacc.cc:485:replace_alu$981.slice[0].carry ($lut).
Mapping synth_harness.$auto$alumacc.cc:485:replace_alu$984.slice[0].carry ($lut).
Mapping synth_harness.$auto$maccmap.cc:240:synth$1656.slice[0].carry ($lut).
Mapping synth_harness.$auto$maccmap.cc:240:synth$1656.slice[1].carry ($lut).
Mapping synth_harness.$auto$maccmap.cc:240:synth$1656.slice[2].carry ($lut).
Mapping synth_harness.$auto$maccmap.cc:240:synth$1656.slice[3].carry ($lut).
Mapping synth_harness.$auto$maccmap.cc:240:synth$1656.slice[4].carry ($lut).

4.38. Executing ICE40_OPT pass (performing simple optimizations).

4.38.1. Running ICE40 specific optimizations.

4.38.2. Executing OPT_EXPR pass (perform const folding).
Optimizing module synth_harness.
<suppressed ~238 debug messages>

4.38.3. Executing OPT_MERGE pass (detect identical cells).
Finding identical cells in module `\synth_harness'.
<suppressed ~1239 debug messages>
Removed a total of 413 cells.

4.38.4. Executing OPT_DFF pass (perform DFF optimizations).

4.38.5. Executing OPT_CLEAN pass (remove unused cells and wires).
Finding unused cells or wires in module \synth_harness..
Removed 5 unused cells and 2631 unused wires.
<suppressed ~6 debug messages>

4.38.6. Rerunning OPT passes. (Removed registers in this run.)

4.38.7. Running ICE40 specific optimizations.

4.38.8. Executing OPT_EXPR pass (perform const folding).
Optimizing module synth_harness.

4.38.9. Executing OPT_MERGE pass (detect identical cells).
Finding identical cells in module `\synth_harness'.
Removed a total of 0 cells.

4.38.10. Executing OPT_DFF pass (perform DFF optimizations).

4.38.11. Executing OPT_CLEAN pass (remove unused cells and wires).
Finding unused cells or wires in module \synth_harness..

4.38.12. Finished OPT passes. (There is nothing left to do.)

4.39. Executing TECHMAP pass (map to technology primitives).

4.39.1. Executing Verilog-2005 frontend: /usr/bin/../share/yosys/ice40/latches_map.v
Parsing Verilog input from `/usr/bin/../share/yosys/ice40/latches_map.v' to AST representation.
Generating RTLIL representation for module `\$_DLATCH_N_'.
Generating RTLIL representation for module `\$_DLATCH_P_'.
Successfully finished Verilog frontend.

4.39.2. Continuing TECHMAP pass.
No more expansions possible.
<suppressed ~4 debug messages>

4.40. Executing ABC pass (technology mapping using ABC).

4.40.1. Extracting gate netlist of module `\synth_harness' to `<abc-temp-dir>/input.blif'..
Extracted 9779 gates and 10354 wires to a netlist network with 573 inputs and 447 outputs.

4.40.1.1. Executing ABC.
Running ABC command: "<yosys-exe-dir>/yosys-abc" -s -f <abc-temp-dir>/abc.script 2>&1
ABC: ABC command line: "source <abc-temp-dir>/abc.script".
ABC: 
ABC: + read_blif <abc-temp-dir>/input.blif 
ABC: + read_lut <abc-temp-dir>/lutdefs.txt 
ABC: + strash 
ABC: + &get -n 
ABC: + &fraig -x 
ABC: + &put 
ABC: + scorr 
ABC: Warning: The network is combinational (run "fraig" or "fraig_sweep").
ABC: + dc2 
ABC: + dretime 
ABC: + strash 
ABC: + dch -f 
ABC: + if 
ABC: + mfs2 
ABC: + lutpack -S 1 
ABC: + dress <abc-temp-dir>/input.blif 
ABC: Total number of equiv classes                =    3866.
ABC: Participating nodes from both networks       =    7831.
ABC: Participating nodes from the first network   =    3866. (  87.76 % of nodes)
ABC: Participating nodes from the second network  =    3965. (  90.01 % of nodes)
ABC: Node pairs (any polarity)                    =    3866. (  87.76 % of names can be moved)
ABC: Node pairs (same polarity)                   =    2620. (  59.48 % of names can be moved)
ABC: Total runtime =     0.20 sec
ABC: + write_blif <abc-temp-dir>/output.blif 

4.40.1.2. Re-integrating ABC results.
ABC RESULTS:              $lut cells:     4404
ABC RESULTS:        internal signals:     9334
ABC RESULTS:           input signals:      573
ABC RESULTS:          output signals:      447
Removing temp directory.

4.41. Executing ICE40_WRAPCARRY pass (wrap carries).

4.42. Executing TECHMAP pass (map to technology primitives).

4.42.1. Executing Verilog-2005 frontend: /usr/bin/../share/yosys/ice40/ff_map.v
Parsing Verilog input from `/usr/bin/../share/yosys/ice40/ff_map.v' to AST representation.
Generating RTLIL representation for module `\$_DFF_N_'.
Generating RTLIL representation for module `\$_DFF_P_'.
Generating RTLIL representation for module `\$_DFFE_NP_'.
Generating RTLIL representation for module `\$_DFFE_PP_'.
Generating RTLIL representation for module `\$_DFF_NP0_'.
Generating RTLIL representation for module `\$_DFF_NP1_'.
Generating RTLIL representation for module `\$_DFF_PP0_'.
Generating RTLIL representation for module `\$_DFF_PP1_'.
Generating RTLIL representation for module `\$_DFFE_NP0P_'.
Generating RTLIL representation for module `\$_DFFE_NP1P_'.
Generating RTLIL representation for module `\$_DFFE_PP0P_'.
Generating RTLIL representation for module `\$_DFFE_PP1P_'.
Generating RTLIL representation for module `\$_SDFF_NP0_'.
Generating RTLIL representation for module `\$_SDFF_NP1_'.
Generating RTLIL representation for module `\$_SDFF_PP0_'.
Generating RTLIL representation for module `\$_SDFF_PP1_'.
Generating RTLIL representation for module `\$_SDFFCE_NP0P_'.
Generating RTLIL representation for module `\$_SDFFCE_NP1P_'.
Generating RTLIL representation for module `\$_SDFFCE_PP0P_'.
Generating RTLIL representation for module `\$_SDFFCE_PP1P_'.
Successfully finished Verilog frontend.

4.42.2. Continuing TECHMAP pass.
No more expansions possible.
<suppressed ~22 debug messages>
Removed 42 unused cells and 1499 unused wires.

4.43. Executing OPT_LUT pass (optimize LUTs).
Discovering LUTs.
Number of LUTs:     4755
  1-LUT              175
  2-LUT              517
  3-LUT             2281
  4-LUT             1782
  with \SB_CARRY    (#0)  342
  with \SB_CARRY    (#1)  342

Eliminating LUTs.
Number of LUTs:     4755
  1-LUT              175
  2-LUT              517
  3-LUT             2281
  4-LUT             1782
  with \SB_CARRY    (#0)  342
  with \SB_CARRY    (#1)  342

Combining LUTs.
Number of LUTs:     4738
  1-LUT              171
  2-LUT              504
  3-LUT             2270
  4-LUT             1793
  with \SB_CARRY    (#0)  342
  with \SB_CARRY    (#1)  342

Eliminated 0 LUTs.
Combined 17 LUTs.
<suppressed ~24140 debug messages>

4.44. Executing TECHMAP pass (map to technology primitives).

4.44.1. Executing Verilog-2005 frontend: /usr/bin/../share/yosys/ice40/cells_map.v
Parsing Verilog input from `/usr/bin/../share/yosys/ice40/cells_map.v' to AST representation.
Generating RTLIL representation for module `\$lut'.
Successfully finished Verilog frontend.

4.44.2. Continuing TECHMAP pass.
Using template $paramod\$lut\WIDTH=32'00000000000000000000000000000010\LUT=4'1000 for cells of type $lut.
Using template $paramod\$lut\WIDTH=32'00000000000000000000000000000011\LUT=8'01111000 for cells of type $lut.
Using template $paramod$deba17538f4cd4af4a7f03bc51507e8ef8b1d7d8\$lut for cells of type $lut.
Using template $paramod$571404c0889eaf57f492cb5e37f8acb5df5852f9\$lut for cells of type $lut.
Using template $paramod$82b4a585d1edcb5c6e755dc9bd3392228a1c1304\$lut for cells of type $lut.
Using template $paramod$4282def8dbd6df3d1248ad282c629bee684502c2\$lut for cells of type $lut.
Using template $paramod\$lut\WIDTH=32'00000000000000000000000000000011\LUT=8'01101001 for cells of type $lut.
Using template $paramod$cb92beff9eab733e7181d891fbc8c3950b9abc0a\$lut for cells of type $lut.
Using template $paramod$e5cb8e913f4daae476fde2b364998f21967f1f08\$lut for cells of type $lut.
Using template $paramod$78e1751931755f088c8bc676bcbc3bb642c26bfc\$lut for cells of type $lut.
Using template $paramod\$lut\WIDTH=32'00000000000000000000000000000011\LUT=8'10110010 for cells of type $lut.
Using template $paramod$89ce1067ddd7d1b862c35a14cf05e043d151c807\$lut for cells of type $lut.
Using template $paramod\$lut\WIDTH=32'00000000000000000000000000000011\LUT=8'10010110 for cells of type $lut.
Using template $paramod\$lut\WIDTH=32'00000000000000000000000000000010\LUT=4'0110 for cells of type $lut.
Using template $paramod\$lut\WIDTH=32'00000000000000000000000000000011\LUT=8'10000111 for cells of type $lut.
Using template $paramod\$lut\WIDTH=32'00000000000000000000000000000011\LUT=8'10000000 for cells of type $lut.
Using template $paramod\$lut\WIDTH=32'00000000000000000000000000000011\LUT=8'00101011 for cells of type $lut.
Using template $paramod\$lut\WIDTH=32'00000000000000000000000000000011\LUT=8'00010111 for cells of type $lut.
Using template $paramod$7d3cbfc289ec00e0691f33de08826f2254fca668\$lut for cells of type $lut.
Using template $paramod\$lut\WIDTH=32'00000000000000000000000000000010\LUT=4'0100 for cells of type $lut.
Using template $paramod\$lut\WIDTH=32'00000000000000000000000000000011\LUT=8'10010000 for cells of type $lut.
Using template $paramod$4adb41216162ad4c68ce9ea5c48385c753262ac3\$lut for cells of type $lut.
Using template $paramod\$lut\WIDTH=32'00000000000000000000000000000011\LUT=8'01110001 for cells of type $lut.
Using template $paramod$32f5ea57a02a66d26d4a2e3cd7f26ba05fa8bd58\$lut for cells of type $lut.
Using template $paramod\$lut\WIDTH=32'00000000000000000000000000000011\LUT=8'01100000 for cells of type $lut.
Using template $paramod$50b99034fbf984a51c265442496081454147f31e\$lut for cells of type $lut.
Using template $paramod$85b779ce5ab505dbf25e5e046fb43ca2b76b878b\$lut for cells of type $lut.
Using template $paramod$ecf9cac817e9cbb222dc9e58a122faf05f34c860\$lut for cells of type $lut.
Using template $paramod$fd904e9e35cfd343a9df248824bd3f1408724879\$lut for cells of type $lut.
Using template $paramod$69f20e0703606f2ffd2ee27cd26f815bd5eeb6e9\$lut for cells of type $lut.
Using template $paramod$c1ecd13b5e2feb77a725850b71cc8207f7841c40\$lut for cells of type $lut.
Using template $paramod\$lut\WIDTH=32'00000000000000000000000000000011\LUT=8'01000000 for cells of type $lut.
Using template $paramod\$lut\WIDTH=32'00000000000000000000000000000010\LUT=4'1001 for cells of type $lut.
Using template $paramod$014b659db5d002405936b374e32d204782099707\$lut for cells of type $lut.
Using template $paramod\$lut\WIDTH=32'00000000000000000000000000000011\LUT=8'11101000 for cells of type $lut.
Using template $paramod\$lut\WIDTH=32'00000000000000000000000000000011\LUT=8'01010011 for cells of type $lut.
Using template $paramod\$lut\WIDTH=32'00000000000000000000000000000011\LUT=8'10101100 for cells of type $lut.
Using template $paramod$2d07c1a6c53c7b878509360922c4fa5ebedc3011\$lut for cells of type $lut.
Using template $paramod$272652f6c6fbe9a75eff76e45cc7e2788835518b\$lut for cells of type $lut.
Using template $paramod\$lut\WIDTH=32'00000000000000000000000000000001\LUT=2'01 for cells of type $lut.
Using template $paramod$629288805861db2492386648ff94cc9e61d6fd7b\$lut for cells of type $lut.
Using template $paramod$fd1e68d43235621014e35437b4508a97628b7e8f\$lut for cells of type $lut.
Using template $paramod\$lut\WIDTH=32'00000000000000000000000000000011\LUT=8'00010000 for cells of type $lut.
Using template $paramod\$lut\WIDTH=32'00000000000000000000000000000010\LUT=4'0001 for cells of type $lut.
Using template $paramod$703a13a751e631ef123f38f7d2125aeabec0f94c\$lut for cells of type $lut.
Using template $paramod\$lut\WIDTH=32'00000000000000000000000000000011\LUT=8'01001011 for cells of type $lut.
Using template $paramod\$lut\WIDTH=32'00000000000000000000000000000011\LUT=8'11010100 for cells of type $lut.
Using template $paramod$658b9ed803f0d3d335616d3858b53e0a2522f1e8\$lut for cells of type $lut.
Using template $paramod$1644affdabe7f65febd25ca1c4d1e050be54e54f\$lut for cells of type $lut.
Using template $paramod$6d23198eb2b8f79a41c7626605a61009695893b1\$lut for cells of type $lut.
Using template $paramod\$lut\WIDTH=32'00000000000000000000000000000011\LUT=8'00000001 for cells of type $lut.
Using template $paramod$7a09c632ebd39a203628a04507a2df81de3ade57\$lut for cells of type $lut.
Using template $paramod$3f465f8d485117acd64041d8b982fcb89684ada6\$lut for cells of type $lut.
Using template $paramod$9d707d218adbd63b6f9a0c79d7ee037306fb6296\$lut for cells of type $lut.
Using template $paramod$044e8b1893c94f717651c5cd428e71c892566f52\$lut for cells of type $lut.
Using template $paramod$e5e9da8fed769f971686eed8c5eea50e61f73aaa\$lut for cells of type $lut.
Using template $paramod\$lut\WIDTH=32'00000000000000000000000000000011\LUT=8'01011100 for cells of type $lut.
Using template $paramod$6e238df02989b317f10820a22773676e71120644\$lut for cells of type $lut.
Using template $paramod$973818279bc95792902f3c09371fd2407d04a2a5\$lut for cells of type $lut.
Using template $paramod\$lut\WIDTH=32'00000000000000000000000000000011\LUT=8'10110100 for cells of type $lut.
Using template $paramod$bba54c1ef87367812b4c15f4aed5ac70773df775\$lut for cells of type $lut.
Using template $paramod$041aa1dcdd60d3c4ff6eb6326c9e544a0334c607\$lut for cells of type $lut.
Using template $paramod$956157c0497c969d2ee7549e519f18a7bb88f829\$lut for cells of type $lut.
Using template $paramod$0cf69d223154b4a6209139daec3524052ac22dd1\$lut for cells of type $lut.
Using template $paramod$10b0fe3049cfd7e6d38533387eb2b0cfded868cf\$lut for cells of type $lut.
Using template $paramod$765dca61dbfa835dacf2a260c8a4c5a36939a046\$lut for cells of type $lut.
Using template $paramod$1bf62ab10e48d71d6497bccacf5c70420c470fe9\$lut for cells of type $lut.
Using template $paramod$a8b2b0f3a3fd7b01c99e8d61bb72f602bd41af54\$lut for cells of type $lut.
Using template $paramod$b4d0f4738a5ce50c7f36c2aa2ecc09cfb874f2b6\$lut for cells of type $lut.
Using template $paramod\$lut\WIDTH=32'00000000000000000000000000000011\LUT=8'11010000 for cells of type $lut.
Using template $paramod\$lut\WIDTH=32'00000000000000000000000000000011\LUT=8'11100000 for cells of type $lut.
Using template $paramod$c07a8caf087b055708cff3f892b8a72286ab1f05\$lut for cells of type $lut.
Using template $paramod$11ec7271d8e6e5aeaace08c13e4c601f10e31038\$lut for cells of type $lut.
Using template $paramod$82c7da21ee1f515fddfc942d288ef4b9d4cde5c4\$lut for cells of type $lut.
Using template $paramod\$lut\WIDTH=32'00000000000000000000000000000011\LUT=8'11010011 for cells of type $lut.
Using template $paramod$608f40069c27841a5b3bdf03643a34bdc8974072\$lut for cells of type $lut.
Using template $paramod$a44bfc089ebe40b83c2c06bb965c500df992ecfb\$lut for cells of type $lut.
Using template $paramod$a670b08a47dd8a34f954c50cd06e9996d77e8467\$lut for cells of type $lut.
Using template $paramod\$lut\WIDTH=32'00000000000000000000000000000011\LUT=8'00110101 for cells of type $lut.
Using template $paramod\$lut\WIDTH=32'00000000000000000000000000000011\LUT=8'00011111 for cells of type $lut.
Using template $paramod$12879138d1e376f344e47ea40be66b776233be75\$lut for cells of type $lut.
Using template $paramod$4b2297966ddb718657b80566604f97685ffc0120\$lut for cells of type $lut.
Using template $paramod\$lut\WIDTH=32'00000000000000000000000000000011\LUT=8'01001111 for cells of type $lut.
Using template $paramod$d35161d1d7976dcc02e7c7d51172431be85143b4\$lut for cells of type $lut.
Using template $paramod$441de597d9318495d3225f370c9f7379b3b0fd0d\$lut for cells of type $lut.
Using template $paramod\$lut\WIDTH=32'00000000000000000000000000000011\LUT=8'10110000 for cells of type $lut.
Using template $paramod\$lut\WIDTH=32'00000000000000000000000000000011\LUT=8'00111010 for cells of type $lut.
Using template $paramod$e49f6e3576ef1a6d2f58c54414dbb786af8cc869\$lut for cells of type $lut.
Using template $paramod\$lut\WIDTH=32'00000000000000000000000000000011\LUT=8'11111000 for cells of type $lut.
Using template $paramod\$lut\WIDTH=32'00000000000000000000000000000011\LUT=8'11001010 for cells of type $lut.
Using template $paramod$f54c0ffd7b041ca43eac7710ab19c0666d826c22\$lut for cells of type $lut.
Using template $paramod\$lut\WIDTH=32'00000000000000000000000000000011\LUT=8'11110100 for cells of type $lut.
Using template $paramod$81d8a60fd95b1a9f9ef71c12a774ae6988cb9fd5\$lut for cells of type $lut.
Using template $paramod$bb4fff1cc3b827238aa40993cafede1c5beecbe3\$lut for cells of type $lut.
Using template $paramod$8b24407096beec47292ddeb1567a058197a320b9\$lut for cells of type $lut.
Using template $paramod$6d6beead1425af15cf78b27fd9b11b41b5d4bce8\$lut for cells of type $lut.
Using template $paramod$c1a19a87ccbbb03d43a72335db63f692ddf82cc1\$lut for cells of type $lut.
Using template $paramod$2ea69c779d6c1b79ac5a87b0d1523c67d5628dba\$lut for cells of type $lut.
Using template $paramod$7a9d9396461df152f697894fa3b294ad1b285e08\$lut for cells of type $lut.
Using template $paramod$d6d3aaeac1b9aa2c4b652c48e0deb565040dda72\$lut for cells of type $lut.
Using template $paramod$71d951b20e73043168c1656217d126e617052faa\$lut for cells of type $lut.
Using template $paramod$2d73cf21e7a3b53006ebbae47ecc48e73975ec46\$lut for cells of type $lut.
Using template $paramod$56c6fc98268f6966dd23dcb4af9b8f5298fa7ead\$lut for cells of type $lut.
Using template $paramod$45d617c2ce0041e27b541f62b0fc3c3ce441a616\$lut for cells of type $lut.
Using template $paramod$43779580bfffd5d5a9f321249a174febf1dac288\$lut for cells of type $lut.
Using template $paramod$c7da182350c463dac9341b9202c767a484f2d529\$lut for cells of type $lut.
Using template $paramod$a0110ffcad984c8a190b4246c453a50168ed201c\$lut for cells of type $lut.
Using template $paramod$50666a8f9d622ca1f027a4587dfd5f2a7d8810c9\$lut for cells of type $lut.
Using template $paramod$162eacaa56f6f80a5a27551a5f2071c174364807\$lut for cells of type $lut.
Using template $paramod\$lut\WIDTH=32'00000000000000000000000000000011\LUT=8'00001110 for cells of type $lut.
Using template $paramod$246006d276d15b0766d6d890a33a28800bfa7295\$lut for cells of type $lut.
Using template $paramod$179512a187da069f3b79ef6612a41e494e7d54b6\$lut for cells of type $lut.
Using template $paramod\$lut\WIDTH=32'00000000000000000000000000000011\LUT=8'00000111 for cells of type $lut.
Using template $paramod$1cb2981561a6c7f82a6729ded6391eab4d3f1008\$lut for cells of type $lut.
Using template $paramod$5b13d2ee598c87cdbe912286a35c6fd102e2087c\$lut for cells of type $lut.
Using template $paramod$d0fe7556ef6223c467da0bfe5c6e9cca5c3fc0e5\$lut for cells of type $lut.
Using template $paramod$b93d1ea7a612a32c185108f67a153d44ffb9aac2\$lut for cells of type $lut.
Using template $paramod$ad3a97108c9f4d10f8acfa309b668b9455d3d733\$lut for cells of type $lut.
Using template $paramod\$lut\WIDTH=32'00000000000000000000000000000011\LUT=8'10111111 for cells of type $lut.
Using template $paramod$97e449d15b607612c49291044eca4e2c8b59088e\$lut for cells of type $lut.
Using template $paramod$8466aae7f3132f822e70bbd8738850d820750479\$lut for cells of type $lut.
Using template $paramod$a63d84c9dd26caf4e75c7cc2f6f70f64a5b14aa1\$lut for cells of type $lut.
Using template $paramod$df196ed0a1da5c4a58c5e08a1dac304fd3fccaab\$lut for cells of type $lut.
Using template $paramod$e56d99447d8a3ece8eda45209ed4b9fdcdbf8d26\$lut for cells of type $lut.
Using template $paramod$88b20fc653908aab5d0e1a4e4d07b8412b532a9b\$lut for cells of type $lut.
Using template $paramod$5766b753e513aa2393ffc25ef94ebc79dc098484\$lut for cells of type $lut.
Using template $paramod$c24d9ed40e5d7b4d1502e6ff40a3ff1fce63522e\$lut for cells of type $lut.
Using template $paramod$821131537f5bd0b4836f5026076702f8fb1bcdf3\$lut for cells of type $lut.
Using template $paramod$506e03709b10468255f3d8819b486cd1340ca5e5\$lut for cells of type $lut.
Using template $paramod$c3e1dc7b9e539f115f21c9fa61c94c4df05b91c1\$lut for cells of type $lut.
Using template $paramod\$lut\WIDTH=32'00000000000000000000000000000011\LUT=8'10100011 for cells of type $lut.
Using template $paramod\$lut\WIDTH=32'00000000000000000000000000000011\LUT=8'01000010 for cells of type $lut.
Using template $paramod\$lut\WIDTH=32'00000000000000000000000000000011\LUT=8'10000001 for cells of type $lut.
Using template $paramod$2bdfdda73873e8931790d872b72220895e67fee5\$lut for cells of type $lut.
Using template $paramod$5eb28a5d456895f3b6e5b376ebc78fa90fd15665\$lut for cells of type $lut.
Using template $paramod$f43e533b16c4b44c0f5eeb593a0196cce2e80c58\$lut for cells of type $lut.
Using template $paramod\$lut\WIDTH=32'00000000000000000000000000000011\LUT=8'00011000 for cells of type $lut.
Using template $paramod$cde3aa23c1efa60a470cf0f0281347d6ba585afa\$lut for cells of type $lut.
Using template $paramod$e443226d2503002a2dd72afead5923712f86d5f1\$lut for cells of type $lut.
Using template $paramod$b687f8d27de739524fb7908e623a2a685965881c\$lut for cells of type $lut.
Using template $paramod$fccccf8bb2add7667329c686feec7546eb9a3ae3\$lut for cells of type $lut.
Using template $paramod$b431bfd938e35871dd0b7668e1503c7e8b9d491c\$lut for cells of type $lut.
Using template $paramod\$lut\WIDTH=32'00000000000000000000000000000011\LUT=8'00001011 for cells of type $lut.
Using template $paramod$38f9bf4dd2329347b8471f0a98443dd323386889\$lut for cells of type $lut.
Using template $paramod$6b0849254d6c87461fb93e37cc18f089f61eb912\$lut for cells of type $lut.
Using template $paramod$a50be0e6fa3a01511bb234559cb74fb8bd3e2061\$lut for cells of type $lut.
Using template $paramod$2e7a95e82db1d690ae9ba5d10f68b175fa2cb467\$lut for cells of type $lut.
Using template $paramod$b22e1de0c50840dcbbf24001663ffaaba9d5d7b8\$lut for cells of type $lut.
Using template $paramod$d53578aacfd93124244778d88be0e90eb09c1b1b\$lut for cells of type $lut.
Using template $paramod$ab8bb87959c5d7cfa27886cee1355b38e054a61a\$lut for cells of type $lut.
Using template $paramod$40882341c54dcd36f630f00dd7e46a35652abd36\$lut for cells of type $lut.
Using template $paramod$cc14edb43bcbbd83b718cef08414cb23048bb6d0\$lut for cells of type $lut.
Using template $paramod$d4fae2c0d9ad2966369cd4e39b81c71bcd1327c9\$lut for cells of type $lut.
Using template $paramod$b4f15f202f50520dbc381cd0880ac94f830f05a8\$lut for cells of type $lut.
Using template $paramod$2d8ecce5c907513cebcd38ab5efe0fc26fc03464\$lut for cells of type $lut.
Using template $paramod$41326ad8644342a66dfb051d050f2b6fbf15015b\$lut for cells of type $lut.
Using template $paramod$c35ad3063d5038410210ddc72c1fd5fed46413b4\$lut for cells of type $lut.
Using template $paramod$5898ae4e52b22eca363a418fa94151158a507d30\$lut for cells of type $lut.
Using template $paramod$722bfd9af0ae56ca9d1d12a221cb5ede16461f26\$lut for cells of type $lut.
Using template $paramod$d119410bab96963da0139669592048db2c09198b\$lut for cells of type $lut.
Using template $paramod$3204210736873ef5d53b95f3dbe4714b354f9351\$lut for cells of type $lut.
Using template $paramod$fd0c475e3e6f20ad225673464af09a8de603ab71\$lut for cells of type $lut.
Using template $paramod$e5759512db67494ff77fbdfc66dff4006376568f\$lut for cells of type $lut.
Using template $paramod$5a621b016c894274d07edef48c49b401a15fd796\$lut for cells of type $lut.
Using template $paramod$6e3b22478ca21c5590744f2e30b92938c4d90996\$lut for cells of type $lut.
Using template $paramod$b4410865e8124402796f9dfbf73ef8d279fdbd08\$lut for cells of type $lut.
Using template $paramod\$lut\WIDTH=32'00000000000000000000000000000011\LUT=8'01110000 for cells of type $lut.
Using template $paramod$ed10455c824c2a3761aabdeb1e31dad905f66e6e\$lut for cells of type $lut.
Using template $paramod$d6cf0a4b6f6ccd87588da28c41b5b6c258da2509\$lut for cells of type $lut.
Using template $paramod$6dd8f32de9794a5c27338e5e046a946eeb051c37\$lut for cells of type $lut.
Using template $paramod$fe9a0158d0352193457c4f5b6282ac86d35fb3ee\$lut for cells of type $lut.
Using template $paramod$a2d691ba21e093558f2a36669ee489fbccffbcd3\$lut for cells of type $lut.
Using template $paramod$99a2a175d178a040bb1ffceb53184fb0f59423c6\$lut for cells of type $lut.
Using template $paramod$e9c77024ca501b890c641f9c0b10e27242db8730\$lut for cells of type $lut.
Using template $paramod$c5b694ec89d7629b942ccf6a9be1d39e24f8edec\$lut for cells of type $lut.
Using template $paramod$51307cdec77060d17363ea3d60427c9afef1ddc2\$lut for cells of type $lut.
Using template $paramod$5c32c59025c0b98f20e63f249d83e7ebb4b085e3\$lut for cells of type $lut.
Using template $paramod$baa939b0bd5b3e0c8760492528669bd58f640542\$lut for cells of type $lut.
Using template $paramod\$lut\WIDTH=32'00000000000000000000000000000011\LUT=8'00001101 for cells of type $lut.
Using template $paramod$6e46ec5a196ba1a24b8e69ab094cadc07c13ac1f\$lut for cells of type $lut.
Using template $paramod$314fe9458b07176c4d2c8c59533027c4c55155b5\$lut for cells of type $lut.
Using template $paramod$c4c148354f86d2131dbfed31e2e01cbbb5aefda7\$lut for cells of type $lut.
Using template $paramod$c5f3c57a6d466a2f42208bafb8985b96ce884440\$lut for cells of type $lut.
Using template $paramod$fc318a7df7fe07fd6e06d67fcbc358e9823ea389\$lut for cells of type $lut.
Using template $paramod$ad86cb7e971524b41c3cbfbe7186c4e8b43b7859\$lut for cells of type $lut.
Using template $paramod$388dbf93bee91918d385c696f1b8d4515b94b317\$lut for cells of type $lut.
Using template $paramod$9bb605c35cd1c732ceb4c96c05ba83d26fc0c327\$lut for cells of type $lut.
Using template $paramod$05f19d9c2311a3d1ab38ece311a1bb9f96c62043\$lut for cells of type $lut.
Using template $paramod\$lut\WIDTH=32'00000000000000000000000000000010\LUT=4'1011 for cells of type $lut.
Using template $paramod$ef26adabe6060e01077b576cfe34e95e55a26aef\$lut for cells of type $lut.
Using template $paramod$1843b3c15f2447d117e2d5de9b00f791ef5f9fa3\$lut for cells of type $lut.
Using template $paramod$0a94662b0161fc067fc2a1123fd5ac94da2ec1db\$lut for cells of type $lut.
Using template $paramod$4972722c284f07fee673f7cb99e6a36ce4a244f0\$lut for cells of type $lut.
Using template $paramod$cd6c4b4da6d8737b72fd2dc8f5d83d8967445809\$lut for cells of type $lut.
Using template $paramod$7fcc2f13195f27c397064377984d87a90c06749d\$lut for cells of type $lut.
Using template $paramod$e0bde73e598487237493c8a43ca52c95a3727354\$lut for cells of type $lut.
Using template $paramod$a3cdc1eb771a2c6a16f64da161e11100ac409d2b\$lut for cells of type $lut.
Using template $paramod$279a8d961e6b2ded8450bee8ed637cb9efa31f02\$lut for cells of type $lut.
Using template $paramod$f63fe32f78d5f3c5de711945c592c8c5ec2303ae\$lut for cells of type $lut.
Using template $paramod$2f99e7dde0142f5eb4336d05fd90a596d3f2e038\$lut for cells of type $lut.
Using template $paramod$a4df2b5be2b644499880e088a11556935f22b401\$lut for cells of type $lut.
Using template $paramod$240307bbace6557f3d46ac64c87ca4d697801fc3\$lut for cells of type $lut.
Using template $paramod$9c2dece5be18da29d8c978059399d07b00f5921c\$lut for cells of type $lut.
Using template $paramod$0f52647588235a7349ddd3f3432c9ac1e33ad9e1\$lut for cells of type $lut.
Using template $paramod$0cd29e462cc788327d3d7e132543fab2c4588e59\$lut for cells of type $lut.
Using template $paramod\$lut\WIDTH=32'00000000000000000000000000000011\LUT=8'10011111 for cells of type $lut.
Using template $paramod$53ce561f80f32d4298a3beadc88b6c5c78293221\$lut for cells of type $lut.
Using template $paramod$418250a0dffb45ae6d663d8125d8f29fa49d2222\$lut for cells of type $lut.
Using template $paramod$44587907eb547902863ad65ee925d87164ab0cc4\$lut for cells of type $lut.
Using template $paramod$6b73e71a680e06c61fe8ca1c1491001b4500f3c3\$lut for cells of type $lut.
Using template $paramod$3b4098f667ff8021cf0922e7abb002265fc63690\$lut for cells of type $lut.
Using template $paramod$52b0f43ae6cb52b5e726dd3244952f6f33bb5f19\$lut for cells of type $lut.
Using template $paramod$fceb3a526de44b8f6b38e567360f59f7cf5878fb\$lut for cells of type $lut.
Using template $paramod$96288e699aa5aef3f78113f3d61a81ccebbd5b8c\$lut for cells of type $lut.
Using template $paramod$b297295e19b03521716155b85537bbe86d6a9ae6\$lut for cells of type $lut.
Using template $paramod$cd05f04889088c47a0a5abae8c2d644fd314805e\$lut for cells of type $lut.
No more expansions possible.
<suppressed ~7549 debug messages>
Removed 0 unused cells and 11518 unused wires.

4.45. Executing AUTONAME pass.
Renamed 697393 objects in module synth_harness (367 iterations).
<suppressed ~7521 debug messages>

4.46. Executing HIERARCHY pass (managing design hierarchy).

4.46.1. Analyzing design hierarchy..
Top module:  \synth_harness

4.46.2. Analyzing design hierarchy..
Top module:  \synth_harness
Removed 0 unused modules.

4.47. Printing statistics.

=== synth_harness ===

   Number of wires:               2050
   Number of wire bits:           8516
   Number of public wires:        2050
   Number of public wire bits:    8516
   Number of memories:               0
   Number of memory bits:            0
   Number of processes:              0
   Number of cells:               5521
     SB_CARRY                      372
     SB_DFF                         10
     SB_DFFER                      140
     SB_DFFR                       261
     SB_LUT4                      4738

4.48. Executing CHECK pass (checking for obvious problems).
Checking module synth_harness...
Found and reported 0 problems.

4.49. Executing JSON backend.

Warnings: 1 unique messages, 2 total
End of script. Logfile hash: 0973424c91, CPU: user 10.51s system 0.10s, MEM: 168.52 MB peak
Yosys 0.33 (git sha1 2584903a060)
Time spent: 21% 34x opt_expr (2 sec), 21% 1x abc (2 sec), ...
