
 /----------------------------------------------------------------------------\
 |                                                                            |
 |  yosys -- Yosys Open SYnthesis Suite                                       |
 |                                                                            |
 |  Copyright (C) 2012 - 2020  Claire Xenia Wolf <claire@yosyshq.com>         |
 |                                                                            |
 |  Permission to use, copy, modify, and/or distribute this software for any  |
 |  purpose with or without fee is hereby granted, provided that the above    |
 |  copyright notice and this permission notice appear in all copies.         |
 |                                                                            |
 |  THE SOFTWARE IS PROVIDED "AS IS" AND THE AUTHOR DISCLAIMS ALL WARRANTIES  |
 |  WITH REGARD TO THIS SOFTWARE INCLUDING ALL IMPLIED WARRANTIES OF          |
 |  MERCHANTABILITY AND FITNESS. IN NO EVENT SHALL THE AUTHOR BE LIABLE FOR   |
 |  ANY SPECIAL, DIRECT, INDIRECT, OR CONSEQUENTIAL DAMAGES OR ANY DAMAGES    |
 |  WHATSOEVER RESULTING FROM LOSS OF USE, DATA OR PROFITS, WHETHER IN AN     |
 |  ACTION OF CONTRACT, NEGLIGENCE OR OTHER TORTIOUS ACTION, ARISING OUT OF   |
 |  OR IN CONNECTION WITH THE USE OR PERFORMANCE OF THIS SOFTWARE.            |
 |                                                                            |
 \----------------------------------------------------------------------------/

 Yosys 0.33 (git sha1 2584903a060)


-- Running command `read_verilog -sv -DSYNTH_DECOMPRESS synth_harness.sv ../../rtl/decompress.sv; synth_ice40 -top synth_harness -json build/decompress.json' --

1. Executing Verilog-2005 frontend: synth_harness.sv
Parsing SystemVerilog input from `synth_harness.sv' to AST representation.
Generating RTLIL representation for module `\synth_harness'.
Warning: Replacing memory \stim_reg with list of registers. See synth_harness.sv:32
Successfully finished Verilog frontend.

2. Executing Verilog-2005 frontend: ../../rtl/decompress.sv
Parsing SystemVerilog input from `../../rtl/decompress.sv' to AST representation.
Generating RTLIL representation for module `\decompress'.
Successfully finished Verilog frontend.

3. Executing SYNTH_ICE40 pass.

3.1. Executing Verilog-2005 frontend: /usr/bin/../share/yosys/ice40/cells_sim.v
Parsing Verilog input from `/usr/bin/../share/yosys/ice40/cells_sim.v' to AST representation.
Generating RTLIL representation for module `\SB_IO'.
Generating RTLIL representation for module `\SB_GB_IO'.
Generating RTLIL representation for module `\SB_GB'.
Generating RTLIL representation for module `\SB_LUT4'.
Generating RTLIL representation for module `\SB_CARRY'.
Generating RTLIL representation for module `\SB_DFF'.
Generating RTLIL representation for module `\SB_DFFE'.
Generating RTLIL representation for module `\SB_DFFSR'.
Generating RTLIL representation for module `\SB_DFFR'.
Generating RTLIL representation for module `\SB_DFFSS'.
Generating RTLIL representation for module `\SB_DFFS'.
Generating RTLIL representation for module `\SB_DFFESR'.
Generating RTLIL representation for module `\SB_DFFER'.
Generating RTLIL representation for module `\SB_DFFESS'.
Generating RTLIL representation for module `\SB_DFFES'.
Generating RTLIL representation for module `\SB_DFFN'.
Generating RTLIL representation for module `\SB_DFFNE'.
Generating RTLIL representation for module `\SB_DFFNSR'.
Generating RTLIL representation for module `\SB_DFFNR'.
Generating RTLIL representation for module `\SB_DFFNSS'.
Generating RTLIL representation for module `\SB_DFFNS'.
Generating RTLIL representation for module `\SB_DFFNESR'.
Generating RTLIL representation for module `\SB_DFFNER'.
Generating RTLIL representation for module `\SB_DFFNESS'.
Generating RTLIL representation for module `\SB_DFFNES'.
Generating RTLIL representation for module `\SB_RAM40_4K'.
Generating RTLIL representation for module `\SB_RAM40_4KNR'.
Generating RTLIL representation for module `\SB_RAM40_4KNW'.
Generating RTLIL representation for module `\SB_RAM40_4KNRNW'.
Generating RTLIL representation for module `\ICESTORM_LC'.
Generating RTLIL representation for module `\SB_PLL40_CORE'.
Generating RTLIL representation for module `\SB_PLL40_PAD'.
Generating RTLIL representation for module `\SB_PLL40_2_PAD'.
Generating RTLIL representation for module `\SB_PLL40_2F_CORE'.
Generating RTLIL representation for module `\SB_PLL40_2F_PAD'.
Generating RTLIL representation for module `\SB_WARMBOOT'.
Generating RTLIL representation for module `\SB_SPRAM256KA'.
Generating RTLIL representation for module `\SB_HFOSC'.
Generating RTLIL representation for module `\SB_LFOSC'.
Generating RTLIL representation for module `\SB_RGBA_DRV'.
Generating RTLIL representation for module `\SB_LED_DRV_CUR'.
Generating RTLIL representation for module `\SB_RGB_DRV'.
Generating RTLIL representation for module `\SB_I2C'.
Generating RTLIL representation for module `\SB_SPI'.
Generating RTLIL representation for module `\SB_LEDDA_IP'.
Generating RTLIL representation for module `\SB_FILTER_50NS'.
Generating RTLIL representation for module `\SB_IO_I3C'.
Generating RTLIL representation for module `\SB_IO_OD'.
Generating RTLIL representation for module `\SB_MAC16'.
Generating RTLIL representation for module `\ICESTORM_RAM'.
Successfully finished Verilog frontend.

3.2. Executing HIERARCHY pass (managing design hierarchy).

3.2.1. Analyzing design hierarchy..
Top module:  \synth_harness
Used module:     \decompress
Reprocessing module synth_harness because instantiated module decompress has become available.
Generating RTLIL representation for module `\synth_harness'.
Warning: Replacing memory \stim_reg with list of registers. See synth_harness.sv:32

3.2.2. Analyzing design hierarchy..
Top module:  \synth_harness
Used module:     \decompress

3.2.3. Analyzing design hierarchy..
Top module:  \synth_harness
Used module:     \decompress
Removed 0 unused modules.

3.3. Executing PROC pass (convert processes to netlists).

3.3.1. Executing PROC_CLEAN pass (remove empty switches from decision trees).
Cleaned up 0 empty switches.

3.3.2. Executing PROC_RMDEAD pass (remove dead branches from decision trees).
Marked 1 switch rules as full_case in process $proc$synth_harness.sv:29$498 in module synth_harness.
Marked 1 switch rules as full_case in process $proc$/usr/bin/../share/yosys/ice40/cells_sim.v:1414$355 in module SB_DFFNES.
Marked 1 switch rules as full_case in process $proc$/usr/bin/../share/yosys/ice40/cells_sim.v:1353$348 in module SB_DFFNESS.
Marked 1 switch rules as full_case in process $proc$/usr/bin/../share/yosys/ice40/cells_sim.v:1273$344 in module SB_DFFNER.
Marked 1 switch rules as full_case in process $proc$/usr/bin/../share/yosys/ice40/cells_sim.v:1212$337 in module SB_DFFNESR.
Marked 1 switch rules as full_case in process $proc$/usr/bin/../share/yosys/ice40/cells_sim.v:1138$334 in module SB_DFFNS.
Marked 1 switch rules as full_case in process $proc$/usr/bin/../share/yosys/ice40/cells_sim.v:1088$331 in module SB_DFFNSS.
Marked 1 switch rules as full_case in process $proc$/usr/bin/../share/yosys/ice40/cells_sim.v:1017$328 in module SB_DFFNR.
Marked 1 switch rules as full_case in process $proc$/usr/bin/../share/yosys/ice40/cells_sim.v:967$325 in module SB_DFFNSR.
Marked 1 switch rules as full_case in process $proc$/usr/bin/../share/yosys/ice40/cells_sim.v:803$317 in module SB_DFFES.
Marked 1 switch rules as full_case in process $proc$/usr/bin/../share/yosys/ice40/cells_sim.v:742$310 in module SB_DFFESS.
Marked 1 switch rules as full_case in process $proc$/usr/bin/../share/yosys/ice40/cells_sim.v:662$306 in module SB_DFFER.
Marked 1 switch rules as full_case in process $proc$/usr/bin/../share/yosys/ice40/cells_sim.v:601$299 in module SB_DFFESR.
Marked 1 switch rules as full_case in process $proc$/usr/bin/../share/yosys/ice40/cells_sim.v:527$296 in module SB_DFFS.
Marked 1 switch rules as full_case in process $proc$/usr/bin/../share/yosys/ice40/cells_sim.v:477$293 in module SB_DFFSS.
Marked 1 switch rules as full_case in process $proc$/usr/bin/../share/yosys/ice40/cells_sim.v:406$290 in module SB_DFFR.
Marked 1 switch rules as full_case in process $proc$/usr/bin/../share/yosys/ice40/cells_sim.v:356$287 in module SB_DFFSR.
Removed 3 dead cases from process $proc$../../rtl/decompress.sv:0$21 in module decompress.
Marked 25 switch rules as full_case in process $proc$../../rtl/decompress.sv:0$21 in module decompress.
Removed a total of 3 dead cases.

3.3.3. Executing PROC_PRUNE pass (remove redundant assignments in processes).
Removed 17 redundant assignments.
Promoted 46 assignments to connections.

3.3.4. Executing PROC_INIT pass (extract init attributes).
Found init rule in `\SB_DFFNES.$proc$/usr/bin/../share/yosys/ice40/cells_sim.v:0$358'.
  Set init value: \Q = 1'0
Found init rule in `\SB_DFFNESS.$proc$/usr/bin/../share/yosys/ice40/cells_sim.v:0$354'.
  Set init value: \Q = 1'0
Found init rule in `\SB_DFFNER.$proc$/usr/bin/../share/yosys/ice40/cells_sim.v:0$347'.
  Set init value: \Q = 1'0
Found init rule in `\SB_DFFNESR.$proc$/usr/bin/../share/yosys/ice40/cells_sim.v:0$343'.
  Set init value: \Q = 1'0
Found init rule in `\SB_DFFNS.$proc$/usr/bin/../share/yosys/ice40/cells_sim.v:0$336'.
  Set init value: \Q = 1'0
Found init rule in `\SB_DFFNSS.$proc$/usr/bin/../share/yosys/ice40/cells_sim.v:0$333'.
  Set init value: \Q = 1'0
Found init rule in `\SB_DFFNR.$proc$/usr/bin/../share/yosys/ice40/cells_sim.v:0$330'.
  Set init value: \Q = 1'0
Found init rule in `\SB_DFFNSR.$proc$/usr/bin/../share/yosys/ice40/cells_sim.v:0$327'.
  Set init value: \Q = 1'0
Found init rule in `\SB_DFFNE.$proc$/usr/bin/../share/yosys/ice40/cells_sim.v:0$324'.
  Set init value: \Q = 1'0
Found init rule in `\SB_DFFN.$proc$/usr/bin/../share/yosys/ice40/cells_sim.v:0$322'.
  Set init value: \Q = 1'0
Found init rule in `\SB_DFFES.$proc$/usr/bin/../share/yosys/ice40/cells_sim.v:0$320'.
  Set init value: \Q = 1'0
Found init rule in `\SB_DFFESS.$proc$/usr/bin/../share/yosys/ice40/cells_sim.v:0$316'.
  Set init value: \Q = 1'0
Found init rule in `\SB_DFFER.$proc$/usr/bin/../share/yosys/ice40/cells_sim.v:0$309'.
  Set init value: \Q = 1'0
Found init rule in `\SB_DFFESR.$proc$/usr/bin/../share/yosys/ice40/cells_sim.v:0$305'.
  Set init value: \Q = 1'0
Found init rule in `\SB_DFFS.$proc$/usr/bin/../share/yosys/ice40/cells_sim.v:0$298'.
  Set init value: \Q = 1'0
Found init rule in `\SB_DFFSS.$proc$/usr/bin/../share/yosys/ice40/cells_sim.v:0$295'.
  Set init value: \Q = 1'0
Found init rule in `\SB_DFFR.$proc$/usr/bin/../share/yosys/ice40/cells_sim.v:0$292'.
  Set init value: \Q = 1'0
Found init rule in `\SB_DFFSR.$proc$/usr/bin/../share/yosys/ice40/cells_sim.v:0$289'.
  Set init value: \Q = 1'0
Found init rule in `\SB_DFFE.$proc$/usr/bin/../share/yosys/ice40/cells_sim.v:0$286'.
  Set init value: \Q = 1'0
Found init rule in `\SB_DFF.$proc$/usr/bin/../share/yosys/ice40/cells_sim.v:0$284'.
  Set init value: \Q = 1'0

3.3.5. Executing PROC_ARST pass (detect async resets in processes).
Found async reset \rst_n in `\synth_harness.$proc$synth_harness.sv:29$498'.
Found async reset \S in `\SB_DFFNES.$proc$/usr/bin/../share/yosys/ice40/cells_sim.v:1414$355'.
Found async reset \R in `\SB_DFFNER.$proc$/usr/bin/../share/yosys/ice40/cells_sim.v:1273$344'.
Found async reset \S in `\SB_DFFNS.$proc$/usr/bin/../share/yosys/ice40/cells_sim.v:1138$334'.
Found async reset \R in `\SB_DFFNR.$proc$/usr/bin/../share/yosys/ice40/cells_sim.v:1017$328'.
Found async reset \S in `\SB_DFFES.$proc$/usr/bin/../share/yosys/ice40/cells_sim.v:803$317'.
Found async reset \R in `\SB_DFFER.$proc$/usr/bin/../share/yosys/ice40/cells_sim.v:662$306'.
Found async reset \S in `\SB_DFFS.$proc$/usr/bin/../share/yosys/ice40/cells_sim.v:527$296'.
Found async reset \R in `\SB_DFFR.$proc$/usr/bin/../share/yosys/ice40/cells_sim.v:406$290'.

3.3.6. Executing PROC_ROM pass (convert switches to ROMs).
Converted 0 switches.
<suppressed ~43 debug messages>

3.3.7. Executing PROC_MUX pass (convert decision trees to multiplexers).
Creating decoders for process `\synth_harness.$proc$synth_harness.sv:188$506'.
Creating decoders for process `\synth_harness.$proc$synth_harness.sv:29$498'.
     1/11: $0\stim_sel[4:0]
     2/11: $1$fordecl_block$3.i[31:0]$503
     3/11: $0\stim_reg[7][31:0]
     4/11: $0\stim_reg[6][31:0]
     5/11: $0\stim_reg[5][31:0]
     6/11: $0\stim_reg[4][31:0]
     7/11: $0\stim_reg[3][31:0]
     8/11: $0\stim_reg[2][31:0]
     9/11: $0\stim_reg[1][31:0]
    10/11: $0\stim_reg[0][31:0]
    11/11: $1$fordecl_block$1.i[31:0]$502
Creating decoders for process `\synth_harness.$proc$synth_harness.sv:18$497'.
Creating decoders for process `\SB_DFFNES.$proc$/usr/bin/../share/yosys/ice40/cells_sim.v:0$358'.
Creating decoders for process `\SB_DFFNES.$proc$/usr/bin/../share/yosys/ice40/cells_sim.v:1414$355'.
     1/1: $0\Q[0:0]
Creating decoders for process `\SB_DFFNESS.$proc$/usr/bin/../share/yosys/ice40/cells_sim.v:0$354'.
Creating decoders for process `\SB_DFFNESS.$proc$/usr/bin/../share/yosys/ice40/cells_sim.v:1353$348'.
     1/1: $0\Q[0:0]
Creating decoders for process `\SB_DFFNER.$proc$/usr/bin/../share/yosys/ice40/cells_sim.v:0$347'.
Creating decoders for process `\SB_DFFNER.$proc$/usr/bin/../share/yosys/ice40/cells_sim.v:1273$344'.
     1/1: $0\Q[0:0]
Creating decoders for process `\SB_DFFNESR.$proc$/usr/bin/../share/yosys/ice40/cells_sim.v:0$343'.
Creating decoders for process `\SB_DFFNESR.$proc$/usr/bin/../share/yosys/ice40/cells_sim.v:1212$337'.
     1/1: $0\Q[0:0]
Creating decoders for process `\SB_DFFNS.$proc$/usr/bin/../share/yosys/ice40/cells_sim.v:0$336'.
Creating decoders for process `\SB_DFFNS.$proc$/usr/bin/../share/yosys/ice40/cells_sim.v:1138$334'.
     1/1: $0\Q[0:0]
Creating decoders for process `\SB_DFFNSS.$proc$/usr/bin/../share/yosys/ice40/cells_sim.v:0$333'.
Creating decoders for process `\SB_DFFNSS.$proc$/usr/bin/../share/yosys/ice40/cells_sim.v:1088$331'.
     1/1: $0\Q[0:0]
Creating decoders for process `\SB_DFFNR.$proc$/usr/bin/../share/yosys/ice40/cells_sim.v:0$330'.
Creating decoders for process `\SB_DFFNR.$proc$/usr/bin/../share/yosys/ice40/cells_sim.v:1017$328'.
     1/1: $0\Q[0:0]
Creating decoders for process `\SB_DFFNSR.$proc$/usr/bin/../share/yosys/ice40/cells_sim.v:0$327'.
Creating decoders for process `\SB_DFFNSR.$proc$/usr/bin/../share/yosys/ice40/cells_sim.v:967$325'.
     1/1: $0\Q[0:0]
Creating decoders for process `\SB_DFFNE.$proc$/usr/bin/../share/yosys/ice40/cells_sim.v:0$324'.
Creating decoders for process `\SB_DFFNE.$proc$/usr/bin/../share/yosys/ice40/cells_sim.v:922$323'.
     1/1: $0\Q[0:0]
Creating decoders for process `\SB_DFFN.$proc$/usr/bin/../share/yosys/ice40/cells_sim.v:0$322'.
Creating decoders for process `\SB_DFFN.$proc$/usr/bin/../share/yosys/ice40/cells_sim.v:882$321'.
Creating decoders for process `\SB_DFFES.$proc$/usr/bin/../share/yosys/ice40/cells_sim.v:0$320'.
Creating decoders for process `\SB_DFFES.$proc$/usr/bin/../share/yosys/ice40/cells_sim.v:803$317'.
     1/1: $0\Q[0:0]
Creating decoders for process `\SB_DFFESS.$proc$/usr/bin/../share/yosys/ice40/cells_sim.v:0$316'.
Creating decoders for process `\SB_DFFESS.$proc$/usr/bin/../share/yosys/ice40/cells_sim.v:742$310'.
     1/1: $0\Q[0:0]
Creating decoders for process `\SB_DFFER.$proc$/usr/bin/../share/yosys/ice40/cells_sim.v:0$309'.
Creating decoders for process `\SB_DFFER.$proc$/usr/bin/../share/yosys/ice40/cells_sim.v:662$306'.
     1/1: $0\Q[0:0]
Creating decoders for process `\SB_DFFESR.$proc$/usr/bin/../share/yosys/ice40/cells_sim.v:0$305'.
Creating decoders for process `\SB_DFFESR.$proc$/usr/bin/../share/yosys/ice40/cells_sim.v:601$299'.
     1/1: $0\Q[0:0]
Creating decoders for process `\SB_DFFS.$proc$/usr/bin/../share/yosys/ice40/cells_sim.v:0$298'.
Creating decoders for process `\SB_DFFS.$proc$/usr/bin/../share/yosys/ice40/cells_sim.v:527$296'.
     1/1: $0\Q[0:0]
Creating decoders for process `\SB_DFFSS.$proc$/usr/bin/../share/yosys/ice40/cells_sim.v:0$295'.
Creating decoders for process `\SB_DFFSS.$proc$/usr/bin/../share/yosys/ice40/cells_sim.v:477$293'.
     1/1: $0\Q[0:0]
Creating decoders for process `\SB_DFFR.$proc$/usr/bin/../share/yosys/ice40/cells_sim.v:0$292'.
Creating decoders for process `\SB_DFFR.$proc$/usr/bin/../share/yosys/ice40/cells_sim.v:406$290'.
     1/1: $0\Q[0:0]
Creating decoders for process `\SB_DFFSR.$proc$/usr/bin/../share/yosys/ice40/cells_sim.v:0$289'.
Creating decoders for process `\SB_DFFSR.$proc$/usr/bin/../share/yosys/ice40/cells_sim.v:356$287'.
     1/1: $0\Q[0:0]
Creating decoders for process `\SB_DFFE.$proc$/usr/bin/../share/yosys/ice40/cells_sim.v:0$286'.
Creating decoders for process `\SB_DFFE.$proc$/usr/bin/../share/yosys/ice40/cells_sim.v:311$285'.
     1/1: $0\Q[0:0]
Creating decoders for process `\SB_DFF.$proc$/usr/bin/../share/yosys/ice40/cells_sim.v:0$284'.
Creating decoders for process `\SB_DFF.$proc$/usr/bin/../share/yosys/ice40/cells_sim.v:271$283'.
Creating decoders for process `\decompress.$proc$../../rtl/decompress.sv:0$21'.
     1/97: $23\is_valid[0:0]
     2/97: $25\insn_32[31:0]
     3/97: $22\is_valid[0:0]
     4/97: $24\insn_32[31:0]
     5/97: $21\is_valid[0:0]
     6/97: $23\insn_32[31:0]
     7/97: $22\insn_32[31:0]
     8/97: $20\is_valid[0:0]
     9/97: $19\is_valid[0:0]
    10/97: $21\insn_32[31:0]
    11/97: $18\is_valid[0:0]
    12/97: $20\insn_32[31:0]
    13/97: $17\is_valid[0:0]
    14/97: $19\insn_32[31:0]
    15/97: $16\is_valid[0:0]
    16/97: $18\insn_32[31:0]
    17/97: $15\is_valid[0:0]
    18/97: $17\insn_32[31:0]
    19/97: $14\is_valid[0:0]
    20/97: $16\insn_32[31:0]
    21/97: $13\is_valid[0:0]
    22/97: $15\insn_32[31:0]
    23/97: $3\decompress_quadrant_2$func$../../rtl/decompress.sv:56$19.uimm_swsp[7:0]$100
    24/97: $3\decompress_quadrant_2$func$../../rtl/decompress.sv:56$19.uimm_lwsp[7:0]$99
    25/97: $14\insn_32[31:0]
    26/97: $13\insn_32[31:0]
    27/97: $12\is_valid[0:0]
    28/97: $11\is_valid[0:0]
    29/97: $12\insn_32[31:0]
    30/97: $10\is_valid[0:0]
    31/97: $11\insn_32[31:0]
    32/97: $9\is_valid[0:0]
    33/97: $10\insn_32[31:0]
    34/97: $8\is_valid[0:0]
    35/97: $9\insn_32[31:0]
    36/97: $7\is_valid[0:0]
    37/97: $8\insn_32[31:0]
    38/97: $6\is_valid[0:0]
    39/97: $7\insn_32[31:0]
    40/97: $4\decompress_quadrant_1$func$../../rtl/decompress.sv:55$18.nzimm_addi16sp[9:0]$90
    41/97: $4\decompress_quadrant_1$func$../../rtl/decompress.sv:55$18.nzimm_lui[5:0]$91
    42/97: $6\insn_32[31:0]
    43/97: $4\decompress_quadrant_1$func$../../rtl/decompress.sv:55$18.nzimm_addi[5:0]$88
    44/97: $3\decompress_quadrant_1$func$../../rtl/decompress.sv:55$18.nzimm_addi[5:0]$79
    45/97: $5\insn_32[31:0]
    46/97: $3\decompress_quadrant_1$func$../../rtl/decompress.sv:55$18.$unnamed_block$16.funct2_ca[1:0]$84
    47/97: $3\decompress_quadrant_1$func$../../rtl/decompress.sv:55$18.$unnamed_block$16.funct2[1:0]$83
    48/97: $3\decompress_quadrant_1$func$../../rtl/decompress.sv:55$18.shamt[4:0]$82
    49/97: $3\decompress_quadrant_1$func$../../rtl/decompress.sv:55$18.nzimm_lui[5:0]$81
    50/97: $3\decompress_quadrant_1$func$../../rtl/decompress.sv:55$18.nzimm_addi16sp[9:0]$80
    51/97: $3\decompress_quadrant_1$func$../../rtl/decompress.sv:55$18.imm_b[8:0]$78
    52/97: $3\decompress_quadrant_1$func$../../rtl/decompress.sv:55$18.imm_j[11:0]$77
    53/97: $5\is_valid[0:0]
    54/97: $4\is_valid[0:0]
    55/97: $4\insn_32[31:0]
    56/97: $3\is_valid[0:0]
    57/97: $3\insn_32[31:0]
    58/97: $3\decompress_quadrant_0$func$../../rtl/decompress.sv:54$17.nzuimm_addi4spn[9:0]$74
    59/97: $3\decompress_quadrant_0$func$../../rtl/decompress.sv:54$17.uimm_lw_sw[6:0]$75
    60/97: $2\decompress_quadrant_0$func$../../rtl/decompress.sv:54$17.uimm_lw_sw[6:0]$58
    61/97: $2\decompress_quadrant_0$func$../../rtl/decompress.sv:54$17.nzuimm_addi4spn[9:0]$57
    62/97: $2\is_valid[0:0]
    63/97: $2\insn_32[31:0]
    64/97: $2\decompress_quadrant_2$func$../../rtl/decompress.sv:56$19.uimm_swsp[7:0]$73
    65/97: $2\decompress_quadrant_2$func$../../rtl/decompress.sv:56$19.uimm_lwsp[7:0]$72
    66/97: $2\decompress_quadrant_2$func$../../rtl/decompress.sv:56$19.shamt[5:0]$71
    67/97: $2\decompress_quadrant_2$func$../../rtl/decompress.sv:56$19.rs2[4:0]$70
    68/97: $2\decompress_quadrant_2$func$../../rtl/decompress.sv:56$19.rd_rs1[4:0]$69
    69/97: $2\decompress_quadrant_1$func$../../rtl/decompress.sv:55$18.$unnamed_block$16.funct2_ca[1:0]$68
    70/97: $2\decompress_quadrant_1$func$../../rtl/decompress.sv:55$18.$unnamed_block$16.funct2[1:0]$67
    71/97: $2\decompress_quadrant_1$func$../../rtl/decompress.sv:55$18.shamt[4:0]$66
    72/97: $2\decompress_quadrant_1$func$../../rtl/decompress.sv:55$18.nzimm_lui[5:0]$65
    73/97: $2\decompress_quadrant_1$func$../../rtl/decompress.sv:55$18.nzimm_addi16sp[9:0]$64
    74/97: $2\decompress_quadrant_1$func$../../rtl/decompress.sv:55$18.nzimm_addi[5:0]$63
    75/97: $2\decompress_quadrant_1$func$../../rtl/decompress.sv:55$18.imm_b[8:0]$62
    76/97: $2\decompress_quadrant_1$func$../../rtl/decompress.sv:55$18.imm_j[11:0]$61
    77/97: $2\decompress_quadrant_1$func$../../rtl/decompress.sv:55$18.imm[5:0]$60
    78/97: $2\decompress_quadrant_1$func$../../rtl/decompress.sv:55$18.rd_rs1[4:0]$59
    79/97: $1\insn_32[31:0]
    80/97: $1\decompress_quadrant_2$func$../../rtl/decompress.sv:56$19.uimm_swsp[7:0]$56
    81/97: $1\decompress_quadrant_2$func$../../rtl/decompress.sv:56$19.uimm_lwsp[7:0]$55
    82/97: $1\decompress_quadrant_2$func$../../rtl/decompress.sv:56$19.shamt[5:0]$54
    83/97: $1\decompress_quadrant_2$func$../../rtl/decompress.sv:56$19.rs2[4:0]$53
    84/97: $1\decompress_quadrant_2$func$../../rtl/decompress.sv:56$19.rd_rs1[4:0]$52
    85/97: $1\decompress_quadrant_1$func$../../rtl/decompress.sv:55$18.$unnamed_block$16.funct2_ca[1:0]$51
    86/97: $1\decompress_quadrant_1$func$../../rtl/decompress.sv:55$18.$unnamed_block$16.funct2[1:0]$50
    87/97: $1\decompress_quadrant_1$func$../../rtl/decompress.sv:55$18.shamt[4:0]$49
    88/97: $1\decompress_quadrant_1$func$../../rtl/decompress.sv:55$18.nzimm_lui[5:0]$48
    89/97: $1\decompress_quadrant_1$func$../../rtl/decompress.sv:55$18.nzimm_addi16sp[9:0]$47
    90/97: $1\decompress_quadrant_1$func$../../rtl/decompress.sv:55$18.nzimm_addi[5:0]$46
    91/97: $1\decompress_quadrant_1$func$../../rtl/decompress.sv:55$18.imm_b[8:0]$45
    92/97: $1\decompress_quadrant_1$func$../../rtl/decompress.sv:55$18.imm_j[11:0]$44
    93/97: $1\decompress_quadrant_1$func$../../rtl/decompress.sv:55$18.imm[5:0]$43
    94/97: $1\decompress_quadrant_1$func$../../rtl/decompress.sv:55$18.rd_rs1[4:0]$42
    95/97: $1\decompress_quadrant_0$func$../../rtl/decompress.sv:54$17.uimm_lw_sw[6:0]$41
    96/97: $1\decompress_quadrant_0$func$../../rtl/decompress.sv:54$17.nzuimm_addi4spn[9:0]$40
    97/97: $1\is_valid[0:0]

3.3.8. Executing PROC_DLATCH pass (convert process syncs to latches).
No latch inferred for signal `\decompress.\insn_32' from process `\decompress.$proc$../../rtl/decompress.sv:0$21'.
No latch inferred for signal `\decompress.\is_valid' from process `\decompress.$proc$../../rtl/decompress.sv:0$21'.
No latch inferred for signal `\decompress.\decompress_quadrant_0$func$../../rtl/decompress.sv:54$17.nzuimm_addi4spn' from process `\decompress.$proc$../../rtl/decompress.sv:0$21'.
No latch inferred for signal `\decompress.\decompress_quadrant_0$func$../../rtl/decompress.sv:54$17.uimm_lw_sw' from process `\decompress.$proc$../../rtl/decompress.sv:0$21'.
No latch inferred for signal `\decompress.\decompress_quadrant_1$func$../../rtl/decompress.sv:55$18.rd_rs1' from process `\decompress.$proc$../../rtl/decompress.sv:0$21'.
No latch inferred for signal `\decompress.\decompress_quadrant_1$func$../../rtl/decompress.sv:55$18.imm' from process `\decompress.$proc$../../rtl/decompress.sv:0$21'.
No latch inferred for signal `\decompress.\decompress_quadrant_1$func$../../rtl/decompress.sv:55$18.imm_j' from process `\decompress.$proc$../../rtl/decompress.sv:0$21'.
No latch inferred for signal `\decompress.\decompress_quadrant_1$func$../../rtl/decompress.sv:55$18.imm_b' from process `\decompress.$proc$../../rtl/decompress.sv:0$21'.
No latch inferred for signal `\decompress.\decompress_quadrant_1$func$../../rtl/decompress.sv:55$18.nzimm_addi' from process `\decompress.$proc$../../rtl/decompress.sv:0$21'.
No latch inferred for signal `\decompress.\decompress_quadrant_1$func$../../rtl/decompress.sv:55$18.nzimm_addi16sp' from process `\decompress.$proc$../../rtl/decompress.sv:0$21'.
No latch inferred for signal `\decompress.\decompress_quadrant_1$func$../../rtl/decompress.sv:55$18.nzimm_lui' from process `\decompress.$proc$../../rtl/decompress.sv:0$21'.
No latch inferred for signal `\decompress.\decompress_quadrant_1$func$../../rtl/decompress.sv:55$18.shamt' from process `\decompress.$proc$../../rtl/decompress.sv:0$21'.
No latch inferred for signal `\decompress.\decompress_quadrant_1$func$../../rtl/decompress.sv:55$18.$unnamed_block$16.funct2' from process `\decompress.$proc$../../rtl/decompress.sv:0$21'.
No latch inferred for signal `\decompress.\decompress_quadrant_1$func$../../rtl/decompress.sv:55$18.$unnamed_block$16.funct2_ca' from process `\decompress.$proc$../../rtl/decompress.sv:0$21'.
No latch inferred for signal `\decompress.\decompress_quadrant_2$func$../../rtl/decompress.sv:56$19.rd_rs1' from process `\decompress.$proc$../../rtl/decompress.sv:0$21'.
No latch inferred for signal `\decompress.\decompress_quadrant_2$func$../../rtl/decompress.sv:56$19.rs2' from process `\decompress.$proc$../../rtl/decompress.sv:0$21'.
No latch inferred for signal `\decompress.\decompress_quadrant_2$func$../../rtl/decompress.sv:56$19.shamt' from process `\decompress.$proc$../../rtl/decompress.sv:0$21'.
No latch inferred for signal `\decompress.\decompress_quadrant_2$func$../../rtl/decompress.sv:56$19.uimm_lwsp' from process `\decompress.$proc$../../rtl/decompress.sv:0$21'.
No latch inferred for signal `\decompress.\decompress_quadrant_2$func$../../rtl/decompress.sv:56$19.uimm_swsp' from process `\decompress.$proc$../../rtl/decompress.sv:0$21'.

3.3.9. Executing PROC_DFF pass (convert process syncs to FFs).
Creating register for signal `\synth_harness.\result_reg' using process `\synth_harness.$proc$synth_harness.sv:188$506'.
  created $dff cell `$procdff$1724' with positive edge clock.
Creating register for signal `\synth_harness.\stim_sel' using process `\synth_harness.$proc$synth_harness.sv:29$498'.
  created $adff cell `$procdff$1725' with positive edge clock and negative level reset.
Creating register for signal `\synth_harness.$fordecl_block$1.i' using process `\synth_harness.$proc$synth_harness.sv:29$498'.
  created $adff cell `$procdff$1726' with positive edge clock and negative level reset.
Creating register for signal `\synth_harness.$fordecl_block$3.i' using process `\synth_harness.$proc$synth_harness.sv:29$498'.
  created $dff cell `$procdff$1729' with positive edge clock.
Creating register for signal `\synth_harness.\stim_reg[0]' using process `\synth_harness.$proc$synth_harness.sv:29$498'.
  created $adff cell `$procdff$1730' with positive edge clock and negative level reset.
Creating register for signal `\synth_harness.\stim_reg[1]' using process `\synth_harness.$proc$synth_harness.sv:29$498'.
  created $adff cell `$procdff$1731' with positive edge clock and negative level reset.
Creating register for signal `\synth_harness.\stim_reg[2]' using process `\synth_harness.$proc$synth_harness.sv:29$498'.
  created $adff cell `$procdff$1732' with positive edge clock and negative level reset.
Creating register for signal `\synth_harness.\stim_reg[3]' using process `\synth_harness.$proc$synth_harness.sv:29$498'.
  created $adff cell `$procdff$1733' with positive edge clock and negative level reset.
Creating register for signal `\synth_harness.\stim_reg[4]' using process `\synth_harness.$proc$synth_harness.sv:29$498'.
  created $adff cell `$procdff$1734' with positive edge clock and negative level reset.
Creating register for signal `\synth_harness.\stim_reg[5]' using process `\synth_harness.$proc$synth_harness.sv:29$498'.
  created $adff cell `$procdff$1735' with positive edge clock and negative level reset.
Creating register for signal `\synth_harness.\stim_reg[6]' using process `\synth_harness.$proc$synth_harness.sv:29$498'.
  created $adff cell `$procdff$1736' with positive edge clock and negative level reset.
Creating register for signal `\synth_harness.\stim_reg[7]' using process `\synth_harness.$proc$synth_harness.sv:29$498'.
  created $adff cell `$procdff$1737' with positive edge clock and negative level reset.
Creating register for signal `\synth_harness.\rst_n_sync1' using process `\synth_harness.$proc$synth_harness.sv:18$497'.
  created $dff cell `$procdff$1738' with positive edge clock.
Creating register for signal `\synth_harness.\rst_n_sync2' using process `\synth_harness.$proc$synth_harness.sv:18$497'.
  created $dff cell `$procdff$1739' with positive edge clock.
Creating register for signal `\SB_DFFNES.\Q' using process `\SB_DFFNES.$proc$/usr/bin/../share/yosys/ice40/cells_sim.v:1414$355'.
  created $adff cell `$procdff$1740' with negative edge clock and positive level reset.
Creating register for signal `\SB_DFFNESS.\Q' using process `\SB_DFFNESS.$proc$/usr/bin/../share/yosys/ice40/cells_sim.v:1353$348'.
  created $dff cell `$procdff$1741' with negative edge clock.
Creating register for signal `\SB_DFFNER.\Q' using process `\SB_DFFNER.$proc$/usr/bin/../share/yosys/ice40/cells_sim.v:1273$344'.
  created $adff cell `$procdff$1742' with negative edge clock and positive level reset.
Creating register for signal `\SB_DFFNESR.\Q' using process `\SB_DFFNESR.$proc$/usr/bin/../share/yosys/ice40/cells_sim.v:1212$337'.
  created $dff cell `$procdff$1743' with negative edge clock.
Creating register for signal `\SB_DFFNS.\Q' using process `\SB_DFFNS.$proc$/usr/bin/../share/yosys/ice40/cells_sim.v:1138$334'.
  created $adff cell `$procdff$1744' with negative edge clock and positive level reset.
Creating register for signal `\SB_DFFNSS.\Q' using process `\SB_DFFNSS.$proc$/usr/bin/../share/yosys/ice40/cells_sim.v:1088$331'.
  created $dff cell `$procdff$1745' with negative edge clock.
Creating register for signal `\SB_DFFNR.\Q' using process `\SB_DFFNR.$proc$/usr/bin/../share/yosys/ice40/cells_sim.v:1017$328'.
  created $adff cell `$procdff$1746' with negative edge clock and positive level reset.
Creating register for signal `\SB_DFFNSR.\Q' using process `\SB_DFFNSR.$proc$/usr/bin/../share/yosys/ice40/cells_sim.v:967$325'.
  created $dff cell `$procdff$1747' with negative edge clock.
Creating register for signal `\SB_DFFNE.\Q' using process `\SB_DFFNE.$proc$/usr/bin/../share/yosys/ice40/cells_sim.v:922$323'.
  created $dff cell `$procdff$1748' with negative edge clock.
Creating register for signal `\SB_DFFN.\Q' using process `\SB_DFFN.$proc$/usr/bin/../share/yosys/ice40/cells_sim.v:882$321'.
  created $dff cell `$procdff$1749' with negative edge clock.
Creating register for signal `\SB_DFFES.\Q' using process `\SB_DFFES.$proc$/usr/bin/../share/yosys/ice40/cells_sim.v:803$317'.
  created $adff cell `$procdff$1750' with positive edge clock and positive level reset.
Creating register for signal `\SB_DFFESS.\Q' using process `\SB_DFFESS.$proc$/usr/bin/../share/yosys/ice40/cells_sim.v:742$310'.
  created $dff cell `$procdff$1751' with positive edge clock.
Creating register for signal `\SB_DFFER.\Q' using process `\SB_DFFER.$proc$/usr/bin/../share/yosys/ice40/cells_sim.v:662$306'.
  created $adff cell `$procdff$1752' with positive edge clock and positive level reset.
Creating register for signal `\SB_DFFESR.\Q' using process `\SB_DFFESR.$proc$/usr/bin/../share/yosys/ice40/cells_sim.v:601$299'.
  created $dff cell `$procdff$1753' with positive edge clock.
Creating register for signal `\SB_DFFS.\Q' using process `\SB_DFFS.$proc$/usr/bin/../share/yosys/ice40/cells_sim.v:527$296'.
  created $adff cell `$procdff$1754' with positive edge clock and positive level reset.
Creating register for signal `\SB_DFFSS.\Q' using process `\SB_DFFSS.$proc$/usr/bin/../share/yosys/ice40/cells_sim.v:477$293'.
  created $dff cell `$procdff$1755' with positive edge clock.
Creating register for signal `\SB_DFFR.\Q' using process `\SB_DFFR.$proc$/usr/bin/../share/yosys/ice40/cells_sim.v:406$290'.
  created $adff cell `$procdff$1756' with positive edge clock and positive level reset.
Creating register for signal `\SB_DFFSR.\Q' using process `\SB_DFFSR.$proc$/usr/bin/../share/yosys/ice40/cells_sim.v:356$287'.
  created $dff cell `$procdff$1757' with positive edge clock.
Creating register for signal `\SB_DFFE.\Q' using process `\SB_DFFE.$proc$/usr/bin/../share/yosys/ice40/cells_sim.v:311$285'.
  created $dff cell `$procdff$1758' with positive edge clock.
Creating register for signal `\SB_DFF.\Q' using process `\SB_DFF.$proc$/usr/bin/../share/yosys/ice40/cells_sim.v:271$283'.
  created $dff cell `$procdff$1759' with positive edge clock.

3.3.10. Executing PROC_MEMWR pass (convert process memory writes to cells).

3.3.11. Executing PROC_CLEAN pass (remove empty switches from decision trees).
Removing empty process `synth_harness.$proc$synth_harness.sv:188$506'.
Removing empty process `synth_harness.$proc$synth_harness.sv:29$498'.
Removing empty process `synth_harness.$proc$synth_harness.sv:18$497'.
Removing empty process `SB_DFFNES.$proc$/usr/bin/../share/yosys/ice40/cells_sim.v:0$358'.
Found and cleaned up 1 empty switch in `\SB_DFFNES.$proc$/usr/bin/../share/yosys/ice40/cells_sim.v:1414$355'.
Removing empty process `SB_DFFNES.$proc$/usr/bin/../share/yosys/ice40/cells_sim.v:1414$355'.
Removing empty process `SB_DFFNESS.$proc$/usr/bin/../share/yosys/ice40/cells_sim.v:0$354'.
Found and cleaned up 2 empty switches in `\SB_DFFNESS.$proc$/usr/bin/../share/yosys/ice40/cells_sim.v:1353$348'.
Removing empty process `SB_DFFNESS.$proc$/usr/bin/../share/yosys/ice40/cells_sim.v:1353$348'.
Removing empty process `SB_DFFNER.$proc$/usr/bin/../share/yosys/ice40/cells_sim.v:0$347'.
Found and cleaned up 1 empty switch in `\SB_DFFNER.$proc$/usr/bin/../share/yosys/ice40/cells_sim.v:1273$344'.
Removing empty process `SB_DFFNER.$proc$/usr/bin/../share/yosys/ice40/cells_sim.v:1273$344'.
Removing empty process `SB_DFFNESR.$proc$/usr/bin/../share/yosys/ice40/cells_sim.v:0$343'.
Found and cleaned up 2 empty switches in `\SB_DFFNESR.$proc$/usr/bin/../share/yosys/ice40/cells_sim.v:1212$337'.
Removing empty process `SB_DFFNESR.$proc$/usr/bin/../share/yosys/ice40/cells_sim.v:1212$337'.
Removing empty process `SB_DFFNS.$proc$/usr/bin/../share/yosys/ice40/cells_sim.v:0$336'.
Removing empty process `SB_DFFNS.$proc$/usr/bin/../share/yosys/ice40/cells_sim.v:1138$334'.
Removing empty process `SB_DFFNSS.$proc$/usr/bin/../share/yosys/ice40/cells_sim.v:0$333'.
Found and cleaned up 1 empty switch in `\SB_DFFNSS.$proc$/usr/bin/../share/yosys/ice40/cells_sim.v:1088$331'.
Removing empty process `SB_DFFNSS.$proc$/usr/bin/../share/yosys/ice40/cells_sim.v:1088$331'.
Removing empty process `SB_DFFNR.$proc$/usr/bin/../share/yosys/ice40/cells_sim.v:0$330'.
Removing empty process `SB_DFFNR.$proc$/usr/bin/../share/yosys/ice40/cells_sim.v:1017$328'.
Removing empty process `SB_DFFNSR.$proc$/usr/bin/../share/yosys/ice40/cells_sim.v:0$327'.
Found and cleaned up 1 empty switch in `\SB_DFFNSR.$proc$/usr/bin/../share/yosys/ice40/cells_sim.v:967$325'.
Removing empty process `SB_DFFNSR.$proc$/usr/bin/../share/yosys/ice40/cells_sim.v:967$325'.
Removing empty process `SB_DFFNE.$proc$/usr/bin/../share/yosys/ice40/cells_sim.v:0$324'.
Found and cleaned up 1 empty switch in `\SB_DFFNE.$proc$/usr/bin/../share/yosys/ice40/cells_sim.v:922$323'.
Removing empty process `SB_DFFNE.$proc$/usr/bin/../share/yosys/ice40/cells_sim.v:922$323'.
Removing empty process `SB_DFFN.$proc$/usr/bin/../share/yosys/ice40/cells_sim.v:0$322'.
Removing empty process `SB_DFFN.$proc$/usr/bin/../share/yosys/ice40/cells_sim.v:882$321'.
Removing empty process `SB_DFFES.$proc$/usr/bin/../share/yosys/ice40/cells_sim.v:0$320'.
Found and cleaned up 1 empty switch in `\SB_DFFES.$proc$/usr/bin/../share/yosys/ice40/cells_sim.v:803$317'.
Removing empty process `SB_DFFES.$proc$/usr/bin/../share/yosys/ice40/cells_sim.v:803$317'.
Removing empty process `SB_DFFESS.$proc$/usr/bin/../share/yosys/ice40/cells_sim.v:0$316'.
Found and cleaned up 2 empty switches in `\SB_DFFESS.$proc$/usr/bin/../share/yosys/ice40/cells_sim.v:742$310'.
Removing empty process `SB_DFFESS.$proc$/usr/bin/../share/yosys/ice40/cells_sim.v:742$310'.
Removing empty process `SB_DFFER.$proc$/usr/bin/../share/yosys/ice40/cells_sim.v:0$309'.
Found and cleaned up 1 empty switch in `\SB_DFFER.$proc$/usr/bin/../share/yosys/ice40/cells_sim.v:662$306'.
Removing empty process `SB_DFFER.$proc$/usr/bin/../share/yosys/ice40/cells_sim.v:662$306'.
Removing empty process `SB_DFFESR.$proc$/usr/bin/../share/yosys/ice40/cells_sim.v:0$305'.
Found and cleaned up 2 empty switches in `\SB_DFFESR.$proc$/usr/bin/../share/yosys/ice40/cells_sim.v:601$299'.
Removing empty process `SB_DFFESR.$proc$/usr/bin/../share/yosys/ice40/cells_sim.v:601$299'.
Removing empty process `SB_DFFS.$proc$/usr/bin/../share/yosys/ice40/cells_sim.v:0$298'.
Removing empty process `SB_DFFS.$proc$/usr/bin/../share/yosys/ice40/cells_sim.v:527$296'.
Removing empty process `SB_DFFSS.$proc$/usr/bin/../share/yosys/ice40/cells_sim.v:0$295'.
Found and cleaned up 1 empty switch in `\SB_DFFSS.$proc$/usr/bin/../share/yosys/ice40/cells_sim.v:477$293'.
Removing empty process `SB_DFFSS.$proc$/usr/bin/../share/yosys/ice40/cells_sim.v:477$293'.
Removing empty process `SB_DFFR.$proc$/usr/bin/../share/yosys/ice40/cells_sim.v:0$292'.
Removing empty process `SB_DFFR.$proc$/usr/bin/../share/yosys/ice40/cells_sim.v:406$290'.
Removing empty process `SB_DFFSR.$proc$/usr/bin/../share/yosys/ice40/cells_sim.v:0$289'.
Found and cleaned up 1 empty switch in `\SB_DFFSR.$proc$/usr/bin/../share/yosys/ice40/cells_sim.v:356$287'.
Removing empty process `SB_DFFSR.$proc$/usr/bin/../share/yosys/ice40/cells_sim.v:356$287'.
Removing empty process `SB_DFFE.$proc$/usr/bin/../share/yosys/ice40/cells_sim.v:0$286'.
Found and cleaned up 1 empty switch in `\SB_DFFE.$proc$/usr/bin/../share/yosys/ice40/cells_sim.v:311$285'.
Removing empty process `SB_DFFE.$proc$/usr/bin/../share/yosys/ice40/cells_sim.v:311$285'.
Removing empty process `SB_DFF.$proc$/usr/bin/../share/yosys/ice40/cells_sim.v:0$284'.
Removing empty process `SB_DFF.$proc$/usr/bin/../share/yosys/ice40/cells_sim.v:271$283'.
Found and cleaned up 25 empty switches in `\decompress.$proc$../../rtl/decompress.sv:0$21'.
Removing empty process `decompress.$proc$../../rtl/decompress.sv:0$21'.
Cleaned up 43 empty switches.

3.3.12. Executing OPT_EXPR pass (perform const folding).
Optimizing module synth_harness.
<suppressed ~1 debug messages>
Optimizing module decompress.
<suppressed ~173 debug messages>

3.4. Executing FLATTEN pass (flatten design).
Deleting now unused module decompress.
<suppressed ~1 debug messages>

3.5. Executing TRIBUF pass.

3.6. Executing DEMINOUT pass (demote inout ports to input or output).

3.7. Executing OPT_EXPR pass (perform const folding).
Optimizing module synth_harness.

3.8. Executing OPT_CLEAN pass (remove unused cells and wires).
Finding unused cells or wires in module \synth_harness..
Removed 212 unused cells and 520 unused wires.
<suppressed ~214 debug messages>

3.9. Executing CHECK pass (checking for obvious problems).
Checking module synth_harness...
Found and reported 0 problems.

3.10. Executing OPT pass (performing simple optimizations).

3.10.1. Executing OPT_EXPR pass (perform const folding).
Optimizing module synth_harness.

3.10.2. Executing OPT_MERGE pass (detect identical cells).
Finding identical cells in module `\synth_harness'.
<suppressed ~399 debug messages>
Removed a total of 133 cells.

3.10.3. Executing OPT_MUXTREE pass (detect dead branches in mux trees).
Running muxtree optimizer on module \synth_harness..
  Creating internal representation of mux trees.
  Evaluating internal representation of mux trees.
  Analyzing evaluation results.
    dead port 2/2 on $mux $flatten\u_decompress.$procmux$1319.
    dead port 2/2 on $mux $flatten\u_decompress.$procmux$1055.
    dead port 2/2 on $mux $flatten\u_decompress.$procmux$1322.
    dead port 2/2 on $mux $flatten\u_decompress.$procmux$1058.
    dead port 2/2 on $mux $flatten\u_decompress.$procmux$1071.
    dead port 2/2 on $mux $flatten\u_decompress.$procmux$1073.
    dead port 2/2 on $mux $flatten\u_decompress.$procmux$1075.
    dead port 2/2 on $mux $flatten\u_decompress.$procmux$1447.
    dead port 2/2 on $mux $flatten\u_decompress.$procmux$1450.
    dead port 2/2 on $mux $flatten\u_decompress.$procmux$1461.
    dead port 2/2 on $mux $flatten\u_decompress.$procmux$1078.
    dead port 2/2 on $mux $flatten\u_decompress.$procmux$1463.
    dead port 2/2 on $mux $flatten\u_decompress.$procmux$1466.
    dead port 2/2 on $mux $flatten\u_decompress.$procmux$1477.
    dead port 2/2 on $mux $flatten\u_decompress.$procmux$1479.
    dead port 2/2 on $mux $flatten\u_decompress.$procmux$1482.
    dead port 2/2 on $mux $flatten\u_decompress.$procmux$1492.
    dead port 2/2 on $mux $flatten\u_decompress.$procmux$1090.
    dead port 2/2 on $mux $flatten\u_decompress.$procmux$1495.
    dead port 2/2 on $mux $flatten\u_decompress.$procmux$1092.
    dead port 2/2 on $mux $flatten\u_decompress.$procmux$1000.
    dead port 2/2 on $mux $flatten\u_decompress.$procmux$1505.
    dead port 2/2 on $mux $flatten\u_decompress.$procmux$1095.
    dead port 2/2 on $mux $flatten\u_decompress.$procmux$1508.
    dead port 2/2 on $mux $flatten\u_decompress.$procmux$1557.
    dead port 2/2 on $mux $flatten\u_decompress.$procmux$1012.
    dead port 2/2 on $mux $flatten\u_decompress.$procmux$1014.
    dead port 2/2 on $mux $flatten\u_decompress.$procmux$1565.
    dead port 1/2 on $mux $flatten\u_decompress.$procmux$559.
    dead port 1/2 on $mux $flatten\u_decompress.$procmux$562.
    dead port 2/2 on $mux $flatten\u_decompress.$procmux$565.
    dead port 2/2 on $mux $flatten\u_decompress.$procmux$567.
    dead port 2/2 on $mux $flatten\u_decompress.$procmux$1107.
    dead port 2/2 on $mux $flatten\u_decompress.$procmux$569.
    dead port 2/2 on $mux $flatten\u_decompress.$procmux$572.
    dead port 1/2 on $mux $flatten\u_decompress.$procmux$581.
    dead port 1/2 on $mux $flatten\u_decompress.$procmux$584.
    dead port 2/2 on $mux $flatten\u_decompress.$procmux$587.
    dead port 2/2 on $mux $flatten\u_decompress.$procmux$589.
    dead port 2/2 on $mux $flatten\u_decompress.$procmux$1109.
    dead port 2/2 on $mux $flatten\u_decompress.$procmux$591.
    dead port 2/2 on $mux $flatten\u_decompress.$procmux$1016.
    dead port 2/2 on $mux $flatten\u_decompress.$procmux$594.
    dead port 2/2 on $mux $flatten\u_decompress.$procmux$603.
    dead port 1/2 on $mux $flatten\u_decompress.$procmux$606.
    dead port 2/2 on $mux $flatten\u_decompress.$procmux$609.
    dead port 2/2 on $mux $flatten\u_decompress.$procmux$611.
    dead port 2/2 on $mux $flatten\u_decompress.$procmux$1112.
    dead port 2/2 on $mux $flatten\u_decompress.$procmux$613.
    dead port 2/2 on $mux $flatten\u_decompress.$procmux$616.
    dead port 2/2 on $mux $flatten\u_decompress.$procmux$625.
    dead port 1/2 on $mux $flatten\u_decompress.$procmux$628.
    dead port 2/2 on $mux $flatten\u_decompress.$procmux$631.
    dead port 2/2 on $mux $flatten\u_decompress.$procmux$633.
    dead port 1/2 on $mux $flatten\u_decompress.$procmux$1124.
    dead port 2/2 on $mux $flatten\u_decompress.$procmux$635.
    dead port 2/2 on $mux $flatten\u_decompress.$procmux$1126.
    dead port 2/2 on $mux $flatten\u_decompress.$procmux$638.
    dead port 1/2 on $mux $flatten\u_decompress.$procmux$647.
    dead port 2/2 on $mux $flatten\u_decompress.$procmux$650.
    dead port 2/2 on $mux $flatten\u_decompress.$procmux$652.
    dead port 2/2 on $mux $flatten\u_decompress.$procmux$654.
    dead port 2/2 on $mux $flatten\u_decompress.$procmux$1128.
    dead port 2/2 on $mux $flatten\u_decompress.$procmux$657.
    dead port 1/2 on $mux $flatten\u_decompress.$procmux$666.
    dead port 2/2 on $mux $flatten\u_decompress.$procmux$669.
    dead port 2/2 on $mux $flatten\u_decompress.$procmux$671.
    dead port 2/2 on $mux $flatten\u_decompress.$procmux$673.
    dead port 2/2 on $mux $flatten\u_decompress.$procmux$1131.
    dead port 2/2 on $mux $flatten\u_decompress.$procmux$676.
    dead port 2/2 on $mux $flatten\u_decompress.$procmux$685.
    dead port 2/2 on $mux $flatten\u_decompress.$procmux$687.
    dead port 2/2 on $mux $flatten\u_decompress.$procmux$689.
    dead port 1/2 on $mux $flatten\u_decompress.$procmux$1143.
    dead port 2/2 on $mux $flatten\u_decompress.$procmux$692.
    dead port 2/2 on $mux $flatten\u_decompress.$procmux$701.
    dead port 2/2 on $mux $flatten\u_decompress.$procmux$703.
    dead port 2/2 on $mux $flatten\u_decompress.$procmux$1145.
    dead port 2/2 on $mux $flatten\u_decompress.$procmux$705.
    dead port 2/2 on $mux $flatten\u_decompress.$procmux$1019.
    dead port 2/2 on $mux $flatten\u_decompress.$procmux$708.
    dead port 1/2 on $mux $flatten\u_decompress.$procmux$718.
    dead port 1/2 on $mux $flatten\u_decompress.$procmux$720.
    dead port 2/2 on $mux $flatten\u_decompress.$procmux$722.
    dead port 2/2 on $mux $flatten\u_decompress.$procmux$1147.
    dead port 2/2 on $mux $flatten\u_decompress.$procmux$724.
    dead port 2/2 on $mux $flatten\u_decompress.$procmux$727.
    dead port 1/2 on $mux $flatten\u_decompress.$procmux$737.
    dead port 1/2 on $mux $flatten\u_decompress.$procmux$739.
    dead port 2/2 on $mux $flatten\u_decompress.$procmux$741.
    dead port 2/2 on $mux $flatten\u_decompress.$procmux$1150.
    dead port 2/2 on $mux $flatten\u_decompress.$procmux$743.
    dead port 2/2 on $mux $flatten\u_decompress.$procmux$746.
    dead port 2/2 on $mux $flatten\u_decompress.$procmux$756.
    dead port 1/2 on $mux $flatten\u_decompress.$procmux$758.
    dead port 2/2 on $mux $flatten\u_decompress.$procmux$760.
    dead port 2/2 on $mux $flatten\u_decompress.$procmux$1162.
    dead port 2/2 on $mux $flatten\u_decompress.$procmux$762.
    dead port 2/2 on $mux $flatten\u_decompress.$procmux$1164.
    dead port 2/2 on $mux $flatten\u_decompress.$procmux$765.
    dead port 2/2 on $mux $flatten\u_decompress.$procmux$775.
    dead port 1/2 on $mux $flatten\u_decompress.$procmux$777.
    dead port 2/2 on $mux $flatten\u_decompress.$procmux$779.
    dead port 2/2 on $mux $flatten\u_decompress.$procmux$1031.
    dead port 2/2 on $mux $flatten\u_decompress.$procmux$781.
    dead port 2/2 on $mux $flatten\u_decompress.$procmux$1166.
    dead port 2/2 on $mux $flatten\u_decompress.$procmux$784.
    dead port 1/2 on $mux $flatten\u_decompress.$procmux$793.
    dead port 2/2 on $mux $flatten\u_decompress.$procmux$795.
    dead port 2/2 on $mux $flatten\u_decompress.$procmux$797.
    dead port 2/2 on $mux $flatten\u_decompress.$procmux$1169.
    dead port 2/2 on $mux $flatten\u_decompress.$procmux$800.
    dead port 1/2 on $mux $flatten\u_decompress.$procmux$809.
    dead port 2/2 on $mux $flatten\u_decompress.$procmux$811.
    dead port 2/2 on $mux $flatten\u_decompress.$procmux$813.
    dead port 2/2 on $mux $flatten\u_decompress.$procmux$1181.
    dead port 2/2 on $mux $flatten\u_decompress.$procmux$816.
    dead port 2/2 on $mux $flatten\u_decompress.$procmux$824.
    dead port 2/2 on $mux $flatten\u_decompress.$procmux$1183.
    dead port 2/2 on $mux $flatten\u_decompress.$procmux$826.
    dead port 2/2 on $mux $flatten\u_decompress.$procmux$1033.
    dead port 2/2 on $mux $flatten\u_decompress.$procmux$829.
    dead port 2/2 on $mux $flatten\u_decompress.$procmux$837.
    dead port 2/2 on $mux $flatten\u_decompress.$procmux$1185.
    dead port 2/2 on $mux $flatten\u_decompress.$procmux$839.
    dead port 2/2 on $mux $flatten\u_decompress.$procmux$842.
    dead port 2/2 on $mux $flatten\u_decompress.$procmux$851.
    dead port 2/2 on $mux $flatten\u_decompress.$procmux$1188.
    dead port 2/2 on $mux $flatten\u_decompress.$procmux$853.
    dead port 2/2 on $mux $flatten\u_decompress.$procmux$856.
    dead port 2/2 on $mux $flatten\u_decompress.$procmux$865.
    dead port 2/2 on $mux $flatten\u_decompress.$procmux$1199.
    dead port 2/2 on $mux $flatten\u_decompress.$procmux$867.
    dead port 2/2 on $mux $flatten\u_decompress.$procmux$1035.
    dead port 2/2 on $mux $flatten\u_decompress.$procmux$870.
    dead port 2/2 on $mux $flatten\u_decompress.$procmux$880.
    dead port 2/2 on $mux $flatten\u_decompress.$procmux$1201.
    dead port 2/2 on $mux $flatten\u_decompress.$procmux$882.
    dead port 2/2 on $mux $flatten\u_decompress.$procmux$885.
    dead port 2/2 on $mux $flatten\u_decompress.$procmux$895.
    dead port 2/2 on $mux $flatten\u_decompress.$procmux$1204.
    dead port 2/2 on $mux $flatten\u_decompress.$procmux$897.
    dead port 2/2 on $mux $flatten\u_decompress.$procmux$900.
    dead port 2/2 on $mux $flatten\u_decompress.$procmux$1215.
    dead port 2/2 on $mux $flatten\u_decompress.$procmux$1038.
    dead port 2/2 on $mux $flatten\u_decompress.$procmux$1217.
    dead port 2/2 on $mux $flatten\u_decompress.$procmux$909.
    dead port 2/2 on $mux $flatten\u_decompress.$procmux$1220.
    dead port 2/2 on $mux $flatten\u_decompress.$procmux$912.
    dead port 2/2 on $mux $flatten\u_decompress.$procmux$1266.
    dead port 2/2 on $mux $flatten\u_decompress.$procmux$1268.
    dead port 2/2 on $mux $flatten\u_decompress.$procmux$921.
    dead port 2/2 on $mux $flatten\u_decompress.$procmux$1051.
    dead port 2/2 on $mux $flatten\u_decompress.$procmux$924.
    dead port 1/2 on $mux $flatten\u_decompress.$procmux$957.
    dead port 2/2 on $mux $flatten\u_decompress.$procmux$959.
    dead port 2/2 on $mux $flatten\u_decompress.$procmux$1271.
    dead port 2/2 on $mux $flatten\u_decompress.$procmux$961.
    dead port 2/2 on $mux $flatten\u_decompress.$procmux$963.
    dead port 2/2 on $mux $flatten\u_decompress.$procmux$966.
    dead port 2/2 on $mux $flatten\u_decompress.$procmux$976.
    dead port 2/2 on $mux $flatten\u_decompress.$procmux$978.
    dead port 2/2 on $mux $flatten\u_decompress.$procmux$980.
    dead port 2/2 on $mux $flatten\u_decompress.$procmux$983.
    dead port 2/2 on $mux $flatten\u_decompress.$procmux$993.
    dead port 2/2 on $mux $flatten\u_decompress.$procmux$1053.
    dead port 2/2 on $mux $flatten\u_decompress.$procmux$995.
    dead port 2/2 on $mux $flatten\u_decompress.$procmux$997.
Removed 168 multiplexer ports.
<suppressed ~2 debug messages>

3.10.4. Executing OPT_REDUCE pass (consolidate $*mux and $reduce_* inputs).
  Optimizing cells in module \synth_harness.
    New ctrl vector for $pmux cell $flatten\u_decompress.$procmux$1438: { $flatten\u_decompress.$procmux$1127_CMP $flatten\u_decompress.$procmux$1015_CMP $auto$opt_reduce.cc:134:opt_pmux$1763 }
    New ctrl vector for $pmux cell $flatten\u_decompress.$procmux$1488: { $flatten\u_decompress.$procmux$1267_CMP $auto$opt_reduce.cc:134:opt_pmux$1765 }
  Optimizing cells in module \synth_harness.
Performed a total of 2 changes.

3.10.5. Executing OPT_MERGE pass (detect identical cells).
Finding identical cells in module `\synth_harness'.
<suppressed ~21 debug messages>
Removed a total of 7 cells.

3.10.6. Executing OPT_DFF pass (perform DFF optimizations).

3.10.7. Executing OPT_CLEAN pass (remove unused cells and wires).
Finding unused cells or wires in module \synth_harness..
Removed 0 unused cells and 308 unused wires.
<suppressed ~1 debug messages>

3.10.8. Executing OPT_EXPR pass (perform const folding).
Optimizing module synth_harness.
<suppressed ~1 debug messages>

3.10.9. Rerunning OPT passes. (Maybe there is more to do..)

3.10.10. Executing OPT_MUXTREE pass (detect dead branches in mux trees).
Running muxtree optimizer on module \synth_harness..
  Creating internal representation of mux trees.
  Evaluating internal representation of mux trees.
  Analyzing evaluation results.
Removed 0 multiplexer ports.
<suppressed ~4 debug messages>

3.10.11. Executing OPT_REDUCE pass (consolidate $*mux and $reduce_* inputs).
  Optimizing cells in module \synth_harness.
    New ctrl vector for $pmux cell $flatten\u_decompress.$procmux$1085: { $auto$opt_reduce.cc:134:opt_pmux$1767 $flatten\u_decompress.$procmux$1087_CMP $flatten\u_decompress.$procmux$1086_CMP }
  Optimizing cells in module \synth_harness.
Performed a total of 1 changes.

3.10.12. Executing OPT_MERGE pass (detect identical cells).
Finding identical cells in module `\synth_harness'.
Removed a total of 0 cells.

3.10.13. Executing OPT_DFF pass (perform DFF optimizations).

3.10.14. Executing OPT_CLEAN pass (remove unused cells and wires).
Finding unused cells or wires in module \synth_harness..
Removed 0 unused cells and 1 unused wires.
<suppressed ~1 debug messages>

3.10.15. Executing OPT_EXPR pass (perform const folding).
Optimizing module synth_harness.

3.10.16. Rerunning OPT passes. (Maybe there is more to do..)

3.10.17. Executing OPT_MUXTREE pass (detect dead branches in mux trees).
Running muxtree optimizer on module \synth_harness..
  Creating internal representation of mux trees.
  Evaluating internal representation of mux trees.
  Analyzing evaluation results.
Removed 0 multiplexer ports.
<suppressed ~4 debug messages>

3.10.18. Executing OPT_REDUCE pass (consolidate $*mux and $reduce_* inputs).
  Optimizing cells in module \synth_harness.
Performed a total of 0 changes.

3.10.19. Executing OPT_MERGE pass (detect identical cells).
Finding identical cells in module `\synth_harness'.
Removed a total of 0 cells.

3.10.20. Executing OPT_DFF pass (perform DFF optimizations).

3.10.21. Executing OPT_CLEAN pass (remove unused cells and wires).
Finding unused cells or wires in module \synth_harness..

3.10.22. Executing OPT_EXPR pass (perform const folding).
Optimizing module synth_harness.

3.10.23. Finished OPT passes. (There is nothing left to do.)

3.11. Executing FSM pass (extract and optimize FSM).

3.11.1. Executing FSM_DETECT pass (finding FSMs in design).

3.11.2. Executing FSM_EXTRACT pass (extracting FSM from design).

3.11.3. Executing FSM_OPT pass (simple optimizations of FSMs).

3.11.4. Executing OPT_CLEAN pass (remove unused cells and wires).
Finding unused cells or wires in module \synth_harness..

3.11.5. Executing FSM_OPT pass (simple optimizations of FSMs).

3.11.6. Executing FSM_RECODE pass (re-assigning FSM state encoding).

3.11.7. Executing FSM_INFO pass (dumping all available information on FSM cells).

3.11.8. Executing FSM_MAP pass (mapping FSMs to basic logic).

3.12. Executing OPT pass (performing simple optimizations).

3.12.1. Executing OPT_EXPR pass (perform const folding).
Optimizing module synth_harness.

3.12.2. Executing OPT_MERGE pass (detect identical cells).
Finding identical cells in module `\synth_harness'.
Removed a total of 0 cells.

3.12.3. Executing OPT_MUXTREE pass (detect dead branches in mux trees).
Running muxtree optimizer on module \synth_harness..
  Creating internal representation of mux trees.
  Evaluating internal representation of mux trees.
  Analyzing evaluation results.
Removed 0 multiplexer ports.
<suppressed ~4 debug messages>

3.12.4. Executing OPT_REDUCE pass (consolidate $*mux and $reduce_* inputs).
  Optimizing cells in module \synth_harness.
Performed a total of 0 changes.

3.12.5. Executing OPT_MERGE pass (detect identical cells).
Finding identical cells in module `\synth_harness'.
Removed a total of 0 cells.

3.12.6. Executing OPT_DFF pass (perform DFF optimizations).

3.12.7. Executing OPT_CLEAN pass (remove unused cells and wires).
Finding unused cells or wires in module \synth_harness..

3.12.8. Executing OPT_EXPR pass (perform const folding).
Optimizing module synth_harness.

3.12.9. Finished OPT passes. (There is nothing left to do.)

3.13. Executing WREDUCE pass (reducing word size of cells).
Removed top 30 bits (of 32) from port B of cell synth_harness.$xor$synth_harness.sv:189$507 ($xor).
Removed top 24 bits (of 32) from FF cell synth_harness.$procdff$1724 ($dff).
Removed top 2 bits (of 32) from mux cell synth_harness.$flatten\u_decompress.$procmux$1475 ($mux).
Removed top 2 bits (of 3) from port B of cell synth_harness.$flatten\u_decompress.$procmux$1317_CMP0 ($eq).
Removed top 1 bits (of 3) from port B of cell synth_harness.$flatten\u_decompress.$procmux$1316_CMP0 ($eq).
Removed top 1 bits (of 3) from port B of cell synth_harness.$flatten\u_decompress.$procmux$1127_CMP0 ($eq).
Removed top 7 bits (of 32) from mux cell synth_harness.$flatten\u_decompress.$procmux$1069 ($mux).
Removed top 1 bits (of 32) from mux cell synth_harness.$flatten\u_decompress.$procmux$1029 ($mux).
Removed top 1 bits (of 2) from port B of cell synth_harness.$flatten\u_decompress.$procmux$1017_CMP0 ($eq).
Removed top 1 bits (of 2) from port B of cell synth_harness.$flatten\u_decompress.$procmux$1013_CMP0 ($eq).
Removed top 1 bits (of 2) from port B of cell synth_harness.$flatten\u_decompress.$procmux$955_CMP0 ($eq).
Removed top 7 bits (of 32) from mux cell synth_harness.$flatten\u_decompress.$procmux$893 ($mux).
Removed top 4 bits (of 32) from mux cell synth_harness.$flatten\u_decompress.$procmux$863 ($mux).
Removed top 12 bits (of 32) from mux cell synth_harness.$flatten\u_decompress.$procmux$773 ($mux).
Removed top 7 bits (of 32) from mux cell synth_harness.$flatten\u_decompress.$procmux$734 ($mux).
Removed top 12 bits (of 32) from mux cell synth_harness.$flatten\u_decompress.$procmux$623 ($mux).
Removed top 7 bits (of 32) from mux cell synth_harness.$flatten\u_decompress.$procmux$578 ($mux).
Removed top 3 bits (of 5) from port B of cell synth_harness.$flatten\u_decompress.$eq$../../rtl/decompress.sv:159$89 ($eq).
Removed top 24 bits (of 32) from port Y of cell synth_harness.$xor$synth_harness.sv:189$507 ($xor).
Removed top 24 bits (of 32) from port A of cell synth_harness.$xor$synth_harness.sv:189$507 ($xor).
Removed top 24 bits (of 32) from mux cell synth_harness.$flatten\u_decompress.$procmux$1668 ($mux).
Removed top 24 bits (of 32) from mux cell synth_harness.$flatten\u_decompress.$procmux$1560 ($pmux).
Removed top 24 bits (of 32) from mux cell synth_harness.$flatten\u_decompress.$procmux$1501 ($pmux).
Removed top 24 bits (of 32) from mux cell synth_harness.$flatten\u_decompress.$procmux$1310 ($pmux).
Removed top 24 bits (of 32) from mux cell synth_harness.$flatten\u_decompress.$procmux$916 ($pmux).
Removed top 22 bits (of 30) from mux cell synth_harness.$flatten\u_decompress.$procmux$1475 ($mux).
Removed top 24 bits (of 32) from mux cell synth_harness.$flatten\u_decompress.$procmux$1264 ($mux).
Removed top 24 bits (of 32) from mux cell synth_harness.$flatten\u_decompress.$procmux$1213 ($mux).
Removed cell synth_harness.$flatten\u_decompress.$procmux$1179 ($mux).
Removed top 24 bits (of 32) from mux cell synth_harness.$flatten\u_decompress.$procmux$1140 ($mux).
Removed top 24 bits (of 32) from mux cell synth_harness.$flatten\u_decompress.$procmux$1102 ($pmux).
Removed top 17 bits (of 25) from mux cell synth_harness.$flatten\u_decompress.$procmux$1069 ($mux).
Removed top 23 bits (of 31) from mux cell synth_harness.$flatten\u_decompress.$procmux$1029 ($mux).
Removed top 24 bits (of 32) from mux cell synth_harness.$flatten\u_decompress.$procmux$974 ($mux).
Removed top 24 bits (of 32) from mux cell synth_harness.$flatten\u_decompress.$procmux$952 ($pmux).
Removed top 17 bits (of 25) from mux cell synth_harness.$flatten\u_decompress.$procmux$893 ($mux).
Removed top 20 bits (of 28) from mux cell synth_harness.$flatten\u_decompress.$procmux$863 ($mux).
Removed top 24 bits (of 32) from mux cell synth_harness.$flatten\u_decompress.$procmux$835 ($mux).
Removed top 24 bits (of 32) from mux cell synth_harness.$flatten\u_decompress.$procmux$807 ($mux).
Removed top 13 bits (of 20) from mux cell synth_harness.$flatten\u_decompress.$procmux$773 ($mux).
Removed top 17 bits (of 25) from mux cell synth_harness.$flatten\u_decompress.$procmux$734 ($mux).
Removed top 24 bits (of 32) from mux cell synth_harness.$flatten\u_decompress.$procmux$682 ($mux).
Removed top 24 bits (of 32) from mux cell synth_harness.$flatten\u_decompress.$procmux$663 ($mux).
Removed top 12 bits (of 20) from mux cell synth_harness.$flatten\u_decompress.$procmux$623 ($mux).
Removed top 17 bits (of 25) from mux cell synth_harness.$flatten\u_decompress.$procmux$578 ($mux).
Removed top 24 bits (of 32) from wire synth_harness.$0\result_reg[31:0].
Removed top 24 bits (of 32) from wire synth_harness.$flatten\u_decompress.$10\insn_32[31:0].
Removed top 24 bits (of 32) from wire synth_harness.$flatten\u_decompress.$11\insn_32[31:0].
Removed top 24 bits (of 32) from wire synth_harness.$flatten\u_decompress.$12\insn_32[31:0].
Removed top 24 bits (of 32) from wire synth_harness.$flatten\u_decompress.$13\insn_32[31:0].
Removed top 24 bits (of 32) from wire synth_harness.$flatten\u_decompress.$14\insn_32[31:0].
Removed top 27 bits (of 32) from wire synth_harness.$flatten\u_decompress.$15\insn_32[31:0].
Removed top 24 bits (of 32) from wire synth_harness.$flatten\u_decompress.$16\insn_32[31:0].
Removed top 24 bits (of 32) from wire synth_harness.$flatten\u_decompress.$17\insn_32[31:0].
Removed top 24 bits (of 32) from wire synth_harness.$flatten\u_decompress.$18\insn_32[31:0].
Removed top 24 bits (of 32) from wire synth_harness.$flatten\u_decompress.$19\insn_32[31:0].
Removed top 25 bits (of 32) from wire synth_harness.$flatten\u_decompress.$20\insn_32[31:0].
Removed top 24 bits (of 32) from wire synth_harness.$flatten\u_decompress.$21\insn_32[31:0].
Removed top 24 bits (of 32) from wire synth_harness.$flatten\u_decompress.$22\insn_32[31:0].
Removed top 24 bits (of 32) from wire synth_harness.$flatten\u_decompress.$23\insn_32[31:0].
Removed top 24 bits (of 32) from wire synth_harness.$flatten\u_decompress.$24\insn_32[31:0].
Removed top 24 bits (of 32) from wire synth_harness.$flatten\u_decompress.$25\insn_32[31:0].
Removed top 24 bits (of 32) from wire synth_harness.$flatten\u_decompress.$2\insn_32[31:0].
Removed top 24 bits (of 32) from wire synth_harness.$flatten\u_decompress.$3\insn_32[31:0].
Removed top 24 bits (of 32) from wire synth_harness.$flatten\u_decompress.$4\insn_32[31:0].
Removed top 24 bits (of 32) from wire synth_harness.$flatten\u_decompress.$5\insn_32[31:0].
Removed top 24 bits (of 32) from wire synth_harness.$flatten\u_decompress.$6\insn_32[31:0].
Removed top 24 bits (of 32) from wire synth_harness.$flatten\u_decompress.$7\insn_32[31:0].
Removed top 24 bits (of 32) from wire synth_harness.$flatten\u_decompress.$9\insn_32[31:0].
Removed top 24 bits (of 32) from wire synth_harness.insn_32.

3.14. Executing PEEPOPT pass (run peephole optimizers).

3.15. Executing OPT_CLEAN pass (remove unused cells and wires).
Finding unused cells or wires in module \synth_harness..
Removed 0 unused cells and 26 unused wires.
<suppressed ~1 debug messages>

3.16. Executing SHARE pass (SAT-based resource sharing).

3.17. Executing TECHMAP pass (map to technology primitives).

3.17.1. Executing Verilog-2005 frontend: /usr/bin/../share/yosys/cmp2lut.v
Parsing Verilog input from `/usr/bin/../share/yosys/cmp2lut.v' to AST representation.
Generating RTLIL representation for module `\_90_lut_cmp_'.
Successfully finished Verilog frontend.

3.17.2. Continuing TECHMAP pass.
No more expansions possible.
<suppressed ~6 debug messages>

3.18. Executing OPT_EXPR pass (perform const folding).
Optimizing module synth_harness.

3.19. Executing OPT_CLEAN pass (remove unused cells and wires).
Finding unused cells or wires in module \synth_harness..

3.20. Executing ALUMACC pass (create $alu and $macc cells).
Extracting $alu and $macc cells in module synth_harness:
  created 0 $alu and 0 $macc cells.

3.21. Executing OPT pass (performing simple optimizations).

3.21.1. Executing OPT_EXPR pass (perform const folding).
Optimizing module synth_harness.

3.21.2. Executing OPT_MERGE pass (detect identical cells).
Finding identical cells in module `\synth_harness'.
Removed a total of 0 cells.

3.21.3. Executing OPT_MUXTREE pass (detect dead branches in mux trees).
Running muxtree optimizer on module \synth_harness..
  Creating internal representation of mux trees.
  Evaluating internal representation of mux trees.
  Analyzing evaluation results.
Removed 0 multiplexer ports.
<suppressed ~4 debug messages>

3.21.4. Executing OPT_REDUCE pass (consolidate $*mux and $reduce_* inputs).
  Optimizing cells in module \synth_harness.
    New ctrl vector for $pmux cell $flatten\u_decompress.$procmux$1310: { $flatten\u_decompress.$procmux$1267_CMP $flatten\u_decompress.$procmux$1317_CMP $flatten\u_decompress.$procmux$1316_CMP $flatten\u_decompress.$procmux$1127_CMP $flatten\u_decompress.$procmux$1015_CMP $flatten\u_decompress.$procmux$1313_CMP $auto$opt_reduce.cc:134:opt_pmux$1795 }
    New ctrl vector for $pmux cell $flatten\u_decompress.$procmux$952: $auto$opt_reduce.cc:134:opt_pmux$1797
  Optimizing cells in module \synth_harness.
Performed a total of 2 changes.

3.21.5. Executing OPT_MERGE pass (detect identical cells).
Finding identical cells in module `\synth_harness'.
<suppressed ~6 debug messages>
Removed a total of 2 cells.

3.21.6. Executing OPT_DFF pass (perform DFF optimizations).

3.21.7. Executing OPT_CLEAN pass (remove unused cells and wires).
Finding unused cells or wires in module \synth_harness..
Removed 0 unused cells and 2 unused wires.
<suppressed ~1 debug messages>

3.21.8. Executing OPT_EXPR pass (perform const folding).
Optimizing module synth_harness.

3.21.9. Rerunning OPT passes. (Maybe there is more to do..)

3.21.10. Executing OPT_MUXTREE pass (detect dead branches in mux trees).
Running muxtree optimizer on module \synth_harness..
  Creating internal representation of mux trees.
  Evaluating internal representation of mux trees.
  Analyzing evaluation results.
Removed 0 multiplexer ports.
<suppressed ~5 debug messages>

3.21.11. Executing OPT_REDUCE pass (consolidate $*mux and $reduce_* inputs).
  Optimizing cells in module \synth_harness.
    New ctrl vector for $pmux cell $flatten\u_decompress.$procmux$1102: { $auto$opt_reduce.cc:134:opt_pmux$1799 $flatten\u_decompress.$procmux$1087_CMP $flatten\u_decompress.$procmux$1086_CMP }
  Optimizing cells in module \synth_harness.
Performed a total of 1 changes.

3.21.12. Executing OPT_MERGE pass (detect identical cells).
Finding identical cells in module `\synth_harness'.
<suppressed ~3 debug messages>
Removed a total of 1 cells.

3.21.13. Executing OPT_DFF pass (perform DFF optimizations).

3.21.14. Executing OPT_CLEAN pass (remove unused cells and wires).
Finding unused cells or wires in module \synth_harness..
Removed 0 unused cells and 1 unused wires.
<suppressed ~1 debug messages>

3.21.15. Executing OPT_EXPR pass (perform const folding).
Optimizing module synth_harness.

3.21.16. Rerunning OPT passes. (Maybe there is more to do..)

3.21.17. Executing OPT_MUXTREE pass (detect dead branches in mux trees).
Running muxtree optimizer on module \synth_harness..
  Creating internal representation of mux trees.
  Evaluating internal representation of mux trees.
  Analyzing evaluation results.
Removed 0 multiplexer ports.
<suppressed ~5 debug messages>

3.21.18. Executing OPT_REDUCE pass (consolidate $*mux and $reduce_* inputs).
  Optimizing cells in module \synth_harness.
Performed a total of 0 changes.

3.21.19. Executing OPT_MERGE pass (detect identical cells).
Finding identical cells in module `\synth_harness'.
Removed a total of 0 cells.

3.21.20. Executing OPT_DFF pass (perform DFF optimizations).

3.21.21. Executing OPT_CLEAN pass (remove unused cells and wires).
Finding unused cells or wires in module \synth_harness..

3.21.22. Executing OPT_EXPR pass (perform const folding).
Optimizing module synth_harness.

3.21.23. Finished OPT passes. (There is nothing left to do.)

3.22. Executing MEMORY pass.

3.22.1. Executing OPT_MEM pass (optimize memories).
Performed a total of 0 transformations.

3.22.2. Executing OPT_MEM_PRIORITY pass (removing unnecessary memory write priority relations).
Performed a total of 0 transformations.

3.22.3. Executing OPT_MEM_FEEDBACK pass (finding memory read-to-write feedback paths).

3.22.4. Executing MEMORY_BMUX2ROM pass (converting muxes to ROMs).

3.22.5. Executing MEMORY_DFF pass (merging $dff cells to $memrd).

3.22.6. Executing OPT_CLEAN pass (remove unused cells and wires).
Finding unused cells or wires in module \synth_harness..

3.22.7. Executing MEMORY_SHARE pass (consolidating $memrd/$memwr cells).

3.22.8. Executing OPT_MEM_WIDEN pass (optimize memories where all ports are wide).
Performed a total of 0 transformations.

3.22.9. Executing OPT_CLEAN pass (remove unused cells and wires).
Finding unused cells or wires in module \synth_harness..

3.22.10. Executing MEMORY_COLLECT pass (generating $mem cells).

3.23. Executing OPT_CLEAN pass (remove unused cells and wires).
Finding unused cells or wires in module \synth_harness..

3.24. Executing MEMORY_LIBMAP pass (mapping memories to cells).

3.25. Executing TECHMAP pass (map to technology primitives).

3.25.1. Executing Verilog-2005 frontend: /usr/bin/../share/yosys/ice40/brams_map.v
Parsing Verilog input from `/usr/bin/../share/yosys/ice40/brams_map.v' to AST representation.
Generating RTLIL representation for module `\$__ICE40_RAM4K_'.
Successfully finished Verilog frontend.

3.25.2. Executing Verilog-2005 frontend: /usr/bin/../share/yosys/ice40/spram_map.v
Parsing Verilog input from `/usr/bin/../share/yosys/ice40/spram_map.v' to AST representation.
Generating RTLIL representation for module `\$__ICE40_SPRAM_'.
Successfully finished Verilog frontend.

3.25.3. Continuing TECHMAP pass.
No more expansions possible.
<suppressed ~4 debug messages>

3.26. Executing ICE40_BRAMINIT pass.

3.27. Executing OPT pass (performing simple optimizations).

3.27.1. Executing OPT_EXPR pass (perform const folding).
Optimizing module synth_harness.
<suppressed ~29 debug messages>

3.27.2. Executing OPT_MERGE pass (detect identical cells).
Finding identical cells in module `\synth_harness'.
Removed a total of 0 cells.

3.27.3. Executing OPT_DFF pass (perform DFF optimizations).

3.27.4. Executing OPT_CLEAN pass (remove unused cells and wires).
Finding unused cells or wires in module \synth_harness..
Removed 8 unused cells and 11 unused wires.
<suppressed ~9 debug messages>

3.27.5. Finished fast OPT passes.

3.28. Executing MEMORY_MAP pass (converting memories to logic and flip-flops).

3.29. Executing OPT pass (performing simple optimizations).

3.29.1. Executing OPT_EXPR pass (perform const folding).
Optimizing module synth_harness.

3.29.2. Executing OPT_MERGE pass (detect identical cells).
Finding identical cells in module `\synth_harness'.
Removed a total of 0 cells.

3.29.3. Executing OPT_MUXTREE pass (detect dead branches in mux trees).
Running muxtree optimizer on module \synth_harness..
  Creating internal representation of mux trees.
  Evaluating internal representation of mux trees.
  Analyzing evaluation results.
Removed 0 multiplexer ports.
<suppressed ~5 debug messages>

3.29.4. Executing OPT_REDUCE pass (consolidate $*mux and $reduce_* inputs).
  Optimizing cells in module \synth_harness.
    Consolidated identical input bits for $mux cell $flatten\u_decompress.$procmux$1029:
      Old ports: A={ \stim_reg[0] [7] 7'0010011 }, B=8'00010011, Y=$auto$wreduce.cc:461:run$1770 [7:0]
      New ports: A=\stim_reg[0] [7], B=1'0, Y=$auto$wreduce.cc:461:run$1770 [7]
      New connections: $auto$wreduce.cc:461:run$1770 [6:0] = 7'0010011
    Consolidated identical input bits for $mux cell $flatten\u_decompress.$procmux$1140:
      Old ports: A={ \stim_reg[0] [7] 7'0110111 }, B=8'00010011, Y=$auto$wreduce.cc:461:run$1791 [7:0]
      New ports: A={ \stim_reg[0] [7] 1'1 }, B=2'00, Y={ $auto$wreduce.cc:461:run$1791 [7] $auto$wreduce.cc:461:run$1791 [2] }
      New connections: { $auto$wreduce.cc:461:run$1791 [6:3] $auto$wreduce.cc:461:run$1791 [1:0] } = { 1'0 $auto$wreduce.cc:461:run$1791 [2] 4'1011 }
    Consolidated identical input bits for $mux cell $flatten\u_decompress.$procmux$1264:
      Old ports: A={ \stim_reg[0] [7] 7'0010011 }, B=8'00010011, Y=$auto$wreduce.cc:461:run$1789 [7:0]
      New ports: A=\stim_reg[0] [7], B=1'0, Y=$auto$wreduce.cc:461:run$1789 [7]
      New connections: $auto$wreduce.cc:461:run$1789 [6:0] = 7'0010011
    Consolidated identical input bits for $mux cell $flatten\u_decompress.$procmux$1475:
      Old ports: A={ \stim_reg[0] [2] 7'0010011 }, B=8'00010011, Y=$auto$wreduce.cc:461:run$1787 [7:0]
      New ports: A=\stim_reg[0] [2], B=1'0, Y=$auto$wreduce.cc:461:run$1787 [7]
      New connections: $auto$wreduce.cc:461:run$1787 [6:0] = 7'0010011
    Consolidated identical input bits for $mux cell $flatten\u_decompress.$procmux$578:
      Old ports: A={ \stim_reg[0] [7] 7'0110011 }, B=8'00010011, Y=$auto$wreduce.cc:461:run$1780 [7:0]
      New ports: A={ \stim_reg[0] [7] 1'1 }, B=2'00, Y={ $auto$wreduce.cc:461:run$1780 [7] $auto$wreduce.cc:461:run$1780 [5] }
      New connections: { $auto$wreduce.cc:461:run$1780 [6] $auto$wreduce.cc:461:run$1780 [4:0] } = 6'010011
    Consolidated identical input bits for $mux cell $flatten\u_decompress.$procmux$623:
      Old ports: A=8'11100111, B=8'00010011, Y=$auto$wreduce.cc:461:run$1783 [7:0]
      New ports: A=2'01, B=2'10, Y={ $auto$wreduce.cc:461:run$1783 [4] $auto$wreduce.cc:461:run$1783 [2] }
      New connections: { $auto$wreduce.cc:461:run$1783 [7:5] $auto$wreduce.cc:461:run$1783 [3] $auto$wreduce.cc:461:run$1783 [1:0] } = { $auto$wreduce.cc:461:run$1783 [2] $auto$wreduce.cc:461:run$1783 [2] $auto$wreduce.cc:461:run$1783 [2] 3'011 }
    Consolidated identical input bits for $mux cell $flatten\u_decompress.$procmux$773:
      Old ports: A=7'1100111, B=7'0010011, Y=$auto$wreduce.cc:461:run$1779 [6:0]
      New ports: A=2'01, B=2'10, Y={ $auto$wreduce.cc:461:run$1779 [4] $auto$wreduce.cc:461:run$1779 [2] }
      New connections: { $auto$wreduce.cc:461:run$1779 [6:5] $auto$wreduce.cc:461:run$1779 [3] $auto$wreduce.cc:461:run$1779 [1:0] } = { $auto$wreduce.cc:461:run$1779 [2] $auto$wreduce.cc:461:run$1779 [2] 3'011 }
    Consolidated identical input bits for $mux cell $flatten\u_decompress.$procmux$863:
      Old ports: A={ \stim_reg[0] [7] 7'0000011 }, B=8'00010011, Y=$auto$wreduce.cc:461:run$1776 [7:0]
      New ports: A={ \stim_reg[0] [7] 1'0 }, B=2'01, Y={ $auto$wreduce.cc:461:run$1776 [7] $auto$wreduce.cc:461:run$1776 [4] }
      New connections: { $auto$wreduce.cc:461:run$1776 [6:5] $auto$wreduce.cc:461:run$1776 [3:0] } = 6'000011
    Consolidated identical input bits for $mux cell $flatten\u_decompress.$procmux$893:
      Old ports: A={ \stim_reg[0] [7] 7'0010011 }, B=8'00010011, Y=$auto$wreduce.cc:461:run$1775 [7:0]
      New ports: A=\stim_reg[0] [7], B=1'0, Y=$auto$wreduce.cc:461:run$1775 [7]
      New connections: $auto$wreduce.cc:461:run$1775 [6:0] = 7'0010011
    Consolidated identical input bits for $mux cell $flatten\u_decompress.$procmux$974:
      Old ports: A={ \stim_reg[0] [7] 7'0110011 }, B=8'00010011, Y=$auto$wreduce.cc:461:run$1772 [7:0]
      New ports: A={ \stim_reg[0] [7] 1'1 }, B=2'00, Y={ $auto$wreduce.cc:461:run$1772 [7] $auto$wreduce.cc:461:run$1772 [5] }
      New connections: { $auto$wreduce.cc:461:run$1772 [6] $auto$wreduce.cc:461:run$1772 [4:0] } = 6'010011
  Optimizing cells in module \synth_harness.
    Consolidated identical input bits for $pmux cell $flatten\u_decompress.$procmux$1102:
      Old ports: A=$auto$wreduce.cc:461:run$1770 [7:0], B={ \stim_reg[0] [7] 7'0010011 $auto$wreduce.cc:461:run$1772 [7:0] }, Y=$auto$wreduce.cc:461:run$1769 [7:0]
      New ports: A={ $auto$wreduce.cc:461:run$1770 [7] 1'0 }, B={ \stim_reg[0] [7] 1'0 $auto$wreduce.cc:461:run$1772 [7] $auto$wreduce.cc:461:run$1772 [5] }, Y={ $auto$wreduce.cc:461:run$1769 [7] $auto$wreduce.cc:461:run$1769 [5] }
      New connections: { $auto$wreduce.cc:461:run$1769 [6] $auto$wreduce.cc:461:run$1769 [4:0] } = 6'010011
    Consolidated identical input bits for $mux cell $flatten\u_decompress.$procmux$1213:
      Old ports: A=$auto$wreduce.cc:461:run$1791 [7:0], B=8'00010011, Y=$auto$wreduce.cc:461:run$1790 [7:0]
      New ports: A={ $auto$wreduce.cc:461:run$1791 [7] $auto$wreduce.cc:461:run$1791 [2] }, B=2'00, Y={ $auto$wreduce.cc:461:run$1790 [7] $auto$wreduce.cc:461:run$1790 [2] }
      New connections: { $auto$wreduce.cc:461:run$1790 [6:3] $auto$wreduce.cc:461:run$1790 [1:0] } = { 1'0 $auto$wreduce.cc:461:run$1790 [2] 4'1011 }
    Consolidated identical input bits for $pmux cell $flatten\u_decompress.$procmux$1501:
      Old ports: A=8'00010011, B={ $auto$wreduce.cc:461:run$1787 [7:0] \stim_reg[0] [2] 15'000001100100011 }, Y=$auto$wreduce.cc:461:run$1786 [7:0]
      New ports: A=3'001, B={ $auto$wreduce.cc:461:run$1787 [7] 2'01 \stim_reg[0] [2] 5'00010 }, Y={ $auto$wreduce.cc:461:run$1786 [7] $auto$wreduce.cc:461:run$1786 [5:4] }
      New connections: { $auto$wreduce.cc:461:run$1786 [6] $auto$wreduce.cc:461:run$1786 [3:0] } = 5'00011
    Consolidated identical input bits for $mux cell $flatten\u_decompress.$procmux$663:
      Old ports: A=$auto$wreduce.cc:461:run$1780 [7:0], B=$auto$wreduce.cc:461:run$1783 [7:0], Y=$auto$wreduce.cc:461:run$1782 [7:0]
      New ports: A={ $auto$wreduce.cc:461:run$1780 [7] $auto$wreduce.cc:461:run$1780 [5] 2'10 }, B={ $auto$wreduce.cc:461:run$1783 [2] $auto$wreduce.cc:461:run$1783 [2] $auto$wreduce.cc:461:run$1783 [4] $auto$wreduce.cc:461:run$1783 [2] }, Y={ $auto$wreduce.cc:461:run$1782 [7] $auto$wreduce.cc:461:run$1782 [5:4] $auto$wreduce.cc:461:run$1782 [2] }
      New connections: { $auto$wreduce.cc:461:run$1782 [6] $auto$wreduce.cc:461:run$1782 [3] $auto$wreduce.cc:461:run$1782 [1:0] } = { $auto$wreduce.cc:461:run$1782 [2] 3'011 }
    Consolidated identical input bits for $mux cell $flatten\u_decompress.$procmux$807:
      Old ports: A=$auto$wreduce.cc:461:run$1780 [7:0], B={ 1'0 $auto$wreduce.cc:461:run$1779 [6:0] }, Y=$auto$wreduce.cc:461:run$1778 [7:0]
      New ports: A={ $auto$wreduce.cc:461:run$1780 [7] $auto$wreduce.cc:461:run$1780 [5] 2'10 }, B={ 1'0 $auto$wreduce.cc:461:run$1779 [2] $auto$wreduce.cc:461:run$1779 [4] $auto$wreduce.cc:461:run$1779 [2] }, Y={ $auto$wreduce.cc:461:run$1778 [7] $auto$wreduce.cc:461:run$1778 [5:4] $auto$wreduce.cc:461:run$1778 [2] }
      New connections: { $auto$wreduce.cc:461:run$1778 [6] $auto$wreduce.cc:461:run$1778 [3] $auto$wreduce.cc:461:run$1778 [1:0] } = { $auto$wreduce.cc:461:run$1778 [2] 3'011 }
  Optimizing cells in module \synth_harness.
    Consolidated identical input bits for $pmux cell $flatten\u_decompress.$procmux$1310:
      Old ports: A=$auto$wreduce.cc:461:run$1789 [7:0], B={ 8'11101111 \stim_reg[0] [7] 7'0010011 $auto$wreduce.cc:461:run$1790 [7:0] $auto$wreduce.cc:461:run$1769 [7:0] 8'01101111 \stim_reg[0] [12] 7'1100011 }, Y=$auto$wreduce.cc:461:run$1788 [7:0]
      New ports: A={ $auto$wreduce.cc:461:run$1789 [7] 5'00100 }, B={ 6'111011 \stim_reg[0] [7] 5'00100 $auto$wreduce.cc:461:run$1790 [7] 1'0 $auto$wreduce.cc:461:run$1790 [2] 2'10 $auto$wreduce.cc:461:run$1790 [2] $auto$wreduce.cc:461:run$1769 [7] 1'0 $auto$wreduce.cc:461:run$1769 [5] 9'100011011 \stim_reg[0] [12] 5'11000 }, Y=$auto$wreduce.cc:461:run$1788 [7:2]
      New connections: $auto$wreduce.cc:461:run$1788 [1:0] = 2'11
    Consolidated identical input bits for $mux cell $flatten\u_decompress.$procmux$682:
      Old ports: A=$auto$wreduce.cc:461:run$1782 [7:0], B=8'01110011, Y=$auto$wreduce.cc:461:run$1781 [7:0]
      New ports: A={ $auto$wreduce.cc:461:run$1782 [7] $auto$wreduce.cc:461:run$1782 [2] $auto$wreduce.cc:461:run$1782 [5:4] $auto$wreduce.cc:461:run$1782 [2] }, B=5'01110, Y={ $auto$wreduce.cc:461:run$1781 [7:4] $auto$wreduce.cc:461:run$1781 [2] }
      New connections: { $auto$wreduce.cc:461:run$1781 [3] $auto$wreduce.cc:461:run$1781 [1:0] } = 3'011
  Optimizing cells in module \synth_harness.
    Consolidated identical input bits for $mux cell $flatten\u_decompress.$procmux$835:
      Old ports: A=$auto$wreduce.cc:461:run$1778 [7:0], B=$auto$wreduce.cc:461:run$1781 [7:0], Y=$auto$wreduce.cc:461:run$1777 [7:0]
      New ports: A={ $auto$wreduce.cc:461:run$1778 [7] $auto$wreduce.cc:461:run$1778 [2] $auto$wreduce.cc:461:run$1778 [5:4] $auto$wreduce.cc:461:run$1778 [2] }, B={ $auto$wreduce.cc:461:run$1781 [7:4] $auto$wreduce.cc:461:run$1781 [2] }, Y={ $auto$wreduce.cc:461:run$1777 [7:4] $auto$wreduce.cc:461:run$1777 [2] }
      New connections: { $auto$wreduce.cc:461:run$1777 [3] $auto$wreduce.cc:461:run$1777 [1:0] } = 3'011
  Optimizing cells in module \synth_harness.
    Consolidated identical input bits for $pmux cell $flatten\u_decompress.$procmux$916:
      Old ports: A=8'00010011, B={ $auto$wreduce.cc:461:run$1775 [7:0] $auto$wreduce.cc:461:run$1776 [7:0] $auto$wreduce.cc:461:run$1777 [7:0] 8'00100011 }, Y=$auto$wreduce.cc:461:run$1774 [7:0]
      New ports: A=5'00010, B={ $auto$wreduce.cc:461:run$1775 [7] 4'0010 $auto$wreduce.cc:461:run$1776 [7] 2'00 $auto$wreduce.cc:461:run$1776 [4] 1'0 $auto$wreduce.cc:461:run$1777 [7:4] $auto$wreduce.cc:461:run$1777 [2] 5'00100 }, Y={ $auto$wreduce.cc:461:run$1774 [7:4] $auto$wreduce.cc:461:run$1774 [2] }
      New connections: { $auto$wreduce.cc:461:run$1774 [3] $auto$wreduce.cc:461:run$1774 [1:0] } = 3'011
  Optimizing cells in module \synth_harness.
    Consolidated identical input bits for $pmux cell $flatten\u_decompress.$procmux$1560:
      Old ports: A=8'00010011, B={ $auto$wreduce.cc:461:run$1786 [7:0] $auto$wreduce.cc:461:run$1788 [7:0] $auto$wreduce.cc:461:run$1774 [7:0] }, Y=$auto$wreduce.cc:461:run$1785 [7:0]
      New ports: A=6'000100, B={ $auto$wreduce.cc:461:run$1786 [7] 1'0 $auto$wreduce.cc:461:run$1786 [5:4] 2'00 $auto$wreduce.cc:461:run$1788 [7:2] $auto$wreduce.cc:461:run$1774 [7:4] 1'0 $auto$wreduce.cc:461:run$1774 [2] }, Y=$auto$wreduce.cc:461:run$1785 [7:2]
      New connections: $auto$wreduce.cc:461:run$1785 [1:0] = 2'11
  Optimizing cells in module \synth_harness.
Performed a total of 20 changes.

3.29.5. Executing OPT_MERGE pass (detect identical cells).
Finding identical cells in module `\synth_harness'.
<suppressed ~3 debug messages>
Removed a total of 1 cells.

3.29.6. Executing OPT_DFF pass (perform DFF optimizations).

3.29.7. Executing OPT_CLEAN pass (remove unused cells and wires).
Finding unused cells or wires in module \synth_harness..
Removed 0 unused cells and 1 unused wires.
<suppressed ~1 debug messages>

3.29.8. Executing OPT_EXPR pass (perform const folding).
Optimizing module synth_harness.

3.29.9. Rerunning OPT passes. (Maybe there is more to do..)

3.29.10. Executing OPT_MUXTREE pass (detect dead branches in mux trees).
Running muxtree optimizer on module \synth_harness..
  Creating internal representation of mux trees.
  Evaluating internal representation of mux trees.
  Analyzing evaluation results.
Removed 0 multiplexer ports.
<suppressed ~6 debug messages>

3.29.11. Executing OPT_REDUCE pass (consolidate $*mux and $reduce_* inputs).
  Optimizing cells in module \synth_harness.
Performed a total of 0 changes.

3.29.12. Executing OPT_MERGE pass (detect identical cells).
Finding identical cells in module `\synth_harness'.
Removed a total of 0 cells.

3.29.13. Executing OPT_DFF pass (perform DFF optimizations).

3.29.14. Executing OPT_CLEAN pass (remove unused cells and wires).
Finding unused cells or wires in module \synth_harness..

3.29.15. Executing OPT_EXPR pass (perform const folding).
Optimizing module synth_harness.

3.29.16. Finished OPT passes. (There is nothing left to do.)

3.30. Executing ICE40_WRAPCARRY pass (wrap carries).

3.31. Executing TECHMAP pass (map to technology primitives).

3.31.1. Executing Verilog-2005 frontend: /usr/bin/../share/yosys/techmap.v
Parsing Verilog input from `/usr/bin/../share/yosys/techmap.v' to AST representation.
Generating RTLIL representation for module `\_90_simplemap_bool_ops'.
Generating RTLIL representation for module `\_90_simplemap_reduce_ops'.
Generating RTLIL representation for module `\_90_simplemap_logic_ops'.
Generating RTLIL representation for module `\_90_simplemap_compare_ops'.
Generating RTLIL representation for module `\_90_simplemap_various'.
Generating RTLIL representation for module `\_90_simplemap_registers'.
Generating RTLIL representation for module `\_90_shift_ops_shr_shl_sshl_sshr'.
Generating RTLIL representation for module `\_90_shift_shiftx'.
Generating RTLIL representation for module `\_90_fa'.
Generating RTLIL representation for module `\_90_lcu'.
Generating RTLIL representation for module `\_90_alu'.
Generating RTLIL representation for module `\_90_macc'.
Generating RTLIL representation for module `\_90_alumacc'.
Generating RTLIL representation for module `\$__div_mod_u'.
Generating RTLIL representation for module `\$__div_mod_trunc'.
Generating RTLIL representation for module `\_90_div'.
Generating RTLIL representation for module `\_90_mod'.
Generating RTLIL representation for module `\$__div_mod_floor'.
Generating RTLIL representation for module `\_90_divfloor'.
Generating RTLIL representation for module `\_90_modfloor'.
Generating RTLIL representation for module `\_90_pow'.
Generating RTLIL representation for module `\_90_pmux'.
Generating RTLIL representation for module `\_90_demux'.
Generating RTLIL representation for module `\_90_lut'.
Successfully finished Verilog frontend.

3.31.2. Executing Verilog-2005 frontend: /usr/bin/../share/yosys/ice40/arith_map.v
Parsing Verilog input from `/usr/bin/../share/yosys/ice40/arith_map.v' to AST representation.
Generating RTLIL representation for module `\_80_ice40_alu'.
Successfully finished Verilog frontend.

3.31.3. Continuing TECHMAP pass.
Using extmapper simplemap for cells of type $not.
Using extmapper simplemap for cells of type $dff.
Using extmapper simplemap for cells of type $adff.
Using extmapper simplemap for cells of type $xor.
Using extmapper simplemap for cells of type $reduce_or.
Using extmapper simplemap for cells of type $mux.
Using template $paramod$85df5dc01c7df96a7d8e5f1fdf76ce9ac452af63\_90_pmux for cells of type $pmux.
Using template $paramod$521ce43182eecb9f60c72393a788160d2c356bf5\_90_pmux for cells of type $pmux.
Using template $paramod$d843018565ef722782d28339c99ecf00b278e074\_90_pmux for cells of type $pmux.
Using template $paramod$24fb226dd75c9d3f6955ec2ad61d794776778cf6\_90_pmux for cells of type $pmux.
Using template $paramod$c15e84c77f007506123baf6c4be45847f0e33a3b\_90_pmux for cells of type $pmux.
Using template $paramod$c5c783b17ab1d780abfad8cfe6563a0a7b47a3b0\_90_pmux for cells of type $pmux.
Using template $paramod$b3b6ac92d800c6f07aa48f510f923d86a674e5a7\_90_pmux for cells of type $pmux.
Using template $paramod$d629d85c8826a74239b9178d1930215a43b0ceb0\_90_pmux for cells of type $pmux.
Using extmapper simplemap for cells of type $eq.
Using extmapper simplemap for cells of type $logic_not.
Using extmapper simplemap for cells of type $logic_and.
Using extmapper simplemap for cells of type $logic_or.
Using extmapper simplemap for cells of type $ne.
Using extmapper simplemap for cells of type $and.
No more expansions possible.
<suppressed ~329 debug messages>

3.32. Executing OPT pass (performing simple optimizations).

3.32.1. Executing OPT_EXPR pass (perform const folding).
Optimizing module synth_harness.
<suppressed ~159 debug messages>

3.32.2. Executing OPT_MERGE pass (detect identical cells).
Finding identical cells in module `\synth_harness'.
<suppressed ~147 debug messages>
Removed a total of 49 cells.

3.32.3. Executing OPT_DFF pass (perform DFF optimizations).

3.32.4. Executing OPT_CLEAN pass (remove unused cells and wires).
Finding unused cells or wires in module \synth_harness..
Removed 136 unused cells and 269 unused wires.
<suppressed ~137 debug messages>

3.32.5. Finished fast OPT passes.

3.33. Executing ICE40_OPT pass (performing simple optimizations).

3.33.1. Running ICE40 specific optimizations.

3.33.2. Executing OPT_EXPR pass (perform const folding).
Optimizing module synth_harness.
<suppressed ~95 debug messages>

3.33.3. Executing OPT_MERGE pass (detect identical cells).
Finding identical cells in module `\synth_harness'.
Removed a total of 0 cells.

3.33.4. Executing OPT_DFF pass (perform DFF optimizations).

3.33.5. Executing OPT_CLEAN pass (remove unused cells and wires).
Finding unused cells or wires in module \synth_harness..

3.33.6. Rerunning OPT passes. (Removed registers in this run.)

3.33.7. Running ICE40 specific optimizations.

3.33.8. Executing OPT_EXPR pass (perform const folding).
Optimizing module synth_harness.

3.33.9. Executing OPT_MERGE pass (detect identical cells).
Finding identical cells in module `\synth_harness'.
Removed a total of 0 cells.

3.33.10. Executing OPT_DFF pass (perform DFF optimizations).

3.33.11. Executing OPT_CLEAN pass (remove unused cells and wires).
Finding unused cells or wires in module \synth_harness..

3.33.12. Finished OPT passes. (There is nothing left to do.)

3.34. Executing DFFLEGALIZE pass (convert FFs to types supported by the target).

3.35. Executing TECHMAP pass (map to technology primitives).

3.35.1. Executing Verilog-2005 frontend: /usr/bin/../share/yosys/ice40/ff_map.v
Parsing Verilog input from `/usr/bin/../share/yosys/ice40/ff_map.v' to AST representation.
Generating RTLIL representation for module `\$_DFF_N_'.
Generating RTLIL representation for module `\$_DFF_P_'.
Generating RTLIL representation for module `\$_DFFE_NP_'.
Generating RTLIL representation for module `\$_DFFE_PP_'.
Generating RTLIL representation for module `\$_DFF_NP0_'.
Generating RTLIL representation for module `\$_DFF_NP1_'.
Generating RTLIL representation for module `\$_DFF_PP0_'.
Generating RTLIL representation for module `\$_DFF_PP1_'.
Generating RTLIL representation for module `\$_DFFE_NP0P_'.
Generating RTLIL representation for module `\$_DFFE_NP1P_'.
Generating RTLIL representation for module `\$_DFFE_PP0P_'.
Generating RTLIL representation for module `\$_DFFE_PP1P_'.
Generating RTLIL representation for module `\$_SDFF_NP0_'.
Generating RTLIL representation for module `\$_SDFF_NP1_'.
Generating RTLIL representation for module `\$_SDFF_PP0_'.
Generating RTLIL representation for module `\$_SDFF_PP1_'.
Generating RTLIL representation for module `\$_SDFFCE_NP0P_'.
Generating RTLIL representation for module `\$_SDFFCE_NP1P_'.
Generating RTLIL representation for module `\$_SDFFCE_PP0P_'.
Generating RTLIL representation for module `\$_SDFFCE_PP1P_'.
Successfully finished Verilog frontend.

3.35.2. Continuing TECHMAP pass.
Using template \$_DFF_P_ for cells of type $_DFF_P_.
Using template \$_DFF_PP0_ for cells of type $_DFF_PP0_.
No more expansions possible.
<suppressed ~160 debug messages>

3.36. Executing OPT_EXPR pass (perform const folding).
Optimizing module synth_harness.

3.37. Executing SIMPLEMAP pass (map simple cells to gate primitives).

3.38. Executing ICE40_OPT pass (performing simple optimizations).

3.38.1. Running ICE40 specific optimizations.

3.38.2. Executing OPT_EXPR pass (perform const folding).
Optimizing module synth_harness.
<suppressed ~31 debug messages>

3.38.3. Executing OPT_MERGE pass (detect identical cells).
Finding identical cells in module `\synth_harness'.
<suppressed ~381 debug messages>
Removed a total of 127 cells.

3.38.4. Executing OPT_DFF pass (perform DFF optimizations).

3.38.5. Executing OPT_CLEAN pass (remove unused cells and wires).
Finding unused cells or wires in module \synth_harness..
Removed 0 unused cells and 807 unused wires.
<suppressed ~1 debug messages>

3.38.6. Rerunning OPT passes. (Removed registers in this run.)

3.38.7. Running ICE40 specific optimizations.

3.38.8. Executing OPT_EXPR pass (perform const folding).
Optimizing module synth_harness.

3.38.9. Executing OPT_MERGE pass (detect identical cells).
Finding identical cells in module `\synth_harness'.
Removed a total of 0 cells.

3.38.10. Executing OPT_DFF pass (perform DFF optimizations).

3.38.11. Executing OPT_CLEAN pass (remove unused cells and wires).
Finding unused cells or wires in module \synth_harness..

3.38.12. Finished OPT passes. (There is nothing left to do.)

3.39. Executing TECHMAP pass (map to technology primitives).

3.39.1. Executing Verilog-2005 frontend: /usr/bin/../share/yosys/ice40/latches_map.v
Parsing Verilog input from `/usr/bin/../share/yosys/ice40/latches_map.v' to AST representation.
Generating RTLIL representation for module `\$_DLATCH_N_'.
Generating RTLIL representation for module `\$_DLATCH_P_'.
Successfully finished Verilog frontend.

3.39.2. Continuing TECHMAP pass.
No more expansions possible.
<suppressed ~4 debug messages>

3.40. Executing ABC pass (technology mapping using ABC).

3.40.1. Extracting gate netlist of module `\synth_harness' to `<abc-temp-dir>/input.blif'..
Extracted 232 gates and 267 wires to a netlist network with 33 inputs and 17 outputs.

3.40.1.1. Executing ABC.
Running ABC command: "<yosys-exe-dir>/yosys-abc" -s -f <abc-temp-dir>/abc.script 2>&1
ABC: ABC command line: "source <abc-temp-dir>/abc.script".
ABC: 
ABC: + read_blif <abc-temp-dir>/input.blif 
ABC: + read_lut <abc-temp-dir>/lutdefs.txt 
ABC: + strash 
ABC: + &get -n 
ABC: + &fraig -x 
ABC: + &put 
ABC: + scorr 
ABC: Warning: The network is combinational (run "fraig" or "fraig_sweep").
ABC: + dc2 
ABC: + dretime 
ABC: + strash 
ABC: + dch -f 
ABC: + if 
ABC: + mfs2 
ABC: + lutpack -S 1 
ABC: + dress <abc-temp-dir>/input.blif 
ABC: Total number of equiv classes                =      47.
ABC: Participating nodes from both networks       =     119.
ABC: Participating nodes from the first network   =      46. (  69.70 % of nodes)
ABC: Participating nodes from the second network  =      73. ( 110.61 % of nodes)
ABC: Node pairs (any polarity)                    =      46. (  69.70 % of names can be moved)
ABC: Node pairs (same polarity)                   =      39. (  59.09 % of names can be moved)
ABC: Total runtime =     0.07 sec
ABC: + write_blif <abc-temp-dir>/output.blif 

3.40.1.2. Re-integrating ABC results.
ABC RESULTS:              $lut cells:       65
ABC RESULTS:        internal signals:      217
ABC RESULTS:           input signals:       33
ABC RESULTS:          output signals:       17
Removing temp directory.

3.41. Executing ICE40_WRAPCARRY pass (wrap carries).

3.42. Executing TECHMAP pass (map to technology primitives).

3.42.1. Executing Verilog-2005 frontend: /usr/bin/../share/yosys/ice40/ff_map.v
Parsing Verilog input from `/usr/bin/../share/yosys/ice40/ff_map.v' to AST representation.
Generating RTLIL representation for module `\$_DFF_N_'.
Generating RTLIL representation for module `\$_DFF_P_'.
Generating RTLIL representation for module `\$_DFFE_NP_'.
Generating RTLIL representation for module `\$_DFFE_PP_'.
Generating RTLIL representation for module `\$_DFF_NP0_'.
Generating RTLIL representation for module `\$_DFF_NP1_'.
Generating RTLIL representation for module `\$_DFF_PP0_'.
Generating RTLIL representation for module `\$_DFF_PP1_'.
Generating RTLIL representation for module `\$_DFFE_NP0P_'.
Generating RTLIL representation for module `\$_DFFE_NP1P_'.
Generating RTLIL representation for module `\$_DFFE_PP0P_'.
Generating RTLIL representation for module `\$_DFFE_PP1P_'.
Generating RTLIL representation for module `\$_SDFF_NP0_'.
Generating RTLIL representation for module `\$_SDFF_NP1_'.
Generating RTLIL representation for module `\$_SDFF_PP0_'.
Generating RTLIL representation for module `\$_SDFF_PP1_'.
Generating RTLIL representation for module `\$_SDFFCE_NP0P_'.
Generating RTLIL representation for module `\$_SDFFCE_NP1P_'.
Generating RTLIL representation for module `\$_SDFFCE_PP0P_'.
Generating RTLIL representation for module `\$_SDFFCE_PP1P_'.
Successfully finished Verilog frontend.

3.42.2. Continuing TECHMAP pass.
No more expansions possible.
<suppressed ~22 debug messages>
Removed 0 unused cells and 166 unused wires.

3.43. Executing OPT_LUT pass (optimize LUTs).
Discovering LUTs.
Number of LUTs:       65
  1-LUT                9
  2-LUT               12
  3-LUT               17
  4-LUT               27
  with \SB_CARRY    (#0)    0
  with \SB_CARRY    (#1)    0

Eliminating LUTs.
Number of LUTs:       65
  1-LUT                9
  2-LUT               12
  3-LUT               17
  4-LUT               27
  with \SB_CARRY    (#0)    0
  with \SB_CARRY    (#1)    0

Combining LUTs.
Number of LUTs:       65
  1-LUT                9
  2-LUT               12
  3-LUT               17
  4-LUT               27
  with \SB_CARRY    (#0)    0
  with \SB_CARRY    (#1)    0

Eliminated 0 LUTs.
Combined 0 LUTs.
<suppressed ~305 debug messages>

3.44. Executing TECHMAP pass (map to technology primitives).

3.44.1. Executing Verilog-2005 frontend: /usr/bin/../share/yosys/ice40/cells_map.v
Parsing Verilog input from `/usr/bin/../share/yosys/ice40/cells_map.v' to AST representation.
Generating RTLIL representation for module `\$lut'.
Successfully finished Verilog frontend.

3.44.2. Continuing TECHMAP pass.
Using template $paramod$658b9ed803f0d3d335616d3858b53e0a2522f1e8\$lut for cells of type $lut.
Using template $paramod\$lut\WIDTH=32'00000000000000000000000000000010\LUT=4'0100 for cells of type $lut.
Using template $paramod\$lut\WIDTH=32'00000000000000000000000000000011\LUT=8'00000001 for cells of type $lut.
Using template $paramod\$lut\WIDTH=32'00000000000000000000000000000011\LUT=8'00010000 for cells of type $lut.
Using template $paramod$a4df2b5be2b644499880e088a11556935f22b401\$lut for cells of type $lut.
Using template $paramod$d6cf0a4b6f6ccd87588da28c41b5b6c258da2509\$lut for cells of type $lut.
Using template $paramod$41326ad8644342a66dfb051d050f2b6fbf15015b\$lut for cells of type $lut.
Using template $paramod$c7643d93c6710d1f52fb7e7cb047a4e560bda904\$lut for cells of type $lut.
Using template $paramod$6e238df02989b317f10820a22773676e71120644\$lut for cells of type $lut.
Using template $paramod$c14b34f16c7002b88d20e40ed8901e64fbdbc0cd\$lut for cells of type $lut.
Using template $paramod\$lut\WIDTH=32'00000000000000000000000000000011\LUT=8'10000000 for cells of type $lut.
Using template $paramod\$lut\WIDTH=32'00000000000000000000000000000011\LUT=8'01000000 for cells of type $lut.
Using template $paramod\$lut\WIDTH=32'00000000000000000000000000000010\LUT=4'0001 for cells of type $lut.
Using template $paramod$e9c77024ca501b890c641f9c0b10e27242db8730\$lut for cells of type $lut.
Using template $paramod$6382f7860648fdb6f8a8dc690c25a62882cc501b\$lut for cells of type $lut.
Using template $paramod$df0b68f8e63b2deb6710e23abd8b8ff0796d4897\$lut for cells of type $lut.
Using template $paramod\$lut\WIDTH=32'00000000000000000000000000000011\LUT=8'10101100 for cells of type $lut.
Using template $paramod\$lut\WIDTH=32'00000000000000000000000000000001\LUT=2'01 for cells of type $lut.
Using template $paramod$ab8bb87959c5d7cfa27886cee1355b38e054a61a\$lut for cells of type $lut.
Using template $paramod$4031bbff09fc2704dec279c73d8ecd7f801c10b3\$lut for cells of type $lut.
Using template $paramod\$lut\WIDTH=32'00000000000000000000000000000010\LUT=4'1000 for cells of type $lut.
Using template $paramod$238ce1c123ccd5620a61157a2c5350ee6fc4d4ff\$lut for cells of type $lut.
Using template $paramod$e5759512db67494ff77fbdfc66dff4006376568f\$lut for cells of type $lut.
Using template $paramod\$lut\WIDTH=32'00000000000000000000000000000011\LUT=8'01110000 for cells of type $lut.
Using template $paramod\$lut\WIDTH=32'00000000000000000000000000000011\LUT=8'00001101 for cells of type $lut.
Using template $paramod$b297295e19b03521716155b85537bbe86d6a9ae6\$lut for cells of type $lut.
Using template $paramod$332a399730bfc61adea04021a76b1c4e4030f37d\$lut for cells of type $lut.
Using template $paramod\$lut\WIDTH=32'00000000000000000000000000000011\LUT=8'01001111 for cells of type $lut.
Using template $paramod$30c7bb594369ca20ff4ff844ba6ed3179f45572d\$lut for cells of type $lut.
Using template $paramod$4972722c284f07fee673f7cb99e6a36ce4a244f0\$lut for cells of type $lut.
Using template $paramod$5f8f74ee692a9934a66a1a1c9cf2d05bfcc5ad26\$lut for cells of type $lut.
Using template $paramod$82b4a585d1edcb5c6e755dc9bd3392228a1c1304\$lut for cells of type $lut.
Using template $paramod$8fd377e04fda0b100c5acea5cc7d11b4ac9eb255\$lut for cells of type $lut.
Using template $paramod\$lut\WIDTH=32'00000000000000000000000000000011\LUT=8'11101111 for cells of type $lut.
Using template $paramod$c1a19a87ccbbb03d43a72335db63f692ddf82cc1\$lut for cells of type $lut.
Using template $paramod$8c24dc0cdd336b7fb88bbf7eed45cec5cbae862b\$lut for cells of type $lut.
Using template $paramod$4789582d00084c3344b7a6dacf516efd46244876\$lut for cells of type $lut.
No more expansions possible.
<suppressed ~549 debug messages>
Removed 0 unused cells and 149 unused wires.

3.45. Executing AUTONAME pass.
Renamed 661 objects in module synth_harness (17 iterations).
<suppressed ~235 debug messages>

3.46. Executing HIERARCHY pass (managing design hierarchy).

3.46.1. Analyzing design hierarchy..
Top module:  \synth_harness

3.46.2. Analyzing design hierarchy..
Top module:  \synth_harness
Removed 0 unused modules.

3.47. Printing statistics.

=== synth_harness ===

   Number of wires:                 78
   Number of wire bits:            676
   Number of public wires:          78
   Number of public wire bits:     676
   Number of memories:               0
   Number of memory bits:            0
   Number of processes:              0
   Number of cells:                203
     SB_DFF                         10
     SB_DFFR                       128
     SB_LUT4                        65

3.48. Executing CHECK pass (checking for obvious problems).
Checking module synth_harness...
Found and reported 0 problems.

3.49. Executing JSON backend.

Warnings: 1 unique messages, 2 total
End of script. Logfile hash: 5aa58e212c, CPU: user 1.61s system 0.01s, MEM: 22.34 MB peak
Yosys 0.33 (git sha1 2584903a060)
Time spent: 33% 14x read_verilog (0 sec), 14% 1x abc (0 sec), ...
