
 /----------------------------------------------------------------------------\
 |                                                                            |
 |  yosys -- Yosys Open SYnthesis Suite                                       |
 |                                                                            |
 |  Copyright (C) 2012 - 2020  Claire Xenia Wolf <claire@yosyshq.com>         |
 |                                                                            |
 |  Permission to use, copy, modify, and/or distribute this software for any  |
 |  purpose with or without fee is hereby granted, provided that the above    |
 |  copyright notice and this permission notice appear in all copies.         |
 |                                                                            |
 |  THE SOFTWARE IS PROVIDED "AS IS" AND THE AUTHOR DISCLAIMS ALL WARRANTIES  |
 |  WITH REGARD TO THIS SOFTWARE INCLUDING ALL IMPLIED WARRANTIES OF          |
 |  MERCHANTABILITY AND FITNESS. IN NO EVENT SHALL THE AUTHOR BE LIABLE FOR   |
 |  ANY SPECIAL, DIRECT, INDIRECT, OR CONSEQUENTIAL DAMAGES OR ANY DAMAGES    |
 |  WHATSOEVER RESULTING FROM LOSS OF USE, DATA OR PROFITS, WHETHER IN AN     |
 |  ACTION OF CONTRACT, NEGLIGENCE OR OTHER TORTIOUS ACTION, ARISING OUT OF   |
 |  OR IN CONNECTION WITH THE USE OR PERFORMANCE OF THIS SOFTWARE.            |
 |                                                                            |
 \----------------------------------------------------------------------------/

 Yosys 0.33 (git sha1 2584903a060)


-- Running command `read_verilog -sv -DSYNTH_DECODER synth_harness.sv ../../rtl/decoder.sv; synth_ice40 -top synth_harness -json build/decoder.json' --

1. Executing Verilog-2005 frontend: synth_harness.sv
Parsing SystemVerilog input from `synth_harness.sv' to AST representation.
Generating RTLIL representation for module `\synth_harness'.
Warning: Replacing memory \stim_reg with list of registers. See synth_harness.sv:32
Successfully finished Verilog frontend.

2. Executing Verilog-2005 frontend: ../../rtl/decoder.sv
Parsing SystemVerilog input from `../../rtl/decoder.sv' to AST representation.
Generating RTLIL representation for module `\decoder'.
Successfully finished Verilog frontend.

3. Executing SYNTH_ICE40 pass.

3.1. Executing Verilog-2005 frontend: /usr/bin/../share/yosys/ice40/cells_sim.v
Parsing Verilog input from `/usr/bin/../share/yosys/ice40/cells_sim.v' to AST representation.
Generating RTLIL representation for module `\SB_IO'.
Generating RTLIL representation for module `\SB_GB_IO'.
Generating RTLIL representation for module `\SB_GB'.
Generating RTLIL representation for module `\SB_LUT4'.
Generating RTLIL representation for module `\SB_CARRY'.
Generating RTLIL representation for module `\SB_DFF'.
Generating RTLIL representation for module `\SB_DFFE'.
Generating RTLIL representation for module `\SB_DFFSR'.
Generating RTLIL representation for module `\SB_DFFR'.
Generating RTLIL representation for module `\SB_DFFSS'.
Generating RTLIL representation for module `\SB_DFFS'.
Generating RTLIL representation for module `\SB_DFFESR'.
Generating RTLIL representation for module `\SB_DFFER'.
Generating RTLIL representation for module `\SB_DFFESS'.
Generating RTLIL representation for module `\SB_DFFES'.
Generating RTLIL representation for module `\SB_DFFN'.
Generating RTLIL representation for module `\SB_DFFNE'.
Generating RTLIL representation for module `\SB_DFFNSR'.
Generating RTLIL representation for module `\SB_DFFNR'.
Generating RTLIL representation for module `\SB_DFFNSS'.
Generating RTLIL representation for module `\SB_DFFNS'.
Generating RTLIL representation for module `\SB_DFFNESR'.
Generating RTLIL representation for module `\SB_DFFNER'.
Generating RTLIL representation for module `\SB_DFFNESS'.
Generating RTLIL representation for module `\SB_DFFNES'.
Generating RTLIL representation for module `\SB_RAM40_4K'.
Generating RTLIL representation for module `\SB_RAM40_4KNR'.
Generating RTLIL representation for module `\SB_RAM40_4KNW'.
Generating RTLIL representation for module `\SB_RAM40_4KNRNW'.
Generating RTLIL representation for module `\ICESTORM_LC'.
Generating RTLIL representation for module `\SB_PLL40_CORE'.
Generating RTLIL representation for module `\SB_PLL40_PAD'.
Generating RTLIL representation for module `\SB_PLL40_2_PAD'.
Generating RTLIL representation for module `\SB_PLL40_2F_CORE'.
Generating RTLIL representation for module `\SB_PLL40_2F_PAD'.
Generating RTLIL representation for module `\SB_WARMBOOT'.
Generating RTLIL representation for module `\SB_SPRAM256KA'.
Generating RTLIL representation for module `\SB_HFOSC'.
Generating RTLIL representation for module `\SB_LFOSC'.
Generating RTLIL representation for module `\SB_RGBA_DRV'.
Generating RTLIL representation for module `\SB_LED_DRV_CUR'.
Generating RTLIL representation for module `\SB_RGB_DRV'.
Generating RTLIL representation for module `\SB_I2C'.
Generating RTLIL representation for module `\SB_SPI'.
Generating RTLIL representation for module `\SB_LEDDA_IP'.
Generating RTLIL representation for module `\SB_FILTER_50NS'.
Generating RTLIL representation for module `\SB_IO_I3C'.
Generating RTLIL representation for module `\SB_IO_OD'.
Generating RTLIL representation for module `\SB_MAC16'.
Generating RTLIL representation for module `\ICESTORM_RAM'.
Successfully finished Verilog frontend.

3.2. Executing HIERARCHY pass (managing design hierarchy).

3.2.1. Analyzing design hierarchy..
Top module:  \synth_harness
Used module:     \decoder
Reprocessing module synth_harness because instantiated module decoder has become available.
Generating RTLIL representation for module `\synth_harness'.
Warning: Replacing memory \stim_reg with list of registers. See synth_harness.sv:32

3.2.2. Analyzing design hierarchy..
Top module:  \synth_harness
Used module:     \decoder

3.2.3. Analyzing design hierarchy..
Top module:  \synth_harness
Used module:     \decoder
Removed 0 unused modules.

3.3. Executing PROC pass (convert processes to netlists).

3.3.1. Executing PROC_CLEAN pass (remove empty switches from decision trees).
Cleaned up 0 empty switches.

3.3.2. Executing PROC_RMDEAD pass (remove dead branches from decision trees).
Marked 1 switch rules as full_case in process $proc$synth_harness.sv:29$417 in module synth_harness.
Marked 1 switch rules as full_case in process $proc$/usr/bin/../share/yosys/ice40/cells_sim.v:1414$275 in module SB_DFFNES.
Marked 1 switch rules as full_case in process $proc$/usr/bin/../share/yosys/ice40/cells_sim.v:1353$268 in module SB_DFFNESS.
Marked 1 switch rules as full_case in process $proc$/usr/bin/../share/yosys/ice40/cells_sim.v:1273$264 in module SB_DFFNER.
Marked 1 switch rules as full_case in process $proc$/usr/bin/../share/yosys/ice40/cells_sim.v:1212$257 in module SB_DFFNESR.
Marked 1 switch rules as full_case in process $proc$/usr/bin/../share/yosys/ice40/cells_sim.v:1138$254 in module SB_DFFNS.
Marked 1 switch rules as full_case in process $proc$/usr/bin/../share/yosys/ice40/cells_sim.v:1088$251 in module SB_DFFNSS.
Marked 1 switch rules as full_case in process $proc$/usr/bin/../share/yosys/ice40/cells_sim.v:1017$248 in module SB_DFFNR.
Marked 1 switch rules as full_case in process $proc$/usr/bin/../share/yosys/ice40/cells_sim.v:967$245 in module SB_DFFNSR.
Marked 1 switch rules as full_case in process $proc$/usr/bin/../share/yosys/ice40/cells_sim.v:803$237 in module SB_DFFES.
Marked 1 switch rules as full_case in process $proc$/usr/bin/../share/yosys/ice40/cells_sim.v:742$230 in module SB_DFFESS.
Marked 1 switch rules as full_case in process $proc$/usr/bin/../share/yosys/ice40/cells_sim.v:662$226 in module SB_DFFER.
Marked 1 switch rules as full_case in process $proc$/usr/bin/../share/yosys/ice40/cells_sim.v:601$219 in module SB_DFFESR.
Marked 1 switch rules as full_case in process $proc$/usr/bin/../share/yosys/ice40/cells_sim.v:527$216 in module SB_DFFS.
Marked 1 switch rules as full_case in process $proc$/usr/bin/../share/yosys/ice40/cells_sim.v:477$213 in module SB_DFFSS.
Marked 1 switch rules as full_case in process $proc$/usr/bin/../share/yosys/ice40/cells_sim.v:406$210 in module SB_DFFR.
Marked 1 switch rules as full_case in process $proc$/usr/bin/../share/yosys/ice40/cells_sim.v:356$207 in module SB_DFFSR.
Removed 3 dead cases from process $proc$../../rtl/decoder.sv:0$21 in module decoder.
Marked 12 switch rules as full_case in process $proc$../../rtl/decoder.sv:0$21 in module decoder.
Removed a total of 3 dead cases.

3.3.3. Executing PROC_PRUNE pass (remove redundant assignments in processes).
Removed 17 redundant assignments.
Promoted 48 assignments to connections.

3.3.4. Executing PROC_INIT pass (extract init attributes).
Found init rule in `\SB_DFFNES.$proc$/usr/bin/../share/yosys/ice40/cells_sim.v:0$278'.
  Set init value: \Q = 1'0
Found init rule in `\SB_DFFNESS.$proc$/usr/bin/../share/yosys/ice40/cells_sim.v:0$274'.
  Set init value: \Q = 1'0
Found init rule in `\SB_DFFNER.$proc$/usr/bin/../share/yosys/ice40/cells_sim.v:0$267'.
  Set init value: \Q = 1'0
Found init rule in `\SB_DFFNESR.$proc$/usr/bin/../share/yosys/ice40/cells_sim.v:0$263'.
  Set init value: \Q = 1'0
Found init rule in `\SB_DFFNS.$proc$/usr/bin/../share/yosys/ice40/cells_sim.v:0$256'.
  Set init value: \Q = 1'0
Found init rule in `\SB_DFFNSS.$proc$/usr/bin/../share/yosys/ice40/cells_sim.v:0$253'.
  Set init value: \Q = 1'0
Found init rule in `\SB_DFFNR.$proc$/usr/bin/../share/yosys/ice40/cells_sim.v:0$250'.
  Set init value: \Q = 1'0
Found init rule in `\SB_DFFNSR.$proc$/usr/bin/../share/yosys/ice40/cells_sim.v:0$247'.
  Set init value: \Q = 1'0
Found init rule in `\SB_DFFNE.$proc$/usr/bin/../share/yosys/ice40/cells_sim.v:0$244'.
  Set init value: \Q = 1'0
Found init rule in `\SB_DFFN.$proc$/usr/bin/../share/yosys/ice40/cells_sim.v:0$242'.
  Set init value: \Q = 1'0
Found init rule in `\SB_DFFES.$proc$/usr/bin/../share/yosys/ice40/cells_sim.v:0$240'.
  Set init value: \Q = 1'0
Found init rule in `\SB_DFFESS.$proc$/usr/bin/../share/yosys/ice40/cells_sim.v:0$236'.
  Set init value: \Q = 1'0
Found init rule in `\SB_DFFER.$proc$/usr/bin/../share/yosys/ice40/cells_sim.v:0$229'.
  Set init value: \Q = 1'0
Found init rule in `\SB_DFFESR.$proc$/usr/bin/../share/yosys/ice40/cells_sim.v:0$225'.
  Set init value: \Q = 1'0
Found init rule in `\SB_DFFS.$proc$/usr/bin/../share/yosys/ice40/cells_sim.v:0$218'.
  Set init value: \Q = 1'0
Found init rule in `\SB_DFFSS.$proc$/usr/bin/../share/yosys/ice40/cells_sim.v:0$215'.
  Set init value: \Q = 1'0
Found init rule in `\SB_DFFR.$proc$/usr/bin/../share/yosys/ice40/cells_sim.v:0$212'.
  Set init value: \Q = 1'0
Found init rule in `\SB_DFFSR.$proc$/usr/bin/../share/yosys/ice40/cells_sim.v:0$209'.
  Set init value: \Q = 1'0
Found init rule in `\SB_DFFE.$proc$/usr/bin/../share/yosys/ice40/cells_sim.v:0$206'.
  Set init value: \Q = 1'0
Found init rule in `\SB_DFF.$proc$/usr/bin/../share/yosys/ice40/cells_sim.v:0$204'.
  Set init value: \Q = 1'0

3.3.5. Executing PROC_ARST pass (detect async resets in processes).
Found async reset \rst_n in `\synth_harness.$proc$synth_harness.sv:29$417'.
Found async reset \S in `\SB_DFFNES.$proc$/usr/bin/../share/yosys/ice40/cells_sim.v:1414$275'.
Found async reset \R in `\SB_DFFNER.$proc$/usr/bin/../share/yosys/ice40/cells_sim.v:1273$264'.
Found async reset \S in `\SB_DFFNS.$proc$/usr/bin/../share/yosys/ice40/cells_sim.v:1138$254'.
Found async reset \R in `\SB_DFFNR.$proc$/usr/bin/../share/yosys/ice40/cells_sim.v:1017$248'.
Found async reset \S in `\SB_DFFES.$proc$/usr/bin/../share/yosys/ice40/cells_sim.v:803$237'.
Found async reset \R in `\SB_DFFER.$proc$/usr/bin/../share/yosys/ice40/cells_sim.v:662$226'.
Found async reset \S in `\SB_DFFS.$proc$/usr/bin/../share/yosys/ice40/cells_sim.v:527$216'.
Found async reset \R in `\SB_DFFR.$proc$/usr/bin/../share/yosys/ice40/cells_sim.v:406$210'.

3.3.6. Executing PROC_ROM pass (convert switches to ROMs).
Converted 2 switches.
<suppressed ~28 debug messages>

3.3.7. Executing PROC_MUX pass (convert decision trees to multiplexers).
Creating decoders for process `\synth_harness.$proc$synth_harness.sv:168$425'.
Creating decoders for process `\synth_harness.$proc$synth_harness.sv:29$417'.
     1/11: $0\stim_sel[4:0]
     2/11: $1$fordecl_block$3.i[31:0]$422
     3/11: $0\stim_reg[7][31:0]
     4/11: $0\stim_reg[6][31:0]
     5/11: $0\stim_reg[5][31:0]
     6/11: $0\stim_reg[4][31:0]
     7/11: $0\stim_reg[3][31:0]
     8/11: $0\stim_reg[2][31:0]
     9/11: $0\stim_reg[1][31:0]
    10/11: $0\stim_reg[0][31:0]
    11/11: $1$fordecl_block$1.i[31:0]$421
Creating decoders for process `\synth_harness.$proc$synth_harness.sv:18$416'.
Creating decoders for process `\SB_DFFNES.$proc$/usr/bin/../share/yosys/ice40/cells_sim.v:0$278'.
Creating decoders for process `\SB_DFFNES.$proc$/usr/bin/../share/yosys/ice40/cells_sim.v:1414$275'.
     1/1: $0\Q[0:0]
Creating decoders for process `\SB_DFFNESS.$proc$/usr/bin/../share/yosys/ice40/cells_sim.v:0$274'.
Creating decoders for process `\SB_DFFNESS.$proc$/usr/bin/../share/yosys/ice40/cells_sim.v:1353$268'.
     1/1: $0\Q[0:0]
Creating decoders for process `\SB_DFFNER.$proc$/usr/bin/../share/yosys/ice40/cells_sim.v:0$267'.
Creating decoders for process `\SB_DFFNER.$proc$/usr/bin/../share/yosys/ice40/cells_sim.v:1273$264'.
     1/1: $0\Q[0:0]
Creating decoders for process `\SB_DFFNESR.$proc$/usr/bin/../share/yosys/ice40/cells_sim.v:0$263'.
Creating decoders for process `\SB_DFFNESR.$proc$/usr/bin/../share/yosys/ice40/cells_sim.v:1212$257'.
     1/1: $0\Q[0:0]
Creating decoders for process `\SB_DFFNS.$proc$/usr/bin/../share/yosys/ice40/cells_sim.v:0$256'.
Creating decoders for process `\SB_DFFNS.$proc$/usr/bin/../share/yosys/ice40/cells_sim.v:1138$254'.
     1/1: $0\Q[0:0]
Creating decoders for process `\SB_DFFNSS.$proc$/usr/bin/../share/yosys/ice40/cells_sim.v:0$253'.
Creating decoders for process `\SB_DFFNSS.$proc$/usr/bin/../share/yosys/ice40/cells_sim.v:1088$251'.
     1/1: $0\Q[0:0]
Creating decoders for process `\SB_DFFNR.$proc$/usr/bin/../share/yosys/ice40/cells_sim.v:0$250'.
Creating decoders for process `\SB_DFFNR.$proc$/usr/bin/../share/yosys/ice40/cells_sim.v:1017$248'.
     1/1: $0\Q[0:0]
Creating decoders for process `\SB_DFFNSR.$proc$/usr/bin/../share/yosys/ice40/cells_sim.v:0$247'.
Creating decoders for process `\SB_DFFNSR.$proc$/usr/bin/../share/yosys/ice40/cells_sim.v:967$245'.
     1/1: $0\Q[0:0]
Creating decoders for process `\SB_DFFNE.$proc$/usr/bin/../share/yosys/ice40/cells_sim.v:0$244'.
Creating decoders for process `\SB_DFFNE.$proc$/usr/bin/../share/yosys/ice40/cells_sim.v:922$243'.
     1/1: $0\Q[0:0]
Creating decoders for process `\SB_DFFN.$proc$/usr/bin/../share/yosys/ice40/cells_sim.v:0$242'.
Creating decoders for process `\SB_DFFN.$proc$/usr/bin/../share/yosys/ice40/cells_sim.v:882$241'.
Creating decoders for process `\SB_DFFES.$proc$/usr/bin/../share/yosys/ice40/cells_sim.v:0$240'.
Creating decoders for process `\SB_DFFES.$proc$/usr/bin/../share/yosys/ice40/cells_sim.v:803$237'.
     1/1: $0\Q[0:0]
Creating decoders for process `\SB_DFFESS.$proc$/usr/bin/../share/yosys/ice40/cells_sim.v:0$236'.
Creating decoders for process `\SB_DFFESS.$proc$/usr/bin/../share/yosys/ice40/cells_sim.v:742$230'.
     1/1: $0\Q[0:0]
Creating decoders for process `\SB_DFFER.$proc$/usr/bin/../share/yosys/ice40/cells_sim.v:0$229'.
Creating decoders for process `\SB_DFFER.$proc$/usr/bin/../share/yosys/ice40/cells_sim.v:662$226'.
     1/1: $0\Q[0:0]
Creating decoders for process `\SB_DFFESR.$proc$/usr/bin/../share/yosys/ice40/cells_sim.v:0$225'.
Creating decoders for process `\SB_DFFESR.$proc$/usr/bin/../share/yosys/ice40/cells_sim.v:601$219'.
     1/1: $0\Q[0:0]
Creating decoders for process `\SB_DFFS.$proc$/usr/bin/../share/yosys/ice40/cells_sim.v:0$218'.
Creating decoders for process `\SB_DFFS.$proc$/usr/bin/../share/yosys/ice40/cells_sim.v:527$216'.
     1/1: $0\Q[0:0]
Creating decoders for process `\SB_DFFSS.$proc$/usr/bin/../share/yosys/ice40/cells_sim.v:0$215'.
Creating decoders for process `\SB_DFFSS.$proc$/usr/bin/../share/yosys/ice40/cells_sim.v:477$213'.
     1/1: $0\Q[0:0]
Creating decoders for process `\SB_DFFR.$proc$/usr/bin/../share/yosys/ice40/cells_sim.v:0$212'.
Creating decoders for process `\SB_DFFR.$proc$/usr/bin/../share/yosys/ice40/cells_sim.v:406$210'.
     1/1: $0\Q[0:0]
Creating decoders for process `\SB_DFFSR.$proc$/usr/bin/../share/yosys/ice40/cells_sim.v:0$209'.
Creating decoders for process `\SB_DFFSR.$proc$/usr/bin/../share/yosys/ice40/cells_sim.v:356$207'.
     1/1: $0\Q[0:0]
Creating decoders for process `\SB_DFFE.$proc$/usr/bin/../share/yosys/ice40/cells_sim.v:0$206'.
Creating decoders for process `\SB_DFFE.$proc$/usr/bin/../share/yosys/ice40/cells_sim.v:311$205'.
     1/1: $0\Q[0:0]
Creating decoders for process `\SB_DFF.$proc$/usr/bin/../share/yosys/ice40/cells_sim.v:0$204'.
Creating decoders for process `\SB_DFF.$proc$/usr/bin/../share/yosys/ice40/cells_sim.v:271$203'.
Creating decoders for process `\decoder.$proc$../../rtl/decoder.sv:0$21'.
     1/43: $5\fpu_op[4:0]
     2/43: $3\fp_to_int[0:0]
     3/43: $5\reg_write[0:0]
     4/43: $3\fp_reg_write[0:0]
     5/43: $4\fpu_op[4:0]
     6/43: $3\fpu_op[4:0]
     7/43: $2\fpu_op[4:0]
     8/43: $2\fp_reg_write[0:0]
     9/43: $2\int_to_fp[0:0]
    10/43: $2\fp_to_int[0:0]
    11/43: $4\reg_write[0:0]
    12/43: { $2\mem_write[0:0] $2\is_lr[0:0] $2\is_amo[0:0] $2\is_sc[0:0] $2\mem_read[0:0] $3\reg_write[0:0] $6\alu_op[4:0] }
    13/43: $3\is_ecall[0:0]
    14/43: $3\is_ebreak[0:0]
    15/43: $2\is_ebreak[0:0]
    16/43: $2\is_ecall[0:0]
    17/43: $2\is_csr[0:0]
    18/43: $2\reg_write[0:0]
    19/43: $5\alu_op[4:0]
    20/43: $4\alu_op[4:0]
    21/43: $3\alu_op[4:0]
    22/43: $2\alu_op[4:0]
    23/43: $1\alu_op[4:0]
    24/43: $1\reg_write[0:0]
    25/43: $1\alu_src[0:0]
    26/43: $1\is_fp_store[0:0]
    27/43: $1\is_fp_load[0:0]
    28/43: $1\int_to_fp[0:0]
    29/43: $1\fp_to_int[0:0]
    30/43: $1\fp_reg_write[0:0]
    31/43: $1\fpu_op[4:0]
    32/43: $1\is_amo[0:0]
    33/43: $1\is_sc[0:0]
    34/43: $1\is_lr[0:0]
    35/43: $1\is_csr[0:0]
    36/43: $1\is_fence[0:0]
    37/43: $1\is_ebreak[0:0]
    38/43: $1\is_ecall[0:0]
    39/43: $1\jump[0:0]
    40/43: $1\branch[0:0]
    41/43: $1\mem_to_reg[0:0]
    42/43: $1\mem_read[0:0]
    43/43: $1\mem_write[0:0]

3.3.8. Executing PROC_DLATCH pass (convert process syncs to latches).
No latch inferred for signal `\decoder.\alu_op' from process `\decoder.$proc$../../rtl/decoder.sv:0$21'.
No latch inferred for signal `\decoder.\alu_src' from process `\decoder.$proc$../../rtl/decoder.sv:0$21'.
No latch inferred for signal `\decoder.\reg_write' from process `\decoder.$proc$../../rtl/decoder.sv:0$21'.
No latch inferred for signal `\decoder.\mem_write' from process `\decoder.$proc$../../rtl/decoder.sv:0$21'.
No latch inferred for signal `\decoder.\mem_read' from process `\decoder.$proc$../../rtl/decoder.sv:0$21'.
No latch inferred for signal `\decoder.\mem_to_reg' from process `\decoder.$proc$../../rtl/decoder.sv:0$21'.
No latch inferred for signal `\decoder.\branch' from process `\decoder.$proc$../../rtl/decoder.sv:0$21'.
No latch inferred for signal `\decoder.\jump' from process `\decoder.$proc$../../rtl/decoder.sv:0$21'.
No latch inferred for signal `\decoder.\is_ecall' from process `\decoder.$proc$../../rtl/decoder.sv:0$21'.
No latch inferred for signal `\decoder.\is_ebreak' from process `\decoder.$proc$../../rtl/decoder.sv:0$21'.
No latch inferred for signal `\decoder.\is_fence' from process `\decoder.$proc$../../rtl/decoder.sv:0$21'.
No latch inferred for signal `\decoder.\is_csr' from process `\decoder.$proc$../../rtl/decoder.sv:0$21'.
No latch inferred for signal `\decoder.\is_lr' from process `\decoder.$proc$../../rtl/decoder.sv:0$21'.
No latch inferred for signal `\decoder.\is_sc' from process `\decoder.$proc$../../rtl/decoder.sv:0$21'.
No latch inferred for signal `\decoder.\is_amo' from process `\decoder.$proc$../../rtl/decoder.sv:0$21'.
No latch inferred for signal `\decoder.\fpu_op' from process `\decoder.$proc$../../rtl/decoder.sv:0$21'.
No latch inferred for signal `\decoder.\fp_reg_write' from process `\decoder.$proc$../../rtl/decoder.sv:0$21'.
No latch inferred for signal `\decoder.\fp_to_int' from process `\decoder.$proc$../../rtl/decoder.sv:0$21'.
No latch inferred for signal `\decoder.\int_to_fp' from process `\decoder.$proc$../../rtl/decoder.sv:0$21'.
No latch inferred for signal `\decoder.\is_fp_load' from process `\decoder.$proc$../../rtl/decoder.sv:0$21'.
No latch inferred for signal `\decoder.\is_fp_store' from process `\decoder.$proc$../../rtl/decoder.sv:0$21'.

3.3.9. Executing PROC_DFF pass (convert process syncs to FFs).
Creating register for signal `\synth_harness.\result_reg' using process `\synth_harness.$proc$synth_harness.sv:168$425'.
  created $dff cell `$procdff$1083' with positive edge clock.
Creating register for signal `\synth_harness.\stim_sel' using process `\synth_harness.$proc$synth_harness.sv:29$417'.
  created $adff cell `$procdff$1084' with positive edge clock and negative level reset.
Creating register for signal `\synth_harness.$fordecl_block$1.i' using process `\synth_harness.$proc$synth_harness.sv:29$417'.
  created $adff cell `$procdff$1085' with positive edge clock and negative level reset.
Creating register for signal `\synth_harness.$fordecl_block$3.i' using process `\synth_harness.$proc$synth_harness.sv:29$417'.
  created $dff cell `$procdff$1088' with positive edge clock.
Creating register for signal `\synth_harness.\stim_reg[0]' using process `\synth_harness.$proc$synth_harness.sv:29$417'.
  created $adff cell `$procdff$1089' with positive edge clock and negative level reset.
Creating register for signal `\synth_harness.\stim_reg[1]' using process `\synth_harness.$proc$synth_harness.sv:29$417'.
  created $adff cell `$procdff$1090' with positive edge clock and negative level reset.
Creating register for signal `\synth_harness.\stim_reg[2]' using process `\synth_harness.$proc$synth_harness.sv:29$417'.
  created $adff cell `$procdff$1091' with positive edge clock and negative level reset.
Creating register for signal `\synth_harness.\stim_reg[3]' using process `\synth_harness.$proc$synth_harness.sv:29$417'.
  created $adff cell `$procdff$1092' with positive edge clock and negative level reset.
Creating register for signal `\synth_harness.\stim_reg[4]' using process `\synth_harness.$proc$synth_harness.sv:29$417'.
  created $adff cell `$procdff$1093' with positive edge clock and negative level reset.
Creating register for signal `\synth_harness.\stim_reg[5]' using process `\synth_harness.$proc$synth_harness.sv:29$417'.
  created $adff cell `$procdff$1094' with positive edge clock and negative level reset.
Creating register for signal `\synth_harness.\stim_reg[6]' using process `\synth_harness.$proc$synth_harness.sv:29$417'.
  created $adff cell `$procdff$1095' with positive edge clock and negative level reset.
Creating register for signal `\synth_harness.\stim_reg[7]' using process `\synth_harness.$proc$synth_harness.sv:29$417'.
  created $adff cell `$procdff$1096' with positive edge clock and negative level reset.
Creating register for signal `\synth_harness.\rst_n_sync1' using process `\synth_harness.$proc$synth_harness.sv:18$416'.
  created $dff cell `$procdff$1097' with positive edge clock.
Creating register for signal `\synth_harness.\rst_n_sync2' using process `\synth_harness.$proc$synth_harness.sv:18$416'.
  created $dff cell `$procdff$1098' with positive edge clock.
Creating register for signal `\SB_DFFNES.\Q' using process `\SB_DFFNES.$proc$/usr/bin/../share/yosys/ice40/cells_sim.v:1414$275'.
  created $adff cell `$procdff$1099' with negative edge clock and positive level reset.
Creating register for signal `\SB_DFFNESS.\Q' using process `\SB_DFFNESS.$proc$/usr/bin/../share/yosys/ice40/cells_sim.v:1353$268'.
  created $dff cell `$procdff$1100' with negative edge clock.
Creating register for signal `\SB_DFFNER.\Q' using process `\SB_DFFNER.$proc$/usr/bin/../share/yosys/ice40/cells_sim.v:1273$264'.
  created $adff cell `$procdff$1101' with negative edge clock and positive level reset.
Creating register for signal `\SB_DFFNESR.\Q' using process `\SB_DFFNESR.$proc$/usr/bin/../share/yosys/ice40/cells_sim.v:1212$257'.
  created $dff cell `$procdff$1102' with negative edge clock.
Creating register for signal `\SB_DFFNS.\Q' using process `\SB_DFFNS.$proc$/usr/bin/../share/yosys/ice40/cells_sim.v:1138$254'.
  created $adff cell `$procdff$1103' with negative edge clock and positive level reset.
Creating register for signal `\SB_DFFNSS.\Q' using process `\SB_DFFNSS.$proc$/usr/bin/../share/yosys/ice40/cells_sim.v:1088$251'.
  created $dff cell `$procdff$1104' with negative edge clock.
Creating register for signal `\SB_DFFNR.\Q' using process `\SB_DFFNR.$proc$/usr/bin/../share/yosys/ice40/cells_sim.v:1017$248'.
  created $adff cell `$procdff$1105' with negative edge clock and positive level reset.
Creating register for signal `\SB_DFFNSR.\Q' using process `\SB_DFFNSR.$proc$/usr/bin/../share/yosys/ice40/cells_sim.v:967$245'.
  created $dff cell `$procdff$1106' with negative edge clock.
Creating register for signal `\SB_DFFNE.\Q' using process `\SB_DFFNE.$proc$/usr/bin/../share/yosys/ice40/cells_sim.v:922$243'.
  created $dff cell `$procdff$1107' with negative edge clock.
Creating register for signal `\SB_DFFN.\Q' using process `\SB_DFFN.$proc$/usr/bin/../share/yosys/ice40/cells_sim.v:882$241'.
  created $dff cell `$procdff$1108' with negative edge clock.
Creating register for signal `\SB_DFFES.\Q' using process `\SB_DFFES.$proc$/usr/bin/../share/yosys/ice40/cells_sim.v:803$237'.
  created $adff cell `$procdff$1109' with positive edge clock and positive level reset.
Creating register for signal `\SB_DFFESS.\Q' using process `\SB_DFFESS.$proc$/usr/bin/../share/yosys/ice40/cells_sim.v:742$230'.
  created $dff cell `$procdff$1110' with positive edge clock.
Creating register for signal `\SB_DFFER.\Q' using process `\SB_DFFER.$proc$/usr/bin/../share/yosys/ice40/cells_sim.v:662$226'.
  created $adff cell `$procdff$1111' with positive edge clock and positive level reset.
Creating register for signal `\SB_DFFESR.\Q' using process `\SB_DFFESR.$proc$/usr/bin/../share/yosys/ice40/cells_sim.v:601$219'.
  created $dff cell `$procdff$1112' with positive edge clock.
Creating register for signal `\SB_DFFS.\Q' using process `\SB_DFFS.$proc$/usr/bin/../share/yosys/ice40/cells_sim.v:527$216'.
  created $adff cell `$procdff$1113' with positive edge clock and positive level reset.
Creating register for signal `\SB_DFFSS.\Q' using process `\SB_DFFSS.$proc$/usr/bin/../share/yosys/ice40/cells_sim.v:477$213'.
  created $dff cell `$procdff$1114' with positive edge clock.
Creating register for signal `\SB_DFFR.\Q' using process `\SB_DFFR.$proc$/usr/bin/../share/yosys/ice40/cells_sim.v:406$210'.
  created $adff cell `$procdff$1115' with positive edge clock and positive level reset.
Creating register for signal `\SB_DFFSR.\Q' using process `\SB_DFFSR.$proc$/usr/bin/../share/yosys/ice40/cells_sim.v:356$207'.
  created $dff cell `$procdff$1116' with positive edge clock.
Creating register for signal `\SB_DFFE.\Q' using process `\SB_DFFE.$proc$/usr/bin/../share/yosys/ice40/cells_sim.v:311$205'.
  created $dff cell `$procdff$1117' with positive edge clock.
Creating register for signal `\SB_DFF.\Q' using process `\SB_DFF.$proc$/usr/bin/../share/yosys/ice40/cells_sim.v:271$203'.
  created $dff cell `$procdff$1118' with positive edge clock.

3.3.10. Executing PROC_MEMWR pass (convert process memory writes to cells).

3.3.11. Executing PROC_CLEAN pass (remove empty switches from decision trees).
Removing empty process `synth_harness.$proc$synth_harness.sv:168$425'.
Removing empty process `synth_harness.$proc$synth_harness.sv:29$417'.
Removing empty process `synth_harness.$proc$synth_harness.sv:18$416'.
Removing empty process `SB_DFFNES.$proc$/usr/bin/../share/yosys/ice40/cells_sim.v:0$278'.
Found and cleaned up 1 empty switch in `\SB_DFFNES.$proc$/usr/bin/../share/yosys/ice40/cells_sim.v:1414$275'.
Removing empty process `SB_DFFNES.$proc$/usr/bin/../share/yosys/ice40/cells_sim.v:1414$275'.
Removing empty process `SB_DFFNESS.$proc$/usr/bin/../share/yosys/ice40/cells_sim.v:0$274'.
Found and cleaned up 2 empty switches in `\SB_DFFNESS.$proc$/usr/bin/../share/yosys/ice40/cells_sim.v:1353$268'.
Removing empty process `SB_DFFNESS.$proc$/usr/bin/../share/yosys/ice40/cells_sim.v:1353$268'.
Removing empty process `SB_DFFNER.$proc$/usr/bin/../share/yosys/ice40/cells_sim.v:0$267'.
Found and cleaned up 1 empty switch in `\SB_DFFNER.$proc$/usr/bin/../share/yosys/ice40/cells_sim.v:1273$264'.
Removing empty process `SB_DFFNER.$proc$/usr/bin/../share/yosys/ice40/cells_sim.v:1273$264'.
Removing empty process `SB_DFFNESR.$proc$/usr/bin/../share/yosys/ice40/cells_sim.v:0$263'.
Found and cleaned up 2 empty switches in `\SB_DFFNESR.$proc$/usr/bin/../share/yosys/ice40/cells_sim.v:1212$257'.
Removing empty process `SB_DFFNESR.$proc$/usr/bin/../share/yosys/ice40/cells_sim.v:1212$257'.
Removing empty process `SB_DFFNS.$proc$/usr/bin/../share/yosys/ice40/cells_sim.v:0$256'.
Removing empty process `SB_DFFNS.$proc$/usr/bin/../share/yosys/ice40/cells_sim.v:1138$254'.
Removing empty process `SB_DFFNSS.$proc$/usr/bin/../share/yosys/ice40/cells_sim.v:0$253'.
Found and cleaned up 1 empty switch in `\SB_DFFNSS.$proc$/usr/bin/../share/yosys/ice40/cells_sim.v:1088$251'.
Removing empty process `SB_DFFNSS.$proc$/usr/bin/../share/yosys/ice40/cells_sim.v:1088$251'.
Removing empty process `SB_DFFNR.$proc$/usr/bin/../share/yosys/ice40/cells_sim.v:0$250'.
Removing empty process `SB_DFFNR.$proc$/usr/bin/../share/yosys/ice40/cells_sim.v:1017$248'.
Removing empty process `SB_DFFNSR.$proc$/usr/bin/../share/yosys/ice40/cells_sim.v:0$247'.
Found and cleaned up 1 empty switch in `\SB_DFFNSR.$proc$/usr/bin/../share/yosys/ice40/cells_sim.v:967$245'.
Removing empty process `SB_DFFNSR.$proc$/usr/bin/../share/yosys/ice40/cells_sim.v:967$245'.
Removing empty process `SB_DFFNE.$proc$/usr/bin/../share/yosys/ice40/cells_sim.v:0$244'.
Found and cleaned up 1 empty switch in `\SB_DFFNE.$proc$/usr/bin/../share/yosys/ice40/cells_sim.v:922$243'.
Removing empty process `SB_DFFNE.$proc$/usr/bin/../share/yosys/ice40/cells_sim.v:922$243'.
Removing empty process `SB_DFFN.$proc$/usr/bin/../share/yosys/ice40/cells_sim.v:0$242'.
Removing empty process `SB_DFFN.$proc$/usr/bin/../share/yosys/ice40/cells_sim.v:882$241'.
Removing empty process `SB_DFFES.$proc$/usr/bin/../share/yosys/ice40/cells_sim.v:0$240'.
Found and cleaned up 1 empty switch in `\SB_DFFES.$proc$/usr/bin/../share/yosys/ice40/cells_sim.v:803$237'.
Removing empty process `SB_DFFES.$proc$/usr/bin/../share/yosys/ice40/cells_sim.v:803$237'.
Removing empty process `SB_DFFESS.$proc$/usr/bin/../share/yosys/ice40/cells_sim.v:0$236'.
Found and cleaned up 2 empty switches in `\SB_DFFESS.$proc$/usr/bin/../share/yosys/ice40/cells_sim.v:742$230'.
Removing empty process `SB_DFFESS.$proc$/usr/bin/../share/yosys/ice40/cells_sim.v:742$230'.
Removing empty process `SB_DFFER.$proc$/usr/bin/../share/yosys/ice40/cells_sim.v:0$229'.
Found and cleaned up 1 empty switch in `\SB_DFFER.$proc$/usr/bin/../share/yosys/ice40/cells_sim.v:662$226'.
Removing empty process `SB_DFFER.$proc$/usr/bin/../share/yosys/ice40/cells_sim.v:662$226'.
Removing empty process `SB_DFFESR.$proc$/usr/bin/../share/yosys/ice40/cells_sim.v:0$225'.
Found and cleaned up 2 empty switches in `\SB_DFFESR.$proc$/usr/bin/../share/yosys/ice40/cells_sim.v:601$219'.
Removing empty process `SB_DFFESR.$proc$/usr/bin/../share/yosys/ice40/cells_sim.v:601$219'.
Removing empty process `SB_DFFS.$proc$/usr/bin/../share/yosys/ice40/cells_sim.v:0$218'.
Removing empty process `SB_DFFS.$proc$/usr/bin/../share/yosys/ice40/cells_sim.v:527$216'.
Removing empty process `SB_DFFSS.$proc$/usr/bin/../share/yosys/ice40/cells_sim.v:0$215'.
Found and cleaned up 1 empty switch in `\SB_DFFSS.$proc$/usr/bin/../share/yosys/ice40/cells_sim.v:477$213'.
Removing empty process `SB_DFFSS.$proc$/usr/bin/../share/yosys/ice40/cells_sim.v:477$213'.
Removing empty process `SB_DFFR.$proc$/usr/bin/../share/yosys/ice40/cells_sim.v:0$212'.
Removing empty process `SB_DFFR.$proc$/usr/bin/../share/yosys/ice40/cells_sim.v:406$210'.
Removing empty process `SB_DFFSR.$proc$/usr/bin/../share/yosys/ice40/cells_sim.v:0$209'.
Found and cleaned up 1 empty switch in `\SB_DFFSR.$proc$/usr/bin/../share/yosys/ice40/cells_sim.v:356$207'.
Removing empty process `SB_DFFSR.$proc$/usr/bin/../share/yosys/ice40/cells_sim.v:356$207'.
Removing empty process `SB_DFFE.$proc$/usr/bin/../share/yosys/ice40/cells_sim.v:0$206'.
Found and cleaned up 1 empty switch in `\SB_DFFE.$proc$/usr/bin/../share/yosys/ice40/cells_sim.v:311$205'.
Removing empty process `SB_DFFE.$proc$/usr/bin/../share/yosys/ice40/cells_sim.v:311$205'.
Removing empty process `SB_DFF.$proc$/usr/bin/../share/yosys/ice40/cells_sim.v:0$204'.
Removing empty process `SB_DFF.$proc$/usr/bin/../share/yosys/ice40/cells_sim.v:271$203'.
Found and cleaned up 12 empty switches in `\decoder.$proc$../../rtl/decoder.sv:0$21'.
Removing empty process `decoder.$proc$../../rtl/decoder.sv:0$21'.
Cleaned up 30 empty switches.

3.3.12. Executing OPT_EXPR pass (perform const folding).
Optimizing module synth_harness.
<suppressed ~1 debug messages>
Optimizing module decoder.
<suppressed ~12 debug messages>

3.4. Executing FLATTEN pass (flatten design).
Deleting now unused module decoder.
<suppressed ~1 debug messages>

3.5. Executing TRIBUF pass.

3.6. Executing DEMINOUT pass (demote inout ports to input or output).

3.7. Executing OPT_EXPR pass (perform const folding).
Optimizing module synth_harness.

3.8. Executing OPT_CLEAN pass (remove unused cells and wires).
Finding unused cells or wires in module \synth_harness..
Removed 122 unused cells and 249 unused wires.
<suppressed ~148 debug messages>

3.9. Executing CHECK pass (checking for obvious problems).
Checking module synth_harness...
Found and reported 0 problems.

3.10. Executing OPT pass (performing simple optimizations).

3.10.1. Executing OPT_EXPR pass (perform const folding).
Optimizing module synth_harness.

3.10.2. Executing OPT_MERGE pass (detect identical cells).
Finding identical cells in module `\synth_harness'.
<suppressed ~117 debug messages>
Removed a total of 39 cells.

3.10.3. Executing OPT_MUXTREE pass (detect dead branches in mux trees).
Running muxtree optimizer on module \synth_harness..
  Creating internal representation of mux trees.
  Evaluating internal representation of mux trees.
  Analyzing evaluation results.
    dead port 2/2 on $mux $flatten\u_decoder.$procmux$713.
    dead port 2/2 on $mux $flatten\u_decoder.$procmux$737.
    dead port 1/2 on $mux $flatten\u_decoder.$procmux$767.
    dead port 2/2 on $mux $flatten\u_decoder.$procmux$769.
    dead port 2/2 on $mux $flatten\u_decoder.$procmux$791.
    dead port 2/2 on $mux $flatten\u_decoder.$procmux$793.
    dead port 2/2 on $mux $flatten\u_decoder.$procmux$816.
    dead port 2/2 on $mux $flatten\u_decoder.$procmux$846.
    dead port 2/2 on $mux $flatten\u_decoder.$procmux$520.
    dead port 2/2 on $mux $flatten\u_decoder.$procmux$522.
    dead port 2/2 on $mux $flatten\u_decoder.$procmux$650.
    dead port 2/2 on $mux $flatten\u_decoder.$procmux$659.
    dead port 2/2 on $mux $flatten\u_decoder.$procmux$672.
    dead port 2/2 on $mux $flatten\u_decoder.$procmux$674.
Removed 14 multiplexer ports.
<suppressed ~10 debug messages>

3.10.4. Executing OPT_REDUCE pass (consolidate $*mux and $reduce_* inputs).
  Optimizing cells in module \synth_harness.
    New ctrl vector for $pmux cell $flatten\u_decoder.$procmux$1026: $auto$opt_reduce.cc:134:opt_pmux$1122
    New ctrl vector for $pmux cell $flatten\u_decoder.$procmux$1069: { $auto$opt_reduce.cc:134:opt_pmux$1124 $flatten\u_decoder.$procmux$1070_CMP }
    New ctrl vector for $pmux cell $flatten\u_decoder.$procmux$1079: { $auto$opt_reduce.cc:134:opt_pmux$1126 $flatten\u_decoder.$procmux$1070_CMP }
    New ctrl vector for $pmux cell $flatten\u_decoder.$procmux$864: { $auto$opt_reduce.cc:134:opt_pmux$1128 $flatten\u_decoder.$procmux$1016_CMP $flatten\u_decoder.$procmux$1070_CMP $flatten\u_decoder.$procmux$523_CMP }
    New ctrl vector for $pmux cell $flatten\u_decoder.$procmux$646: $auto$opt_reduce.cc:134:opt_pmux$1130
    New ctrl vector for $pmux cell $flatten\u_decoder.$procmux$884: $auto$opt_reduce.cc:134:opt_pmux$1132
  Optimizing cells in module \synth_harness.
Performed a total of 6 changes.

3.10.5. Executing OPT_MERGE pass (detect identical cells).
Finding identical cells in module `\synth_harness'.
<suppressed ~3 debug messages>
Removed a total of 1 cells.

3.10.6. Executing OPT_DFF pass (perform DFF optimizations).

3.10.7. Executing OPT_CLEAN pass (remove unused cells and wires).
Finding unused cells or wires in module \synth_harness..
Removed 0 unused cells and 54 unused wires.
<suppressed ~1 debug messages>

3.10.8. Executing OPT_EXPR pass (perform const folding).
Optimizing module synth_harness.

3.10.9. Rerunning OPT passes. (Maybe there is more to do..)

3.10.10. Executing OPT_MUXTREE pass (detect dead branches in mux trees).
Running muxtree optimizer on module \synth_harness..
  Creating internal representation of mux trees.
  Evaluating internal representation of mux trees.
  Analyzing evaluation results.
Removed 0 multiplexer ports.
<suppressed ~10 debug messages>

3.10.11. Executing OPT_REDUCE pass (consolidate $*mux and $reduce_* inputs).
  Optimizing cells in module \synth_harness.
Performed a total of 0 changes.

3.10.12. Executing OPT_MERGE pass (detect identical cells).
Finding identical cells in module `\synth_harness'.
Removed a total of 0 cells.

3.10.13. Executing OPT_DFF pass (perform DFF optimizations).

3.10.14. Executing OPT_CLEAN pass (remove unused cells and wires).
Finding unused cells or wires in module \synth_harness..

3.10.15. Executing OPT_EXPR pass (perform const folding).
Optimizing module synth_harness.

3.10.16. Finished OPT passes. (There is nothing left to do.)

3.11. Executing FSM pass (extract and optimize FSM).

3.11.1. Executing FSM_DETECT pass (finding FSMs in design).

3.11.2. Executing FSM_EXTRACT pass (extracting FSM from design).

3.11.3. Executing FSM_OPT pass (simple optimizations of FSMs).

3.11.4. Executing OPT_CLEAN pass (remove unused cells and wires).
Finding unused cells or wires in module \synth_harness..

3.11.5. Executing FSM_OPT pass (simple optimizations of FSMs).

3.11.6. Executing FSM_RECODE pass (re-assigning FSM state encoding).

3.11.7. Executing FSM_INFO pass (dumping all available information on FSM cells).

3.11.8. Executing FSM_MAP pass (mapping FSMs to basic logic).

3.12. Executing OPT pass (performing simple optimizations).

3.12.1. Executing OPT_EXPR pass (perform const folding).
Optimizing module synth_harness.

3.12.2. Executing OPT_MERGE pass (detect identical cells).
Finding identical cells in module `\synth_harness'.
Removed a total of 0 cells.

3.12.3. Executing OPT_MUXTREE pass (detect dead branches in mux trees).
Running muxtree optimizer on module \synth_harness..
  Creating internal representation of mux trees.
  Evaluating internal representation of mux trees.
  Analyzing evaluation results.
Removed 0 multiplexer ports.
<suppressed ~10 debug messages>

3.12.4. Executing OPT_REDUCE pass (consolidate $*mux and $reduce_* inputs).
  Optimizing cells in module \synth_harness.
Performed a total of 0 changes.

3.12.5. Executing OPT_MERGE pass (detect identical cells).
Finding identical cells in module `\synth_harness'.
Removed a total of 0 cells.

3.12.6. Executing OPT_DFF pass (perform DFF optimizations).

3.12.7. Executing OPT_CLEAN pass (remove unused cells and wires).
Finding unused cells or wires in module \synth_harness..

3.12.8. Executing OPT_EXPR pass (perform const folding).
Optimizing module synth_harness.

3.12.9. Finished OPT passes. (There is nothing left to do.)

3.13. Executing WREDUCE pass (reducing word size of cells).
Removed top 29 address bits (of 32) from memory init port synth_harness.$flatten\u_decoder.$auto$mem.cc:319:emit$435 ($flatten\u_decoder.$auto$proc_rom.cc:150:do_switch$433).
Removed top 27 address bits (of 32) from memory init port synth_harness.$flatten\u_decoder.$auto$mem.cc:319:emit$439 ($flatten\u_decoder.$auto$proc_rom.cc:150:do_switch$437).
Removed top 27 bits (of 32) from port B of cell synth_harness.$xor$synth_harness.sv:169$430 ($xor).
Removed top 24 bits (of 32) from port B of cell synth_harness.$xor$synth_harness.sv:169$431 ($xor).
Removed top 24 bits (of 32) from FF cell synth_harness.$procdff$1083 ($dff).
Removed top 1 bits (of 7) from port B of cell synth_harness.$flatten\u_decoder.$procmux$1082_CMP0 ($eq).
Removed top 1 bits (of 7) from port B of cell synth_harness.$flatten\u_decoder.$procmux$1081_CMP0 ($eq).
Removed top 4 bits (of 7) from port B of cell synth_harness.$flatten\u_decoder.$procmux$1071_CMP0 ($eq).
Removed top 1 bits (of 7) from port B of cell synth_harness.$flatten\u_decoder.$procmux$1070_CMP0 ($eq).
Removed top 5 bits (of 7) from port B of cell synth_harness.$flatten\u_decoder.$procmux$1062_CMP0 ($eq).
Removed top 1 bits (of 7) from port B of cell synth_harness.$flatten\u_decoder.$procmux$871_CMP0 ($eq).
Removed top 2 bits (of 7) from port B of cell synth_harness.$flatten\u_decoder.$procmux$870_CMP0 ($eq).
Removed top 2 bits (of 7) from port B of cell synth_harness.$flatten\u_decoder.$procmux$847_CMP0 ($eq).
Removed top 1 bits (of 7) from port B of cell synth_harness.$flatten\u_decoder.$procmux$770_CMP0 ($eq).
Removed top 2 bits (of 3) from port B of cell synth_harness.$flatten\u_decoder.$procmux$761_CMP0 ($eq).
Removed top 1 bits (of 3) from port B of cell synth_harness.$flatten\u_decoder.$procmux$759_CMP0 ($eq).
Removed top 1 bits (of 3) from port B of cell synth_harness.$flatten\u_decoder.$procmux$758_CMP0 ($eq).
Removed top 4 bits (of 5) from mux cell synth_harness.$flatten\u_decoder.$ternary$../../rtl/decoder.sv:209$24 ($mux).
Removed top 6 bits (of 7) from port B of cell synth_harness.$flatten\u_decoder.$eq$../../rtl/decoder.sv:193$23 ($eq).
Removed top 4 bits (of 5) from mux cell synth_harness.$flatten\u_decoder.$ternary$../../rtl/decoder.sv:180$22 ($mux).
Removed top 24 bits (of 32) from port Y of cell synth_harness.$xor$synth_harness.sv:169$431 ($xor).
Removed top 24 bits (of 32) from port A of cell synth_harness.$xor$synth_harness.sv:169$431 ($xor).
Removed top 24 bits (of 32) from port Y of cell synth_harness.$xor$synth_harness.sv:169$430 ($xor).
Removed top 24 bits (of 32) from port A of cell synth_harness.$xor$synth_harness.sv:169$430 ($xor).
Removed top 24 bits (of 32) from port Y of cell synth_harness.$xor$synth_harness.sv:169$429 ($xor).
Removed top 24 bits (of 32) from port A of cell synth_harness.$xor$synth_harness.sv:169$429 ($xor).
Removed top 24 bits (of 32) from port B of cell synth_harness.$xor$synth_harness.sv:169$429 ($xor).
Removed top 24 bits (of 32) from port Y of cell synth_harness.$xor$synth_harness.sv:169$428 ($xor).
Removed top 24 bits (of 32) from port A of cell synth_harness.$xor$synth_harness.sv:169$428 ($xor).
Removed top 31 bits (of 32) from port B of cell synth_harness.$xor$synth_harness.sv:169$428 ($xor).
Removed top 24 bits (of 32) from port Y of cell synth_harness.$xor$synth_harness.sv:169$427 ($xor).
Removed top 24 bits (of 32) from port A of cell synth_harness.$xor$synth_harness.sv:169$427 ($xor).
Removed top 24 bits (of 32) from port B of cell synth_harness.$xor$synth_harness.sv:169$427 ($xor).
Removed top 24 bits (of 32) from port Y of cell synth_harness.$xor$synth_harness.sv:169$426 ($xor).
Removed top 24 bits (of 32) from port A of cell synth_harness.$xor$synth_harness.sv:169$426 ($xor).
Removed top 24 bits (of 32) from port B of cell synth_harness.$xor$synth_harness.sv:169$426 ($xor).
Removed top 24 bits (of 32) from wire synth_harness.$0\result_reg[31:0].
Removed top 4 bits (of 5) from wire synth_harness.$flatten\u_decoder.$ternary$../../rtl/decoder.sv:180$22_Y.
Removed top 4 bits (of 5) from wire synth_harness.$flatten\u_decoder.$ternary$../../rtl/decoder.sv:209$24_Y.
Removed top 24 bits (of 32) from wire synth_harness.$xor$synth_harness.sv:169$426_Y.
Removed top 24 bits (of 32) from wire synth_harness.$xor$synth_harness.sv:169$427_Y.
Removed top 24 bits (of 32) from wire synth_harness.$xor$synth_harness.sv:169$428_Y.
Removed top 24 bits (of 32) from wire synth_harness.$xor$synth_harness.sv:169$430_Y.

3.14. Executing PEEPOPT pass (run peephole optimizers).

3.15. Executing OPT_CLEAN pass (remove unused cells and wires).
Finding unused cells or wires in module \synth_harness..
Removed 0 unused cells and 7 unused wires.
<suppressed ~1 debug messages>

3.16. Executing SHARE pass (SAT-based resource sharing).
Found 2 cells in module synth_harness that may be considered for resource sharing.
  Analyzing resource sharing options for $flatten\u_decoder.$auto$mem.cc:273:emit$438 ($memrd_v2):
    Found 1 activation_patterns using ctrl signal $flatten\u_decoder.$procmux$1070_CMP.
    No candidates found.
  Analyzing resource sharing options for $flatten\u_decoder.$auto$mem.cc:273:emit$434 ($memrd_v2):
    Found 1 activation_patterns using ctrl signal { $flatten\u_decoder.$eq$../../rtl/decoder.sv:193$23_Y $flatten\u_decoder.$procmux$770_CMP }.
    No candidates found.

3.17. Executing TECHMAP pass (map to technology primitives).

3.17.1. Executing Verilog-2005 frontend: /usr/bin/../share/yosys/cmp2lut.v
Parsing Verilog input from `/usr/bin/../share/yosys/cmp2lut.v' to AST representation.
Generating RTLIL representation for module `\_90_lut_cmp_'.
Successfully finished Verilog frontend.

3.17.2. Continuing TECHMAP pass.
No more expansions possible.
<suppressed ~6 debug messages>

3.18. Executing OPT_EXPR pass (perform const folding).
Optimizing module synth_harness.
<suppressed ~1 debug messages>

3.19. Executing OPT_CLEAN pass (remove unused cells and wires).
Finding unused cells or wires in module \synth_harness..
Removed 0 unused cells and 1 unused wires.
<suppressed ~1 debug messages>

3.20. Executing ALUMACC pass (create $alu and $macc cells).
Extracting $alu and $macc cells in module synth_harness:
  created 0 $alu and 0 $macc cells.

3.21. Executing OPT pass (performing simple optimizations).

3.21.1. Executing OPT_EXPR pass (perform const folding).
Optimizing module synth_harness.

3.21.2. Executing OPT_MERGE pass (detect identical cells).
Finding identical cells in module `\synth_harness'.
Removed a total of 0 cells.

3.21.3. Executing OPT_MUXTREE pass (detect dead branches in mux trees).
Running muxtree optimizer on module \synth_harness..
  Creating internal representation of mux trees.
  Evaluating internal representation of mux trees.
  Analyzing evaluation results.
Removed 0 multiplexer ports.
<suppressed ~10 debug messages>

3.21.4. Executing OPT_REDUCE pass (consolidate $*mux and $reduce_* inputs).
  Optimizing cells in module \synth_harness.
Performed a total of 0 changes.

3.21.5. Executing OPT_MERGE pass (detect identical cells).
Finding identical cells in module `\synth_harness'.
<suppressed ~3 debug messages>
Removed a total of 1 cells.

3.21.6. Executing OPT_DFF pass (perform DFF optimizations).

3.21.7. Executing OPT_CLEAN pass (remove unused cells and wires).
Finding unused cells or wires in module \synth_harness..
Removed 0 unused cells and 1 unused wires.
<suppressed ~1 debug messages>

3.21.8. Executing OPT_EXPR pass (perform const folding).
Optimizing module synth_harness.

3.21.9. Rerunning OPT passes. (Maybe there is more to do..)

3.21.10. Executing OPT_MUXTREE pass (detect dead branches in mux trees).
Running muxtree optimizer on module \synth_harness..
  Creating internal representation of mux trees.
  Evaluating internal representation of mux trees.
  Analyzing evaluation results.
Removed 0 multiplexer ports.
<suppressed ~10 debug messages>

3.21.11. Executing OPT_REDUCE pass (consolidate $*mux and $reduce_* inputs).
  Optimizing cells in module \synth_harness.
Performed a total of 0 changes.

3.21.12. Executing OPT_MERGE pass (detect identical cells).
Finding identical cells in module `\synth_harness'.
Removed a total of 0 cells.

3.21.13. Executing OPT_DFF pass (perform DFF optimizations).

3.21.14. Executing OPT_CLEAN pass (remove unused cells and wires).
Finding unused cells or wires in module \synth_harness..

3.21.15. Executing OPT_EXPR pass (perform const folding).
Optimizing module synth_harness.

3.21.16. Finished OPT passes. (There is nothing left to do.)

3.22. Executing MEMORY pass.

3.22.1. Executing OPT_MEM pass (optimize memories).
synth_harness.$flatten\u_decoder.$auto$proc_rom.cc:150:do_switch$437: removing const-0 lane 3
Performed a total of 1 transformations.

3.22.2. Executing OPT_MEM_PRIORITY pass (removing unnecessary memory write priority relations).
Performed a total of 0 transformations.

3.22.3. Executing OPT_MEM_FEEDBACK pass (finding memory read-to-write feedback paths).

3.22.4. Executing MEMORY_BMUX2ROM pass (converting muxes to ROMs).

3.22.5. Executing MEMORY_DFF pass (merging $dff cells to $memrd).
Checking read port `$flatten\u_decoder.$auto$proc_rom.cc:150:do_switch$433'[0] in module `\synth_harness': no output FF found.
Checking read port `$flatten\u_decoder.$auto$proc_rom.cc:150:do_switch$437'[0] in module `\synth_harness': no output FF found.
Checking read port address `$flatten\u_decoder.$auto$proc_rom.cc:150:do_switch$433'[0] in module `\synth_harness': address FF has async set and/or reset, not supported.
Checking read port address `$flatten\u_decoder.$auto$proc_rom.cc:150:do_switch$437'[0] in module `\synth_harness': address FF has async set and/or reset, not supported.

3.22.6. Executing OPT_CLEAN pass (remove unused cells and wires).
Finding unused cells or wires in module \synth_harness..

3.22.7. Executing MEMORY_SHARE pass (consolidating $memrd/$memwr cells).

3.22.8. Executing OPT_MEM_WIDEN pass (optimize memories where all ports are wide).
Performed a total of 0 transformations.

3.22.9. Executing OPT_CLEAN pass (remove unused cells and wires).
Finding unused cells or wires in module \synth_harness..

3.22.10. Executing MEMORY_COLLECT pass (generating $mem cells).

3.23. Executing OPT_CLEAN pass (remove unused cells and wires).
Finding unused cells or wires in module \synth_harness..

3.24. Executing MEMORY_LIBMAP pass (mapping memories to cells).
using FF mapping for memory synth_harness.$flatten\u_decoder.$auto$proc_rom.cc:150:do_switch$433
using FF mapping for memory synth_harness.$flatten\u_decoder.$auto$proc_rom.cc:150:do_switch$437
<suppressed ~28 debug messages>

3.25. Executing TECHMAP pass (map to technology primitives).

3.25.1. Executing Verilog-2005 frontend: /usr/bin/../share/yosys/ice40/brams_map.v
Parsing Verilog input from `/usr/bin/../share/yosys/ice40/brams_map.v' to AST representation.
Generating RTLIL representation for module `\$__ICE40_RAM4K_'.
Successfully finished Verilog frontend.

3.25.2. Executing Verilog-2005 frontend: /usr/bin/../share/yosys/ice40/spram_map.v
Parsing Verilog input from `/usr/bin/../share/yosys/ice40/spram_map.v' to AST representation.
Generating RTLIL representation for module `\$__ICE40_SPRAM_'.
Successfully finished Verilog frontend.

3.25.3. Continuing TECHMAP pass.
No more expansions possible.
<suppressed ~4 debug messages>

3.26. Executing ICE40_BRAMINIT pass.

3.27. Executing OPT pass (performing simple optimizations).

3.27.1. Executing OPT_EXPR pass (perform const folding).
Optimizing module synth_harness.
<suppressed ~57 debug messages>

3.27.2. Executing OPT_MERGE pass (detect identical cells).
Finding identical cells in module `\synth_harness'.
Removed a total of 0 cells.

3.27.3. Executing OPT_DFF pass (perform DFF optimizations).

3.27.4. Executing OPT_CLEAN pass (remove unused cells and wires).
Finding unused cells or wires in module \synth_harness..
Removed 0 unused cells and 20 unused wires.
<suppressed ~1 debug messages>

3.27.5. Finished fast OPT passes.

3.28. Executing MEMORY_MAP pass (converting memories to logic and flip-flops).
Mapping memory $flatten\u_decoder.$auto$proc_rom.cc:150:do_switch$433 in module \synth_harness:
  created 8 $dff cells and 0 static cells of width 5.
  read interface: 0 $dff and 7 $mux cells.
  write interface: 0 write mux blocks.
Mapping memory $flatten\u_decoder.$auto$proc_rom.cc:150:do_switch$437 in module \synth_harness:
  created 32 $dff cells and 0 static cells of width 10.
  read interface: 0 $dff and 31 $mux cells.
  write interface: 0 write mux blocks.

3.29. Executing OPT pass (performing simple optimizations).

3.29.1. Executing OPT_EXPR pass (perform const folding).
Optimizing module synth_harness.
<suppressed ~8 debug messages>

3.29.2. Executing OPT_MERGE pass (detect identical cells).
Finding identical cells in module `\synth_harness'.
Removed a total of 0 cells.

3.29.3. Executing OPT_MUXTREE pass (detect dead branches in mux trees).
Running muxtree optimizer on module \synth_harness..
  Creating internal representation of mux trees.
  Evaluating internal representation of mux trees.
  Analyzing evaluation results.
Removed 0 multiplexer ports.
<suppressed ~6 debug messages>

3.29.4. Executing OPT_REDUCE pass (consolidate $*mux and $reduce_* inputs).
  Optimizing cells in module \synth_harness.
    Consolidated identical input bits for $mux cell $memory$flatten\u_decoder.$auto$proc_rom.cc:150:do_switch$437$rdmux[0][4][6]$1272:
      Old ports: A=10'1010110010, B=10'0000000000, Y=$memory$flatten\u_decoder.$auto$proc_rom.cc:150:do_switch$437$rdmux[0][3][3]$a$1240
      New ports: A=1'1, B=1'0, Y=$memory$flatten\u_decoder.$auto$proc_rom.cc:150:do_switch$437$rdmux[0][3][3]$a$1240 [1]
      New connections: { $memory$flatten\u_decoder.$auto$proc_rom.cc:150:do_switch$437$rdmux[0][3][3]$a$1240 [9:2] $memory$flatten\u_decoder.$auto$proc_rom.cc:150:do_switch$437$rdmux[0][3][3]$a$1240 [0] } = { $memory$flatten\u_decoder.$auto$proc_rom.cc:150:do_switch$437$rdmux[0][3][3]$a$1240 [1] 1'0 $memory$flatten\u_decoder.$auto$proc_rom.cc:150:do_switch$437$rdmux[0][3][3]$a$1240 [1] 1'0 $memory$flatten\u_decoder.$auto$proc_rom.cc:150:do_switch$437$rdmux[0][3][3]$a$1240 [1] $memory$flatten\u_decoder.$auto$proc_rom.cc:150:do_switch$437$rdmux[0][3][3]$a$1240 [1] 3'000 }
    Consolidated identical input bits for $mux cell $memory$flatten\u_decoder.$auto$proc_rom.cc:150:do_switch$437$rdmux[0][4][12]$1290:
      Old ports: A=10'1010111100, B=10'0000000000, Y=$memory$flatten\u_decoder.$auto$proc_rom.cc:150:do_switch$437$rdmux[0][3][6]$a$1249
      New ports: A=1'1, B=1'0, Y=$memory$flatten\u_decoder.$auto$proc_rom.cc:150:do_switch$437$rdmux[0][3][6]$a$1249 [2]
      New connections: { $memory$flatten\u_decoder.$auto$proc_rom.cc:150:do_switch$437$rdmux[0][3][6]$a$1249 [9:3] $memory$flatten\u_decoder.$auto$proc_rom.cc:150:do_switch$437$rdmux[0][3][6]$a$1249 [1:0] } = { $memory$flatten\u_decoder.$auto$proc_rom.cc:150:do_switch$437$rdmux[0][3][6]$a$1249 [2] 1'0 $memory$flatten\u_decoder.$auto$proc_rom.cc:150:do_switch$437$rdmux[0][3][6]$a$1249 [2] 1'0 $memory$flatten\u_decoder.$auto$proc_rom.cc:150:do_switch$437$rdmux[0][3][6]$a$1249 [2] $memory$flatten\u_decoder.$auto$proc_rom.cc:150:do_switch$437$rdmux[0][3][6]$a$1249 [2] $memory$flatten\u_decoder.$auto$proc_rom.cc:150:do_switch$437$rdmux[0][3][6]$a$1249 [2] 2'00 }
    Consolidated identical input bits for $mux cell $memory$flatten\u_decoder.$auto$proc_rom.cc:150:do_switch$437$rdmux[0][4][4]$1266:
      Old ports: A=10'1010110011, B=10'0000000000, Y=$memory$flatten\u_decoder.$auto$proc_rom.cc:150:do_switch$437$rdmux[0][3][2]$a$1237
      New ports: A=1'1, B=1'0, Y=$memory$flatten\u_decoder.$auto$proc_rom.cc:150:do_switch$437$rdmux[0][3][2]$a$1237 [0]
      New connections: $memory$flatten\u_decoder.$auto$proc_rom.cc:150:do_switch$437$rdmux[0][3][2]$a$1237 [9:1] = { $memory$flatten\u_decoder.$auto$proc_rom.cc:150:do_switch$437$rdmux[0][3][2]$a$1237 [0] 1'0 $memory$flatten\u_decoder.$auto$proc_rom.cc:150:do_switch$437$rdmux[0][3][2]$a$1237 [0] 1'0 $memory$flatten\u_decoder.$auto$proc_rom.cc:150:do_switch$437$rdmux[0][3][2]$a$1237 [0] $memory$flatten\u_decoder.$auto$proc_rom.cc:150:do_switch$437$rdmux[0][3][2]$a$1237 [0] 2'00 $memory$flatten\u_decoder.$auto$proc_rom.cc:150:do_switch$437$rdmux[0][3][2]$a$1237 [0] }
    Consolidated identical input bits for $mux cell $memory$flatten\u_decoder.$auto$proc_rom.cc:150:do_switch$437$rdmux[0][4][8]$1278:
      Old ports: A=10'1010111010, B=10'0000000000, Y=$memory$flatten\u_decoder.$auto$proc_rom.cc:150:do_switch$437$rdmux[0][3][4]$a$1243
      New ports: A=1'1, B=1'0, Y=$memory$flatten\u_decoder.$auto$proc_rom.cc:150:do_switch$437$rdmux[0][3][4]$a$1243 [1]
      New connections: { $memory$flatten\u_decoder.$auto$proc_rom.cc:150:do_switch$437$rdmux[0][3][4]$a$1243 [9:2] $memory$flatten\u_decoder.$auto$proc_rom.cc:150:do_switch$437$rdmux[0][3][4]$a$1243 [0] } = { $memory$flatten\u_decoder.$auto$proc_rom.cc:150:do_switch$437$rdmux[0][3][4]$a$1243 [1] 1'0 $memory$flatten\u_decoder.$auto$proc_rom.cc:150:do_switch$437$rdmux[0][3][4]$a$1243 [1] 1'0 $memory$flatten\u_decoder.$auto$proc_rom.cc:150:do_switch$437$rdmux[0][3][4]$a$1243 [1] $memory$flatten\u_decoder.$auto$proc_rom.cc:150:do_switch$437$rdmux[0][3][4]$a$1243 [1] $memory$flatten\u_decoder.$auto$proc_rom.cc:150:do_switch$437$rdmux[0][3][4]$a$1243 [1] 2'00 }
    Consolidated identical input bits for $mux cell $memory$flatten\u_decoder.$auto$proc_rom.cc:150:do_switch$437$rdmux[0][4][2]$1260:
      Old ports: A=10'1010110100, B=10'0000000000, Y=$memory$flatten\u_decoder.$auto$proc_rom.cc:150:do_switch$437$rdmux[0][3][1]$a$1234
      New ports: A=1'1, B=1'0, Y=$memory$flatten\u_decoder.$auto$proc_rom.cc:150:do_switch$437$rdmux[0][3][1]$a$1234 [2]
      New connections: { $memory$flatten\u_decoder.$auto$proc_rom.cc:150:do_switch$437$rdmux[0][3][1]$a$1234 [9:3] $memory$flatten\u_decoder.$auto$proc_rom.cc:150:do_switch$437$rdmux[0][3][1]$a$1234 [1:0] } = { $memory$flatten\u_decoder.$auto$proc_rom.cc:150:do_switch$437$rdmux[0][3][1]$a$1234 [2] 1'0 $memory$flatten\u_decoder.$auto$proc_rom.cc:150:do_switch$437$rdmux[0][3][1]$a$1234 [2] 1'0 $memory$flatten\u_decoder.$auto$proc_rom.cc:150:do_switch$437$rdmux[0][3][1]$a$1234 [2] $memory$flatten\u_decoder.$auto$proc_rom.cc:150:do_switch$437$rdmux[0][3][1]$a$1234 [2] 3'000 }
    Consolidated identical input bits for $mux cell $memory$flatten\u_decoder.$auto$proc_rom.cc:150:do_switch$437$rdmux[0][4][1]$1257:
      Old ports: A=10'0100110000, B=10'1001010000, Y=$memory$flatten\u_decoder.$auto$proc_rom.cc:150:do_switch$437$rdmux[0][3][0]$b$1232
      New ports: A=2'01, B=2'10, Y=$memory$flatten\u_decoder.$auto$proc_rom.cc:150:do_switch$437$rdmux[0][3][0]$b$1232 [6:5]
      New connections: { $memory$flatten\u_decoder.$auto$proc_rom.cc:150:do_switch$437$rdmux[0][3][0]$b$1232 [9:7] $memory$flatten\u_decoder.$auto$proc_rom.cc:150:do_switch$437$rdmux[0][3][0]$b$1232 [4:0] } = { $memory$flatten\u_decoder.$auto$proc_rom.cc:150:do_switch$437$rdmux[0][3][0]$b$1232 [6:5] 6'010000 }
    Consolidated identical input bits for $mux cell $memory$flatten\u_decoder.$auto$proc_rom.cc:150:do_switch$437$rdmux[0][4][14]$1296:
      Old ports: A=10'1010111101, B=10'0000000000, Y=$memory$flatten\u_decoder.$auto$proc_rom.cc:150:do_switch$437$rdmux[0][3][7]$a$1252
      New ports: A=1'1, B=1'0, Y=$memory$flatten\u_decoder.$auto$proc_rom.cc:150:do_switch$437$rdmux[0][3][7]$a$1252 [0]
      New connections: $memory$flatten\u_decoder.$auto$proc_rom.cc:150:do_switch$437$rdmux[0][3][7]$a$1252 [9:1] = { $memory$flatten\u_decoder.$auto$proc_rom.cc:150:do_switch$437$rdmux[0][3][7]$a$1252 [0] 1'0 $memory$flatten\u_decoder.$auto$proc_rom.cc:150:do_switch$437$rdmux[0][3][7]$a$1252 [0] 1'0 $memory$flatten\u_decoder.$auto$proc_rom.cc:150:do_switch$437$rdmux[0][3][7]$a$1252 [0] $memory$flatten\u_decoder.$auto$proc_rom.cc:150:do_switch$437$rdmux[0][3][7]$a$1252 [0] $memory$flatten\u_decoder.$auto$proc_rom.cc:150:do_switch$437$rdmux[0][3][7]$a$1252 [0] $memory$flatten\u_decoder.$auto$proc_rom.cc:150:do_switch$437$rdmux[0][3][7]$a$1252 [0] 1'0 }
    Consolidated identical input bits for $mux cell $memory$flatten\u_decoder.$auto$proc_rom.cc:150:do_switch$433$rdmux[0][2][2]$1203:
      Old ports: A=5'01110, B=5'01111, Y=$memory$flatten\u_decoder.$auto$proc_rom.cc:150:do_switch$433$rdmux[0][1][1]$a$1195
      New ports: A=1'0, B=1'1, Y=$memory$flatten\u_decoder.$auto$proc_rom.cc:150:do_switch$433$rdmux[0][1][1]$a$1195 [0]
      New connections: $memory$flatten\u_decoder.$auto$proc_rom.cc:150:do_switch$433$rdmux[0][1][1]$a$1195 [4:1] = 4'0111
    Consolidated identical input bits for $mux cell $memory$flatten\u_decoder.$auto$proc_rom.cc:150:do_switch$433$rdmux[0][2][1]$1200:
      Old ports: A=5'01100, B=5'01101, Y=$memory$flatten\u_decoder.$auto$proc_rom.cc:150:do_switch$433$rdmux[0][1][0]$b$1193
      New ports: A=1'0, B=1'1, Y=$memory$flatten\u_decoder.$auto$proc_rom.cc:150:do_switch$433$rdmux[0][1][0]$b$1193 [0]
      New connections: $memory$flatten\u_decoder.$auto$proc_rom.cc:150:do_switch$433$rdmux[0][1][0]$b$1193 [4:1] = 4'0110
    Consolidated identical input bits for $mux cell $memory$flatten\u_decoder.$auto$proc_rom.cc:150:do_switch$433$rdmux[0][2][0]$1197:
      Old ports: A=5'01010, B=5'01011, Y=$memory$flatten\u_decoder.$auto$proc_rom.cc:150:do_switch$433$rdmux[0][1][0]$a$1192
      New ports: A=1'0, B=1'1, Y=$memory$flatten\u_decoder.$auto$proc_rom.cc:150:do_switch$433$rdmux[0][1][0]$a$1192 [0]
      New connections: $memory$flatten\u_decoder.$auto$proc_rom.cc:150:do_switch$433$rdmux[0][1][0]$a$1192 [4:1] = 4'0101
    Consolidated identical input bits for $mux cell $memory$flatten\u_decoder.$auto$proc_rom.cc:150:do_switch$433$rdmux[0][2][3]$1206:
      Old ports: A=5'10000, B=5'10001, Y=$memory$flatten\u_decoder.$auto$proc_rom.cc:150:do_switch$433$rdmux[0][1][1]$b$1196
      New ports: A=1'0, B=1'1, Y=$memory$flatten\u_decoder.$auto$proc_rom.cc:150:do_switch$433$rdmux[0][1][1]$b$1196 [0]
      New connections: $memory$flatten\u_decoder.$auto$proc_rom.cc:150:do_switch$433$rdmux[0][1][1]$b$1196 [4:1] = 4'1000
    Consolidated identical input bits for $mux cell $memory$flatten\u_decoder.$auto$proc_rom.cc:150:do_switch$437$rdmux[0][4][10]$1284:
      Old ports: A=10'1010111011, B=10'0000000000, Y=$memory$flatten\u_decoder.$auto$proc_rom.cc:150:do_switch$437$rdmux[0][3][5]$a$1246
      New ports: A=1'1, B=1'0, Y=$memory$flatten\u_decoder.$auto$proc_rom.cc:150:do_switch$437$rdmux[0][3][5]$a$1246 [0]
      New connections: $memory$flatten\u_decoder.$auto$proc_rom.cc:150:do_switch$437$rdmux[0][3][5]$a$1246 [9:1] = { $memory$flatten\u_decoder.$auto$proc_rom.cc:150:do_switch$437$rdmux[0][3][5]$a$1246 [0] 1'0 $memory$flatten\u_decoder.$auto$proc_rom.cc:150:do_switch$437$rdmux[0][3][5]$a$1246 [0] 1'0 $memory$flatten\u_decoder.$auto$proc_rom.cc:150:do_switch$437$rdmux[0][3][5]$a$1246 [0] $memory$flatten\u_decoder.$auto$proc_rom.cc:150:do_switch$437$rdmux[0][3][5]$a$1246 [0] $memory$flatten\u_decoder.$auto$proc_rom.cc:150:do_switch$437$rdmux[0][3][5]$a$1246 [0] 1'0 $memory$flatten\u_decoder.$auto$proc_rom.cc:150:do_switch$437$rdmux[0][3][5]$a$1246 [0] }
    Consolidated identical input bits for $pmux cell $flatten\u_decoder.$procmux$757:
      Old ports: A={ 4'0000 \stim_reg[0] [30] }, B={ 24'000100001100100001010011 \stim_reg[0] [30] 10'0100001001 }, Y=$flatten\u_decoder.$5\alu_op[4:0]
      New ports: A={ 3'000 \stim_reg[0] [30] }, B={ 19'0010001101000101011 \stim_reg[0] [30] 8'10001001 }, Y=$flatten\u_decoder.$5\alu_op[4:0] [3:0]
      New connections: $flatten\u_decoder.$5\alu_op[4:0] [4] = 1'0
    Consolidated identical input bits for $pmux cell $flatten\u_decoder.$procmux$837:
      Old ports: A=5'00000, B={ 24'000100001100100001010011 \stim_reg[0] [30] 10'0100001001 }, Y=$flatten\u_decoder.$2\alu_op[4:0]
      New ports: A=4'0000, B={ 19'0010001101000101011 \stim_reg[0] [30] 8'10001001 }, Y=$flatten\u_decoder.$2\alu_op[4:0] [3:0]
      New connections: $flatten\u_decoder.$2\alu_op[4:0] [4] = 1'0
  Optimizing cells in module \synth_harness.
    Consolidated identical input bits for $mux cell $memory$flatten\u_decoder.$auto$proc_rom.cc:150:do_switch$437$rdmux[0][3][7]$1251:
      Old ports: A=$memory$flatten\u_decoder.$auto$proc_rom.cc:150:do_switch$437$rdmux[0][3][7]$a$1252, B=10'0000000000, Y=$memory$flatten\u_decoder.$auto$proc_rom.cc:150:do_switch$437$rdmux[0][2][3]$b$1229
      New ports: A=$memory$flatten\u_decoder.$auto$proc_rom.cc:150:do_switch$437$rdmux[0][3][7]$a$1252 [0], B=1'0, Y=$memory$flatten\u_decoder.$auto$proc_rom.cc:150:do_switch$437$rdmux[0][2][3]$b$1229 [0]
      New connections: $memory$flatten\u_decoder.$auto$proc_rom.cc:150:do_switch$437$rdmux[0][2][3]$b$1229 [9:1] = { $memory$flatten\u_decoder.$auto$proc_rom.cc:150:do_switch$437$rdmux[0][2][3]$b$1229 [0] 1'0 $memory$flatten\u_decoder.$auto$proc_rom.cc:150:do_switch$437$rdmux[0][2][3]$b$1229 [0] 1'0 $memory$flatten\u_decoder.$auto$proc_rom.cc:150:do_switch$437$rdmux[0][2][3]$b$1229 [0] $memory$flatten\u_decoder.$auto$proc_rom.cc:150:do_switch$437$rdmux[0][2][3]$b$1229 [0] $memory$flatten\u_decoder.$auto$proc_rom.cc:150:do_switch$437$rdmux[0][2][3]$b$1229 [0] $memory$flatten\u_decoder.$auto$proc_rom.cc:150:do_switch$437$rdmux[0][2][3]$b$1229 [0] 1'0 }
    Consolidated identical input bits for $mux cell $memory$flatten\u_decoder.$auto$proc_rom.cc:150:do_switch$437$rdmux[0][3][6]$1248:
      Old ports: A=$memory$flatten\u_decoder.$auto$proc_rom.cc:150:do_switch$437$rdmux[0][3][6]$a$1249, B=10'0000000000, Y=$memory$flatten\u_decoder.$auto$proc_rom.cc:150:do_switch$437$rdmux[0][2][3]$a$1228
      New ports: A=$memory$flatten\u_decoder.$auto$proc_rom.cc:150:do_switch$437$rdmux[0][3][6]$a$1249 [2], B=1'0, Y=$memory$flatten\u_decoder.$auto$proc_rom.cc:150:do_switch$437$rdmux[0][2][3]$a$1228 [2]
      New connections: { $memory$flatten\u_decoder.$auto$proc_rom.cc:150:do_switch$437$rdmux[0][2][3]$a$1228 [9:3] $memory$flatten\u_decoder.$auto$proc_rom.cc:150:do_switch$437$rdmux[0][2][3]$a$1228 [1:0] } = { $memory$flatten\u_decoder.$auto$proc_rom.cc:150:do_switch$437$rdmux[0][2][3]$a$1228 [2] 1'0 $memory$flatten\u_decoder.$auto$proc_rom.cc:150:do_switch$437$rdmux[0][2][3]$a$1228 [2] 1'0 $memory$flatten\u_decoder.$auto$proc_rom.cc:150:do_switch$437$rdmux[0][2][3]$a$1228 [2] $memory$flatten\u_decoder.$auto$proc_rom.cc:150:do_switch$437$rdmux[0][2][3]$a$1228 [2] $memory$flatten\u_decoder.$auto$proc_rom.cc:150:do_switch$437$rdmux[0][2][3]$a$1228 [2] 2'00 }
    Consolidated identical input bits for $mux cell $memory$flatten\u_decoder.$auto$proc_rom.cc:150:do_switch$437$rdmux[0][3][5]$1245:
      Old ports: A=$memory$flatten\u_decoder.$auto$proc_rom.cc:150:do_switch$437$rdmux[0][3][5]$a$1246, B=10'0000000000, Y=$memory$flatten\u_decoder.$auto$proc_rom.cc:150:do_switch$437$rdmux[0][2][2]$b$1226
      New ports: A=$memory$flatten\u_decoder.$auto$proc_rom.cc:150:do_switch$437$rdmux[0][3][5]$a$1246 [0], B=1'0, Y=$memory$flatten\u_decoder.$auto$proc_rom.cc:150:do_switch$437$rdmux[0][2][2]$b$1226 [0]
      New connections: $memory$flatten\u_decoder.$auto$proc_rom.cc:150:do_switch$437$rdmux[0][2][2]$b$1226 [9:1] = { $memory$flatten\u_decoder.$auto$proc_rom.cc:150:do_switch$437$rdmux[0][2][2]$b$1226 [0] 1'0 $memory$flatten\u_decoder.$auto$proc_rom.cc:150:do_switch$437$rdmux[0][2][2]$b$1226 [0] 1'0 $memory$flatten\u_decoder.$auto$proc_rom.cc:150:do_switch$437$rdmux[0][2][2]$b$1226 [0] $memory$flatten\u_decoder.$auto$proc_rom.cc:150:do_switch$437$rdmux[0][2][2]$b$1226 [0] $memory$flatten\u_decoder.$auto$proc_rom.cc:150:do_switch$437$rdmux[0][2][2]$b$1226 [0] 1'0 $memory$flatten\u_decoder.$auto$proc_rom.cc:150:do_switch$437$rdmux[0][2][2]$b$1226 [0] }
    Consolidated identical input bits for $mux cell $memory$flatten\u_decoder.$auto$proc_rom.cc:150:do_switch$437$rdmux[0][3][4]$1242:
      Old ports: A=$memory$flatten\u_decoder.$auto$proc_rom.cc:150:do_switch$437$rdmux[0][3][4]$a$1243, B=10'0000000000, Y=$memory$flatten\u_decoder.$auto$proc_rom.cc:150:do_switch$437$rdmux[0][2][2]$a$1225
      New ports: A=$memory$flatten\u_decoder.$auto$proc_rom.cc:150:do_switch$437$rdmux[0][3][4]$a$1243 [1], B=1'0, Y=$memory$flatten\u_decoder.$auto$proc_rom.cc:150:do_switch$437$rdmux[0][2][2]$a$1225 [1]
      New connections: { $memory$flatten\u_decoder.$auto$proc_rom.cc:150:do_switch$437$rdmux[0][2][2]$a$1225 [9:2] $memory$flatten\u_decoder.$auto$proc_rom.cc:150:do_switch$437$rdmux[0][2][2]$a$1225 [0] } = { $memory$flatten\u_decoder.$auto$proc_rom.cc:150:do_switch$437$rdmux[0][2][2]$a$1225 [1] 1'0 $memory$flatten\u_decoder.$auto$proc_rom.cc:150:do_switch$437$rdmux[0][2][2]$a$1225 [1] 1'0 $memory$flatten\u_decoder.$auto$proc_rom.cc:150:do_switch$437$rdmux[0][2][2]$a$1225 [1] $memory$flatten\u_decoder.$auto$proc_rom.cc:150:do_switch$437$rdmux[0][2][2]$a$1225 [1] $memory$flatten\u_decoder.$auto$proc_rom.cc:150:do_switch$437$rdmux[0][2][2]$a$1225 [1] 2'00 }
    Consolidated identical input bits for $mux cell $memory$flatten\u_decoder.$auto$proc_rom.cc:150:do_switch$437$rdmux[0][3][3]$1239:
      Old ports: A=$memory$flatten\u_decoder.$auto$proc_rom.cc:150:do_switch$437$rdmux[0][3][3]$a$1240, B=10'0000000000, Y=$memory$flatten\u_decoder.$auto$proc_rom.cc:150:do_switch$437$rdmux[0][2][1]$b$1223
      New ports: A=$memory$flatten\u_decoder.$auto$proc_rom.cc:150:do_switch$437$rdmux[0][3][3]$a$1240 [1], B=1'0, Y=$memory$flatten\u_decoder.$auto$proc_rom.cc:150:do_switch$437$rdmux[0][2][1]$b$1223 [1]
      New connections: { $memory$flatten\u_decoder.$auto$proc_rom.cc:150:do_switch$437$rdmux[0][2][1]$b$1223 [9:2] $memory$flatten\u_decoder.$auto$proc_rom.cc:150:do_switch$437$rdmux[0][2][1]$b$1223 [0] } = { $memory$flatten\u_decoder.$auto$proc_rom.cc:150:do_switch$437$rdmux[0][2][1]$b$1223 [1] 1'0 $memory$flatten\u_decoder.$auto$proc_rom.cc:150:do_switch$437$rdmux[0][2][1]$b$1223 [1] 1'0 $memory$flatten\u_decoder.$auto$proc_rom.cc:150:do_switch$437$rdmux[0][2][1]$b$1223 [1] $memory$flatten\u_decoder.$auto$proc_rom.cc:150:do_switch$437$rdmux[0][2][1]$b$1223 [1] 3'000 }
    Consolidated identical input bits for $mux cell $memory$flatten\u_decoder.$auto$proc_rom.cc:150:do_switch$437$rdmux[0][3][2]$1236:
      Old ports: A=$memory$flatten\u_decoder.$auto$proc_rom.cc:150:do_switch$437$rdmux[0][3][2]$a$1237, B=10'0000000000, Y=$memory$flatten\u_decoder.$auto$proc_rom.cc:150:do_switch$437$rdmux[0][2][1]$a$1222
      New ports: A=$memory$flatten\u_decoder.$auto$proc_rom.cc:150:do_switch$437$rdmux[0][3][2]$a$1237 [0], B=1'0, Y=$memory$flatten\u_decoder.$auto$proc_rom.cc:150:do_switch$437$rdmux[0][2][1]$a$1222 [0]
      New connections: $memory$flatten\u_decoder.$auto$proc_rom.cc:150:do_switch$437$rdmux[0][2][1]$a$1222 [9:1] = { $memory$flatten\u_decoder.$auto$proc_rom.cc:150:do_switch$437$rdmux[0][2][1]$a$1222 [0] 1'0 $memory$flatten\u_decoder.$auto$proc_rom.cc:150:do_switch$437$rdmux[0][2][1]$a$1222 [0] 1'0 $memory$flatten\u_decoder.$auto$proc_rom.cc:150:do_switch$437$rdmux[0][2][1]$a$1222 [0] $memory$flatten\u_decoder.$auto$proc_rom.cc:150:do_switch$437$rdmux[0][2][1]$a$1222 [0] 2'00 $memory$flatten\u_decoder.$auto$proc_rom.cc:150:do_switch$437$rdmux[0][2][1]$a$1222 [0] }
    Consolidated identical input bits for $mux cell $memory$flatten\u_decoder.$auto$proc_rom.cc:150:do_switch$437$rdmux[0][3][1]$1233:
      Old ports: A=$memory$flatten\u_decoder.$auto$proc_rom.cc:150:do_switch$437$rdmux[0][3][1]$a$1234, B=10'0000000000, Y=$memory$flatten\u_decoder.$auto$proc_rom.cc:150:do_switch$437$rdmux[0][2][0]$b$1220
      New ports: A=$memory$flatten\u_decoder.$auto$proc_rom.cc:150:do_switch$437$rdmux[0][3][1]$a$1234 [2], B=1'0, Y=$memory$flatten\u_decoder.$auto$proc_rom.cc:150:do_switch$437$rdmux[0][2][0]$b$1220 [2]
      New connections: { $memory$flatten\u_decoder.$auto$proc_rom.cc:150:do_switch$437$rdmux[0][2][0]$b$1220 [9:3] $memory$flatten\u_decoder.$auto$proc_rom.cc:150:do_switch$437$rdmux[0][2][0]$b$1220 [1:0] } = { $memory$flatten\u_decoder.$auto$proc_rom.cc:150:do_switch$437$rdmux[0][2][0]$b$1220 [2] 1'0 $memory$flatten\u_decoder.$auto$proc_rom.cc:150:do_switch$437$rdmux[0][2][0]$b$1220 [2] 1'0 $memory$flatten\u_decoder.$auto$proc_rom.cc:150:do_switch$437$rdmux[0][2][0]$b$1220 [2] $memory$flatten\u_decoder.$auto$proc_rom.cc:150:do_switch$437$rdmux[0][2][0]$b$1220 [2] 3'000 }
    Consolidated identical input bits for $mux cell $memory$flatten\u_decoder.$auto$proc_rom.cc:150:do_switch$437$rdmux[0][3][0]$1230:
      Old ports: A=10'1010110000, B=$memory$flatten\u_decoder.$auto$proc_rom.cc:150:do_switch$437$rdmux[0][3][0]$b$1232, Y=$memory$flatten\u_decoder.$auto$proc_rom.cc:150:do_switch$437$rdmux[0][2][0]$a$1219
      New ports: A=5'10101, B={ $memory$flatten\u_decoder.$auto$proc_rom.cc:150:do_switch$437$rdmux[0][3][0]$b$1232 [6:5] 1'0 $memory$flatten\u_decoder.$auto$proc_rom.cc:150:do_switch$437$rdmux[0][3][0]$b$1232 [6:5] }, Y=$memory$flatten\u_decoder.$auto$proc_rom.cc:150:do_switch$437$rdmux[0][2][0]$a$1219 [9:5]
      New connections: $memory$flatten\u_decoder.$auto$proc_rom.cc:150:do_switch$437$rdmux[0][2][0]$a$1219 [4:0] = 5'10000
    Consolidated identical input bits for $mux cell $memory$flatten\u_decoder.$auto$proc_rom.cc:150:do_switch$433$rdmux[0][1][1]$1194:
      Old ports: A=$memory$flatten\u_decoder.$auto$proc_rom.cc:150:do_switch$433$rdmux[0][1][1]$a$1195, B=$memory$flatten\u_decoder.$auto$proc_rom.cc:150:do_switch$433$rdmux[0][1][1]$b$1196, Y=$memory$flatten\u_decoder.$auto$proc_rom.cc:150:do_switch$433$rdmux[0][0][0]$b$1190
      New ports: A={ 2'01 $memory$flatten\u_decoder.$auto$proc_rom.cc:150:do_switch$433$rdmux[0][1][1]$a$1195 [0] }, B={ 2'10 $memory$flatten\u_decoder.$auto$proc_rom.cc:150:do_switch$433$rdmux[0][1][1]$b$1196 [0] }, Y={ $memory$flatten\u_decoder.$auto$proc_rom.cc:150:do_switch$433$rdmux[0][0][0]$b$1190 [4] $memory$flatten\u_decoder.$auto$proc_rom.cc:150:do_switch$433$rdmux[0][0][0]$b$1190 [1:0] }
      New connections: $memory$flatten\u_decoder.$auto$proc_rom.cc:150:do_switch$433$rdmux[0][0][0]$b$1190 [3:2] = { $memory$flatten\u_decoder.$auto$proc_rom.cc:150:do_switch$433$rdmux[0][0][0]$b$1190 [1] $memory$flatten\u_decoder.$auto$proc_rom.cc:150:do_switch$433$rdmux[0][0][0]$b$1190 [1] }
    Consolidated identical input bits for $mux cell $memory$flatten\u_decoder.$auto$proc_rom.cc:150:do_switch$433$rdmux[0][1][0]$1191:
      Old ports: A=$memory$flatten\u_decoder.$auto$proc_rom.cc:150:do_switch$433$rdmux[0][1][0]$a$1192, B=$memory$flatten\u_decoder.$auto$proc_rom.cc:150:do_switch$433$rdmux[0][1][0]$b$1193, Y=$memory$flatten\u_decoder.$auto$proc_rom.cc:150:do_switch$433$rdmux[0][0][0]$a$1189
      New ports: A={ 2'01 $memory$flatten\u_decoder.$auto$proc_rom.cc:150:do_switch$433$rdmux[0][1][0]$a$1192 [0] }, B={ 2'10 $memory$flatten\u_decoder.$auto$proc_rom.cc:150:do_switch$433$rdmux[0][1][0]$b$1193 [0] }, Y=$memory$flatten\u_decoder.$auto$proc_rom.cc:150:do_switch$433$rdmux[0][0][0]$a$1189 [2:0]
      New connections: $memory$flatten\u_decoder.$auto$proc_rom.cc:150:do_switch$433$rdmux[0][0][0]$a$1189 [4:3] = 2'01
  Optimizing cells in module \synth_harness.
    Consolidated identical input bits for $mux cell $memory$flatten\u_decoder.$auto$proc_rom.cc:150:do_switch$437$rdmux[0][2][3]$1227:
      Old ports: A=$memory$flatten\u_decoder.$auto$proc_rom.cc:150:do_switch$437$rdmux[0][2][3]$a$1228, B=$memory$flatten\u_decoder.$auto$proc_rom.cc:150:do_switch$437$rdmux[0][2][3]$b$1229, Y=$memory$flatten\u_decoder.$auto$proc_rom.cc:150:do_switch$437$rdmux[0][1][1]$b$1217
      New ports: A={ $memory$flatten\u_decoder.$auto$proc_rom.cc:150:do_switch$437$rdmux[0][2][3]$a$1228 [2] 1'0 }, B={ $memory$flatten\u_decoder.$auto$proc_rom.cc:150:do_switch$437$rdmux[0][2][3]$b$1229 [0] $memory$flatten\u_decoder.$auto$proc_rom.cc:150:do_switch$437$rdmux[0][2][3]$b$1229 [0] }, Y={ $memory$flatten\u_decoder.$auto$proc_rom.cc:150:do_switch$437$rdmux[0][1][1]$b$1217 [2] $memory$flatten\u_decoder.$auto$proc_rom.cc:150:do_switch$437$rdmux[0][1][1]$b$1217 [0] }
      New connections: { $memory$flatten\u_decoder.$auto$proc_rom.cc:150:do_switch$437$rdmux[0][1][1]$b$1217 [9:3] $memory$flatten\u_decoder.$auto$proc_rom.cc:150:do_switch$437$rdmux[0][1][1]$b$1217 [1] } = { $memory$flatten\u_decoder.$auto$proc_rom.cc:150:do_switch$437$rdmux[0][1][1]$b$1217 [2] 1'0 $memory$flatten\u_decoder.$auto$proc_rom.cc:150:do_switch$437$rdmux[0][1][1]$b$1217 [2] 1'0 $memory$flatten\u_decoder.$auto$proc_rom.cc:150:do_switch$437$rdmux[0][1][1]$b$1217 [2] $memory$flatten\u_decoder.$auto$proc_rom.cc:150:do_switch$437$rdmux[0][1][1]$b$1217 [2] $memory$flatten\u_decoder.$auto$proc_rom.cc:150:do_switch$437$rdmux[0][1][1]$b$1217 [2] 1'0 }
    Consolidated identical input bits for $mux cell $memory$flatten\u_decoder.$auto$proc_rom.cc:150:do_switch$437$rdmux[0][2][2]$1224:
      Old ports: A=$memory$flatten\u_decoder.$auto$proc_rom.cc:150:do_switch$437$rdmux[0][2][2]$a$1225, B=$memory$flatten\u_decoder.$auto$proc_rom.cc:150:do_switch$437$rdmux[0][2][2]$b$1226, Y=$memory$flatten\u_decoder.$auto$proc_rom.cc:150:do_switch$437$rdmux[0][1][1]$a$1216
      New ports: A={ $memory$flatten\u_decoder.$auto$proc_rom.cc:150:do_switch$437$rdmux[0][2][2]$a$1225 [1] 1'0 }, B={ $memory$flatten\u_decoder.$auto$proc_rom.cc:150:do_switch$437$rdmux[0][2][2]$b$1226 [0] $memory$flatten\u_decoder.$auto$proc_rom.cc:150:do_switch$437$rdmux[0][2][2]$b$1226 [0] }, Y=$memory$flatten\u_decoder.$auto$proc_rom.cc:150:do_switch$437$rdmux[0][1][1]$a$1216 [1:0]
      New connections: $memory$flatten\u_decoder.$auto$proc_rom.cc:150:do_switch$437$rdmux[0][1][1]$a$1216 [9:2] = { $memory$flatten\u_decoder.$auto$proc_rom.cc:150:do_switch$437$rdmux[0][1][1]$a$1216 [1] 1'0 $memory$flatten\u_decoder.$auto$proc_rom.cc:150:do_switch$437$rdmux[0][1][1]$a$1216 [1] 1'0 $memory$flatten\u_decoder.$auto$proc_rom.cc:150:do_switch$437$rdmux[0][1][1]$a$1216 [1] $memory$flatten\u_decoder.$auto$proc_rom.cc:150:do_switch$437$rdmux[0][1][1]$a$1216 [1] $memory$flatten\u_decoder.$auto$proc_rom.cc:150:do_switch$437$rdmux[0][1][1]$a$1216 [1] 1'0 }
    Consolidated identical input bits for $mux cell $memory$flatten\u_decoder.$auto$proc_rom.cc:150:do_switch$437$rdmux[0][2][1]$1221:
      Old ports: A=$memory$flatten\u_decoder.$auto$proc_rom.cc:150:do_switch$437$rdmux[0][2][1]$a$1222, B=$memory$flatten\u_decoder.$auto$proc_rom.cc:150:do_switch$437$rdmux[0][2][1]$b$1223, Y=$memory$flatten\u_decoder.$auto$proc_rom.cc:150:do_switch$437$rdmux[0][1][0]$b$1214
      New ports: A={ $memory$flatten\u_decoder.$auto$proc_rom.cc:150:do_switch$437$rdmux[0][2][1]$a$1222 [0] $memory$flatten\u_decoder.$auto$proc_rom.cc:150:do_switch$437$rdmux[0][2][1]$a$1222 [0] }, B={ $memory$flatten\u_decoder.$auto$proc_rom.cc:150:do_switch$437$rdmux[0][2][1]$b$1223 [1] 1'0 }, Y=$memory$flatten\u_decoder.$auto$proc_rom.cc:150:do_switch$437$rdmux[0][1][0]$b$1214 [1:0]
      New connections: $memory$flatten\u_decoder.$auto$proc_rom.cc:150:do_switch$437$rdmux[0][1][0]$b$1214 [9:2] = { $memory$flatten\u_decoder.$auto$proc_rom.cc:150:do_switch$437$rdmux[0][1][0]$b$1214 [1] 1'0 $memory$flatten\u_decoder.$auto$proc_rom.cc:150:do_switch$437$rdmux[0][1][0]$b$1214 [1] 1'0 $memory$flatten\u_decoder.$auto$proc_rom.cc:150:do_switch$437$rdmux[0][1][0]$b$1214 [1] $memory$flatten\u_decoder.$auto$proc_rom.cc:150:do_switch$437$rdmux[0][1][0]$b$1214 [1] 2'00 }
    Consolidated identical input bits for $mux cell $memory$flatten\u_decoder.$auto$proc_rom.cc:150:do_switch$437$rdmux[0][2][0]$1218:
      Old ports: A=$memory$flatten\u_decoder.$auto$proc_rom.cc:150:do_switch$437$rdmux[0][2][0]$a$1219, B=$memory$flatten\u_decoder.$auto$proc_rom.cc:150:do_switch$437$rdmux[0][2][0]$b$1220, Y=$memory$flatten\u_decoder.$auto$proc_rom.cc:150:do_switch$437$rdmux[0][1][0]$a$1213
      New ports: A={ $memory$flatten\u_decoder.$auto$proc_rom.cc:150:do_switch$437$rdmux[0][2][0]$a$1219 [9:5] 2'10 }, B={ $memory$flatten\u_decoder.$auto$proc_rom.cc:150:do_switch$437$rdmux[0][2][0]$b$1220 [2] 1'0 $memory$flatten\u_decoder.$auto$proc_rom.cc:150:do_switch$437$rdmux[0][2][0]$b$1220 [2] 1'0 $memory$flatten\u_decoder.$auto$proc_rom.cc:150:do_switch$437$rdmux[0][2][0]$b$1220 [2] $memory$flatten\u_decoder.$auto$proc_rom.cc:150:do_switch$437$rdmux[0][2][0]$b$1220 [2] $memory$flatten\u_decoder.$auto$proc_rom.cc:150:do_switch$437$rdmux[0][2][0]$b$1220 [2] }, Y={ $memory$flatten\u_decoder.$auto$proc_rom.cc:150:do_switch$437$rdmux[0][1][0]$a$1213 [9:4] $memory$flatten\u_decoder.$auto$proc_rom.cc:150:do_switch$437$rdmux[0][1][0]$a$1213 [2] }
      New connections: { $memory$flatten\u_decoder.$auto$proc_rom.cc:150:do_switch$437$rdmux[0][1][0]$a$1213 [3] $memory$flatten\u_decoder.$auto$proc_rom.cc:150:do_switch$437$rdmux[0][1][0]$a$1213 [1:0] } = 3'000
  Optimizing cells in module \synth_harness.
    Consolidated identical input bits for $mux cell $memory$flatten\u_decoder.$auto$proc_rom.cc:150:do_switch$437$rdmux[0][1][1]$1215:
      Old ports: A=$memory$flatten\u_decoder.$auto$proc_rom.cc:150:do_switch$437$rdmux[0][1][1]$a$1216, B=$memory$flatten\u_decoder.$auto$proc_rom.cc:150:do_switch$437$rdmux[0][1][1]$b$1217, Y=$memory$flatten\u_decoder.$auto$proc_rom.cc:150:do_switch$437$rdmux[0][0][0]$b$1211
      New ports: A={ $memory$flatten\u_decoder.$auto$proc_rom.cc:150:do_switch$437$rdmux[0][1][1]$a$1216 [1] 1'0 $memory$flatten\u_decoder.$auto$proc_rom.cc:150:do_switch$437$rdmux[0][1][1]$a$1216 [1:0] }, B={ $memory$flatten\u_decoder.$auto$proc_rom.cc:150:do_switch$437$rdmux[0][1][1]$b$1217 [2] $memory$flatten\u_decoder.$auto$proc_rom.cc:150:do_switch$437$rdmux[0][1][1]$b$1217 [2] 1'0 $memory$flatten\u_decoder.$auto$proc_rom.cc:150:do_switch$437$rdmux[0][1][1]$b$1217 [0] }, Y=$memory$flatten\u_decoder.$auto$proc_rom.cc:150:do_switch$437$rdmux[0][0][0]$b$1211 [3:0]
      New connections: $memory$flatten\u_decoder.$auto$proc_rom.cc:150:do_switch$437$rdmux[0][0][0]$b$1211 [9:4] = { $memory$flatten\u_decoder.$auto$proc_rom.cc:150:do_switch$437$rdmux[0][0][0]$b$1211 [3] 1'0 $memory$flatten\u_decoder.$auto$proc_rom.cc:150:do_switch$437$rdmux[0][0][0]$b$1211 [3] 1'0 $memory$flatten\u_decoder.$auto$proc_rom.cc:150:do_switch$437$rdmux[0][0][0]$b$1211 [3] $memory$flatten\u_decoder.$auto$proc_rom.cc:150:do_switch$437$rdmux[0][0][0]$b$1211 [3] }
    Consolidated identical input bits for $mux cell $memory$flatten\u_decoder.$auto$proc_rom.cc:150:do_switch$437$rdmux[0][1][0]$1212:
      Old ports: A=$memory$flatten\u_decoder.$auto$proc_rom.cc:150:do_switch$437$rdmux[0][1][0]$a$1213, B=$memory$flatten\u_decoder.$auto$proc_rom.cc:150:do_switch$437$rdmux[0][1][0]$b$1214, Y=$memory$flatten\u_decoder.$auto$proc_rom.cc:150:do_switch$437$rdmux[0][0][0]$a$1210
      New ports: A={ $memory$flatten\u_decoder.$auto$proc_rom.cc:150:do_switch$437$rdmux[0][1][0]$a$1213 [9:4] $memory$flatten\u_decoder.$auto$proc_rom.cc:150:do_switch$437$rdmux[0][1][0]$a$1213 [2] 2'00 }, B={ $memory$flatten\u_decoder.$auto$proc_rom.cc:150:do_switch$437$rdmux[0][1][0]$b$1214 [1] 1'0 $memory$flatten\u_decoder.$auto$proc_rom.cc:150:do_switch$437$rdmux[0][1][0]$b$1214 [1] 1'0 $memory$flatten\u_decoder.$auto$proc_rom.cc:150:do_switch$437$rdmux[0][1][0]$b$1214 [1] $memory$flatten\u_decoder.$auto$proc_rom.cc:150:do_switch$437$rdmux[0][1][0]$b$1214 [1] 1'0 $memory$flatten\u_decoder.$auto$proc_rom.cc:150:do_switch$437$rdmux[0][1][0]$b$1214 [1:0] }, Y={ $memory$flatten\u_decoder.$auto$proc_rom.cc:150:do_switch$437$rdmux[0][0][0]$a$1210 [9:4] $memory$flatten\u_decoder.$auto$proc_rom.cc:150:do_switch$437$rdmux[0][0][0]$a$1210 [2:0] }
      New connections: $memory$flatten\u_decoder.$auto$proc_rom.cc:150:do_switch$437$rdmux[0][0][0]$a$1210 [3] = 1'0
  Optimizing cells in module \synth_harness.
Performed a total of 30 changes.

3.29.5. Executing OPT_MERGE pass (detect identical cells).
Finding identical cells in module `\synth_harness'.
<suppressed ~51 debug messages>
Removed a total of 17 cells.

3.29.6. Executing OPT_DFF pass (perform DFF optimizations).

3.29.7. Executing OPT_CLEAN pass (remove unused cells and wires).
Finding unused cells or wires in module \synth_harness..
Removed 0 unused cells and 65 unused wires.
<suppressed ~1 debug messages>

3.29.8. Executing OPT_EXPR pass (perform const folding).
Optimizing module synth_harness.

3.29.9. Rerunning OPT passes. (Maybe there is more to do..)

3.29.10. Executing OPT_MUXTREE pass (detect dead branches in mux trees).
Running muxtree optimizer on module \synth_harness..
  Creating internal representation of mux trees.
  Evaluating internal representation of mux trees.
  Analyzing evaluation results.
Removed 0 multiplexer ports.
<suppressed ~7 debug messages>

3.29.11. Executing OPT_REDUCE pass (consolidate $*mux and $reduce_* inputs).
  Optimizing cells in module \synth_harness.
    Consolidated identical input bits for $mux cell $memory$flatten\u_decoder.$auto$proc_rom.cc:150:do_switch$433$rdmux[0][0][0]$1188:
      Old ports: A={ 2'01 $memory$flatten\u_decoder.$auto$proc_rom.cc:150:do_switch$433$rdmux[0][0][0]$a$1189 [2:0] }, B={ $memory$flatten\u_decoder.$auto$proc_rom.cc:150:do_switch$433$rdmux[0][0][0]$a$1189 [2:1] $memory$flatten\u_decoder.$auto$proc_rom.cc:150:do_switch$433$rdmux[0][0][0]$a$1189 [1] $memory$flatten\u_decoder.$auto$proc_rom.cc:150:do_switch$433$rdmux[0][0][0]$a$1189 [1:0] }, Y=$flatten\u_decoder.$4\alu_op[4:0]
      New ports: A={ 2'01 $memory$flatten\u_decoder.$auto$proc_rom.cc:150:do_switch$433$rdmux[0][0][0]$a$1189 [2] }, B={ $memory$flatten\u_decoder.$auto$proc_rom.cc:150:do_switch$433$rdmux[0][0][0]$a$1189 [2:1] $memory$flatten\u_decoder.$auto$proc_rom.cc:150:do_switch$433$rdmux[0][0][0]$a$1189 [1] }, Y=$flatten\u_decoder.$4\alu_op[4:0] [4:2]
      New connections: $flatten\u_decoder.$4\alu_op[4:0] [1:0] = $memory$flatten\u_decoder.$auto$proc_rom.cc:150:do_switch$433$rdmux[0][0][0]$a$1189 [1:0]
    Consolidated identical input bits for $mux cell $memory$flatten\u_decoder.$auto$proc_rom.cc:150:do_switch$433$rdmux[0][1][1]$1194:
      Old ports: A={ 2'01 $memory$flatten\u_decoder.$auto$proc_rom.cc:150:do_switch$433$rdmux[0][1][0]$a$1192 [0] }, B={ 2'10 $memory$flatten\u_decoder.$auto$proc_rom.cc:150:do_switch$433$rdmux[0][1][0]$a$1192 [0] }, Y=$memory$flatten\u_decoder.$auto$proc_rom.cc:150:do_switch$433$rdmux[0][0][0]$a$1189 [2:0]
      New ports: A=2'01, B=2'10, Y=$memory$flatten\u_decoder.$auto$proc_rom.cc:150:do_switch$433$rdmux[0][0][0]$a$1189 [2:1]
      New connections: $memory$flatten\u_decoder.$auto$proc_rom.cc:150:do_switch$433$rdmux[0][0][0]$a$1189 [0] = $memory$flatten\u_decoder.$auto$proc_rom.cc:150:do_switch$433$rdmux[0][1][0]$a$1192 [0]
    Consolidated identical input bits for $mux cell $memory$flatten\u_decoder.$auto$proc_rom.cc:150:do_switch$437$rdmux[0][1][1]$1215:
      Old ports: A={ $memory$flatten\u_decoder.$auto$proc_rom.cc:150:do_switch$437$rdmux[0][1][1]$a$1216 [9] 1'0 $memory$flatten\u_decoder.$auto$proc_rom.cc:150:do_switch$437$rdmux[0][1][1]$a$1216 [9] $memory$flatten\u_decoder.$auto$proc_rom.cc:150:do_switch$437$rdmux[0][1][1]$a$1216 [0] }, B={ $memory$flatten\u_decoder.$auto$proc_rom.cc:150:do_switch$437$rdmux[0][1][1]$a$1216 [9] $memory$flatten\u_decoder.$auto$proc_rom.cc:150:do_switch$437$rdmux[0][1][1]$a$1216 [9] 1'0 $memory$flatten\u_decoder.$auto$proc_rom.cc:150:do_switch$437$rdmux[0][1][1]$a$1216 [0] }, Y={ $memory$flatten\u_decoder.$auto$proc_rom.cc:150:do_switch$437$rdmux[0][0][0]$b$1211 [9] $memory$flatten\u_decoder.$auto$proc_rom.cc:150:do_switch$437$rdmux[0][0][0]$b$1211 [2:0] }
      New ports: A={ 1'0 $memory$flatten\u_decoder.$auto$proc_rom.cc:150:do_switch$437$rdmux[0][1][1]$a$1216 [9] }, B={ $memory$flatten\u_decoder.$auto$proc_rom.cc:150:do_switch$437$rdmux[0][1][1]$a$1216 [9] 1'0 }, Y=$memory$flatten\u_decoder.$auto$proc_rom.cc:150:do_switch$437$rdmux[0][0][0]$b$1211 [2:1]
      New connections: { $memory$flatten\u_decoder.$auto$proc_rom.cc:150:do_switch$437$rdmux[0][0][0]$b$1211 [9] $memory$flatten\u_decoder.$auto$proc_rom.cc:150:do_switch$437$rdmux[0][0][0]$b$1211 [0] } = { $memory$flatten\u_decoder.$auto$proc_rom.cc:150:do_switch$437$rdmux[0][1][1]$a$1216 [9] $memory$flatten\u_decoder.$auto$proc_rom.cc:150:do_switch$437$rdmux[0][1][1]$a$1216 [0] }
    Consolidated identical input bits for $mux cell $memory$flatten\u_decoder.$auto$proc_rom.cc:150:do_switch$437$rdmux[0][2][1]$1221:
      Old ports: A={ $memory$flatten\u_decoder.$auto$proc_rom.cc:150:do_switch$437$rdmux[0][2][0]$b$1220 [9] $memory$flatten\u_decoder.$auto$proc_rom.cc:150:do_switch$437$rdmux[0][2][0]$b$1220 [9] }, B={ $memory$flatten\u_decoder.$auto$proc_rom.cc:150:do_switch$437$rdmux[0][2][0]$b$1220 [9] 1'0 }, Y={ $memory$flatten\u_decoder.$auto$proc_rom.cc:150:do_switch$437$rdmux[0][1][0]$b$1214 [9] $memory$flatten\u_decoder.$auto$proc_rom.cc:150:do_switch$437$rdmux[0][1][0]$b$1214 [0] }
      New ports: A=$memory$flatten\u_decoder.$auto$proc_rom.cc:150:do_switch$437$rdmux[0][2][0]$b$1220 [9], B=1'0, Y=$memory$flatten\u_decoder.$auto$proc_rom.cc:150:do_switch$437$rdmux[0][1][0]$b$1214 [0]
      New connections: $memory$flatten\u_decoder.$auto$proc_rom.cc:150:do_switch$437$rdmux[0][1][0]$b$1214 [9] = $memory$flatten\u_decoder.$auto$proc_rom.cc:150:do_switch$437$rdmux[0][2][0]$b$1220 [9]
    Consolidated identical input bits for $mux cell $memory$flatten\u_decoder.$auto$proc_rom.cc:150:do_switch$437$rdmux[0][2][2]$1224:
      Old ports: A={ $memory$flatten\u_decoder.$auto$proc_rom.cc:150:do_switch$437$rdmux[0][2][0]$b$1220 [9] 1'0 }, B={ $memory$flatten\u_decoder.$auto$proc_rom.cc:150:do_switch$437$rdmux[0][2][0]$b$1220 [9] $memory$flatten\u_decoder.$auto$proc_rom.cc:150:do_switch$437$rdmux[0][2][0]$b$1220 [9] }, Y={ $memory$flatten\u_decoder.$auto$proc_rom.cc:150:do_switch$437$rdmux[0][1][1]$a$1216 [9] $memory$flatten\u_decoder.$auto$proc_rom.cc:150:do_switch$437$rdmux[0][1][1]$a$1216 [0] }
      New ports: A=1'0, B=$memory$flatten\u_decoder.$auto$proc_rom.cc:150:do_switch$437$rdmux[0][2][0]$b$1220 [9], Y=$memory$flatten\u_decoder.$auto$proc_rom.cc:150:do_switch$437$rdmux[0][1][1]$a$1216 [0]
      New connections: $memory$flatten\u_decoder.$auto$proc_rom.cc:150:do_switch$437$rdmux[0][1][1]$a$1216 [9] = $memory$flatten\u_decoder.$auto$proc_rom.cc:150:do_switch$437$rdmux[0][2][0]$b$1220 [9]
  Optimizing cells in module \synth_harness.
Performed a total of 5 changes.

3.29.12. Executing OPT_MERGE pass (detect identical cells).
Finding identical cells in module `\synth_harness'.
Removed a total of 0 cells.

3.29.13. Executing OPT_DFF pass (perform DFF optimizations).

3.29.14. Executing OPT_CLEAN pass (remove unused cells and wires).
Finding unused cells or wires in module \synth_harness..
Removed 0 unused cells and 3 unused wires.
<suppressed ~1 debug messages>

3.29.15. Executing OPT_EXPR pass (perform const folding).
Optimizing module synth_harness.

3.29.16. Rerunning OPT passes. (Maybe there is more to do..)

3.29.17. Executing OPT_MUXTREE pass (detect dead branches in mux trees).
Running muxtree optimizer on module \synth_harness..
  Creating internal representation of mux trees.
  Evaluating internal representation of mux trees.
  Analyzing evaluation results.
Removed 0 multiplexer ports.
<suppressed ~8 debug messages>

3.29.18. Executing OPT_REDUCE pass (consolidate $*mux and $reduce_* inputs).
  Optimizing cells in module \synth_harness.
Performed a total of 0 changes.

3.29.19. Executing OPT_MERGE pass (detect identical cells).
Finding identical cells in module `\synth_harness'.
Removed a total of 0 cells.

3.29.20. Executing OPT_DFF pass (perform DFF optimizations).

3.29.21. Executing OPT_CLEAN pass (remove unused cells and wires).
Finding unused cells or wires in module \synth_harness..

3.29.22. Executing OPT_EXPR pass (perform const folding).
Optimizing module synth_harness.

3.29.23. Finished OPT passes. (There is nothing left to do.)

3.30. Executing ICE40_WRAPCARRY pass (wrap carries).

3.31. Executing TECHMAP pass (map to technology primitives).

3.31.1. Executing Verilog-2005 frontend: /usr/bin/../share/yosys/techmap.v
Parsing Verilog input from `/usr/bin/../share/yosys/techmap.v' to AST representation.
Generating RTLIL representation for module `\_90_simplemap_bool_ops'.
Generating RTLIL representation for module `\_90_simplemap_reduce_ops'.
Generating RTLIL representation for module `\_90_simplemap_logic_ops'.
Generating RTLIL representation for module `\_90_simplemap_compare_ops'.
Generating RTLIL representation for module `\_90_simplemap_various'.
Generating RTLIL representation for module `\_90_simplemap_registers'.
Generating RTLIL representation for module `\_90_shift_ops_shr_shl_sshl_sshr'.
Generating RTLIL representation for module `\_90_shift_shiftx'.
Generating RTLIL representation for module `\_90_fa'.
Generating RTLIL representation for module `\_90_lcu'.
Generating RTLIL representation for module `\_90_alu'.
Generating RTLIL representation for module `\_90_macc'.
Generating RTLIL representation for module `\_90_alumacc'.
Generating RTLIL representation for module `\$__div_mod_u'.
Generating RTLIL representation for module `\$__div_mod_trunc'.
Generating RTLIL representation for module `\_90_div'.
Generating RTLIL representation for module `\_90_mod'.
Generating RTLIL representation for module `\$__div_mod_floor'.
Generating RTLIL representation for module `\_90_divfloor'.
Generating RTLIL representation for module `\_90_modfloor'.
Generating RTLIL representation for module `\_90_pow'.
Generating RTLIL representation for module `\_90_pmux'.
Generating RTLIL representation for module `\_90_demux'.
Generating RTLIL representation for module `\_90_lut'.
Successfully finished Verilog frontend.

3.31.2. Executing Verilog-2005 frontend: /usr/bin/../share/yosys/ice40/arith_map.v
Parsing Verilog input from `/usr/bin/../share/yosys/ice40/arith_map.v' to AST representation.
Generating RTLIL representation for module `\_80_ice40_alu'.
Successfully finished Verilog frontend.

3.31.3. Continuing TECHMAP pass.
Using extmapper simplemap for cells of type $not.
Using extmapper simplemap for cells of type $mux.
Using extmapper simplemap for cells of type $xor.
Using extmapper simplemap for cells of type $dff.
Using extmapper simplemap for cells of type $adff.
Using extmapper simplemap for cells of type $eq.
Using template $paramod$c5c783b17ab1d780abfad8cfe6563a0a7b47a3b0\_90_pmux for cells of type $pmux.
Using template $paramod$b3b6ac92d800c6f07aa48f510f923d86a674e5a7\_90_pmux for cells of type $pmux.
Using template $paramod$33afdd83bf3811dac2de7a968d39eea5718691bc\_90_pmux for cells of type $pmux.
Using template $paramod$24fb226dd75c9d3f6955ec2ad61d794776778cf6\_90_pmux for cells of type $pmux.
Using extmapper simplemap for cells of type $reduce_or.
Using extmapper simplemap for cells of type $logic_not.
Using extmapper simplemap for cells of type $and.
No more expansions possible.
<suppressed ~252 debug messages>

3.32. Executing OPT pass (performing simple optimizations).

3.32.1. Executing OPT_EXPR pass (perform const folding).
Optimizing module synth_harness.
<suppressed ~261 debug messages>

3.32.2. Executing OPT_MERGE pass (detect identical cells).
Finding identical cells in module `\synth_harness'.
<suppressed ~462 debug messages>
Removed a total of 154 cells.

3.32.3. Executing OPT_DFF pass (perform DFF optimizations).

3.32.4. Executing OPT_CLEAN pass (remove unused cells and wires).
Finding unused cells or wires in module \synth_harness..
Removed 55 unused cells and 289 unused wires.
<suppressed ~56 debug messages>

3.32.5. Finished fast OPT passes.

3.33. Executing ICE40_OPT pass (performing simple optimizations).

3.33.1. Running ICE40 specific optimizations.

3.33.2. Executing OPT_EXPR pass (perform const folding).
Optimizing module synth_harness.
<suppressed ~34 debug messages>

3.33.3. Executing OPT_MERGE pass (detect identical cells).
Finding identical cells in module `\synth_harness'.
Removed a total of 0 cells.

3.33.4. Executing OPT_DFF pass (perform DFF optimizations).
Adding SRST signal on $auto$ff.cc:266:slice$1415 ($_DFF_P_) from module synth_harness (D = $flatten\u_decoder.$procmux$864.Y_B, Q = \result_reg [6], rval = 1'0).
Adding SRST signal on $auto$ff.cc:266:slice$1414 ($_DFF_P_) from module synth_harness (D = $flatten\u_decoder.$procmux$1079.Y_B, Q = \result_reg [5], rval = 1'0).

3.33.5. Executing OPT_CLEAN pass (remove unused cells and wires).
Finding unused cells or wires in module \synth_harness..
Removed 2 unused cells and 0 unused wires.
<suppressed ~2 debug messages>

3.33.6. Rerunning OPT passes. (Removed registers in this run.)

3.33.7. Running ICE40 specific optimizations.

3.33.8. Executing OPT_EXPR pass (perform const folding).
Optimizing module synth_harness.
<suppressed ~2 debug messages>

3.33.9. Executing OPT_MERGE pass (detect identical cells).
Finding identical cells in module `\synth_harness'.
Removed a total of 0 cells.

3.33.10. Executing OPT_DFF pass (perform DFF optimizations).

3.33.11. Executing OPT_CLEAN pass (remove unused cells and wires).
Finding unused cells or wires in module \synth_harness..

3.33.12. Rerunning OPT passes. (Removed registers in this run.)

3.33.13. Running ICE40 specific optimizations.

3.33.14. Executing OPT_EXPR pass (perform const folding).
Optimizing module synth_harness.

3.33.15. Executing OPT_MERGE pass (detect identical cells).
Finding identical cells in module `\synth_harness'.
Removed a total of 0 cells.

3.33.16. Executing OPT_DFF pass (perform DFF optimizations).

3.33.17. Executing OPT_CLEAN pass (remove unused cells and wires).
Finding unused cells or wires in module \synth_harness..

3.33.18. Finished OPT passes. (There is nothing left to do.)

3.34. Executing DFFLEGALIZE pass (convert FFs to types supported by the target).

3.35. Executing TECHMAP pass (map to technology primitives).

3.35.1. Executing Verilog-2005 frontend: /usr/bin/../share/yosys/ice40/ff_map.v
Parsing Verilog input from `/usr/bin/../share/yosys/ice40/ff_map.v' to AST representation.
Generating RTLIL representation for module `\$_DFF_N_'.
Generating RTLIL representation for module `\$_DFF_P_'.
Generating RTLIL representation for module `\$_DFFE_NP_'.
Generating RTLIL representation for module `\$_DFFE_PP_'.
Generating RTLIL representation for module `\$_DFF_NP0_'.
Generating RTLIL representation for module `\$_DFF_NP1_'.
Generating RTLIL representation for module `\$_DFF_PP0_'.
Generating RTLIL representation for module `\$_DFF_PP1_'.
Generating RTLIL representation for module `\$_DFFE_NP0P_'.
Generating RTLIL representation for module `\$_DFFE_NP1P_'.
Generating RTLIL representation for module `\$_DFFE_PP0P_'.
Generating RTLIL representation for module `\$_DFFE_PP1P_'.
Generating RTLIL representation for module `\$_SDFF_NP0_'.
Generating RTLIL representation for module `\$_SDFF_NP1_'.
Generating RTLIL representation for module `\$_SDFF_PP0_'.
Generating RTLIL representation for module `\$_SDFF_PP1_'.
Generating RTLIL representation for module `\$_SDFFCE_NP0P_'.
Generating RTLIL representation for module `\$_SDFFCE_NP1P_'.
Generating RTLIL representation for module `\$_SDFFCE_PP0P_'.
Generating RTLIL representation for module `\$_SDFFCE_PP1P_'.
Successfully finished Verilog frontend.

3.35.2. Continuing TECHMAP pass.
Using template \$_DFF_PP0_ for cells of type $_DFF_PP0_.
Using template \$_DFF_P_ for cells of type $_DFF_P_.
Using template \$_SDFF_PP0_ for cells of type $_SDFF_PP0_.
No more expansions possible.
<suppressed ~248 debug messages>

3.36. Executing OPT_EXPR pass (perform const folding).
Optimizing module synth_harness.

3.37. Executing SIMPLEMAP pass (map simple cells to gate primitives).

3.38. Executing ICE40_OPT pass (performing simple optimizations).

3.38.1. Running ICE40 specific optimizations.

3.38.2. Executing OPT_EXPR pass (perform const folding).
Optimizing module synth_harness.
<suppressed ~15 debug messages>

3.38.3. Executing OPT_MERGE pass (detect identical cells).
Finding identical cells in module `\synth_harness'.
<suppressed ~645 debug messages>
Removed a total of 215 cells.

3.38.4. Executing OPT_DFF pass (perform DFF optimizations).

3.38.5. Executing OPT_CLEAN pass (remove unused cells and wires).
Finding unused cells or wires in module \synth_harness..
Removed 0 unused cells and 1337 unused wires.
<suppressed ~1 debug messages>

3.38.6. Rerunning OPT passes. (Removed registers in this run.)

3.38.7. Running ICE40 specific optimizations.

3.38.8. Executing OPT_EXPR pass (perform const folding).
Optimizing module synth_harness.

3.38.9. Executing OPT_MERGE pass (detect identical cells).
Finding identical cells in module `\synth_harness'.
Removed a total of 0 cells.

3.38.10. Executing OPT_DFF pass (perform DFF optimizations).

3.38.11. Executing OPT_CLEAN pass (remove unused cells and wires).
Finding unused cells or wires in module \synth_harness..

3.38.12. Finished OPT passes. (There is nothing left to do.)

3.39. Executing TECHMAP pass (map to technology primitives).

3.39.1. Executing Verilog-2005 frontend: /usr/bin/../share/yosys/ice40/latches_map.v
Parsing Verilog input from `/usr/bin/../share/yosys/ice40/latches_map.v' to AST representation.
Generating RTLIL representation for module `\$_DLATCH_N_'.
Generating RTLIL representation for module `\$_DLATCH_P_'.
Successfully finished Verilog frontend.

3.39.2. Continuing TECHMAP pass.
No more expansions possible.
<suppressed ~4 debug messages>

3.40. Executing ABC pass (technology mapping using ABC).

3.40.1. Extracting gate netlist of module `\synth_harness' to `<abc-temp-dir>/input.blif'..
Extracted 249 gates and 291 wires to a netlist network with 40 inputs and 23 outputs.

3.40.1.1. Executing ABC.
Running ABC command: "<yosys-exe-dir>/yosys-abc" -s -f <abc-temp-dir>/abc.script 2>&1
ABC: ABC command line: "source <abc-temp-dir>/abc.script".
ABC: 
ABC: + read_blif <abc-temp-dir>/input.blif 
ABC: + read_lut <abc-temp-dir>/lutdefs.txt 
ABC: + strash 
ABC: + &get -n 
ABC: + &fraig -x 
ABC: + &put 
ABC: + scorr 
ABC: Warning: The network is combinational (run "fraig" or "fraig_sweep").
ABC: + dc2 
ABC: + dretime 
ABC: + strash 
ABC: + dch -f 
ABC: + if 
ABC: + mfs2 
ABC: + lutpack -S 1 
ABC: + dress <abc-temp-dir>/input.blif 
ABC: Total number of equiv classes                =      60.
ABC: Participating nodes from both networks       =     135.
ABC: Participating nodes from the first network   =      59. (  75.64 % of nodes)
ABC: Participating nodes from the second network  =      76. (  97.44 % of nodes)
ABC: Node pairs (any polarity)                    =      59. (  75.64 % of names can be moved)
ABC: Node pairs (same polarity)                   =      42. (  53.85 % of names can be moved)
ABC: Total runtime =     0.06 sec
ABC: + write_blif <abc-temp-dir>/output.blif 

3.40.1.2. Re-integrating ABC results.
ABC RESULTS:              $lut cells:       77
ABC RESULTS:        internal signals:      228
ABC RESULTS:           input signals:       40
ABC RESULTS:          output signals:       23
Removing temp directory.

3.41. Executing ICE40_WRAPCARRY pass (wrap carries).

3.42. Executing TECHMAP pass (map to technology primitives).

3.42.1. Executing Verilog-2005 frontend: /usr/bin/../share/yosys/ice40/ff_map.v
Parsing Verilog input from `/usr/bin/../share/yosys/ice40/ff_map.v' to AST representation.
Generating RTLIL representation for module `\$_DFF_N_'.
Generating RTLIL representation for module `\$_DFF_P_'.
Generating RTLIL representation for module `\$_DFFE_NP_'.
Generating RTLIL representation for module `\$_DFFE_PP_'.
Generating RTLIL representation for module `\$_DFF_NP0_'.
Generating RTLIL representation for module `\$_DFF_NP1_'.
Generating RTLIL representation for module `\$_DFF_PP0_'.
Generating RTLIL representation for module `\$_DFF_PP1_'.
Generating RTLIL representation for module `\$_DFFE_NP0P_'.
Generating RTLIL representation for module `\$_DFFE_NP1P_'.
Generating RTLIL representation for module `\$_DFFE_PP0P_'.
Generating RTLIL representation for module `\$_DFFE_PP1P_'.
Generating RTLIL representation for module `\$_SDFF_NP0_'.
Generating RTLIL representation for module `\$_SDFF_NP1_'.
Generating RTLIL representation for module `\$_SDFF_PP0_'.
Generating RTLIL representation for module `\$_SDFF_PP1_'.
Generating RTLIL representation for module `\$_SDFFCE_NP0P_'.
Generating RTLIL representation for module `\$_SDFFCE_NP1P_'.
Generating RTLIL representation for module `\$_SDFFCE_PP0P_'.
Generating RTLIL representation for module `\$_SDFFCE_PP1P_'.
Successfully finished Verilog frontend.

3.42.2. Continuing TECHMAP pass.
No more expansions possible.
<suppressed ~22 debug messages>
Removed 67 unused cells and 190 unused wires.

3.43. Executing OPT_LUT pass (optimize LUTs).
Discovering LUTs.
Number of LUTs:       74
  1-LUT               10
  2-LUT               15
  3-LUT               16
  4-LUT               33
  with \SB_CARRY    (#0)    0
  with \SB_CARRY    (#1)    0

Eliminating LUTs.
Number of LUTs:       74
  1-LUT               10
  2-LUT               15
  3-LUT               16
  4-LUT               33
  with \SB_CARRY    (#0)    0
  with \SB_CARRY    (#1)    0

Combining LUTs.
Number of LUTs:       74
  1-LUT               10
  2-LUT               15
  3-LUT               16
  4-LUT               33
  with \SB_CARRY    (#0)    0
  with \SB_CARRY    (#1)    0

Eliminated 0 LUTs.
Combined 0 LUTs.
<suppressed ~344 debug messages>

3.44. Executing TECHMAP pass (map to technology primitives).

3.44.1. Executing Verilog-2005 frontend: /usr/bin/../share/yosys/ice40/cells_map.v
Parsing Verilog input from `/usr/bin/../share/yosys/ice40/cells_map.v' to AST representation.
Generating RTLIL representation for module `\$lut'.
Successfully finished Verilog frontend.

3.44.2. Continuing TECHMAP pass.
Using template $paramod\$lut\WIDTH=32'00000000000000000000000000000011\LUT=8'01000000 for cells of type $lut.
Using template $paramod\$lut\WIDTH=32'00000000000000000000000000000011\LUT=8'00010000 for cells of type $lut.
Using template $paramod\$lut\WIDTH=32'00000000000000000000000000000010\LUT=4'1000 for cells of type $lut.
Using template $paramod$571404c0889eaf57f492cb5e37f8acb5df5852f9\$lut for cells of type $lut.
Using template $paramod\$lut\WIDTH=32'00000000000000000000000000000010\LUT=4'0001 for cells of type $lut.
Using template $paramod\$lut\WIDTH=32'00000000000000000000000000000011\LUT=8'11100000 for cells of type $lut.
Using template $paramod\$lut\WIDTH=32'00000000000000000000000000000001\LUT=2'01 for cells of type $lut.
Using template $paramod\$lut\WIDTH=32'00000000000000000000000000000010\LUT=4'0100 for cells of type $lut.
Using template $paramod$272652f6c6fbe9a75eff76e45cc7e2788835518b\$lut for cells of type $lut.
Using template $paramod$7c63ddf7084544855dae4e3dfdf858ae70ea79d7\$lut for cells of type $lut.
Using template $paramod\$lut\WIDTH=32'00000000000000000000000000000011\LUT=8'00000001 for cells of type $lut.
Using template $paramod$6e238df02989b317f10820a22773676e71120644\$lut for cells of type $lut.
Using template $paramod$6d6beead1425af15cf78b27fd9b11b41b5d4bce8\$lut for cells of type $lut.
Using template $paramod$85b779ce5ab505dbf25e5e046fb43ca2b76b878b\$lut for cells of type $lut.
Using template $paramod\$lut\WIDTH=32'00000000000000000000000000000011\LUT=8'00000111 for cells of type $lut.
Using template $paramod$b431bfd938e35871dd0b7668e1503c7e8b9d491c\$lut for cells of type $lut.
Using template $paramod$243c00f5eb9faa1d5ce3478fdc389a56070781f8\$lut for cells of type $lut.
Using template $paramod$cde3aa23c1efa60a470cf0f0281347d6ba585afa\$lut for cells of type $lut.
Using template $paramod$fe9a0158d0352193457c4f5b6282ac86d35fb3ee\$lut for cells of type $lut.
Using template $paramod\$lut\WIDTH=32'00000000000000000000000000000011\LUT=8'10000000 for cells of type $lut.
Using template $paramod$fc318a7df7fe07fd6e06d67fcbc358e9823ea389\$lut for cells of type $lut.
Using template $paramod\$lut\WIDTH=32'00000000000000000000000000000011\LUT=8'00001011 for cells of type $lut.
Using template $paramod$fb5ee0bdef1c4e74aaf1fd8efae98b46a2f5e564\$lut for cells of type $lut.
Using template $paramod\$lut\WIDTH=32'00000000000000000000000000000011\LUT=8'01110000 for cells of type $lut.
Using template $paramod$4da6fe9957da309dc16b8f31a6b80b19c05c808d\$lut for cells of type $lut.
Using template $paramod$087ace6930bade56e1237b8b637019df03253fcc\$lut for cells of type $lut.
Using template $paramod$048d4aa2263b685fba6c6b0d38f6224df0dc3042\$lut for cells of type $lut.
Using template $paramod$baa939b0bd5b3e0c8760492528669bd58f640542\$lut for cells of type $lut.
Using template $paramod\$lut\WIDTH=32'00000000000000000000000000000011\LUT=8'11110001 for cells of type $lut.
Using template $paramod$359fe4e746656bf9c72aecaff84fc7bdea9f55a5\$lut for cells of type $lut.
Using template $paramod$6f8c8cdc4b3e951baba96b2acd13eabbb5e850fe\$lut for cells of type $lut.
Using template $paramod\$lut\WIDTH=32'00000000000000000000000000000011\LUT=8'10110100 for cells of type $lut.
Using template $paramod\$lut\WIDTH=32'00000000000000000000000000000011\LUT=8'11000010 for cells of type $lut.
Using template $paramod$3204210736873ef5d53b95f3dbe4714b354f9351\$lut for cells of type $lut.
Using template $paramod$bd30e88998eb3f40bd5b483dd9ac73c42f6b8ec7\$lut for cells of type $lut.
Using template $paramod$8a688b470fbdc357e4a14f08dc23c872c147c340\$lut for cells of type $lut.
No more expansions possible.
<suppressed ~545 debug messages>
Removed 0 unused cells and 173 unused wires.

3.45. Executing AUTONAME pass.
Renamed 1089 objects in module synth_harness (22 iterations).
<suppressed ~272 debug messages>

3.46. Executing HIERARCHY pass (managing design hierarchy).

3.46.1. Analyzing design hierarchy..
Top module:  \synth_harness

3.46.2. Analyzing design hierarchy..
Top module:  \synth_harness
Removed 0 unused modules.

3.47. Printing statistics.

=== synth_harness ===

   Number of wires:                 94
   Number of wire bits:            898
   Number of public wires:          94
   Number of public wire bits:     898
   Number of memories:               0
   Number of memory bits:            0
   Number of processes:              0
   Number of cells:                236
     SB_DFF                          8
     SB_DFFR                       152
     SB_DFFSR                        2
     SB_LUT4                        74

3.48. Executing CHECK pass (checking for obvious problems).
Checking module synth_harness...
Found and reported 0 problems.

3.49. Executing JSON backend.

Warnings: 1 unique messages, 2 total
End of script. Logfile hash: 2d2f7efa05, CPU: user 1.47s system 0.02s, MEM: 21.58 MB peak
Yosys 0.33 (git sha1 2584903a060)
Time spent: 35% 14x read_verilog (0 sec), 15% 1x abc (0 sec), ...
