
 /----------------------------------------------------------------------------\
 |                                                                            |
 |  yosys -- Yosys Open SYnthesis Suite                                       |
 |                                                                            |
 |  Copyright (C) 2012 - 2020  Claire Xenia Wolf <claire@yosyshq.com>         |
 |                                                                            |
 |  Permission to use, copy, modify, and/or distribute this software for any  |
 |  purpose with or without fee is hereby granted, provided that the above    |
 |  copyright notice and this permission notice appear in all copies.         |
 |                                                                            |
 |  THE SOFTWARE IS PROVIDED "AS IS" AND THE AUTHOR DISCLAIMS ALL WARRANTIES  |
 |  WITH REGARD TO THIS SOFTWARE INCLUDING ALL IMPLIED WARRANTIES OF          |
 |  MERCHANTABILITY AND FITNESS. IN NO EVENT SHALL THE AUTHOR BE LIABLE FOR   |
 |  ANY SPECIAL, DIRECT, INDIRECT, OR CONSEQUENTIAL DAMAGES OR ANY DAMAGES    |
 |  WHATSOEVER RESULTING FROM LOSS OF USE, DATA OR PROFITS, WHETHER IN AN     |
 |  ACTION OF CONTRACT, NEGLIGENCE OR OTHER TORTIOUS ACTION, ARISING OUT OF   |
 |  OR IN CONNECTION WITH THE USE OR PERFORMANCE OF THIS SOFTWARE.            |
 |                                                                            |
 \----------------------------------------------------------------------------/

 Yosys 0.33 (git sha1 2584903a060)


-- Running command `read_verilog -sv -DSYNTH_FPU synth_harness.sv ../../rtl/fpu.sv ../../rtl/fpu_classifier.sv ../../rtl/fpu_comparator.sv ../../rtl/fpu_adder.sv ../../rtl/fpu_multiplier.sv ../../rtl/fpu_sqrt.sv ../../rtl/fpu_int_to_float.sv ../../rtl/fpu_float_to_int.sv ../../rtl/fpu_div_setup.sv ../../rtl/fpu_div_assemble.sv ../../rtl/fpu_fma.sv ../../rtl/div_unit.sv; synth_ice40 -top synth_harness -json build/fpu.json' --

1. Executing Verilog-2005 frontend: synth_harness.sv
Parsing SystemVerilog input from `synth_harness.sv' to AST representation.
Generating RTLIL representation for module `\synth_harness'.
Warning: Replacing memory \stim_reg with list of registers. See synth_harness.sv:32
Successfully finished Verilog frontend.

2. Executing Verilog-2005 frontend: ../../rtl/fpu.sv
Parsing SystemVerilog input from `../../rtl/fpu.sv' to AST representation.
Generating RTLIL representation for module `\fpu'.
Successfully finished Verilog frontend.

3. Executing Verilog-2005 frontend: ../../rtl/fpu_classifier.sv
Parsing SystemVerilog input from `../../rtl/fpu_classifier.sv' to AST representation.
Generating RTLIL representation for module `\fpu_classifier'.
Successfully finished Verilog frontend.

4. Executing Verilog-2005 frontend: ../../rtl/fpu_comparator.sv
Parsing SystemVerilog input from `../../rtl/fpu_comparator.sv' to AST representation.
Generating RTLIL representation for module `\fpu_comparator'.
Successfully finished Verilog frontend.

5. Executing Verilog-2005 frontend: ../../rtl/fpu_adder.sv
Parsing SystemVerilog input from `../../rtl/fpu_adder.sv' to AST representation.
Generating RTLIL representation for module `\fpu_adder'.
Successfully finished Verilog frontend.

6. Executing Verilog-2005 frontend: ../../rtl/fpu_multiplier.sv
Parsing SystemVerilog input from `../../rtl/fpu_multiplier.sv' to AST representation.
Generating RTLIL representation for module `\fpu_multiplier'.
Successfully finished Verilog frontend.

7. Executing Verilog-2005 frontend: ../../rtl/fpu_sqrt.sv
Parsing SystemVerilog input from `../../rtl/fpu_sqrt.sv' to AST representation.
Generating RTLIL representation for module `\fpu_sqrt'.
Successfully finished Verilog frontend.

8. Executing Verilog-2005 frontend: ../../rtl/fpu_int_to_float.sv
Parsing SystemVerilog input from `../../rtl/fpu_int_to_float.sv' to AST representation.
Generating RTLIL representation for module `\fpu_int_to_float'.
Successfully finished Verilog frontend.

9. Executing Verilog-2005 frontend: ../../rtl/fpu_float_to_int.sv
Parsing SystemVerilog input from `../../rtl/fpu_float_to_int.sv' to AST representation.
Generating RTLIL representation for module `\fpu_float_to_int'.
Successfully finished Verilog frontend.

10. Executing Verilog-2005 frontend: ../../rtl/fpu_div_setup.sv
Parsing SystemVerilog input from `../../rtl/fpu_div_setup.sv' to AST representation.
Generating RTLIL representation for module `\fpu_div_setup'.
Successfully finished Verilog frontend.

11. Executing Verilog-2005 frontend: ../../rtl/fpu_div_assemble.sv
Parsing SystemVerilog input from `../../rtl/fpu_div_assemble.sv' to AST representation.
Generating RTLIL representation for module `\fpu_div_assemble'.
Successfully finished Verilog frontend.

12. Executing Verilog-2005 frontend: ../../rtl/fpu_fma.sv
Parsing SystemVerilog input from `../../rtl/fpu_fma.sv' to AST representation.
Generating RTLIL representation for module `\fpu_fma'.
Successfully finished Verilog frontend.

13. Executing Verilog-2005 frontend: ../../rtl/div_unit.sv
Parsing SystemVerilog input from `../../rtl/div_unit.sv' to AST representation.
Generating RTLIL representation for module `\div_unit'.
Successfully finished Verilog frontend.

14. Executing SYNTH_ICE40 pass.

14.1. Executing Verilog-2005 frontend: /usr/bin/../share/yosys/ice40/cells_sim.v
Parsing Verilog input from `/usr/bin/../share/yosys/ice40/cells_sim.v' to AST representation.
Generating RTLIL representation for module `\SB_IO'.
Generating RTLIL representation for module `\SB_GB_IO'.
Generating RTLIL representation for module `\SB_GB'.
Generating RTLIL representation for module `\SB_LUT4'.
Generating RTLIL representation for module `\SB_CARRY'.
Generating RTLIL representation for module `\SB_DFF'.
Generating RTLIL representation for module `\SB_DFFE'.
Generating RTLIL representation for module `\SB_DFFSR'.
Generating RTLIL representation for module `\SB_DFFR'.
Generating RTLIL representation for module `\SB_DFFSS'.
Generating RTLIL representation for module `\SB_DFFS'.
Generating RTLIL representation for module `\SB_DFFESR'.
Generating RTLIL representation for module `\SB_DFFER'.
Generating RTLIL representation for module `\SB_DFFESS'.
Generating RTLIL representation for module `\SB_DFFES'.
Generating RTLIL representation for module `\SB_DFFN'.
Generating RTLIL representation for module `\SB_DFFNE'.
Generating RTLIL representation for module `\SB_DFFNSR'.
Generating RTLIL representation for module `\SB_DFFNR'.
Generating RTLIL representation for module `\SB_DFFNSS'.
Generating RTLIL representation for module `\SB_DFFNS'.
Generating RTLIL representation for module `\SB_DFFNESR'.
Generating RTLIL representation for module `\SB_DFFNER'.
Generating RTLIL representation for module `\SB_DFFNESS'.
Generating RTLIL representation for module `\SB_DFFNES'.
Generating RTLIL representation for module `\SB_RAM40_4K'.
Generating RTLIL representation for module `\SB_RAM40_4KNR'.
Generating RTLIL representation for module `\SB_RAM40_4KNW'.
Generating RTLIL representation for module `\SB_RAM40_4KNRNW'.
Generating RTLIL representation for module `\ICESTORM_LC'.
Generating RTLIL representation for module `\SB_PLL40_CORE'.
Generating RTLIL representation for module `\SB_PLL40_PAD'.
Generating RTLIL representation for module `\SB_PLL40_2_PAD'.
Generating RTLIL representation for module `\SB_PLL40_2F_CORE'.
Generating RTLIL representation for module `\SB_PLL40_2F_PAD'.
Generating RTLIL representation for module `\SB_WARMBOOT'.
Generating RTLIL representation for module `\SB_SPRAM256KA'.
Generating RTLIL representation for module `\SB_HFOSC'.
Generating RTLIL representation for module `\SB_LFOSC'.
Generating RTLIL representation for module `\SB_RGBA_DRV'.
Generating RTLIL representation for module `\SB_LED_DRV_CUR'.
Generating RTLIL representation for module `\SB_RGB_DRV'.
Generating RTLIL representation for module `\SB_I2C'.
Generating RTLIL representation for module `\SB_SPI'.
Generating RTLIL representation for module `\SB_LEDDA_IP'.
Generating RTLIL representation for module `\SB_FILTER_50NS'.
Generating RTLIL representation for module `\SB_IO_I3C'.
Generating RTLIL representation for module `\SB_IO_OD'.
Generating RTLIL representation for module `\SB_MAC16'.
Generating RTLIL representation for module `\ICESTORM_RAM'.
Successfully finished Verilog frontend.

14.2. Executing HIERARCHY pass (managing design hierarchy).

14.2.1. Analyzing design hierarchy..
Top module:  \synth_harness
Used module:     \fpu
Used module:         \fpu_div_assemble
Used module:         \div_unit
Used module:         \fpu_fma
Used module:             \fpu_adder
Used module:             \fpu_multiplier
Used module:         \fpu_div_setup
Used module:         \fpu_float_to_int
Used module:         \fpu_int_to_float
Used module:         \fpu_sqrt
Used module:         \fpu_comparator
Used module:         \fpu_classifier
Reprocessing module synth_harness because instantiated module fpu has become available.
Generating RTLIL representation for module `\synth_harness'.
Warning: Replacing memory \stim_reg with list of registers. See synth_harness.sv:32
Parameter \WIDTH = 48

14.2.2. Executing AST frontend in derive mode using pre-parsed AST for module `\div_unit'.
Parameter \WIDTH = 48
Generating RTLIL representation for module `$paramod\div_unit\WIDTH=s32'00000000000000000000000000110000'.

14.2.3. Analyzing design hierarchy..
Top module:  \synth_harness
Used module:     \fpu
Used module:         \fpu_div_assemble
Used module:         $paramod\div_unit\WIDTH=s32'00000000000000000000000000110000
Used module:         \fpu_fma
Used module:             \fpu_adder
Used module:             \fpu_multiplier
Used module:         \fpu_div_setup
Used module:         \fpu_float_to_int
Used module:         \fpu_int_to_float
Used module:         \fpu_sqrt
Used module:         \fpu_comparator
Used module:         \fpu_classifier

14.2.4. Analyzing design hierarchy..
Top module:  \synth_harness
Used module:     \fpu
Used module:         \fpu_div_assemble
Used module:         $paramod\div_unit\WIDTH=s32'00000000000000000000000000110000
Used module:         \fpu_fma
Used module:             \fpu_adder
Used module:             \fpu_multiplier
Used module:         \fpu_div_setup
Used module:         \fpu_float_to_int
Used module:         \fpu_int_to_float
Used module:         \fpu_sqrt
Used module:         \fpu_comparator
Used module:         \fpu_classifier
Removing unused module `\div_unit'.
Removed 1 unused modules.

14.3. Executing PROC pass (convert processes to netlists).

14.3.1. Executing PROC_CLEAN pass (remove empty switches from decision trees).
Cleaned up 0 empty switches.

14.3.2. Executing PROC_RMDEAD pass (remove dead branches from decision trees).
Marked 6 switch rules as full_case in process $proc$../../rtl/div_unit.sv:0$1001 in module $paramod\div_unit\WIDTH=s32'00000000000000000000000000110000.
Marked 3 switch rules as full_case in process $proc$../../rtl/div_unit.sv:0$991 in module $paramod\div_unit\WIDTH=s32'00000000000000000000000000110000.
Marked 3 switch rules as full_case in process $proc$../../rtl/div_unit.sv:141$976 in module $paramod\div_unit\WIDTH=s32'00000000000000000000000000110000.
Marked 1 switch rules as full_case in process $proc$../../rtl/div_unit.sv:0$962 in module $paramod\div_unit\WIDTH=s32'00000000000000000000000000110000.
Marked 4 switch rules as full_case in process $proc$../../rtl/div_unit.sv:0$959 in module $paramod\div_unit\WIDTH=s32'00000000000000000000000000110000.
Marked 1 switch rules as full_case in process $proc$../../rtl/div_unit.sv:68$957 in module $paramod\div_unit\WIDTH=s32'00000000000000000000000000110000.
Marked 1 switch rules as full_case in process $proc$/usr/bin/../share/yosys/ice40/cells_sim.v:1414$797 in module SB_DFFNES.
Marked 1 switch rules as full_case in process $proc$/usr/bin/../share/yosys/ice40/cells_sim.v:1353$790 in module SB_DFFNESS.
Marked 1 switch rules as full_case in process $proc$/usr/bin/../share/yosys/ice40/cells_sim.v:1273$786 in module SB_DFFNER.
Marked 1 switch rules as full_case in process $proc$/usr/bin/../share/yosys/ice40/cells_sim.v:1212$779 in module SB_DFFNESR.
Marked 1 switch rules as full_case in process $proc$/usr/bin/../share/yosys/ice40/cells_sim.v:1138$776 in module SB_DFFNS.
Marked 1 switch rules as full_case in process $proc$/usr/bin/../share/yosys/ice40/cells_sim.v:1088$773 in module SB_DFFNSS.
Marked 1 switch rules as full_case in process $proc$/usr/bin/../share/yosys/ice40/cells_sim.v:1017$770 in module SB_DFFNR.
Marked 1 switch rules as full_case in process $proc$/usr/bin/../share/yosys/ice40/cells_sim.v:967$767 in module SB_DFFNSR.
Marked 1 switch rules as full_case in process $proc$/usr/bin/../share/yosys/ice40/cells_sim.v:803$759 in module SB_DFFES.
Marked 1 switch rules as full_case in process $proc$/usr/bin/../share/yosys/ice40/cells_sim.v:742$752 in module SB_DFFESS.
Marked 1 switch rules as full_case in process $proc$/usr/bin/../share/yosys/ice40/cells_sim.v:662$748 in module SB_DFFER.
Marked 1 switch rules as full_case in process $proc$/usr/bin/../share/yosys/ice40/cells_sim.v:601$741 in module SB_DFFESR.
Marked 1 switch rules as full_case in process $proc$/usr/bin/../share/yosys/ice40/cells_sim.v:527$738 in module SB_DFFS.
Marked 1 switch rules as full_case in process $proc$/usr/bin/../share/yosys/ice40/cells_sim.v:477$735 in module SB_DFFSS.
Marked 1 switch rules as full_case in process $proc$/usr/bin/../share/yosys/ice40/cells_sim.v:406$732 in module SB_DFFR.
Marked 1 switch rules as full_case in process $proc$/usr/bin/../share/yosys/ice40/cells_sim.v:356$729 in module SB_DFFSR.
Marked 1 switch rules as full_case in process $proc$synth_harness.sv:29$945 in module synth_harness.
Marked 56 switch rules as full_case in process $proc$../../rtl/fpu_div_assemble.sv:0$390 in module fpu_div_assemble.
Marked 7 switch rules as full_case in process $proc$../../rtl/fpu_div_setup.sv:0$368 in module fpu_div_setup.
Marked 9 switch rules as full_case in process $proc$../../rtl/fpu_float_to_int.sv:0$345 in module fpu_float_to_int.
Marked 35 switch rules as full_case in process $proc$../../rtl/fpu_int_to_float.sv:0$267 in module fpu_int_to_float.
Marked 4 switch rules as full_case in process $proc$../../rtl/fpu_sqrt.sv:0$248 in module fpu_sqrt.
Marked 9 switch rules as full_case in process $proc$../../rtl/fpu_multiplier.sv:0$220 in module fpu_multiplier.
Marked 42 switch rules as full_case in process $proc$../../rtl/fpu_adder.sv:0$93 in module fpu_adder.
Marked 4 switch rules as full_case in process $proc$../../rtl/fpu_comparator.sv:0$72 in module fpu_comparator.
Marked 20 switch rules as full_case in process $proc$../../rtl/fpu.sv:0$27 in module fpu.
Marked 2 switch rules as full_case in process $proc$../../rtl/fpu.sv:271$25 in module fpu.
Removed a total of 0 dead cases.

14.3.3. Executing PROC_PRUNE pass (remove redundant assignments in processes).
Removed 18 redundant assignments.
Promoted 140 assignments to connections.

14.3.4. Executing PROC_INIT pass (extract init attributes).
Found init rule in `\SB_DFFNES.$proc$/usr/bin/../share/yosys/ice40/cells_sim.v:0$800'.
  Set init value: \Q = 1'0
Found init rule in `\SB_DFFNESS.$proc$/usr/bin/../share/yosys/ice40/cells_sim.v:0$796'.
  Set init value: \Q = 1'0
Found init rule in `\SB_DFFNER.$proc$/usr/bin/../share/yosys/ice40/cells_sim.v:0$789'.
  Set init value: \Q = 1'0
Found init rule in `\SB_DFFNESR.$proc$/usr/bin/../share/yosys/ice40/cells_sim.v:0$785'.
  Set init value: \Q = 1'0
Found init rule in `\SB_DFFNS.$proc$/usr/bin/../share/yosys/ice40/cells_sim.v:0$778'.
  Set init value: \Q = 1'0
Found init rule in `\SB_DFFNSS.$proc$/usr/bin/../share/yosys/ice40/cells_sim.v:0$775'.
  Set init value: \Q = 1'0
Found init rule in `\SB_DFFNR.$proc$/usr/bin/../share/yosys/ice40/cells_sim.v:0$772'.
  Set init value: \Q = 1'0
Found init rule in `\SB_DFFNSR.$proc$/usr/bin/../share/yosys/ice40/cells_sim.v:0$769'.
  Set init value: \Q = 1'0
Found init rule in `\SB_DFFNE.$proc$/usr/bin/../share/yosys/ice40/cells_sim.v:0$766'.
  Set init value: \Q = 1'0
Found init rule in `\SB_DFFN.$proc$/usr/bin/../share/yosys/ice40/cells_sim.v:0$764'.
  Set init value: \Q = 1'0
Found init rule in `\SB_DFFES.$proc$/usr/bin/../share/yosys/ice40/cells_sim.v:0$762'.
  Set init value: \Q = 1'0
Found init rule in `\SB_DFFESS.$proc$/usr/bin/../share/yosys/ice40/cells_sim.v:0$758'.
  Set init value: \Q = 1'0
Found init rule in `\SB_DFFER.$proc$/usr/bin/../share/yosys/ice40/cells_sim.v:0$751'.
  Set init value: \Q = 1'0
Found init rule in `\SB_DFFESR.$proc$/usr/bin/../share/yosys/ice40/cells_sim.v:0$747'.
  Set init value: \Q = 1'0
Found init rule in `\SB_DFFS.$proc$/usr/bin/../share/yosys/ice40/cells_sim.v:0$740'.
  Set init value: \Q = 1'0
Found init rule in `\SB_DFFSS.$proc$/usr/bin/../share/yosys/ice40/cells_sim.v:0$737'.
  Set init value: \Q = 1'0
Found init rule in `\SB_DFFR.$proc$/usr/bin/../share/yosys/ice40/cells_sim.v:0$734'.
  Set init value: \Q = 1'0
Found init rule in `\SB_DFFSR.$proc$/usr/bin/../share/yosys/ice40/cells_sim.v:0$731'.
  Set init value: \Q = 1'0
Found init rule in `\SB_DFFE.$proc$/usr/bin/../share/yosys/ice40/cells_sim.v:0$728'.
  Set init value: \Q = 1'0
Found init rule in `\SB_DFF.$proc$/usr/bin/../share/yosys/ice40/cells_sim.v:0$726'.
  Set init value: \Q = 1'0

14.3.5. Executing PROC_ARST pass (detect async resets in processes).
Found async reset \rst_n in `$paramod\div_unit\WIDTH=s32'00000000000000000000000000110000.$proc$../../rtl/div_unit.sv:141$976'.
Found async reset \rst_n in `$paramod\div_unit\WIDTH=s32'00000000000000000000000000110000.$proc$../../rtl/div_unit.sv:68$957'.
Found async reset \S in `\SB_DFFNES.$proc$/usr/bin/../share/yosys/ice40/cells_sim.v:1414$797'.
Found async reset \R in `\SB_DFFNER.$proc$/usr/bin/../share/yosys/ice40/cells_sim.v:1273$786'.
Found async reset \S in `\SB_DFFNS.$proc$/usr/bin/../share/yosys/ice40/cells_sim.v:1138$776'.
Found async reset \R in `\SB_DFFNR.$proc$/usr/bin/../share/yosys/ice40/cells_sim.v:1017$770'.
Found async reset \S in `\SB_DFFES.$proc$/usr/bin/../share/yosys/ice40/cells_sim.v:803$759'.
Found async reset \R in `\SB_DFFER.$proc$/usr/bin/../share/yosys/ice40/cells_sim.v:662$748'.
Found async reset \S in `\SB_DFFS.$proc$/usr/bin/../share/yosys/ice40/cells_sim.v:527$738'.
Found async reset \R in `\SB_DFFR.$proc$/usr/bin/../share/yosys/ice40/cells_sim.v:406$732'.
Found async reset \rst_n in `\synth_harness.$proc$synth_harness.sv:29$945'.
Found async reset \rst_n in `\fpu.$proc$../../rtl/fpu.sv:271$25'.

14.3.6. Executing PROC_ROM pass (convert switches to ROMs).
Converted 0 switches.
<suppressed ~225 debug messages>

14.3.7. Executing PROC_MUX pass (convert decision trees to multiplexers).
Creating decoders for process `$paramod\div_unit\WIDTH=s32'00000000000000000000000000110000.$proc$../../rtl/div_unit.sv:0$1001'.
     1/6: $6\result[47:0]
     2/6: $5\result[47:0]
     3/6: $4\result[47:0]
     4/6: $3\result[47:0]
     5/6: $2\result[47:0]
     6/6: $1\result[47:0]
Creating decoders for process `$paramod\div_unit\WIDTH=s32'00000000000000000000000000110000.$proc$../../rtl/div_unit.sv:0$991'.
     1/4: $2\final_remainder[47:0]
     2/4: $2\final_quotient[47:0]
     3/4: $1\final_remainder[47:0]
     4/4: $1\final_quotient[47:0]
Creating decoders for process `$paramod\div_unit\WIDTH=s32'00000000000000000000000000110000.$proc$../../rtl/div_unit.sv:141$976'.
     1/8: $0\overflow[0:0]
     2/8: $0\div_by_zero[0:0]
     3/8: $0\divisor_neg[0:0]
     4/8: $0\dividend_neg[0:0]
     5/8: $0\iter_count[5:0]
     6/8: $0\Q[47:0]
     7/8: $0\P[95:0]
     8/8: $0\D[95:0]
Creating decoders for process `$paramod\div_unit\WIDTH=s32'00000000000000000000000000110000.$proc$../../rtl/div_unit.sv:0$962'.
     1/2: $1\abs_divisor[47:0]
     2/2: $1\abs_dividend[47:0]
Creating decoders for process `$paramod\div_unit\WIDTH=s32'00000000000000000000000000110000.$proc$../../rtl/div_unit.sv:0$959'.
     1/4: $4\next_state[2:0]
     2/4: $3\next_state[2:0]
     3/4: $2\next_state[2:0]
     4/4: $1\next_state[2:0]
Creating decoders for process `$paramod\div_unit\WIDTH=s32'00000000000000000000000000110000.$proc$../../rtl/div_unit.sv:68$957'.
     1/1: $0\state[2:0]
Creating decoders for process `\SB_DFFNES.$proc$/usr/bin/../share/yosys/ice40/cells_sim.v:0$800'.
Creating decoders for process `\SB_DFFNES.$proc$/usr/bin/../share/yosys/ice40/cells_sim.v:1414$797'.
     1/1: $0\Q[0:0]
Creating decoders for process `\SB_DFFNESS.$proc$/usr/bin/../share/yosys/ice40/cells_sim.v:0$796'.
Creating decoders for process `\SB_DFFNESS.$proc$/usr/bin/../share/yosys/ice40/cells_sim.v:1353$790'.
     1/1: $0\Q[0:0]
Creating decoders for process `\SB_DFFNER.$proc$/usr/bin/../share/yosys/ice40/cells_sim.v:0$789'.
Creating decoders for process `\SB_DFFNER.$proc$/usr/bin/../share/yosys/ice40/cells_sim.v:1273$786'.
     1/1: $0\Q[0:0]
Creating decoders for process `\SB_DFFNESR.$proc$/usr/bin/../share/yosys/ice40/cells_sim.v:0$785'.
Creating decoders for process `\SB_DFFNESR.$proc$/usr/bin/../share/yosys/ice40/cells_sim.v:1212$779'.
     1/1: $0\Q[0:0]
Creating decoders for process `\SB_DFFNS.$proc$/usr/bin/../share/yosys/ice40/cells_sim.v:0$778'.
Creating decoders for process `\SB_DFFNS.$proc$/usr/bin/../share/yosys/ice40/cells_sim.v:1138$776'.
     1/1: $0\Q[0:0]
Creating decoders for process `\SB_DFFNSS.$proc$/usr/bin/../share/yosys/ice40/cells_sim.v:0$775'.
Creating decoders for process `\SB_DFFNSS.$proc$/usr/bin/../share/yosys/ice40/cells_sim.v:1088$773'.
     1/1: $0\Q[0:0]
Creating decoders for process `\SB_DFFNR.$proc$/usr/bin/../share/yosys/ice40/cells_sim.v:0$772'.
Creating decoders for process `\SB_DFFNR.$proc$/usr/bin/../share/yosys/ice40/cells_sim.v:1017$770'.
     1/1: $0\Q[0:0]
Creating decoders for process `\SB_DFFNSR.$proc$/usr/bin/../share/yosys/ice40/cells_sim.v:0$769'.
Creating decoders for process `\SB_DFFNSR.$proc$/usr/bin/../share/yosys/ice40/cells_sim.v:967$767'.
     1/1: $0\Q[0:0]
Creating decoders for process `\SB_DFFNE.$proc$/usr/bin/../share/yosys/ice40/cells_sim.v:0$766'.
Creating decoders for process `\SB_DFFNE.$proc$/usr/bin/../share/yosys/ice40/cells_sim.v:922$765'.
     1/1: $0\Q[0:0]
Creating decoders for process `\SB_DFFN.$proc$/usr/bin/../share/yosys/ice40/cells_sim.v:0$764'.
Creating decoders for process `\SB_DFFN.$proc$/usr/bin/../share/yosys/ice40/cells_sim.v:882$763'.
Creating decoders for process `\SB_DFFES.$proc$/usr/bin/../share/yosys/ice40/cells_sim.v:0$762'.
Creating decoders for process `\SB_DFFES.$proc$/usr/bin/../share/yosys/ice40/cells_sim.v:803$759'.
     1/1: $0\Q[0:0]
Creating decoders for process `\SB_DFFESS.$proc$/usr/bin/../share/yosys/ice40/cells_sim.v:0$758'.
Creating decoders for process `\SB_DFFESS.$proc$/usr/bin/../share/yosys/ice40/cells_sim.v:742$752'.
     1/1: $0\Q[0:0]
Creating decoders for process `\SB_DFFER.$proc$/usr/bin/../share/yosys/ice40/cells_sim.v:0$751'.
Creating decoders for process `\SB_DFFER.$proc$/usr/bin/../share/yosys/ice40/cells_sim.v:662$748'.
     1/1: $0\Q[0:0]
Creating decoders for process `\SB_DFFESR.$proc$/usr/bin/../share/yosys/ice40/cells_sim.v:0$747'.
Creating decoders for process `\SB_DFFESR.$proc$/usr/bin/../share/yosys/ice40/cells_sim.v:601$741'.
     1/1: $0\Q[0:0]
Creating decoders for process `\SB_DFFS.$proc$/usr/bin/../share/yosys/ice40/cells_sim.v:0$740'.
Creating decoders for process `\SB_DFFS.$proc$/usr/bin/../share/yosys/ice40/cells_sim.v:527$738'.
     1/1: $0\Q[0:0]
Creating decoders for process `\SB_DFFSS.$proc$/usr/bin/../share/yosys/ice40/cells_sim.v:0$737'.
Creating decoders for process `\SB_DFFSS.$proc$/usr/bin/../share/yosys/ice40/cells_sim.v:477$735'.
     1/1: $0\Q[0:0]
Creating decoders for process `\SB_DFFR.$proc$/usr/bin/../share/yosys/ice40/cells_sim.v:0$734'.
Creating decoders for process `\SB_DFFR.$proc$/usr/bin/../share/yosys/ice40/cells_sim.v:406$732'.
     1/1: $0\Q[0:0]
Creating decoders for process `\SB_DFFSR.$proc$/usr/bin/../share/yosys/ice40/cells_sim.v:0$731'.
Creating decoders for process `\SB_DFFSR.$proc$/usr/bin/../share/yosys/ice40/cells_sim.v:356$729'.
     1/1: $0\Q[0:0]
Creating decoders for process `\SB_DFFE.$proc$/usr/bin/../share/yosys/ice40/cells_sim.v:0$728'.
Creating decoders for process `\SB_DFFE.$proc$/usr/bin/../share/yosys/ice40/cells_sim.v:311$727'.
     1/1: $0\Q[0:0]
Creating decoders for process `\SB_DFF.$proc$/usr/bin/../share/yosys/ice40/cells_sim.v:0$726'.
Creating decoders for process `\SB_DFF.$proc$/usr/bin/../share/yosys/ice40/cells_sim.v:271$725'.
Creating decoders for process `\synth_harness.$proc$synth_harness.sv:291$953'.
Creating decoders for process `\synth_harness.$proc$synth_harness.sv:29$945'.
     1/11: $0\stim_sel[4:0]
     2/11: $1$fordecl_block$3.i[31:0]$950
     3/11: $0\stim_reg[7][31:0]
     4/11: $0\stim_reg[6][31:0]
     5/11: $0\stim_reg[5][31:0]
     6/11: $0\stim_reg[4][31:0]
     7/11: $0\stim_reg[3][31:0]
     8/11: $0\stim_reg[2][31:0]
     9/11: $0\stim_reg[1][31:0]
    10/11: $0\stim_reg[0][31:0]
    11/11: $1$fordecl_block$1.i[31:0]$949
Creating decoders for process `\synth_harness.$proc$synth_harness.sv:18$944'.
Creating decoders for process `\fpu_div_assemble.$proc$../../rtl/fpu_div_assemble.sv:0$390'.
     1/76: $3\result[31:0]
     2/76: $3\result_exp[7:0]
     3/76: $2\result[31:0]
     4/76: $2\flags[2:2]
     5/76: $2\result_exp[7:0]
     6/76: $1\result[31:0]
     7/76: $1\result_exp[7:0]
     8/76: $1\flags[2:2]
     9/76: $5\result_exp_wide[8:0]
    10/76: $5\normalized_quotient[47:0]
    11/76: $4\result_exp_wide[8:0]
    12/76: $4\normalized_quotient[47:0]
    13/76: $3\result_mant[22:0]
    14/76: $3\normalized_quotient[47:0]
    15/76: $3\result_exp_wide[8:0]
    16/76: $3\shift[8:0]
    17/76: $50\msb_pos[7:0]
    18/76: $49\msb_pos[7:0]
    19/76: $48\msb_pos[7:0]
    20/76: $47\msb_pos[7:0]
    21/76: $46\msb_pos[7:0]
    22/76: $45\msb_pos[7:0]
    23/76: $44\msb_pos[7:0]
    24/76: $43\msb_pos[7:0]
    25/76: $42\msb_pos[7:0]
    26/76: $41\msb_pos[7:0]
    27/76: $40\msb_pos[7:0]
    28/76: $39\msb_pos[7:0]
    29/76: $38\msb_pos[7:0]
    30/76: $37\msb_pos[7:0]
    31/76: $36\msb_pos[7:0]
    32/76: $35\msb_pos[7:0]
    33/76: $34\msb_pos[7:0]
    34/76: $33\msb_pos[7:0]
    35/76: $32\msb_pos[7:0]
    36/76: $31\msb_pos[7:0]
    37/76: $30\msb_pos[7:0]
    38/76: $29\msb_pos[7:0]
    39/76: $28\msb_pos[7:0]
    40/76: $27\msb_pos[7:0]
    41/76: $26\msb_pos[7:0]
    42/76: $25\msb_pos[7:0]
    43/76: $24\msb_pos[7:0]
    44/76: $23\msb_pos[7:0]
    45/76: $22\msb_pos[7:0]
    46/76: $21\msb_pos[7:0]
    47/76: $20\msb_pos[7:0]
    48/76: $19\msb_pos[7:0]
    49/76: $18\msb_pos[7:0]
    50/76: $17\msb_pos[7:0]
    51/76: $16\msb_pos[7:0]
    52/76: $15\msb_pos[7:0]
    53/76: $14\msb_pos[7:0]
    54/76: $13\msb_pos[7:0]
    55/76: $12\msb_pos[7:0]
    56/76: $11\msb_pos[7:0]
    57/76: $10\msb_pos[7:0]
    58/76: $9\msb_pos[7:0]
    59/76: $8\msb_pos[7:0]
    60/76: $7\msb_pos[7:0]
    61/76: $6\msb_pos[7:0]
    62/76: $5\msb_pos[7:0]
    63/76: $4\msb_pos[7:0]
    64/76: $3\msb_pos[7:0]
    65/76: $2\result_exp_wide[8:0]
    66/76: $2\result_mant[22:0]
    67/76: $2$fordecl_block$388.i[31:0]$396
    68/76: $2\normalized_quotient[47:0]
    69/76: $2\shift[8:0]
    70/76: $2\msb_pos[7:0]
    71/76: $1\result_mant[22:0]
    72/76: $1$fordecl_block$388.i[31:0]$395
    73/76: $1\normalized_quotient[47:0]
    74/76: $1\shift[8:0]
    75/76: $1\msb_pos[7:0]
    76/76: $1\result_exp_wide[8:0]
Creating decoders for process `\fpu_div_setup.$proc$../../rtl/fpu_div_setup.sv:0$368'.
     1/24: $7\special_result[31:0]
     2/24: $5\needs_div[0:0]
     3/24: $5\divisor[47:0]
     4/24: $5\dividend[47:0]
     5/24: $6\special_result[31:0]
     6/24: $4\needs_div[0:0]
     7/24: $4\divisor[47:0]
     8/24: $4\dividend[47:0]
     9/24: $5\special_result[31:0]
    10/24: $4\special_result[31:0]
    11/24: $3\needs_div[0:0]
    12/24: $3\divisor[47:0]
    13/24: $3\dividend[47:0]
    14/24: $3\special_result[31:0]
    15/24: $2\special_result[31:0]
    16/24: $2\flags[3:3]
    17/24: $2\needs_div[0:0]
    18/24: $2\divisor[47:0]
    19/24: $2\dividend[47:0]
    20/24: $1\special_result[31:0]
    21/24: $1\needs_div[0:0]
    22/24: $1\divisor[47:0]
    23/24: $1\dividend[47:0]
    24/24: $1\flags[3:3]
Creating decoders for process `\fpu_float_to_int.$proc$../../rtl/fpu_float_to_int.sv:0$345'.
     1/23: $8\result[31:0]
     2/23: $6\invalid[0:0]
     3/23: $5\invalid[0:0]
     4/23: $7\result[31:0]
     5/23: $5\temp_result[31:0]
     6/23: $6\result[31:0]
     7/23: $4\invalid[0:0]
     8/23: $4\temp_result[31:0]
     9/23: $5\result[31:0]
    10/23: $3\temp_result[31:0]
    11/23: $3\invalid[0:0]
    12/23: $4\result[31:0]
    13/23: $2\shift[8:0]
    14/23: $2\temp_result[31:0]
    15/23: $2\mant[23:0]
    16/23: $2\invalid[0:0]
    17/23: $3\result[31:0]
    18/23: $2\result[31:0]
    19/23: $1\result[31:0]
    20/23: $1\invalid[0:0]
    21/23: $1\shift[8:0]
    22/23: $1\temp_result[31:0]
    23/23: $1\mant[23:0]
Creating decoders for process `\fpu_int_to_float.$proc$../../rtl/fpu_int_to_float.sv:0$267'.
     1/42: $2\mant[22:0]
     2/42: $33\msb_pos[7:0]
     3/42: $32\msb_pos[7:0]
     4/42: $31\msb_pos[7:0]
     5/42: $30\msb_pos[7:0]
     6/42: $29\msb_pos[7:0]
     7/42: $28\msb_pos[7:0]
     8/42: $27\msb_pos[7:0]
     9/42: $26\msb_pos[7:0]
    10/42: $25\msb_pos[7:0]
    11/42: $24\msb_pos[7:0]
    12/42: $23\msb_pos[7:0]
    13/42: $22\msb_pos[7:0]
    14/42: $21\msb_pos[7:0]
    15/42: $20\msb_pos[7:0]
    16/42: $19\msb_pos[7:0]
    17/42: $18\msb_pos[7:0]
    18/42: $17\msb_pos[7:0]
    19/42: $16\msb_pos[7:0]
    20/42: $15\msb_pos[7:0]
    21/42: $14\msb_pos[7:0]
    22/42: $13\msb_pos[7:0]
    23/42: $12\msb_pos[7:0]
    24/42: $11\msb_pos[7:0]
    25/42: $10\msb_pos[7:0]
    26/42: $9\msb_pos[7:0]
    27/42: $8\msb_pos[7:0]
    28/42: $7\msb_pos[7:0]
    29/42: $6\msb_pos[7:0]
    30/42: $5\msb_pos[7:0]
    31/42: $4\msb_pos[7:0]
    32/42: $3\msb_pos[7:0]
    33/42: $2\msb_pos[7:0]
    34/42: $2\abs_val[31:0]
    35/42: $2\sign[0:0]
    36/42: $1\result[31:0]
    37/42: $1$fordecl_block$265.i[31:0]$270
    38/42: $1\msb_pos[7:0]
    39/42: $1\mant[22:0]
    40/42: $1\exp[7:0]
    41/42: $1\abs_val[31:0]
    42/42: $1\sign[0:0]
Creating decoders for process `\fpu_sqrt.$proc$../../rtl/fpu_sqrt.sv:0$248'.
     1/16: $4\mant_with_bit[23:0]
     2/16: $4\result_exp[7:0]
     3/16: $3\result[31:0]
     4/16: $3\mant_with_bit[23:0]
     5/16: $3\result_mant[22:0]
     6/16: $3\result_exp[7:0]
     7/16: $2\result[31:0]
     8/16: $2\flags[4:4]
     9/16: $2\mant_with_bit[23:0]
    10/16: $2\result_mant[22:0]
    11/16: $2\result_exp[7:0]
    12/16: $1\result[31:0]
    13/16: $1\mant_with_bit[23:0]
    14/16: $1\result_mant[22:0]
    15/16: $1\result_exp[7:0]
    16/16: $1\flags[4:4]
Creating decoders for process `\fpu_multiplier.$proc$../../rtl/fpu_multiplier.sv:0$220'.
     1/32: $8\result[31:0]
     2/32: $6\result_exp[7:0]
     3/32: $7\result[31:0]
     4/32: $5\result_exp[7:0]
     5/32: $5\result_exp_wide[8:0]
     6/32: $5\result_mant[22:0]
     7/32: $6\result[31:0]
     8/32: $4\product[47:0]
     9/32: $4\result_exp_wide[8:0]
    10/32: $4\result_mant[22:0]
    11/32: $4\result_exp[7:0]
    12/32: $4\result_sign[0:0]
    13/32: $5\result[31:0]
    14/32: $4\result[31:0]
    15/32: $3\product[47:0]
    16/32: $3\result_exp_wide[8:0]
    17/32: $3\result_mant[22:0]
    18/32: $3\result_exp[7:0]
    19/32: $3\result_sign[0:0]
    20/32: $3\result[31:0]
    21/32: $2\result[31:0]
    22/32: $2\product[47:0]
    23/32: $2\result_exp_wide[8:0]
    24/32: $2\result_mant[22:0]
    25/32: $2\result_exp[7:0]
    26/32: $2\result_sign[0:0]
    27/32: $1\result[31:0]
    28/32: $1\product[47:0]
    29/32: $1\result_exp_wide[8:0]
    30/32: $1\result_mant[22:0]
    31/32: $1\result_exp[7:0]
    32/32: $1\result_sign[0:0]
Creating decoders for process `\fpu_adder.$proc$../../rtl/fpu_adder.sv:0$93'.
     1/153: $8\result[31:0]
     2/153: $12\result_exp[7:0]
     3/153: $12\result_mant[24:0]
     4/153: $34\norm_shift[7:0]
     5/153: $33\norm_shift[7:0]
     6/153: $32\norm_shift[7:0]
     7/153: $31\norm_shift[7:0]
     8/153: $30\norm_shift[7:0]
     9/153: $29\norm_shift[7:0]
    10/153: $28\norm_shift[7:0]
    11/153: $27\norm_shift[7:0]
    12/153: $26\norm_shift[7:0]
    13/153: $25\norm_shift[7:0]
    14/153: $24\norm_shift[7:0]
    15/153: $23\norm_shift[7:0]
    16/153: $22\norm_shift[7:0]
    17/153: $21\norm_shift[7:0]
    18/153: $20\norm_shift[7:0]
    19/153: $19\norm_shift[7:0]
    20/153: $11$fordecl_block$89.i[31:0]$182
    21/153: $18\norm_shift[7:0]
    22/153: $11$fordecl_block$91.i[31:0]$183
    23/153: $17\norm_shift[7:0]
    24/153: $16\norm_shift[7:0]
    25/153: $15\norm_shift[7:0]
    26/153: $14\norm_shift[7:0]
    27/153: $13\norm_shift[7:0]
    28/153: $12\norm_shift[7:0]
    29/153: $11\norm_shift[7:0]
    30/153: $10$fordecl_block$87.i[31:0]$164
    31/153: $10\norm_shift[7:0]
    32/153: $10$fordecl_block$91.i[31:0]$166
    33/153: $10$fordecl_block$89.i[31:0]$165
    34/153: $11\result_mant[24:0]
    35/153: $11\result_exp[7:0]
    36/153: $9$fordecl_block$91.i[31:0]$162
    37/153: $9$fordecl_block$89.i[31:0]$161
    38/153: $9$fordecl_block$87.i[31:0]$160
    39/153: $9\norm_shift[7:0]
    40/153: $8$fordecl_block$91.i[31:0]$158
    41/153: $8$fordecl_block$89.i[31:0]$157
    42/153: $8$fordecl_block$87.i[31:0]$156
    43/153: $8\norm_shift[7:0]
    44/153: $10\result_mant[24:0]
    45/153: $10\result_exp[7:0]
    46/153: $8\result_sign[0:0]
    47/153: $9\result_mant[24:0]
    48/153: $9\result_exp[7:0]
    49/153: $8\result_mant[24:0]
    50/153: $7\result_mant[24:0]
    51/153: $8\result_exp[7:0]
    52/153: $7\result_sign[0:0]
    53/153: $7$fordecl_block$91.i[31:0]$148
    54/153: $7$fordecl_block$89.i[31:0]$147
    55/153: $7$fordecl_block$87.i[31:0]$146
    56/153: $7\norm_shift[7:0]
    57/153: $8\a_mant[23:0]
    58/153: $8\b_mant[23:0]
    59/153: $7\result_exp[7:0]
    60/153: $7\b_mant[23:0]
    61/153: $7\exp_diff[7:0]
    62/153: $7\a_mant[23:0]
    63/153: $7\result[31:0]
    64/153: $6$fordecl_block$91.i[31:0]$136
    65/153: $6$fordecl_block$89.i[31:0]$135
    66/153: $6$fordecl_block$87.i[31:0]$134
    67/153: $6\norm_shift[7:0]
    68/153: $6\exp_diff[7:0]
    69/153: $6\result_mant[24:0]
    70/153: $6\b_mant[23:0]
    71/153: $6\a_mant[23:0]
    72/153: $6\result_exp[7:0]
    73/153: $6\b_exp[7:0]
    74/153: $6\a_exp[7:0]
    75/153: $6\result_sign[0:0]
    76/153: $6\b_sign[0:0]
    77/153: $6\a_sign[0:0]
    78/153: $6\result[31:0]
    79/153: $5$fordecl_block$91.i[31:0]$131
    80/153: $5$fordecl_block$89.i[31:0]$130
    81/153: $5$fordecl_block$87.i[31:0]$129
    82/153: $5\norm_shift[7:0]
    83/153: $5\exp_diff[7:0]
    84/153: $5\result_mant[24:0]
    85/153: $5\b_mant[23:0]
    86/153: $5\a_mant[23:0]
    87/153: $5\result_exp[7:0]
    88/153: $5\b_exp[7:0]
    89/153: $5\a_exp[7:0]
    90/153: $5\result_sign[0:0]
    91/153: $5\b_sign[0:0]
    92/153: $5\a_sign[0:0]
    93/153: $5\result[31:0]
    94/153: $4$fordecl_block$91.i[31:0]$126
    95/153: $4$fordecl_block$89.i[31:0]$125
    96/153: $4$fordecl_block$87.i[31:0]$124
    97/153: $4\norm_shift[7:0]
    98/153: $4\exp_diff[7:0]
    99/153: $4\result_mant[24:0]
   100/153: $4\b_mant[23:0]
   101/153: $4\a_mant[23:0]
   102/153: $4\result_exp[7:0]
   103/153: $4\b_exp[7:0]
   104/153: $4\a_exp[7:0]
   105/153: $4\result_sign[0:0]
   106/153: $4\b_sign[0:0]
   107/153: $4\a_sign[0:0]
   108/153: $4\result[31:0]
   109/153: $3$fordecl_block$91.i[31:0]$123
   110/153: $3$fordecl_block$89.i[31:0]$122
   111/153: $3$fordecl_block$87.i[31:0]$121
   112/153: $3\norm_shift[7:0]
   113/153: $3\exp_diff[7:0]
   114/153: $3\result_mant[24:0]
   115/153: $3\b_mant[23:0]
   116/153: $3\a_mant[23:0]
   117/153: $3\result_exp[7:0]
   118/153: $3\b_exp[7:0]
   119/153: $3\a_exp[7:0]
   120/153: $3\result_sign[0:0]
   121/153: $3\b_sign[0:0]
   122/153: $3\a_sign[0:0]
   123/153: $3\result[31:0]
   124/153: $2\result[31:0]
   125/153: $2$fordecl_block$91.i[31:0]$118
   126/153: $2$fordecl_block$89.i[31:0]$117
   127/153: $2$fordecl_block$87.i[31:0]$116
   128/153: $2\norm_shift[7:0]
   129/153: $2\exp_diff[7:0]
   130/153: $2\result_mant[24:0]
   131/153: $2\b_mant[23:0]
   132/153: $2\a_mant[23:0]
   133/153: $2\result_exp[7:0]
   134/153: $2\b_exp[7:0]
   135/153: $2\a_exp[7:0]
   136/153: $2\result_sign[0:0]
   137/153: $2\b_sign[0:0]
   138/153: $2\a_sign[0:0]
   139/153: $1\result[31:0]
   140/153: $1$fordecl_block$91.i[31:0]$114
   141/153: $1$fordecl_block$89.i[31:0]$113
   142/153: $1$fordecl_block$87.i[31:0]$112
   143/153: $1\norm_shift[7:0]
   144/153: $1\exp_diff[7:0]
   145/153: $1\result_mant[24:0]
   146/153: $1\b_mant[23:0]
   147/153: $1\a_mant[23:0]
   148/153: $1\result_exp[7:0]
   149/153: $1\b_exp[7:0]
   150/153: $1\a_exp[7:0]
   151/153: $1\result_sign[0:0]
   152/153: $1\b_sign[0:0]
   153/153: $1\a_sign[0:0]
Creating decoders for process `\fpu_comparator.$proc$../../rtl/fpu_comparator.sv:0$72'.
     1/4: $4\less_than[0:0]
     2/4: $3\less_than[0:0]
     3/4: $2\less_than[0:0]
     4/4: $1\less_than[0:0]
Creating decoders for process `\fpu_classifier.$proc$../../rtl/fpu_classifier.sv:0$56'.
Creating decoders for process `\fpu.$proc$../../rtl/fpu.sv:0$27'.
     1/28: $1\fflags[4:0] [4]
     2/28: $7\fflags[4:4]
     3/28: $1\fflags[4:0] [3:0]
     4/28: $7\int_result[31:0]
     5/28: $6\int_result[31:0]
     6/28: $5\int_result[31:0]
     7/28: $8\fflags[4:4]
     8/28: $9\fp_result[31:0]
     9/28: $8\fp_result[31:0]
    10/28: $7\fp_result[31:0]
    11/28: $8\int_result[31:0]
    12/28: $5\fp_result[31:0]
    13/28: $4\fp_result[31:0]
    14/28: $3\fp_result[31:0]
    15/28: $10\fp_result[31:0]
    16/28: $4\int_result[31:0]
    17/28: $5\fflags[4:4]
    18/28: $3\int_result[31:0]
    19/28: $4\fflags[4:4]
    20/28: $3\fflags[4:4]
    21/28: $2\int_result[31:0]
    22/28: $6\fp_result[31:0]
    23/28: $6\fflags[4:4]
    24/28: $2\fp_result[31:0]
    25/28: $2\fflags[4:0]
    26/28: $1\fp_result[31:0]
    27/28: $1\inv_flag[0:0]
    28/28: $1\int_result[31:0]
Creating decoders for process `\fpu.$proc$../../rtl/fpu.sv:271$25'.
     1/3: $0\div_in_progress[0:0]
     2/3: $0\div_fs2_reg[31:0]
     3/3: $0\div_fs1_reg[31:0]

14.3.8. Executing PROC_DLATCH pass (convert process syncs to latches).
No latch inferred for signal `$paramod\div_unit\WIDTH=s32'00000000000000000000000000110000.\result' from process `$paramod\div_unit\WIDTH=s32'00000000000000000000000000110000.$proc$../../rtl/div_unit.sv:0$1001'.
No latch inferred for signal `$paramod\div_unit\WIDTH=s32'00000000000000000000000000110000.\ready' from process `$paramod\div_unit\WIDTH=s32'00000000000000000000000000110000.$proc$../../rtl/div_unit.sv:0$1001'.
No latch inferred for signal `$paramod\div_unit\WIDTH=s32'00000000000000000000000000110000.\final_quotient' from process `$paramod\div_unit\WIDTH=s32'00000000000000000000000000110000.$proc$../../rtl/div_unit.sv:0$991'.
No latch inferred for signal `$paramod\div_unit\WIDTH=s32'00000000000000000000000000110000.\final_remainder' from process `$paramod\div_unit\WIDTH=s32'00000000000000000000000000110000.$proc$../../rtl/div_unit.sv:0$991'.
No latch inferred for signal `$paramod\div_unit\WIDTH=s32'00000000000000000000000000110000.\abs_dividend' from process `$paramod\div_unit\WIDTH=s32'00000000000000000000000000110000.$proc$../../rtl/div_unit.sv:0$962'.
No latch inferred for signal `$paramod\div_unit\WIDTH=s32'00000000000000000000000000110000.\abs_divisor' from process `$paramod\div_unit\WIDTH=s32'00000000000000000000000000110000.$proc$../../rtl/div_unit.sv:0$962'.
No latch inferred for signal `$paramod\div_unit\WIDTH=s32'00000000000000000000000000110000.\P_shifted' from process `$paramod\div_unit\WIDTH=s32'00000000000000000000000000110000.$proc$../../rtl/div_unit.sv:0$962'.
No latch inferred for signal `$paramod\div_unit\WIDTH=s32'00000000000000000000000000110000.\P_add' from process `$paramod\div_unit\WIDTH=s32'00000000000000000000000000110000.$proc$../../rtl/div_unit.sv:0$962'.
No latch inferred for signal `$paramod\div_unit\WIDTH=s32'00000000000000000000000000110000.\P_sub' from process `$paramod\div_unit\WIDTH=s32'00000000000000000000000000110000.$proc$../../rtl/div_unit.sv:0$962'.
No latch inferred for signal `$paramod\div_unit\WIDTH=s32'00000000000000000000000000110000.\next_state' from process `$paramod\div_unit\WIDTH=s32'00000000000000000000000000110000.$proc$../../rtl/div_unit.sv:0$959'.
No latch inferred for signal `\fpu_div_assemble.\result' from process `\fpu_div_assemble.$proc$../../rtl/fpu_div_assemble.sv:0$390'.
No latch inferred for signal `\fpu_div_assemble.\flags' from process `\fpu_div_assemble.$proc$../../rtl/fpu_div_assemble.sv:0$390'.
No latch inferred for signal `\fpu_div_assemble.\result_sign' from process `\fpu_div_assemble.$proc$../../rtl/fpu_div_assemble.sv:0$390'.
No latch inferred for signal `\fpu_div_assemble.\result_exp' from process `\fpu_div_assemble.$proc$../../rtl/fpu_div_assemble.sv:0$390'.
No latch inferred for signal `\fpu_div_assemble.\result_mant' from process `\fpu_div_assemble.$proc$../../rtl/fpu_div_assemble.sv:0$390'.
No latch inferred for signal `\fpu_div_assemble.\result_exp_wide' from process `\fpu_div_assemble.$proc$../../rtl/fpu_div_assemble.sv:0$390'.
No latch inferred for signal `\fpu_div_assemble.\msb_pos' from process `\fpu_div_assemble.$proc$../../rtl/fpu_div_assemble.sv:0$390'.
No latch inferred for signal `\fpu_div_assemble.\shift' from process `\fpu_div_assemble.$proc$../../rtl/fpu_div_assemble.sv:0$390'.
No latch inferred for signal `\fpu_div_assemble.\quotient' from process `\fpu_div_assemble.$proc$../../rtl/fpu_div_assemble.sv:0$390'.
No latch inferred for signal `\fpu_div_assemble.\normalized_quotient' from process `\fpu_div_assemble.$proc$../../rtl/fpu_div_assemble.sv:0$390'.
No latch inferred for signal `\fpu_div_assemble.$fordecl_block$388.i' from process `\fpu_div_assemble.$proc$../../rtl/fpu_div_assemble.sv:0$390'.
No latch inferred for signal `\fpu_div_setup.\flags' from process `\fpu_div_setup.$proc$../../rtl/fpu_div_setup.sv:0$368'.
No latch inferred for signal `\fpu_div_setup.\dividend' from process `\fpu_div_setup.$proc$../../rtl/fpu_div_setup.sv:0$368'.
No latch inferred for signal `\fpu_div_setup.\divisor' from process `\fpu_div_setup.$proc$../../rtl/fpu_div_setup.sv:0$368'.
No latch inferred for signal `\fpu_div_setup.\needs_div' from process `\fpu_div_setup.$proc$../../rtl/fpu_div_setup.sv:0$368'.
No latch inferred for signal `\fpu_div_setup.\special_result' from process `\fpu_div_setup.$proc$../../rtl/fpu_div_setup.sv:0$368'.
No latch inferred for signal `\fpu_div_setup.\a_is_nan' from process `\fpu_div_setup.$proc$../../rtl/fpu_div_setup.sv:0$368'.
No latch inferred for signal `\fpu_div_setup.\b_is_nan' from process `\fpu_div_setup.$proc$../../rtl/fpu_div_setup.sv:0$368'.
No latch inferred for signal `\fpu_div_setup.\a_is_zero' from process `\fpu_div_setup.$proc$../../rtl/fpu_div_setup.sv:0$368'.
No latch inferred for signal `\fpu_div_setup.\b_is_zero' from process `\fpu_div_setup.$proc$../../rtl/fpu_div_setup.sv:0$368'.
No latch inferred for signal `\fpu_div_setup.\b_is_inf' from process `\fpu_div_setup.$proc$../../rtl/fpu_div_setup.sv:0$368'.
No latch inferred for signal `\fpu_div_setup.\a_is_inf' from process `\fpu_div_setup.$proc$../../rtl/fpu_div_setup.sv:0$368'.
No latch inferred for signal `\fpu_float_to_int.\is_nan' from process `\fpu_float_to_int.$proc$../../rtl/fpu_float_to_int.sv:0$345'.
No latch inferred for signal `\fpu_float_to_int.\is_inf' from process `\fpu_float_to_int.$proc$../../rtl/fpu_float_to_int.sv:0$345'.
No latch inferred for signal `\fpu_float_to_int.\is_zero' from process `\fpu_float_to_int.$proc$../../rtl/fpu_float_to_int.sv:0$345'.
No latch inferred for signal `\fpu_float_to_int.\result' from process `\fpu_float_to_int.$proc$../../rtl/fpu_float_to_int.sv:0$345'.
No latch inferred for signal `\fpu_float_to_int.\invalid' from process `\fpu_float_to_int.$proc$../../rtl/fpu_float_to_int.sv:0$345'.
No latch inferred for signal `\fpu_float_to_int.\sign' from process `\fpu_float_to_int.$proc$../../rtl/fpu_float_to_int.sv:0$345'.
No latch inferred for signal `\fpu_float_to_int.\exp' from process `\fpu_float_to_int.$proc$../../rtl/fpu_float_to_int.sv:0$345'.
No latch inferred for signal `\fpu_float_to_int.\mant' from process `\fpu_float_to_int.$proc$../../rtl/fpu_float_to_int.sv:0$345'.
No latch inferred for signal `\fpu_float_to_int.\temp_result' from process `\fpu_float_to_int.$proc$../../rtl/fpu_float_to_int.sv:0$345'.
No latch inferred for signal `\fpu_float_to_int.\shift' from process `\fpu_float_to_int.$proc$../../rtl/fpu_float_to_int.sv:0$345'.
No latch inferred for signal `\fpu_int_to_float.\result' from process `\fpu_int_to_float.$proc$../../rtl/fpu_int_to_float.sv:0$267'.
No latch inferred for signal `\fpu_int_to_float.\sign' from process `\fpu_int_to_float.$proc$../../rtl/fpu_int_to_float.sv:0$267'.
No latch inferred for signal `\fpu_int_to_float.\abs_val' from process `\fpu_int_to_float.$proc$../../rtl/fpu_int_to_float.sv:0$267'.
No latch inferred for signal `\fpu_int_to_float.\exp' from process `\fpu_int_to_float.$proc$../../rtl/fpu_int_to_float.sv:0$267'.
No latch inferred for signal `\fpu_int_to_float.\mant' from process `\fpu_int_to_float.$proc$../../rtl/fpu_int_to_float.sv:0$267'.
No latch inferred for signal `\fpu_int_to_float.\msb_pos' from process `\fpu_int_to_float.$proc$../../rtl/fpu_int_to_float.sv:0$267'.
No latch inferred for signal `\fpu_int_to_float.$fordecl_block$265.i' from process `\fpu_int_to_float.$proc$../../rtl/fpu_int_to_float.sv:0$267'.
No latch inferred for signal `\fpu_sqrt.\is_nan' from process `\fpu_sqrt.$proc$../../rtl/fpu_sqrt.sv:0$248'.
No latch inferred for signal `\fpu_sqrt.\is_inf' from process `\fpu_sqrt.$proc$../../rtl/fpu_sqrt.sv:0$248'.
No latch inferred for signal `\fpu_sqrt.\is_zero' from process `\fpu_sqrt.$proc$../../rtl/fpu_sqrt.sv:0$248'.
No latch inferred for signal `\fpu_sqrt.\result' from process `\fpu_sqrt.$proc$../../rtl/fpu_sqrt.sv:0$248'.
No latch inferred for signal `\fpu_sqrt.\flags' from process `\fpu_sqrt.$proc$../../rtl/fpu_sqrt.sv:0$248'.
No latch inferred for signal `\fpu_sqrt.\result_exp' from process `\fpu_sqrt.$proc$../../rtl/fpu_sqrt.sv:0$248'.
No latch inferred for signal `\fpu_sqrt.\result_mant' from process `\fpu_sqrt.$proc$../../rtl/fpu_sqrt.sv:0$248'.
No latch inferred for signal `\fpu_sqrt.\mant_with_bit' from process `\fpu_sqrt.$proc$../../rtl/fpu_sqrt.sv:0$248'.
No latch inferred for signal `\fpu_multiplier.\result' from process `\fpu_multiplier.$proc$../../rtl/fpu_multiplier.sv:0$220'.
No latch inferred for signal `\fpu_multiplier.\flags' from process `\fpu_multiplier.$proc$../../rtl/fpu_multiplier.sv:0$220'.
No latch inferred for signal `\fpu_multiplier.\a_is_nan' from process `\fpu_multiplier.$proc$../../rtl/fpu_multiplier.sv:0$220'.
No latch inferred for signal `\fpu_multiplier.\b_is_nan' from process `\fpu_multiplier.$proc$../../rtl/fpu_multiplier.sv:0$220'.
No latch inferred for signal `\fpu_multiplier.\a_is_zero' from process `\fpu_multiplier.$proc$../../rtl/fpu_multiplier.sv:0$220'.
No latch inferred for signal `\fpu_multiplier.\b_is_zero' from process `\fpu_multiplier.$proc$../../rtl/fpu_multiplier.sv:0$220'.
No latch inferred for signal `\fpu_multiplier.\result_sign' from process `\fpu_multiplier.$proc$../../rtl/fpu_multiplier.sv:0$220'.
No latch inferred for signal `\fpu_multiplier.\b_is_inf' from process `\fpu_multiplier.$proc$../../rtl/fpu_multiplier.sv:0$220'.
No latch inferred for signal `\fpu_multiplier.\a_is_inf' from process `\fpu_multiplier.$proc$../../rtl/fpu_multiplier.sv:0$220'.
No latch inferred for signal `\fpu_multiplier.\result_exp' from process `\fpu_multiplier.$proc$../../rtl/fpu_multiplier.sv:0$220'.
No latch inferred for signal `\fpu_multiplier.\result_mant' from process `\fpu_multiplier.$proc$../../rtl/fpu_multiplier.sv:0$220'.
No latch inferred for signal `\fpu_multiplier.\result_exp_wide' from process `\fpu_multiplier.$proc$../../rtl/fpu_multiplier.sv:0$220'.
No latch inferred for signal `\fpu_multiplier.\product' from process `\fpu_multiplier.$proc$../../rtl/fpu_multiplier.sv:0$220'.
No latch inferred for signal `\fpu_adder.\result' from process `\fpu_adder.$proc$../../rtl/fpu_adder.sv:0$93'.
No latch inferred for signal `\fpu_adder.\flags' from process `\fpu_adder.$proc$../../rtl/fpu_adder.sv:0$93'.
No latch inferred for signal `\fpu_adder.\a_sign' from process `\fpu_adder.$proc$../../rtl/fpu_adder.sv:0$93'.
No latch inferred for signal `\fpu_adder.\b_sign' from process `\fpu_adder.$proc$../../rtl/fpu_adder.sv:0$93'.
No latch inferred for signal `\fpu_adder.\a_is_nan' from process `\fpu_adder.$proc$../../rtl/fpu_adder.sv:0$93'.
No latch inferred for signal `\fpu_adder.\b_is_nan' from process `\fpu_adder.$proc$../../rtl/fpu_adder.sv:0$93'.
No latch inferred for signal `\fpu_adder.\a_is_zero' from process `\fpu_adder.$proc$../../rtl/fpu_adder.sv:0$93'.
No latch inferred for signal `\fpu_adder.\b_is_zero' from process `\fpu_adder.$proc$../../rtl/fpu_adder.sv:0$93'.
No latch inferred for signal `\fpu_adder.\result_sign' from process `\fpu_adder.$proc$../../rtl/fpu_adder.sv:0$93'.
No latch inferred for signal `\fpu_adder.\b_is_inf' from process `\fpu_adder.$proc$../../rtl/fpu_adder.sv:0$93'.
No latch inferred for signal `\fpu_adder.\a_is_inf' from process `\fpu_adder.$proc$../../rtl/fpu_adder.sv:0$93'.
No latch inferred for signal `\fpu_adder.\a_exp' from process `\fpu_adder.$proc$../../rtl/fpu_adder.sv:0$93'.
No latch inferred for signal `\fpu_adder.\b_exp' from process `\fpu_adder.$proc$../../rtl/fpu_adder.sv:0$93'.
No latch inferred for signal `\fpu_adder.\result_exp' from process `\fpu_adder.$proc$../../rtl/fpu_adder.sv:0$93'.
No latch inferred for signal `\fpu_adder.\a_mant' from process `\fpu_adder.$proc$../../rtl/fpu_adder.sv:0$93'.
No latch inferred for signal `\fpu_adder.\b_mant' from process `\fpu_adder.$proc$../../rtl/fpu_adder.sv:0$93'.
No latch inferred for signal `\fpu_adder.\result_mant' from process `\fpu_adder.$proc$../../rtl/fpu_adder.sv:0$93'.
No latch inferred for signal `\fpu_adder.\exp_diff' from process `\fpu_adder.$proc$../../rtl/fpu_adder.sv:0$93'.
No latch inferred for signal `\fpu_adder.\norm_shift' from process `\fpu_adder.$proc$../../rtl/fpu_adder.sv:0$93'.
No latch inferred for signal `\fpu_adder.$fordecl_block$87.i' from process `\fpu_adder.$proc$../../rtl/fpu_adder.sv:0$93'.
No latch inferred for signal `\fpu_adder.$fordecl_block$89.i' from process `\fpu_adder.$proc$../../rtl/fpu_adder.sv:0$93'.
No latch inferred for signal `\fpu_adder.$fordecl_block$91.i' from process `\fpu_adder.$proc$../../rtl/fpu_adder.sv:0$93'.
No latch inferred for signal `\fpu_comparator.\less_than' from process `\fpu_comparator.$proc$../../rtl/fpu_comparator.sv:0$72'.
No latch inferred for signal `\fpu_comparator.\a_sign' from process `\fpu_comparator.$proc$../../rtl/fpu_comparator.sv:0$72'.
No latch inferred for signal `\fpu_comparator.\b_sign' from process `\fpu_comparator.$proc$../../rtl/fpu_comparator.sv:0$72'.
No latch inferred for signal `\fpu_comparator.\a_mag' from process `\fpu_comparator.$proc$../../rtl/fpu_comparator.sv:0$72'.
No latch inferred for signal `\fpu_comparator.\b_mag' from process `\fpu_comparator.$proc$../../rtl/fpu_comparator.sv:0$72'.
No latch inferred for signal `\fpu_comparator.\a_is_nan' from process `\fpu_comparator.$proc$../../rtl/fpu_comparator.sv:0$72'.
No latch inferred for signal `\fpu_comparator.\b_is_nan' from process `\fpu_comparator.$proc$../../rtl/fpu_comparator.sv:0$72'.
No latch inferred for signal `\fpu_comparator.\a_is_zero' from process `\fpu_comparator.$proc$../../rtl/fpu_comparator.sv:0$72'.
No latch inferred for signal `\fpu_comparator.\b_is_zero' from process `\fpu_comparator.$proc$../../rtl/fpu_comparator.sv:0$72'.
No latch inferred for signal `\fpu_classifier.\is_nan' from process `\fpu_classifier.$proc$../../rtl/fpu_classifier.sv:0$56'.
No latch inferred for signal `\fpu_classifier.\is_snan' from process `\fpu_classifier.$proc$../../rtl/fpu_classifier.sv:0$56'.
No latch inferred for signal `\fpu_classifier.\is_inf' from process `\fpu_classifier.$proc$../../rtl/fpu_classifier.sv:0$56'.
No latch inferred for signal `\fpu_classifier.\is_zero' from process `\fpu_classifier.$proc$../../rtl/fpu_classifier.sv:0$56'.
No latch inferred for signal `\fpu_classifier.\is_subnormal' from process `\fpu_classifier.$proc$../../rtl/fpu_classifier.sv:0$56'.
No latch inferred for signal `\fpu.\fp_result' from process `\fpu.$proc$../../rtl/fpu.sv:0$27'.
No latch inferred for signal `\fpu.\int_result' from process `\fpu.$proc$../../rtl/fpu.sv:0$27'.
No latch inferred for signal `\fpu.\fflags' from process `\fpu.$proc$../../rtl/fpu.sv:0$27'.
No latch inferred for signal `\fpu.\inv_flag' from process `\fpu.$proc$../../rtl/fpu.sv:0$27'.

14.3.9. Executing PROC_DFF pass (convert process syncs to FFs).
Creating register for signal `$paramod\div_unit\WIDTH=s32'00000000000000000000000000110000.\D' using process `$paramod\div_unit\WIDTH=s32'00000000000000000000000000110000.$proc$../../rtl/div_unit.sv:141$976'.
  created $adff cell `$procdff$6094' with positive edge clock and negative level reset.
Creating register for signal `$paramod\div_unit\WIDTH=s32'00000000000000000000000000110000.\P' using process `$paramod\div_unit\WIDTH=s32'00000000000000000000000000110000.$proc$../../rtl/div_unit.sv:141$976'.
  created $adff cell `$procdff$6095' with positive edge clock and negative level reset.
Creating register for signal `$paramod\div_unit\WIDTH=s32'00000000000000000000000000110000.\Q' using process `$paramod\div_unit\WIDTH=s32'00000000000000000000000000110000.$proc$../../rtl/div_unit.sv:141$976'.
  created $adff cell `$procdff$6096' with positive edge clock and negative level reset.
Creating register for signal `$paramod\div_unit\WIDTH=s32'00000000000000000000000000110000.\iter_count' using process `$paramod\div_unit\WIDTH=s32'00000000000000000000000000110000.$proc$../../rtl/div_unit.sv:141$976'.
  created $adff cell `$procdff$6097' with positive edge clock and negative level reset.
Creating register for signal `$paramod\div_unit\WIDTH=s32'00000000000000000000000000110000.\dividend_neg' using process `$paramod\div_unit\WIDTH=s32'00000000000000000000000000110000.$proc$../../rtl/div_unit.sv:141$976'.
  created $adff cell `$procdff$6098' with positive edge clock and negative level reset.
Creating register for signal `$paramod\div_unit\WIDTH=s32'00000000000000000000000000110000.\divisor_neg' using process `$paramod\div_unit\WIDTH=s32'00000000000000000000000000110000.$proc$../../rtl/div_unit.sv:141$976'.
  created $adff cell `$procdff$6099' with positive edge clock and negative level reset.
Creating register for signal `$paramod\div_unit\WIDTH=s32'00000000000000000000000000110000.\div_by_zero' using process `$paramod\div_unit\WIDTH=s32'00000000000000000000000000110000.$proc$../../rtl/div_unit.sv:141$976'.
  created $adff cell `$procdff$6100' with positive edge clock and negative level reset.
Creating register for signal `$paramod\div_unit\WIDTH=s32'00000000000000000000000000110000.\overflow' using process `$paramod\div_unit\WIDTH=s32'00000000000000000000000000110000.$proc$../../rtl/div_unit.sv:141$976'.
  created $adff cell `$procdff$6101' with positive edge clock and negative level reset.
Creating register for signal `$paramod\div_unit\WIDTH=s32'00000000000000000000000000110000.\state' using process `$paramod\div_unit\WIDTH=s32'00000000000000000000000000110000.$proc$../../rtl/div_unit.sv:68$957'.
  created $adff cell `$procdff$6102' with positive edge clock and negative level reset.
Creating register for signal `\SB_DFFNES.\Q' using process `\SB_DFFNES.$proc$/usr/bin/../share/yosys/ice40/cells_sim.v:1414$797'.
  created $adff cell `$procdff$6103' with negative edge clock and positive level reset.
Creating register for signal `\SB_DFFNESS.\Q' using process `\SB_DFFNESS.$proc$/usr/bin/../share/yosys/ice40/cells_sim.v:1353$790'.
  created $dff cell `$procdff$6104' with negative edge clock.
Creating register for signal `\SB_DFFNER.\Q' using process `\SB_DFFNER.$proc$/usr/bin/../share/yosys/ice40/cells_sim.v:1273$786'.
  created $adff cell `$procdff$6105' with negative edge clock and positive level reset.
Creating register for signal `\SB_DFFNESR.\Q' using process `\SB_DFFNESR.$proc$/usr/bin/../share/yosys/ice40/cells_sim.v:1212$779'.
  created $dff cell `$procdff$6106' with negative edge clock.
Creating register for signal `\SB_DFFNS.\Q' using process `\SB_DFFNS.$proc$/usr/bin/../share/yosys/ice40/cells_sim.v:1138$776'.
  created $adff cell `$procdff$6107' with negative edge clock and positive level reset.
Creating register for signal `\SB_DFFNSS.\Q' using process `\SB_DFFNSS.$proc$/usr/bin/../share/yosys/ice40/cells_sim.v:1088$773'.
  created $dff cell `$procdff$6108' with negative edge clock.
Creating register for signal `\SB_DFFNR.\Q' using process `\SB_DFFNR.$proc$/usr/bin/../share/yosys/ice40/cells_sim.v:1017$770'.
  created $adff cell `$procdff$6109' with negative edge clock and positive level reset.
Creating register for signal `\SB_DFFNSR.\Q' using process `\SB_DFFNSR.$proc$/usr/bin/../share/yosys/ice40/cells_sim.v:967$767'.
  created $dff cell `$procdff$6110' with negative edge clock.
Creating register for signal `\SB_DFFNE.\Q' using process `\SB_DFFNE.$proc$/usr/bin/../share/yosys/ice40/cells_sim.v:922$765'.
  created $dff cell `$procdff$6111' with negative edge clock.
Creating register for signal `\SB_DFFN.\Q' using process `\SB_DFFN.$proc$/usr/bin/../share/yosys/ice40/cells_sim.v:882$763'.
  created $dff cell `$procdff$6112' with negative edge clock.
Creating register for signal `\SB_DFFES.\Q' using process `\SB_DFFES.$proc$/usr/bin/../share/yosys/ice40/cells_sim.v:803$759'.
  created $adff cell `$procdff$6113' with positive edge clock and positive level reset.
Creating register for signal `\SB_DFFESS.\Q' using process `\SB_DFFESS.$proc$/usr/bin/../share/yosys/ice40/cells_sim.v:742$752'.
  created $dff cell `$procdff$6114' with positive edge clock.
Creating register for signal `\SB_DFFER.\Q' using process `\SB_DFFER.$proc$/usr/bin/../share/yosys/ice40/cells_sim.v:662$748'.
  created $adff cell `$procdff$6115' with positive edge clock and positive level reset.
Creating register for signal `\SB_DFFESR.\Q' using process `\SB_DFFESR.$proc$/usr/bin/../share/yosys/ice40/cells_sim.v:601$741'.
  created $dff cell `$procdff$6116' with positive edge clock.
Creating register for signal `\SB_DFFS.\Q' using process `\SB_DFFS.$proc$/usr/bin/../share/yosys/ice40/cells_sim.v:527$738'.
  created $adff cell `$procdff$6117' with positive edge clock and positive level reset.
Creating register for signal `\SB_DFFSS.\Q' using process `\SB_DFFSS.$proc$/usr/bin/../share/yosys/ice40/cells_sim.v:477$735'.
  created $dff cell `$procdff$6118' with positive edge clock.
Creating register for signal `\SB_DFFR.\Q' using process `\SB_DFFR.$proc$/usr/bin/../share/yosys/ice40/cells_sim.v:406$732'.
  created $adff cell `$procdff$6119' with positive edge clock and positive level reset.
Creating register for signal `\SB_DFFSR.\Q' using process `\SB_DFFSR.$proc$/usr/bin/../share/yosys/ice40/cells_sim.v:356$729'.
  created $dff cell `$procdff$6120' with positive edge clock.
Creating register for signal `\SB_DFFE.\Q' using process `\SB_DFFE.$proc$/usr/bin/../share/yosys/ice40/cells_sim.v:311$727'.
  created $dff cell `$procdff$6121' with positive edge clock.
Creating register for signal `\SB_DFF.\Q' using process `\SB_DFF.$proc$/usr/bin/../share/yosys/ice40/cells_sim.v:271$725'.
  created $dff cell `$procdff$6122' with positive edge clock.
Creating register for signal `\synth_harness.\result_reg' using process `\synth_harness.$proc$synth_harness.sv:291$953'.
  created $dff cell `$procdff$6123' with positive edge clock.
Creating register for signal `\synth_harness.\stim_sel' using process `\synth_harness.$proc$synth_harness.sv:29$945'.
  created $adff cell `$procdff$6124' with positive edge clock and negative level reset.
Creating register for signal `\synth_harness.$fordecl_block$1.i' using process `\synth_harness.$proc$synth_harness.sv:29$945'.
  created $adff cell `$procdff$6125' with positive edge clock and negative level reset.
Creating register for signal `\synth_harness.$fordecl_block$3.i' using process `\synth_harness.$proc$synth_harness.sv:29$945'.
  created $dff cell `$procdff$6128' with positive edge clock.
Creating register for signal `\synth_harness.\stim_reg[0]' using process `\synth_harness.$proc$synth_harness.sv:29$945'.
  created $adff cell `$procdff$6129' with positive edge clock and negative level reset.
Creating register for signal `\synth_harness.\stim_reg[1]' using process `\synth_harness.$proc$synth_harness.sv:29$945'.
  created $adff cell `$procdff$6130' with positive edge clock and negative level reset.
Creating register for signal `\synth_harness.\stim_reg[2]' using process `\synth_harness.$proc$synth_harness.sv:29$945'.
  created $adff cell `$procdff$6131' with positive edge clock and negative level reset.
Creating register for signal `\synth_harness.\stim_reg[3]' using process `\synth_harness.$proc$synth_harness.sv:29$945'.
  created $adff cell `$procdff$6132' with positive edge clock and negative level reset.
Creating register for signal `\synth_harness.\stim_reg[4]' using process `\synth_harness.$proc$synth_harness.sv:29$945'.
  created $adff cell `$procdff$6133' with positive edge clock and negative level reset.
Creating register for signal `\synth_harness.\stim_reg[5]' using process `\synth_harness.$proc$synth_harness.sv:29$945'.
  created $adff cell `$procdff$6134' with positive edge clock and negative level reset.
Creating register for signal `\synth_harness.\stim_reg[6]' using process `\synth_harness.$proc$synth_harness.sv:29$945'.
  created $adff cell `$procdff$6135' with positive edge clock and negative level reset.
Creating register for signal `\synth_harness.\stim_reg[7]' using process `\synth_harness.$proc$synth_harness.sv:29$945'.
  created $adff cell `$procdff$6136' with positive edge clock and negative level reset.
Creating register for signal `\synth_harness.\rst_n_sync1' using process `\synth_harness.$proc$synth_harness.sv:18$944'.
  created $dff cell `$procdff$6137' with positive edge clock.
Creating register for signal `\synth_harness.\rst_n_sync2' using process `\synth_harness.$proc$synth_harness.sv:18$944'.
  created $dff cell `$procdff$6138' with positive edge clock.
Creating register for signal `\fpu.\div_fs1_reg' using process `\fpu.$proc$../../rtl/fpu.sv:271$25'.
  created $adff cell `$procdff$6139' with positive edge clock and negative level reset.
Creating register for signal `\fpu.\div_fs2_reg' using process `\fpu.$proc$../../rtl/fpu.sv:271$25'.
  created $adff cell `$procdff$6140' with positive edge clock and negative level reset.
Creating register for signal `\fpu.\div_in_progress' using process `\fpu.$proc$../../rtl/fpu.sv:271$25'.
  created $adff cell `$procdff$6141' with positive edge clock and negative level reset.

14.3.10. Executing PROC_MEMWR pass (convert process memory writes to cells).

14.3.11. Executing PROC_CLEAN pass (remove empty switches from decision trees).
Found and cleaned up 6 empty switches in `$paramod\div_unit\WIDTH=s32'00000000000000000000000000110000.$proc$../../rtl/div_unit.sv:0$1001'.
Removing empty process `$paramod\div_unit\WIDTH=s32'00000000000000000000000000110000.$proc$../../rtl/div_unit.sv:0$1001'.
Found and cleaned up 3 empty switches in `$paramod\div_unit\WIDTH=s32'00000000000000000000000000110000.$proc$../../rtl/div_unit.sv:0$991'.
Removing empty process `$paramod\div_unit\WIDTH=s32'00000000000000000000000000110000.$proc$../../rtl/div_unit.sv:0$991'.
Found and cleaned up 5 empty switches in `$paramod\div_unit\WIDTH=s32'00000000000000000000000000110000.$proc$../../rtl/div_unit.sv:141$976'.
Removing empty process `$paramod\div_unit\WIDTH=s32'00000000000000000000000000110000.$proc$../../rtl/div_unit.sv:141$976'.
Found and cleaned up 1 empty switch in `$paramod\div_unit\WIDTH=s32'00000000000000000000000000110000.$proc$../../rtl/div_unit.sv:0$962'.
Removing empty process `$paramod\div_unit\WIDTH=s32'00000000000000000000000000110000.$proc$../../rtl/div_unit.sv:0$962'.
Found and cleaned up 4 empty switches in `$paramod\div_unit\WIDTH=s32'00000000000000000000000000110000.$proc$../../rtl/div_unit.sv:0$959'.
Removing empty process `$paramod\div_unit\WIDTH=s32'00000000000000000000000000110000.$proc$../../rtl/div_unit.sv:0$959'.
Removing empty process `$paramod\div_unit\WIDTH=s32'00000000000000000000000000110000.$proc$../../rtl/div_unit.sv:68$957'.
Removing empty process `SB_DFFNES.$proc$/usr/bin/../share/yosys/ice40/cells_sim.v:0$800'.
Found and cleaned up 1 empty switch in `\SB_DFFNES.$proc$/usr/bin/../share/yosys/ice40/cells_sim.v:1414$797'.
Removing empty process `SB_DFFNES.$proc$/usr/bin/../share/yosys/ice40/cells_sim.v:1414$797'.
Removing empty process `SB_DFFNESS.$proc$/usr/bin/../share/yosys/ice40/cells_sim.v:0$796'.
Found and cleaned up 2 empty switches in `\SB_DFFNESS.$proc$/usr/bin/../share/yosys/ice40/cells_sim.v:1353$790'.
Removing empty process `SB_DFFNESS.$proc$/usr/bin/../share/yosys/ice40/cells_sim.v:1353$790'.
Removing empty process `SB_DFFNER.$proc$/usr/bin/../share/yosys/ice40/cells_sim.v:0$789'.
Found and cleaned up 1 empty switch in `\SB_DFFNER.$proc$/usr/bin/../share/yosys/ice40/cells_sim.v:1273$786'.
Removing empty process `SB_DFFNER.$proc$/usr/bin/../share/yosys/ice40/cells_sim.v:1273$786'.
Removing empty process `SB_DFFNESR.$proc$/usr/bin/../share/yosys/ice40/cells_sim.v:0$785'.
Found and cleaned up 2 empty switches in `\SB_DFFNESR.$proc$/usr/bin/../share/yosys/ice40/cells_sim.v:1212$779'.
Removing empty process `SB_DFFNESR.$proc$/usr/bin/../share/yosys/ice40/cells_sim.v:1212$779'.
Removing empty process `SB_DFFNS.$proc$/usr/bin/../share/yosys/ice40/cells_sim.v:0$778'.
Removing empty process `SB_DFFNS.$proc$/usr/bin/../share/yosys/ice40/cells_sim.v:1138$776'.
Removing empty process `SB_DFFNSS.$proc$/usr/bin/../share/yosys/ice40/cells_sim.v:0$775'.
Found and cleaned up 1 empty switch in `\SB_DFFNSS.$proc$/usr/bin/../share/yosys/ice40/cells_sim.v:1088$773'.
Removing empty process `SB_DFFNSS.$proc$/usr/bin/../share/yosys/ice40/cells_sim.v:1088$773'.
Removing empty process `SB_DFFNR.$proc$/usr/bin/../share/yosys/ice40/cells_sim.v:0$772'.
Removing empty process `SB_DFFNR.$proc$/usr/bin/../share/yosys/ice40/cells_sim.v:1017$770'.
Removing empty process `SB_DFFNSR.$proc$/usr/bin/../share/yosys/ice40/cells_sim.v:0$769'.
Found and cleaned up 1 empty switch in `\SB_DFFNSR.$proc$/usr/bin/../share/yosys/ice40/cells_sim.v:967$767'.
Removing empty process `SB_DFFNSR.$proc$/usr/bin/../share/yosys/ice40/cells_sim.v:967$767'.
Removing empty process `SB_DFFNE.$proc$/usr/bin/../share/yosys/ice40/cells_sim.v:0$766'.
Found and cleaned up 1 empty switch in `\SB_DFFNE.$proc$/usr/bin/../share/yosys/ice40/cells_sim.v:922$765'.
Removing empty process `SB_DFFNE.$proc$/usr/bin/../share/yosys/ice40/cells_sim.v:922$765'.
Removing empty process `SB_DFFN.$proc$/usr/bin/../share/yosys/ice40/cells_sim.v:0$764'.
Removing empty process `SB_DFFN.$proc$/usr/bin/../share/yosys/ice40/cells_sim.v:882$763'.
Removing empty process `SB_DFFES.$proc$/usr/bin/../share/yosys/ice40/cells_sim.v:0$762'.
Found and cleaned up 1 empty switch in `\SB_DFFES.$proc$/usr/bin/../share/yosys/ice40/cells_sim.v:803$759'.
Removing empty process `SB_DFFES.$proc$/usr/bin/../share/yosys/ice40/cells_sim.v:803$759'.
Removing empty process `SB_DFFESS.$proc$/usr/bin/../share/yosys/ice40/cells_sim.v:0$758'.
Found and cleaned up 2 empty switches in `\SB_DFFESS.$proc$/usr/bin/../share/yosys/ice40/cells_sim.v:742$752'.
Removing empty process `SB_DFFESS.$proc$/usr/bin/../share/yosys/ice40/cells_sim.v:742$752'.
Removing empty process `SB_DFFER.$proc$/usr/bin/../share/yosys/ice40/cells_sim.v:0$751'.
Found and cleaned up 1 empty switch in `\SB_DFFER.$proc$/usr/bin/../share/yosys/ice40/cells_sim.v:662$748'.
Removing empty process `SB_DFFER.$proc$/usr/bin/../share/yosys/ice40/cells_sim.v:662$748'.
Removing empty process `SB_DFFESR.$proc$/usr/bin/../share/yosys/ice40/cells_sim.v:0$747'.
Found and cleaned up 2 empty switches in `\SB_DFFESR.$proc$/usr/bin/../share/yosys/ice40/cells_sim.v:601$741'.
Removing empty process `SB_DFFESR.$proc$/usr/bin/../share/yosys/ice40/cells_sim.v:601$741'.
Removing empty process `SB_DFFS.$proc$/usr/bin/../share/yosys/ice40/cells_sim.v:0$740'.
Removing empty process `SB_DFFS.$proc$/usr/bin/../share/yosys/ice40/cells_sim.v:527$738'.
Removing empty process `SB_DFFSS.$proc$/usr/bin/../share/yosys/ice40/cells_sim.v:0$737'.
Found and cleaned up 1 empty switch in `\SB_DFFSS.$proc$/usr/bin/../share/yosys/ice40/cells_sim.v:477$735'.
Removing empty process `SB_DFFSS.$proc$/usr/bin/../share/yosys/ice40/cells_sim.v:477$735'.
Removing empty process `SB_DFFR.$proc$/usr/bin/../share/yosys/ice40/cells_sim.v:0$734'.
Removing empty process `SB_DFFR.$proc$/usr/bin/../share/yosys/ice40/cells_sim.v:406$732'.
Removing empty process `SB_DFFSR.$proc$/usr/bin/../share/yosys/ice40/cells_sim.v:0$731'.
Found and cleaned up 1 empty switch in `\SB_DFFSR.$proc$/usr/bin/../share/yosys/ice40/cells_sim.v:356$729'.
Removing empty process `SB_DFFSR.$proc$/usr/bin/../share/yosys/ice40/cells_sim.v:356$729'.
Removing empty process `SB_DFFE.$proc$/usr/bin/../share/yosys/ice40/cells_sim.v:0$728'.
Found and cleaned up 1 empty switch in `\SB_DFFE.$proc$/usr/bin/../share/yosys/ice40/cells_sim.v:311$727'.
Removing empty process `SB_DFFE.$proc$/usr/bin/../share/yosys/ice40/cells_sim.v:311$727'.
Removing empty process `SB_DFF.$proc$/usr/bin/../share/yosys/ice40/cells_sim.v:0$726'.
Removing empty process `SB_DFF.$proc$/usr/bin/../share/yosys/ice40/cells_sim.v:271$725'.
Removing empty process `synth_harness.$proc$synth_harness.sv:291$953'.
Removing empty process `synth_harness.$proc$synth_harness.sv:29$945'.
Removing empty process `synth_harness.$proc$synth_harness.sv:18$944'.
Found and cleaned up 56 empty switches in `\fpu_div_assemble.$proc$../../rtl/fpu_div_assemble.sv:0$390'.
Removing empty process `fpu_div_assemble.$proc$../../rtl/fpu_div_assemble.sv:0$390'.
Found and cleaned up 7 empty switches in `\fpu_div_setup.$proc$../../rtl/fpu_div_setup.sv:0$368'.
Removing empty process `fpu_div_setup.$proc$../../rtl/fpu_div_setup.sv:0$368'.
Found and cleaned up 9 empty switches in `\fpu_float_to_int.$proc$../../rtl/fpu_float_to_int.sv:0$345'.
Removing empty process `fpu_float_to_int.$proc$../../rtl/fpu_float_to_int.sv:0$345'.
Found and cleaned up 35 empty switches in `\fpu_int_to_float.$proc$../../rtl/fpu_int_to_float.sv:0$267'.
Removing empty process `fpu_int_to_float.$proc$../../rtl/fpu_int_to_float.sv:0$267'.
Found and cleaned up 4 empty switches in `\fpu_sqrt.$proc$../../rtl/fpu_sqrt.sv:0$248'.
Removing empty process `fpu_sqrt.$proc$../../rtl/fpu_sqrt.sv:0$248'.
Found and cleaned up 9 empty switches in `\fpu_multiplier.$proc$../../rtl/fpu_multiplier.sv:0$220'.
Removing empty process `fpu_multiplier.$proc$../../rtl/fpu_multiplier.sv:0$220'.
Found and cleaned up 42 empty switches in `\fpu_adder.$proc$../../rtl/fpu_adder.sv:0$93'.
Removing empty process `fpu_adder.$proc$../../rtl/fpu_adder.sv:0$93'.
Found and cleaned up 4 empty switches in `\fpu_comparator.$proc$../../rtl/fpu_comparator.sv:0$72'.
Removing empty process `fpu_comparator.$proc$../../rtl/fpu_comparator.sv:0$72'.
Removing empty process `fpu_classifier.$proc$../../rtl/fpu_classifier.sv:0$56'.
Found and cleaned up 20 empty switches in `\fpu.$proc$../../rtl/fpu.sv:0$27'.
Removing empty process `fpu.$proc$../../rtl/fpu.sv:0$27'.
Found and cleaned up 2 empty switches in `\fpu.$proc$../../rtl/fpu.sv:271$25'.
Removing empty process `fpu.$proc$../../rtl/fpu.sv:271$25'.
Cleaned up 225 empty switches.

14.3.12. Executing OPT_EXPR pass (perform const folding).
Optimizing module $paramod\div_unit\WIDTH=s32'00000000000000000000000000110000.
<suppressed ~10 debug messages>
Optimizing module synth_harness.
<suppressed ~1 debug messages>
Optimizing module fpu_fma.
Optimizing module fpu_div_assemble.
<suppressed ~50 debug messages>
Optimizing module fpu_div_setup.
<suppressed ~6 debug messages>
Optimizing module fpu_float_to_int.
<suppressed ~5 debug messages>
Optimizing module fpu_int_to_float.
<suppressed ~34 debug messages>
Optimizing module fpu_sqrt.
<suppressed ~5 debug messages>
Optimizing module fpu_multiplier.
<suppressed ~7 debug messages>
Optimizing module fpu_adder.
<suppressed ~75 debug messages>
Optimizing module fpu_comparator.
<suppressed ~5 debug messages>
Optimizing module fpu_classifier.
<suppressed ~7 debug messages>
Optimizing module fpu.
<suppressed ~3 debug messages>

14.4. Executing FLATTEN pass (flatten design).
Deleting now unused module $paramod\div_unit\WIDTH=s32'00000000000000000000000000110000.
Deleting now unused module fpu_fma.
Deleting now unused module fpu_div_assemble.
Deleting now unused module fpu_div_setup.
Deleting now unused module fpu_float_to_int.
Deleting now unused module fpu_int_to_float.
Deleting now unused module fpu_sqrt.
Deleting now unused module fpu_multiplier.
Deleting now unused module fpu_adder.
Deleting now unused module fpu_comparator.
Deleting now unused module fpu_classifier.
Deleting now unused module fpu.
<suppressed ~21 debug messages>

14.5. Executing TRIBUF pass.

14.6. Executing DEMINOUT pass (demote inout ports to input or output).

14.7. Executing OPT_EXPR pass (perform const folding).
Optimizing module synth_harness.
<suppressed ~67 debug messages>

14.8. Executing OPT_CLEAN pass (remove unused cells and wires).
Finding unused cells or wires in module \synth_harness..
Removed 3148 unused cells and 11917 unused wires.
<suppressed ~3270 debug messages>

14.9. Executing CHECK pass (checking for obvious problems).
Checking module synth_harness...
Found and reported 0 problems.

14.10. Executing OPT pass (performing simple optimizations).

14.10.1. Executing OPT_EXPR pass (perform const folding).
Optimizing module synth_harness.

14.10.2. Executing OPT_MERGE pass (detect identical cells).
Finding identical cells in module `\synth_harness'.
<suppressed ~981 debug messages>
Removed a total of 327 cells.

14.10.3. Executing OPT_MUXTREE pass (detect dead branches in mux trees).
Running muxtree optimizer on module \synth_harness..
  Creating internal representation of mux trees.
  Evaluating internal representation of mux trees.
      Replacing known input bits on port A of cell $flatten\u_fpu.\u_adder.$procmux$4369: $flatten\u_fpu.\u_adder.$add$../../rtl/fpu_adder.sv:95$149_Y -> { 1'0 $flatten\u_fpu.\u_adder.$add$../../rtl/fpu_adder.sv:95$149_Y [23:0] }
      Replacing known input bits on port B of cell $flatten\u_fpu.\u_adder.$procmux$4369: { 1'0 $flatten\u_fpu.\u_adder.$add$../../rtl/fpu_adder.sv:95$149_Y [24:1] } -> { 2'01 $flatten\u_fpu.\u_adder.$add$../../rtl/fpu_adder.sv:95$149_Y [23:1] }
      Replacing known input bits on port B of cell $flatten\u_fpu.\u_adder.$procmux$3991: $flatten\u_fpu.\u_adder.$9\result_mant[24:0] -> { $flatten\u_fpu.\u_adder.$9\result_mant[24:0] [24] 1'1 $flatten\u_fpu.\u_adder.$9\result_mant[24:0] [22:0] }
      Replacing known input bits on port A of cell $flatten\u_fpu.\u_div.$procmux$1114: \u_fpu.u_div.P -> { 1'0 \u_fpu.u_div.P [94:0] }
      Replacing known input bits on port A of cell $flatten\u_fpu.\u_fma_madd.\u_add.$procmux$4369: $flatten\u_fpu.\u_fma_madd.\u_add.$add$../../rtl/fpu_adder.sv:95$149_Y -> { 1'0 $flatten\u_fpu.\u_fma_madd.\u_add.$add$../../rtl/fpu_adder.sv:95$149_Y [23:0] }
      Replacing known input bits on port B of cell $flatten\u_fpu.\u_fma_madd.\u_add.$procmux$4369: { 1'0 $flatten\u_fpu.\u_fma_madd.\u_add.$add$../../rtl/fpu_adder.sv:95$149_Y [24:1] } -> { 2'01 $flatten\u_fpu.\u_fma_madd.\u_add.$add$../../rtl/fpu_adder.sv:95$149_Y [23:1] }
      Replacing known input bits on port B of cell $flatten\u_fpu.\u_fma_madd.\u_add.$procmux$3991: $flatten\u_fpu.\u_fma_madd.\u_add.$9\result_mant[24:0] -> { $flatten\u_fpu.\u_fma_madd.\u_add.$9\result_mant[24:0] [24] 1'1 $flatten\u_fpu.\u_fma_madd.\u_add.$9\result_mant[24:0] [22:0] }
      Replacing known input bits on port A of cell $flatten\u_fpu.\u_div_assemble.$procmux$1277: \u_fpu.u_div_assemble.quotient_raw -> { \u_fpu.u_div_assemble.quotient_raw [47:25] 2'00 \u_fpu.u_div_assemble.quotient_raw [22:0] }
      Replacing known input bits on port A of cell $flatten\u_fpu.\u_fma_msub.\u_add.$procmux$4369: $flatten\u_fpu.\u_fma_msub.\u_add.$add$../../rtl/fpu_adder.sv:95$149_Y -> { 1'0 $flatten\u_fpu.\u_fma_msub.\u_add.$add$../../rtl/fpu_adder.sv:95$149_Y [23:0] }
      Replacing known input bits on port B of cell $flatten\u_fpu.\u_fma_msub.\u_add.$procmux$4369: { 1'0 $flatten\u_fpu.\u_fma_msub.\u_add.$add$../../rtl/fpu_adder.sv:95$149_Y [24:1] } -> { 2'01 $flatten\u_fpu.\u_fma_msub.\u_add.$add$../../rtl/fpu_adder.sv:95$149_Y [23:1] }
      Replacing known input bits on port B of cell $flatten\u_fpu.\u_fma_msub.\u_add.$procmux$3991: $flatten\u_fpu.\u_fma_msub.\u_add.$9\result_mant[24:0] -> { $flatten\u_fpu.\u_fma_msub.\u_add.$9\result_mant[24:0] [24] 1'1 $flatten\u_fpu.\u_fma_msub.\u_add.$9\result_mant[24:0] [22:0] }
      Replacing known input bits on port A of cell $flatten\u_fpu.\u_fma_nmadd.\u_add.$procmux$4369: $flatten\u_fpu.\u_fma_nmadd.\u_add.$add$../../rtl/fpu_adder.sv:95$149_Y -> { 1'0 $flatten\u_fpu.\u_fma_nmadd.\u_add.$add$../../rtl/fpu_adder.sv:95$149_Y [23:0] }
      Replacing known input bits on port B of cell $flatten\u_fpu.\u_fma_nmadd.\u_add.$procmux$4369: { 1'0 $flatten\u_fpu.\u_fma_nmadd.\u_add.$add$../../rtl/fpu_adder.sv:95$149_Y [24:1] } -> { 2'01 $flatten\u_fpu.\u_fma_nmadd.\u_add.$add$../../rtl/fpu_adder.sv:95$149_Y [23:1] }
      Replacing known input bits on port B of cell $flatten\u_fpu.\u_fma_nmadd.\u_add.$procmux$3991: $flatten\u_fpu.\u_fma_nmadd.\u_add.$9\result_mant[24:0] -> { $flatten\u_fpu.\u_fma_nmadd.\u_add.$9\result_mant[24:0] [24] 1'1 $flatten\u_fpu.\u_fma_nmadd.\u_add.$9\result_mant[24:0] [22:0] }
      Replacing known input bits on port A of cell $flatten\u_fpu.\u_fma_nmsub.\u_add.$procmux$4369: $flatten\u_fpu.\u_fma_nmsub.\u_add.$add$../../rtl/fpu_adder.sv:95$149_Y -> { 1'0 $flatten\u_fpu.\u_fma_nmsub.\u_add.$add$../../rtl/fpu_adder.sv:95$149_Y [23:0] }
      Replacing known input bits on port B of cell $flatten\u_fpu.\u_fma_nmsub.\u_add.$procmux$4369: { 1'0 $flatten\u_fpu.\u_fma_nmsub.\u_add.$add$../../rtl/fpu_adder.sv:95$149_Y [24:1] } -> { 2'01 $flatten\u_fpu.\u_fma_nmsub.\u_add.$add$../../rtl/fpu_adder.sv:95$149_Y [23:1] }
      Replacing known input bits on port B of cell $flatten\u_fpu.\u_fma_nmsub.\u_add.$procmux$3991: $flatten\u_fpu.\u_fma_nmsub.\u_add.$9\result_mant[24:0] -> { $flatten\u_fpu.\u_fma_nmsub.\u_add.$9\result_mant[24:0] [24] 1'1 $flatten\u_fpu.\u_fma_nmsub.\u_add.$9\result_mant[24:0] [22:0] }
      Replacing known input bits on port A of cell $flatten\u_fpu.\u_int_to_float_signed.$procmux$2449: \stim_reg[3] -> { 1'0 \stim_reg[3] [30:0] }
      Replacing known input bits on port A of cell $flatten\u_fpu.\u_subtractor.$procmux$4369: $flatten\u_fpu.\u_subtractor.$add$../../rtl/fpu_adder.sv:95$149_Y -> { 1'0 $flatten\u_fpu.\u_subtractor.$add$../../rtl/fpu_adder.sv:95$149_Y [23:0] }
      Replacing known input bits on port B of cell $flatten\u_fpu.\u_subtractor.$procmux$4369: { 1'0 $flatten\u_fpu.\u_subtractor.$add$../../rtl/fpu_adder.sv:95$149_Y [24:1] } -> { 2'01 $flatten\u_fpu.\u_subtractor.$add$../../rtl/fpu_adder.sv:95$149_Y [23:1] }
      Replacing known input bits on port B of cell $flatten\u_fpu.\u_subtractor.$procmux$3991: $flatten\u_fpu.\u_subtractor.$9\result_mant[24:0] -> { $flatten\u_fpu.\u_subtractor.$9\result_mant[24:0] [24] 1'1 $flatten\u_fpu.\u_subtractor.$9\result_mant[24:0] [22:0] }
  Analyzing evaluation results.
    dead port 2/2 on $mux $flatten\u_fpu.\u_adder.$procmux$3257.
    dead port 1/2 on $mux $flatten\u_fpu.\u_adder.$procmux$3260.
    dead port 1/2 on $mux $flatten\u_fpu.\u_adder.$procmux$3262.
    dead port 2/2 on $mux $flatten\u_fpu.\u_adder.$procmux$3264.
    dead port 1/2 on $mux $flatten\u_fpu.\u_adder.$procmux$3267.
    dead port 1/2 on $mux $flatten\u_fpu.\u_adder.$procmux$3270.
    dead port 1/2 on $mux $flatten\u_fpu.\u_adder.$procmux$3273.
    dead port 1/2 on $mux $flatten\u_fpu.\u_adder.$procmux$3276.
    dead port 1/2 on $mux $flatten\u_fpu.\u_adder.$procmux$3279.
    dead port 1/2 on $mux $flatten\u_fpu.\u_adder.$procmux$3282.
    dead port 1/2 on $mux $flatten\u_fpu.\u_adder.$procmux$3285.
    dead port 1/2 on $mux $flatten\u_fpu.\u_adder.$procmux$3578.
    dead port 1/2 on $mux $flatten\u_fpu.\u_adder.$procmux$3580.
    dead port 2/2 on $mux $flatten\u_fpu.\u_adder.$procmux$3582.
    dead port 1/2 on $mux $flatten\u_fpu.\u_adder.$procmux$3585.
    dead port 1/2 on $mux $flatten\u_fpu.\u_adder.$procmux$3588.
    dead port 1/2 on $mux $flatten\u_fpu.\u_adder.$procmux$3591.
    dead port 1/2 on $mux $flatten\u_fpu.\u_adder.$procmux$3594.
    dead port 1/2 on $mux $flatten\u_fpu.\u_adder.$procmux$3597.
    dead port 1/2 on $mux $flatten\u_fpu.\u_adder.$procmux$3600.
    dead port 1/2 on $mux $flatten\u_fpu.\u_adder.$procmux$3603.
    dead port 2/2 on $mux $flatten\u_fpu.\u_adder.$procmux$3644.
    dead port 1/2 on $mux $flatten\u_fpu.\u_adder.$procmux$3646.
    dead port 2/2 on $mux $flatten\u_fpu.\u_adder.$procmux$3648.
    dead port 1/2 on $mux $flatten\u_fpu.\u_adder.$procmux$3651.
    dead port 1/2 on $mux $flatten\u_fpu.\u_adder.$procmux$3654.
    dead port 1/2 on $mux $flatten\u_fpu.\u_adder.$procmux$3657.
    dead port 1/2 on $mux $flatten\u_fpu.\u_adder.$procmux$3660.
    dead port 1/2 on $mux $flatten\u_fpu.\u_adder.$procmux$3663.
    dead port 1/2 on $mux $flatten\u_fpu.\u_adder.$procmux$3666.
    dead port 1/2 on $mux $flatten\u_fpu.\u_adder.$procmux$3669.
    dead port 2/2 on $mux $flatten\u_fpu.\u_adder.$procmux$3993.
    dead port 1/2 on $mux $flatten\u_fpu.\u_adder.$procmux$3996.
    dead port 1/2 on $mux $flatten\u_fpu.\u_adder.$procmux$3999.
    dead port 1/2 on $mux $flatten\u_fpu.\u_adder.$procmux$4002.
    dead port 1/2 on $mux $flatten\u_fpu.\u_adder.$procmux$4005.
    dead port 1/2 on $mux $flatten\u_fpu.\u_adder.$procmux$4008.
    dead port 1/2 on $mux $flatten\u_fpu.\u_adder.$procmux$4011.
    dead port 1/2 on $mux $flatten\u_fpu.\u_adder.$procmux$4014.
    dead port 2/2 on $mux $flatten\u_fpu.\u_adder.$procmux$4020.
    dead port 1/2 on $mux $flatten\u_fpu.\u_adder.$procmux$4023.
    dead port 1/2 on $mux $flatten\u_fpu.\u_adder.$procmux$4026.
    dead port 1/2 on $mux $flatten\u_fpu.\u_adder.$procmux$4029.
    dead port 1/2 on $mux $flatten\u_fpu.\u_adder.$procmux$4032.
    dead port 1/2 on $mux $flatten\u_fpu.\u_adder.$procmux$4035.
    dead port 1/2 on $mux $flatten\u_fpu.\u_adder.$procmux$4038.
    dead port 1/2 on $mux $flatten\u_fpu.\u_adder.$procmux$4041.
    dead port 1/2 on $mux $flatten\u_fpu.\u_adder.$procmux$4251.
    dead port 1/2 on $mux $flatten\u_fpu.\u_adder.$procmux$4254.
    dead port 1/2 on $mux $flatten\u_fpu.\u_adder.$procmux$4257.
    dead port 1/2 on $mux $flatten\u_fpu.\u_adder.$procmux$4260.
    dead port 1/2 on $mux $flatten\u_fpu.\u_adder.$procmux$4263.
    dead port 1/2 on $mux $flatten\u_fpu.\u_adder.$procmux$4266.
    dead port 1/2 on $mux $flatten\u_fpu.\u_adder.$procmux$4269.
    dead port 1/2 on $mux $flatten\u_fpu.\u_adder.$procmux$4275.
    dead port 1/2 on $mux $flatten\u_fpu.\u_adder.$procmux$4278.
    dead port 1/2 on $mux $flatten\u_fpu.\u_adder.$procmux$4281.
    dead port 1/2 on $mux $flatten\u_fpu.\u_adder.$procmux$4284.
    dead port 1/2 on $mux $flatten\u_fpu.\u_adder.$procmux$4287.
    dead port 1/2 on $mux $flatten\u_fpu.\u_adder.$procmux$4290.
    dead port 1/2 on $mux $flatten\u_fpu.\u_adder.$procmux$4293.
    dead port 1/2 on $mux $flatten\u_fpu.\u_adder.$procmux$4299.
    dead port 1/2 on $mux $flatten\u_fpu.\u_adder.$procmux$4302.
    dead port 1/2 on $mux $flatten\u_fpu.\u_adder.$procmux$4305.
    dead port 1/2 on $mux $flatten\u_fpu.\u_adder.$procmux$4308.
    dead port 1/2 on $mux $flatten\u_fpu.\u_adder.$procmux$4311.
    dead port 1/2 on $mux $flatten\u_fpu.\u_adder.$procmux$4314.
    dead port 1/2 on $mux $flatten\u_fpu.\u_adder.$procmux$4317.
    dead port 2/2 on $mux $flatten\u_fpu.\u_adder.$procmux$4347.
    dead port 1/2 on $mux $flatten\u_fpu.\u_adder.$procmux$4350.
    dead port 1/2 on $mux $flatten\u_fpu.\u_adder.$procmux$4353.
    dead port 1/2 on $mux $flatten\u_fpu.\u_adder.$procmux$4356.
    dead port 1/2 on $mux $flatten\u_fpu.\u_adder.$procmux$4359.
    dead port 1/2 on $mux $flatten\u_fpu.\u_adder.$procmux$4362.
    dead port 1/2 on $mux $flatten\u_fpu.\u_adder.$procmux$4365.
    dead port 2/2 on $mux $flatten\u_fpu.\u_adder.$procmux$4371.
    dead port 1/2 on $mux $flatten\u_fpu.\u_adder.$procmux$4374.
    dead port 1/2 on $mux $flatten\u_fpu.\u_adder.$procmux$4377.
    dead port 1/2 on $mux $flatten\u_fpu.\u_adder.$procmux$4380.
    dead port 1/2 on $mux $flatten\u_fpu.\u_adder.$procmux$4383.
    dead port 1/2 on $mux $flatten\u_fpu.\u_adder.$procmux$4386.
    dead port 1/2 on $mux $flatten\u_fpu.\u_adder.$procmux$4389.
    dead port 1/2 on $mux $flatten\u_fpu.\u_adder.$procmux$4416.
    dead port 1/2 on $mux $flatten\u_fpu.\u_adder.$procmux$4419.
    dead port 1/2 on $mux $flatten\u_fpu.\u_adder.$procmux$4422.
    dead port 1/2 on $mux $flatten\u_fpu.\u_adder.$procmux$4425.
    dead port 1/2 on $mux $flatten\u_fpu.\u_adder.$procmux$4428.
    dead port 1/2 on $mux $flatten\u_fpu.\u_adder.$procmux$4431.
    dead port 1/2 on $mux $flatten\u_fpu.\u_adder.$procmux$4437.
    dead port 1/2 on $mux $flatten\u_fpu.\u_adder.$procmux$4440.
    dead port 1/2 on $mux $flatten\u_fpu.\u_adder.$procmux$4443.
    dead port 1/2 on $mux $flatten\u_fpu.\u_adder.$procmux$4446.
    dead port 1/2 on $mux $flatten\u_fpu.\u_adder.$procmux$4449.
    dead port 1/2 on $mux $flatten\u_fpu.\u_adder.$procmux$4452.
    dead port 1/2 on $mux $flatten\u_fpu.\u_adder.$procmux$4542.
    dead port 1/2 on $mux $flatten\u_fpu.\u_adder.$procmux$4545.
    dead port 1/2 on $mux $flatten\u_fpu.\u_adder.$procmux$4548.
    dead port 1/2 on $mux $flatten\u_fpu.\u_adder.$procmux$4551.
    dead port 1/2 on $mux $flatten\u_fpu.\u_adder.$procmux$4554.
    dead port 1/2 on $mux $flatten\u_fpu.\u_adder.$procmux$4557.
    dead port 1/2 on $mux $flatten\u_fpu.\u_adder.$procmux$4560.
    dead port 2/2 on $mux $flatten\u_fpu.\u_adder.$procmux$4566.
    dead port 1/2 on $mux $flatten\u_fpu.\u_adder.$procmux$4569.
    dead port 1/2 on $mux $flatten\u_fpu.\u_adder.$procmux$4572.
    dead port 1/2 on $mux $flatten\u_fpu.\u_adder.$procmux$4575.
    dead port 1/2 on $mux $flatten\u_fpu.\u_adder.$procmux$4578.
    dead port 1/2 on $mux $flatten\u_fpu.\u_adder.$procmux$4581.
    dead port 1/2 on $mux $flatten\u_fpu.\u_adder.$procmux$4584.
    dead port 1/2 on $mux $flatten\u_fpu.\u_adder.$procmux$4674.
    dead port 1/2 on $mux $flatten\u_fpu.\u_adder.$procmux$4677.
    dead port 1/2 on $mux $flatten\u_fpu.\u_adder.$procmux$4680.
    dead port 1/2 on $mux $flatten\u_fpu.\u_adder.$procmux$4683.
    dead port 1/2 on $mux $flatten\u_fpu.\u_adder.$procmux$4686.
    dead port 1/2 on $mux $flatten\u_fpu.\u_adder.$procmux$4944.
    dead port 1/2 on $mux $flatten\u_fpu.\u_adder.$procmux$4947.
    dead port 1/2 on $mux $flatten\u_fpu.\u_adder.$procmux$4950.
    dead port 1/2 on $mux $flatten\u_fpu.\u_adder.$procmux$4953.
    dead port 1/2 on $mux $flatten\u_fpu.\u_adder.$procmux$5169.
    dead port 1/2 on $mux $flatten\u_fpu.\u_adder.$procmux$5172.
    dead port 1/2 on $mux $flatten\u_fpu.\u_adder.$procmux$5175.
    dead port 1/2 on $mux $flatten\u_fpu.\u_adder.$procmux$5349.
    dead port 1/2 on $mux $flatten\u_fpu.\u_adder.$procmux$5352.
    dead port 2/2 on $mux $flatten\u_fpu.\u_adder.$procmux$5484.
    dead port 1/2 on $mux $flatten\u_fpu.\u_adder.$procmux$5487.
    dead port 1/2 on $mux $flatten\u_fpu.\u_adder.$procmux$5493.
    dead port 1/2 on $mux $flatten\u_fpu.$procmux$5715.
    dead port 2/2 on $mux $flatten\u_fpu.$procmux$5717.
    dead port 1/2 on $mux $flatten\u_fpu.$procmux$5728.
    dead port 1/2 on $mux $flatten\u_fpu.\u_adder.$procmux$2938.
    dead port 2/2 on $mux $flatten\u_fpu.$procmux$5730.
    dead port 2/2 on $mux $flatten\u_fpu.$procmux$5740.
    dead port 2/2 on $mux $flatten\u_fpu.$procmux$5746.
    dead port 2/2 on $mux $flatten\u_fpu.\u_adder.$procmux$2940.
    dead port 1/2 on $mux $flatten\u_fpu.$procmux$5758.
    dead port 1/2 on $mux $flatten\u_fpu.$procmux$5761.
    dead port 2/2 on $mux $flatten\u_fpu.$procmux$5763.
    dead port 1/2 on $mux $flatten\u_fpu.\u_adder.$procmux$2943.
    dead port 1/2 on $mux $flatten\u_fpu.\u_adder.$procmux$2946.
    dead port 1/2 on $mux $flatten\u_fpu.$procmux$5775.
    dead port 2/2 on $mux $flatten\u_fpu.$procmux$5777.
    dead port 1/2 on $mux $flatten\u_fpu.\u_comparator.$procmux$5628.
    dead port 1/2 on $mux $flatten\u_fpu.\u_comparator.$procmux$5631.
    dead port 1/2 on $mux $flatten\u_fpu.\u_comparator.$procmux$5634.
    dead port 1/2 on $mux $flatten\u_fpu.\u_comparator.$procmux$5640.
    dead port 1/2 on $mux $flatten\u_fpu.\u_comparator.$procmux$5643.
    dead port 1/2 on $mux $flatten\u_fpu.\u_comparator.$procmux$5649.
    dead port 1/2 on $mux $flatten\u_fpu.\u_div.$procmux$1009.
    dead port 1/2 on $mux $flatten\u_fpu.\u_div.$procmux$1012.
    dead port 2/2 on $mux $flatten\u_fpu.\u_div.$procmux$1014.
    dead port 2/2 on $mux $flatten\u_fpu.\u_div.$procmux$1021.
    dead port 1/2 on $mux $flatten\u_fpu.\u_div.$procmux$1024.
    dead port 2/2 on $mux $flatten\u_fpu.\u_div.$procmux$1026.
    dead port 1/2 on $mux $flatten\u_fpu.\u_div.$procmux$1033.
    dead port 2/2 on $mux $flatten\u_fpu.\u_div.$procmux$1035.
    dead port 2/2 on $mux $flatten\u_fpu.\u_div.$procmux$1042.
    dead port 2/2 on $mux $flatten\u_fpu.\u_div.$procmux$1044.
    dead port 2/2 on $mux $flatten\u_fpu.\u_div.$procmux$1050.
    dead port 2/2 on $mux $flatten\u_fpu.$procmux$5788.
    dead port 1/2 on $mux $flatten\u_fpu.$procmux$5799.
    dead port 1/2 on $mux $flatten\u_fpu.$procmux$5802.
    dead port 1/2 on $mux $flatten\u_fpu.$procmux$5805.
    dead port 2/2 on $mux $flatten\u_fpu.\u_div.$procmux$1143.
    dead port 2/2 on $mux $flatten\u_fpu.$procmux$5807.
    dead port 2/2 on $mux $flatten\u_fpu.\u_div.$procmux$1152.
    dead port 2/2 on $mux $flatten\u_fpu.\u_div.$procmux$1162.
    dead port 1/2 on $mux $flatten\u_fpu.$procmux$5820.
    dead port 1/2 on $mux $flatten\u_fpu.$procmux$5823.
    dead port 2/2 on $mux $flatten\u_fpu.$procmux$5825.
    dead port 1/2 on $mux $flatten\u_fpu.\u_div_assemble.$procmux$1219.
    dead port 1/2 on $mux $flatten\u_fpu.\u_div_assemble.$procmux$1222.
    dead port 1/2 on $mux $flatten\u_fpu.\u_div_assemble.$procmux$1237.
    dead port 1/2 on $mux $flatten\u_fpu.\u_div_assemble.$procmux$1243.
    dead port 1/2 on $mux $flatten\u_fpu.\u_div_assemble.$procmux$1265.
    dead port 2/2 on $mux $flatten\u_fpu.\u_div_assemble.$procmux$1267.
    dead port 1/2 on $mux $flatten\u_fpu.\u_div_assemble.$procmux$1270.
    dead port 1/2 on $mux $flatten\u_fpu.\u_div_assemble.$procmux$1273.
    dead port 1/2 on $mux $flatten\u_fpu.\u_div_assemble.$procmux$1280.
    dead port 2/2 on $mux $flatten\u_fpu.\u_div_assemble.$procmux$1282.
    dead port 1/2 on $mux $flatten\u_fpu.\u_div_assemble.$procmux$1285.
    dead port 1/2 on $mux $flatten\u_fpu.\u_div_assemble.$procmux$1288.
    dead port 2/2 on $mux $flatten\u_fpu.\u_div_assemble.$procmux$1294.
    dead port 1/2 on $mux $flatten\u_fpu.\u_div_assemble.$procmux$1297.
    dead port 1/2 on $mux $flatten\u_fpu.\u_div_assemble.$procmux$1300.
    dead port 2/2 on $mux $flatten\u_fpu.\u_div_assemble.$procmux$1306.
    dead port 1/2 on $mux $flatten\u_fpu.\u_div_assemble.$procmux$1309.
    dead port 1/2 on $mux $flatten\u_fpu.\u_div_assemble.$procmux$1312.
    dead port 1/2 on $mux $flatten\u_fpu.\u_div_assemble.$procmux$1318.
    dead port 1/2 on $mux $flatten\u_fpu.\u_div_assemble.$procmux$1321.
    dead port 1/2 on $mux $flatten\u_fpu.\u_div_assemble.$procmux$1336.
    dead port 1/2 on $mux $flatten\u_fpu.\u_div_assemble.$procmux$1339.
    dead port 1/2 on $mux $flatten\u_fpu.\u_div_assemble.$procmux$1786.
    dead port 1/2 on $mux $flatten\u_fpu.\u_div_assemble.$procmux$1792.
    dead port 1/2 on $mux $flatten\u_fpu.$procmux$5838.
    dead port 2/2 on $mux $flatten\u_fpu.$procmux$5840.
    dead port 2/2 on $mux $flatten\u_fpu.$procmux$5852.
    dead port 1/2 on $mux $flatten\u_fpu.\u_adder.$procmux$2949.
    dead port 1/2 on $mux $flatten\u_fpu.\u_adder.$procmux$2952.
    dead port 1/2 on $mux $flatten\u_fpu.$procmux$5864.
    dead port 1/2 on $mux $flatten\u_fpu.$procmux$5867.
    dead port 1/2 on $mux $flatten\u_fpu.\u_adder.$procmux$2955.
    dead port 1/2 on $mux $flatten\u_fpu.$procmux$5870.
    dead port 2/2 on $mux $flatten\u_fpu.$procmux$5872.
    dead port 1/2 on $mux $flatten\u_fpu.\u_div_setup.$procmux$1840.
    dead port 1/2 on $mux $flatten\u_fpu.\u_div_setup.$procmux$1843.
    dead port 1/2 on $mux $flatten\u_fpu.\u_div_setup.$procmux$1846.
    dead port 1/2 on $mux $flatten\u_fpu.\u_div_setup.$procmux$1849.
    dead port 1/2 on $mux $flatten\u_fpu.\u_div_setup.$procmux$1855.
    dead port 1/2 on $mux $flatten\u_fpu.\u_div_setup.$procmux$1858.
    dead port 1/2 on $mux $flatten\u_fpu.\u_div_setup.$procmux$1861.
    dead port 1/2 on $mux $flatten\u_fpu.\u_div_setup.$procmux$1864.
    dead port 1/2 on $mux $flatten\u_fpu.\u_div_setup.$procmux$1870.
    dead port 1/2 on $mux $flatten\u_fpu.\u_div_setup.$procmux$1873.
    dead port 1/2 on $mux $flatten\u_fpu.\u_div_setup.$procmux$1876.
    dead port 1/2 on $mux $flatten\u_fpu.\u_div_setup.$procmux$1879.
    dead port 1/2 on $mux $flatten\u_fpu.\u_div_setup.$procmux$1885.
    dead port 1/2 on $mux $flatten\u_fpu.\u_div_setup.$procmux$1888.
    dead port 1/2 on $mux $flatten\u_fpu.\u_div_setup.$procmux$1891.
    dead port 1/2 on $mux $flatten\u_fpu.\u_div_setup.$procmux$1894.
    dead port 1/2 on $mux $flatten\u_fpu.\u_div_setup.$procmux$1900.
    dead port 1/2 on $mux $flatten\u_fpu.\u_div_setup.$procmux$1903.
    dead port 1/2 on $mux $flatten\u_fpu.\u_div_setup.$procmux$1906.
    dead port 1/2 on $mux $flatten\u_fpu.\u_div_setup.$procmux$1912.
    dead port 1/2 on $mux $flatten\u_fpu.\u_div_setup.$procmux$1915.
    dead port 1/2 on $mux $flatten\u_fpu.\u_div_setup.$procmux$1918.
    dead port 1/2 on $mux $flatten\u_fpu.\u_div_setup.$procmux$1924.
    dead port 1/2 on $mux $flatten\u_fpu.\u_div_setup.$procmux$1927.
    dead port 1/2 on $mux $flatten\u_fpu.\u_div_setup.$procmux$1930.
    dead port 1/2 on $mux $flatten\u_fpu.\u_div_setup.$procmux$1936.
    dead port 1/2 on $mux $flatten\u_fpu.\u_div_setup.$procmux$1939.
    dead port 1/2 on $mux $flatten\u_fpu.\u_div_setup.$procmux$1942.
    dead port 2/2 on $mux $flatten\u_fpu.\u_div_setup.$procmux$1948.
    dead port 1/2 on $mux $flatten\u_fpu.\u_div_setup.$procmux$1951.
    dead port 1/2 on $mux $flatten\u_fpu.\u_div_setup.$procmux$1954.
    dead port 1/2 on $mux $flatten\u_fpu.\u_div_setup.$procmux$1960.
    dead port 1/2 on $mux $flatten\u_fpu.\u_div_setup.$procmux$1963.
    dead port 1/2 on $mux $flatten\u_fpu.\u_div_setup.$procmux$1969.
    dead port 1/2 on $mux $flatten\u_fpu.\u_div_setup.$procmux$1972.
    dead port 1/2 on $mux $flatten\u_fpu.\u_div_setup.$procmux$1978.
    dead port 1/2 on $mux $flatten\u_fpu.\u_div_setup.$procmux$1981.
    dead port 1/2 on $mux $flatten\u_fpu.\u_div_setup.$procmux$1987.
    dead port 1/2 on $mux $flatten\u_fpu.\u_div_setup.$procmux$1990.
    dead port 2/2 on $mux $flatten\u_fpu.\u_div_setup.$procmux$1996.
    dead port 1/2 on $mux $flatten\u_fpu.\u_div_setup.$procmux$1999.
    dead port 1/2 on $mux $flatten\u_fpu.\u_div_setup.$procmux$2005.
    dead port 1/2 on $mux $flatten\u_fpu.\u_div_setup.$procmux$2011.
    dead port 1/2 on $mux $flatten\u_fpu.\u_div_setup.$procmux$2017.
    dead port 1/2 on $mux $flatten\u_fpu.\u_div_setup.$procmux$2023.
    dead port 1/2 on $mux $flatten\u_fpu.\u_div_setup.$procmux$2029.
    dead port 2/2 on $mux $flatten\u_fpu.$procmux$5885.
    dead port 2/2 on $mux $flatten\u_fpu.$procmux$5899.
    dead port 1/2 on $mux $flatten\u_fpu.\u_adder.$procmux$2958.
    dead port 2/2 on $mux $flatten\u_fpu.$procmux$5913.
    dead port 2/2 on $mux $flatten\u_fpu.\u_float_to_int_signed.$procmux$2050.
    dead port 1/2 on $mux $flatten\u_fpu.\u_float_to_int_signed.$procmux$2053.
    dead port 1/2 on $mux $flatten\u_fpu.\u_float_to_int_signed.$procmux$2056.
    dead port 1/2 on $mux $flatten\u_fpu.\u_float_to_int_signed.$procmux$2059.
    dead port 1/2 on $mux $flatten\u_fpu.\u_float_to_int_signed.$procmux$2062.
    dead port 2/2 on $mux $flatten\u_fpu.\u_float_to_int_signed.$procmux$2068.
    dead port 1/2 on $mux $flatten\u_fpu.\u_float_to_int_signed.$procmux$2071.
    dead port 1/2 on $mux $flatten\u_fpu.\u_float_to_int_signed.$procmux$2074.
    dead port 1/2 on $mux $flatten\u_fpu.\u_float_to_int_signed.$procmux$2077.
    dead port 1/2 on $mux $flatten\u_fpu.\u_float_to_int_signed.$procmux$2080.
    dead port 1/2 on $mux $flatten\u_fpu.\u_float_to_int_signed.$procmux$2086.
    dead port 1/2 on $mux $flatten\u_fpu.\u_float_to_int_signed.$procmux$2089.
    dead port 1/2 on $mux $flatten\u_fpu.\u_float_to_int_signed.$procmux$2092.
    dead port 1/2 on $mux $flatten\u_fpu.\u_float_to_int_signed.$procmux$2095.
    dead port 1/2 on $mux $flatten\u_fpu.\u_float_to_int_signed.$procmux$2101.
    dead port 1/2 on $mux $flatten\u_fpu.\u_float_to_int_signed.$procmux$2104.
    dead port 1/2 on $mux $flatten\u_fpu.\u_float_to_int_signed.$procmux$2107.
    dead port 1/2 on $mux $flatten\u_fpu.\u_float_to_int_signed.$procmux$2110.
    dead port 1/2 on $mux $flatten\u_fpu.\u_float_to_int_signed.$procmux$2131.
    dead port 1/2 on $mux $flatten\u_fpu.\u_float_to_int_signed.$procmux$2134.
    dead port 1/2 on $mux $flatten\u_fpu.\u_float_to_int_signed.$procmux$2137.
    dead port 1/2 on $mux $flatten\u_fpu.\u_float_to_int_signed.$procmux$2143.
    dead port 1/2 on $mux $flatten\u_fpu.\u_float_to_int_signed.$procmux$2146.
    dead port 1/2 on $mux $flatten\u_fpu.\u_float_to_int_signed.$procmux$2149.
    dead port 1/2 on $mux $flatten\u_fpu.\u_float_to_int_signed.$procmux$2167.
    dead port 1/2 on $mux $flatten\u_fpu.\u_float_to_int_signed.$procmux$2170.
    dead port 1/2 on $mux $flatten\u_fpu.\u_float_to_int_signed.$procmux$2185.
    dead port 1/2 on $mux $flatten\u_fpu.\u_float_to_int_signed.$procmux$2188.
    dead port 1/2 on $mux $flatten\u_fpu.\u_float_to_int_signed.$procmux$2194.
    dead port 1/2 on $mux $flatten\u_fpu.\u_float_to_int_signed.$procmux$2218.
    dead port 1/2 on $mux $flatten\u_fpu.\u_float_to_int_signed.$procmux$2225.
    dead port 2/2 on $mux $flatten\u_fpu.\u_float_to_int_signed.$procmux$2227.
    dead port 2/2 on $mux $flatten\u_fpu.\u_float_to_int_signed.$procmux$2233.
    dead port 2/2 on $mux $flatten\u_fpu.$procmux$5929.
    dead port 2/2 on $mux $flatten\u_fpu.$procmux$5931.
    dead port 1/2 on $mux $flatten\u_fpu.\u_adder.$procmux$2961.
    dead port 1/2 on $mux $flatten\u_fpu.\u_adder.$procmux$2969.
    dead port 1/2 on $mux $flatten\u_fpu.\u_adder.$procmux$2972.
    dead port 1/2 on $mux $flatten\u_fpu.\u_adder.$procmux$2974.
    dead port 2/2 on $mux $flatten\u_fpu.\u_float_to_int_unsigned.$procmux$2050.
    dead port 1/2 on $mux $flatten\u_fpu.\u_float_to_int_unsigned.$procmux$2053.
    dead port 1/2 on $mux $flatten\u_fpu.\u_float_to_int_unsigned.$procmux$2056.
    dead port 1/2 on $mux $flatten\u_fpu.\u_float_to_int_unsigned.$procmux$2059.
    dead port 1/2 on $mux $flatten\u_fpu.\u_float_to_int_unsigned.$procmux$2062.
    dead port 2/2 on $mux $flatten\u_fpu.\u_float_to_int_unsigned.$procmux$2068.
    dead port 1/2 on $mux $flatten\u_fpu.\u_float_to_int_unsigned.$procmux$2071.
    dead port 1/2 on $mux $flatten\u_fpu.\u_float_to_int_unsigned.$procmux$2074.
    dead port 1/2 on $mux $flatten\u_fpu.\u_float_to_int_unsigned.$procmux$2077.
    dead port 1/2 on $mux $flatten\u_fpu.\u_float_to_int_unsigned.$procmux$2080.
    dead port 1/2 on $mux $flatten\u_fpu.\u_float_to_int_unsigned.$procmux$2086.
    dead port 1/2 on $mux $flatten\u_fpu.\u_float_to_int_unsigned.$procmux$2089.
    dead port 1/2 on $mux $flatten\u_fpu.\u_float_to_int_unsigned.$procmux$2092.
    dead port 1/2 on $mux $flatten\u_fpu.\u_float_to_int_unsigned.$procmux$2095.
    dead port 1/2 on $mux $flatten\u_fpu.\u_float_to_int_unsigned.$procmux$2101.
    dead port 1/2 on $mux $flatten\u_fpu.\u_float_to_int_unsigned.$procmux$2104.
    dead port 1/2 on $mux $flatten\u_fpu.\u_float_to_int_unsigned.$procmux$2107.
    dead port 1/2 on $mux $flatten\u_fpu.\u_float_to_int_unsigned.$procmux$2110.
    dead port 1/2 on $mux $flatten\u_fpu.\u_float_to_int_unsigned.$procmux$2116.
    dead port 1/2 on $mux $flatten\u_fpu.\u_float_to_int_unsigned.$procmux$2119.
    dead port 1/2 on $mux $flatten\u_fpu.\u_float_to_int_unsigned.$procmux$2122.
    dead port 1/2 on $mux $flatten\u_fpu.\u_float_to_int_unsigned.$procmux$2125.
    dead port 1/2 on $mux $flatten\u_fpu.\u_float_to_int_unsigned.$procmux$2131.
    dead port 1/2 on $mux $flatten\u_fpu.\u_float_to_int_unsigned.$procmux$2134.
    dead port 1/2 on $mux $flatten\u_fpu.\u_float_to_int_unsigned.$procmux$2137.
    dead port 1/2 on $mux $flatten\u_fpu.\u_float_to_int_unsigned.$procmux$2143.
    dead port 1/2 on $mux $flatten\u_fpu.\u_float_to_int_unsigned.$procmux$2146.
    dead port 1/2 on $mux $flatten\u_fpu.\u_float_to_int_unsigned.$procmux$2149.
    dead port 1/2 on $mux $flatten\u_fpu.\u_float_to_int_unsigned.$procmux$2167.
    dead port 1/2 on $mux $flatten\u_fpu.\u_float_to_int_unsigned.$procmux$2170.
    dead port 1/2 on $mux $flatten\u_fpu.\u_float_to_int_unsigned.$procmux$2185.
    dead port 1/2 on $mux $flatten\u_fpu.\u_float_to_int_unsigned.$procmux$2188.
    dead port 1/2 on $mux $flatten\u_fpu.\u_float_to_int_unsigned.$procmux$2194.
    dead port 1/2 on $mux $flatten\u_fpu.\u_float_to_int_unsigned.$procmux$2218.
    dead port 1/2 on $mux $flatten\u_fpu.\u_float_to_int_unsigned.$procmux$2225.
    dead port 2/2 on $mux $flatten\u_fpu.\u_float_to_int_unsigned.$procmux$2227.
    dead port 2/2 on $mux $flatten\u_fpu.\u_float_to_int_unsigned.$procmux$2233.
    dead port 2/2 on $mux $flatten\u_fpu.\u_adder.$procmux$2976.
    dead port 1/2 on $mux $flatten\u_fpu.\u_adder.$procmux$2979.
    dead port 2/2 on $mux $flatten\u_fpu.$procmux$5946.
    dead port 2/2 on $mux $flatten\u_fpu.$procmux$5961.
    dead port 1/2 on $mux $flatten\u_fpu.\u_fma_madd.\u_add.$procmux$2886.
    dead port 1/2 on $mux $flatten\u_fpu.\u_fma_madd.\u_add.$procmux$2889.
    dead port 1/2 on $mux $flatten\u_fpu.\u_fma_madd.\u_add.$procmux$2892.
    dead port 1/2 on $mux $flatten\u_fpu.\u_fma_madd.\u_add.$procmux$2895.
    dead port 1/2 on $mux $flatten\u_fpu.\u_fma_madd.\u_add.$procmux$2898.
    dead port 1/2 on $mux $flatten\u_fpu.\u_fma_madd.\u_add.$procmux$2901.
    dead port 1/2 on $mux $flatten\u_fpu.\u_fma_madd.\u_add.$procmux$2908.
    dead port 2/2 on $mux $flatten\u_fpu.\u_fma_madd.\u_add.$procmux$2910.
    dead port 1/2 on $mux $flatten\u_fpu.\u_fma_madd.\u_add.$procmux$2913.
    dead port 1/2 on $mux $flatten\u_fpu.\u_fma_madd.\u_add.$procmux$2916.
    dead port 1/2 on $mux $flatten\u_fpu.\u_fma_madd.\u_add.$procmux$2919.
    dead port 1/2 on $mux $flatten\u_fpu.\u_fma_madd.\u_add.$procmux$2922.
    dead port 1/2 on $mux $flatten\u_fpu.\u_fma_madd.\u_add.$procmux$2925.
    dead port 1/2 on $mux $flatten\u_fpu.\u_fma_madd.\u_add.$procmux$2928.
    dead port 1/2 on $mux $flatten\u_fpu.\u_fma_madd.\u_add.$procmux$2931.
    dead port 1/2 on $mux $flatten\u_fpu.\u_fma_madd.\u_add.$procmux$2938.
    dead port 2/2 on $mux $flatten\u_fpu.\u_fma_madd.\u_add.$procmux$2940.
    dead port 1/2 on $mux $flatten\u_fpu.\u_fma_madd.\u_add.$procmux$2943.
    dead port 1/2 on $mux $flatten\u_fpu.\u_fma_madd.\u_add.$procmux$2946.
    dead port 1/2 on $mux $flatten\u_fpu.\u_fma_madd.\u_add.$procmux$2949.
    dead port 1/2 on $mux $flatten\u_fpu.\u_fma_madd.\u_add.$procmux$2952.
    dead port 1/2 on $mux $flatten\u_fpu.\u_fma_madd.\u_add.$procmux$2955.
    dead port 1/2 on $mux $flatten\u_fpu.\u_fma_madd.\u_add.$procmux$2958.
    dead port 1/2 on $mux $flatten\u_fpu.\u_fma_madd.\u_add.$procmux$2961.
    dead port 1/2 on $mux $flatten\u_fpu.\u_fma_madd.\u_add.$procmux$2969.
    dead port 1/2 on $mux $flatten\u_fpu.\u_fma_madd.\u_add.$procmux$2972.
    dead port 1/2 on $mux $flatten\u_fpu.\u_fma_madd.\u_add.$procmux$2974.
    dead port 2/2 on $mux $flatten\u_fpu.\u_fma_madd.\u_add.$procmux$2976.
    dead port 1/2 on $mux $flatten\u_fpu.\u_fma_madd.\u_add.$procmux$2979.
    dead port 1/2 on $mux $flatten\u_fpu.\u_fma_madd.\u_add.$procmux$2982.
    dead port 1/2 on $mux $flatten\u_fpu.\u_fma_madd.\u_add.$procmux$2985.
    dead port 1/2 on $mux $flatten\u_fpu.\u_fma_madd.\u_add.$procmux$2988.
    dead port 1/2 on $mux $flatten\u_fpu.\u_fma_madd.\u_add.$procmux$2991.
    dead port 1/2 on $mux $flatten\u_fpu.\u_fma_madd.\u_add.$procmux$2994.
    dead port 1/2 on $mux $flatten\u_fpu.\u_fma_madd.\u_add.$procmux$2997.
    dead port 2/2 on $mux $flatten\u_fpu.\u_fma_madd.\u_add.$procmux$3257.
    dead port 1/2 on $mux $flatten\u_fpu.\u_fma_madd.\u_add.$procmux$3260.
    dead port 1/2 on $mux $flatten\u_fpu.\u_fma_madd.\u_add.$procmux$3262.
    dead port 2/2 on $mux $flatten\u_fpu.\u_fma_madd.\u_add.$procmux$3264.
    dead port 1/2 on $mux $flatten\u_fpu.\u_fma_madd.\u_add.$procmux$3267.
    dead port 1/2 on $mux $flatten\u_fpu.\u_fma_madd.\u_add.$procmux$3270.
    dead port 1/2 on $mux $flatten\u_fpu.\u_fma_madd.\u_add.$procmux$3273.
    dead port 1/2 on $mux $flatten\u_fpu.\u_fma_madd.\u_add.$procmux$3276.
    dead port 1/2 on $mux $flatten\u_fpu.\u_fma_madd.\u_add.$procmux$3279.
    dead port 1/2 on $mux $flatten\u_fpu.\u_fma_madd.\u_add.$procmux$3282.
    dead port 1/2 on $mux $flatten\u_fpu.\u_fma_madd.\u_add.$procmux$3285.
    dead port 1/2 on $mux $flatten\u_fpu.\u_fma_madd.\u_add.$procmux$3578.
    dead port 1/2 on $mux $flatten\u_fpu.\u_fma_madd.\u_add.$procmux$3580.
    dead port 2/2 on $mux $flatten\u_fpu.\u_fma_madd.\u_add.$procmux$3582.
    dead port 1/2 on $mux $flatten\u_fpu.\u_fma_madd.\u_add.$procmux$3585.
    dead port 1/2 on $mux $flatten\u_fpu.\u_fma_madd.\u_add.$procmux$3588.
    dead port 1/2 on $mux $flatten\u_fpu.\u_fma_madd.\u_add.$procmux$3591.
    dead port 1/2 on $mux $flatten\u_fpu.\u_fma_madd.\u_add.$procmux$3594.
    dead port 1/2 on $mux $flatten\u_fpu.\u_fma_madd.\u_add.$procmux$3597.
    dead port 1/2 on $mux $flatten\u_fpu.\u_fma_madd.\u_add.$procmux$3600.
    dead port 1/2 on $mux $flatten\u_fpu.\u_fma_madd.\u_add.$procmux$3603.
    dead port 2/2 on $mux $flatten\u_fpu.\u_fma_madd.\u_add.$procmux$3644.
    dead port 1/2 on $mux $flatten\u_fpu.\u_fma_madd.\u_add.$procmux$3646.
    dead port 2/2 on $mux $flatten\u_fpu.\u_fma_madd.\u_add.$procmux$3648.
    dead port 1/2 on $mux $flatten\u_fpu.\u_fma_madd.\u_add.$procmux$3651.
    dead port 1/2 on $mux $flatten\u_fpu.\u_fma_madd.\u_add.$procmux$3654.
    dead port 1/2 on $mux $flatten\u_fpu.\u_fma_madd.\u_add.$procmux$3657.
    dead port 1/2 on $mux $flatten\u_fpu.\u_fma_madd.\u_add.$procmux$3660.
    dead port 1/2 on $mux $flatten\u_fpu.\u_fma_madd.\u_add.$procmux$3663.
    dead port 1/2 on $mux $flatten\u_fpu.\u_fma_madd.\u_add.$procmux$3666.
    dead port 1/2 on $mux $flatten\u_fpu.\u_fma_madd.\u_add.$procmux$3669.
    dead port 2/2 on $mux $flatten\u_fpu.\u_fma_madd.\u_add.$procmux$3993.
    dead port 1/2 on $mux $flatten\u_fpu.\u_fma_madd.\u_add.$procmux$3996.
    dead port 1/2 on $mux $flatten\u_fpu.\u_fma_madd.\u_add.$procmux$3999.
    dead port 1/2 on $mux $flatten\u_fpu.\u_fma_madd.\u_add.$procmux$4002.
    dead port 1/2 on $mux $flatten\u_fpu.\u_fma_madd.\u_add.$procmux$4005.
    dead port 1/2 on $mux $flatten\u_fpu.\u_fma_madd.\u_add.$procmux$4008.
    dead port 1/2 on $mux $flatten\u_fpu.\u_fma_madd.\u_add.$procmux$4011.
    dead port 1/2 on $mux $flatten\u_fpu.\u_fma_madd.\u_add.$procmux$4014.
    dead port 2/2 on $mux $flatten\u_fpu.\u_fma_madd.\u_add.$procmux$4020.
    dead port 1/2 on $mux $flatten\u_fpu.\u_fma_madd.\u_add.$procmux$4023.
    dead port 1/2 on $mux $flatten\u_fpu.\u_fma_madd.\u_add.$procmux$4026.
    dead port 1/2 on $mux $flatten\u_fpu.\u_fma_madd.\u_add.$procmux$4029.
    dead port 1/2 on $mux $flatten\u_fpu.\u_fma_madd.\u_add.$procmux$4032.
    dead port 1/2 on $mux $flatten\u_fpu.\u_fma_madd.\u_add.$procmux$4035.
    dead port 1/2 on $mux $flatten\u_fpu.\u_fma_madd.\u_add.$procmux$4038.
    dead port 1/2 on $mux $flatten\u_fpu.\u_fma_madd.\u_add.$procmux$4041.
    dead port 1/2 on $mux $flatten\u_fpu.\u_fma_madd.\u_add.$procmux$4251.
    dead port 1/2 on $mux $flatten\u_fpu.\u_fma_madd.\u_add.$procmux$4254.
    dead port 1/2 on $mux $flatten\u_fpu.\u_fma_madd.\u_add.$procmux$4257.
    dead port 1/2 on $mux $flatten\u_fpu.\u_fma_madd.\u_add.$procmux$4260.
    dead port 1/2 on $mux $flatten\u_fpu.\u_fma_madd.\u_add.$procmux$4263.
    dead port 1/2 on $mux $flatten\u_fpu.\u_fma_madd.\u_add.$procmux$4266.
    dead port 1/2 on $mux $flatten\u_fpu.\u_fma_madd.\u_add.$procmux$4269.
    dead port 1/2 on $mux $flatten\u_fpu.\u_fma_madd.\u_add.$procmux$4275.
    dead port 1/2 on $mux $flatten\u_fpu.\u_fma_madd.\u_add.$procmux$4278.
    dead port 1/2 on $mux $flatten\u_fpu.\u_fma_madd.\u_add.$procmux$4281.
    dead port 1/2 on $mux $flatten\u_fpu.\u_fma_madd.\u_add.$procmux$4284.
    dead port 1/2 on $mux $flatten\u_fpu.\u_fma_madd.\u_add.$procmux$4287.
    dead port 1/2 on $mux $flatten\u_fpu.\u_fma_madd.\u_add.$procmux$4290.
    dead port 1/2 on $mux $flatten\u_fpu.\u_fma_madd.\u_add.$procmux$4293.
    dead port 1/2 on $mux $flatten\u_fpu.\u_fma_madd.\u_add.$procmux$4299.
    dead port 1/2 on $mux $flatten\u_fpu.\u_fma_madd.\u_add.$procmux$4302.
    dead port 1/2 on $mux $flatten\u_fpu.\u_fma_madd.\u_add.$procmux$4305.
    dead port 1/2 on $mux $flatten\u_fpu.\u_fma_madd.\u_add.$procmux$4308.
    dead port 1/2 on $mux $flatten\u_fpu.\u_fma_madd.\u_add.$procmux$4311.
    dead port 1/2 on $mux $flatten\u_fpu.\u_fma_madd.\u_add.$procmux$4314.
    dead port 1/2 on $mux $flatten\u_fpu.\u_fma_madd.\u_add.$procmux$4317.
    dead port 2/2 on $mux $flatten\u_fpu.\u_fma_madd.\u_add.$procmux$4347.
    dead port 1/2 on $mux $flatten\u_fpu.\u_fma_madd.\u_add.$procmux$4350.
    dead port 1/2 on $mux $flatten\u_fpu.\u_fma_madd.\u_add.$procmux$4353.
    dead port 1/2 on $mux $flatten\u_fpu.\u_fma_madd.\u_add.$procmux$4356.
    dead port 1/2 on $mux $flatten\u_fpu.\u_fma_madd.\u_add.$procmux$4359.
    dead port 1/2 on $mux $flatten\u_fpu.\u_fma_madd.\u_add.$procmux$4362.
    dead port 1/2 on $mux $flatten\u_fpu.\u_fma_madd.\u_add.$procmux$4365.
    dead port 2/2 on $mux $flatten\u_fpu.\u_fma_madd.\u_add.$procmux$4371.
    dead port 1/2 on $mux $flatten\u_fpu.\u_fma_madd.\u_add.$procmux$4374.
    dead port 1/2 on $mux $flatten\u_fpu.\u_fma_madd.\u_add.$procmux$4377.
    dead port 1/2 on $mux $flatten\u_fpu.\u_fma_madd.\u_add.$procmux$4380.
    dead port 1/2 on $mux $flatten\u_fpu.\u_fma_madd.\u_add.$procmux$4383.
    dead port 1/2 on $mux $flatten\u_fpu.\u_fma_madd.\u_add.$procmux$4386.
    dead port 1/2 on $mux $flatten\u_fpu.\u_fma_madd.\u_add.$procmux$4389.
    dead port 1/2 on $mux $flatten\u_fpu.\u_fma_madd.\u_add.$procmux$4416.
    dead port 1/2 on $mux $flatten\u_fpu.\u_fma_madd.\u_add.$procmux$4419.
    dead port 1/2 on $mux $flatten\u_fpu.\u_fma_madd.\u_add.$procmux$4422.
    dead port 1/2 on $mux $flatten\u_fpu.\u_fma_madd.\u_add.$procmux$4425.
    dead port 1/2 on $mux $flatten\u_fpu.\u_fma_madd.\u_add.$procmux$4428.
    dead port 1/2 on $mux $flatten\u_fpu.\u_fma_madd.\u_add.$procmux$4431.
    dead port 1/2 on $mux $flatten\u_fpu.\u_fma_madd.\u_add.$procmux$4437.
    dead port 1/2 on $mux $flatten\u_fpu.\u_fma_madd.\u_add.$procmux$4440.
    dead port 1/2 on $mux $flatten\u_fpu.\u_fma_madd.\u_add.$procmux$4443.
    dead port 1/2 on $mux $flatten\u_fpu.\u_fma_madd.\u_add.$procmux$4446.
    dead port 1/2 on $mux $flatten\u_fpu.\u_fma_madd.\u_add.$procmux$4449.
    dead port 1/2 on $mux $flatten\u_fpu.\u_fma_madd.\u_add.$procmux$4452.
    dead port 1/2 on $mux $flatten\u_fpu.\u_fma_madd.\u_add.$procmux$4542.
    dead port 1/2 on $mux $flatten\u_fpu.\u_fma_madd.\u_add.$procmux$4545.
    dead port 1/2 on $mux $flatten\u_fpu.\u_fma_madd.\u_add.$procmux$4548.
    dead port 1/2 on $mux $flatten\u_fpu.\u_fma_madd.\u_add.$procmux$4551.
    dead port 1/2 on $mux $flatten\u_fpu.\u_fma_madd.\u_add.$procmux$4554.
    dead port 1/2 on $mux $flatten\u_fpu.\u_fma_madd.\u_add.$procmux$4557.
    dead port 1/2 on $mux $flatten\u_fpu.\u_fma_madd.\u_add.$procmux$4560.
    dead port 2/2 on $mux $flatten\u_fpu.\u_fma_madd.\u_add.$procmux$4566.
    dead port 1/2 on $mux $flatten\u_fpu.\u_fma_madd.\u_add.$procmux$4569.
    dead port 1/2 on $mux $flatten\u_fpu.\u_fma_madd.\u_add.$procmux$4572.
    dead port 1/2 on $mux $flatten\u_fpu.\u_fma_madd.\u_add.$procmux$4575.
    dead port 1/2 on $mux $flatten\u_fpu.\u_fma_madd.\u_add.$procmux$4578.
    dead port 1/2 on $mux $flatten\u_fpu.\u_fma_madd.\u_add.$procmux$4581.
    dead port 1/2 on $mux $flatten\u_fpu.\u_fma_madd.\u_add.$procmux$4584.
    dead port 1/2 on $mux $flatten\u_fpu.\u_fma_madd.\u_add.$procmux$4674.
    dead port 1/2 on $mux $flatten\u_fpu.\u_fma_madd.\u_add.$procmux$4677.
    dead port 1/2 on $mux $flatten\u_fpu.\u_fma_madd.\u_add.$procmux$4680.
    dead port 1/2 on $mux $flatten\u_fpu.\u_fma_madd.\u_add.$procmux$4683.
    dead port 1/2 on $mux $flatten\u_fpu.\u_fma_madd.\u_add.$procmux$4686.
    dead port 1/2 on $mux $flatten\u_fpu.\u_fma_madd.\u_add.$procmux$4944.
    dead port 1/2 on $mux $flatten\u_fpu.\u_fma_madd.\u_add.$procmux$4947.
    dead port 1/2 on $mux $flatten\u_fpu.\u_fma_madd.\u_add.$procmux$4950.
    dead port 1/2 on $mux $flatten\u_fpu.\u_fma_madd.\u_add.$procmux$4953.
    dead port 1/2 on $mux $flatten\u_fpu.\u_fma_madd.\u_add.$procmux$5169.
    dead port 1/2 on $mux $flatten\u_fpu.\u_fma_madd.\u_add.$procmux$5172.
    dead port 1/2 on $mux $flatten\u_fpu.\u_fma_madd.\u_add.$procmux$5175.
    dead port 1/2 on $mux $flatten\u_fpu.\u_fma_madd.\u_add.$procmux$5349.
    dead port 1/2 on $mux $flatten\u_fpu.\u_fma_madd.\u_add.$procmux$5352.
    dead port 2/2 on $mux $flatten\u_fpu.\u_fma_madd.\u_add.$procmux$5484.
    dead port 1/2 on $mux $flatten\u_fpu.\u_fma_madd.\u_add.$procmux$5487.
    dead port 1/2 on $mux $flatten\u_fpu.\u_fma_madd.\u_add.$procmux$5493.
    dead port 1/2 on $mux $flatten\u_fpu.$procmux$5974.
    dead port 1/2 on $mux $flatten\u_fpu.$procmux$5977.
    dead port 1/2 on $mux $flatten\u_fpu.$procmux$5980.
    dead port 2/2 on $mux $flatten\u_fpu.$procmux$5982.
    dead port 2/2 on $mux $flatten\u_fpu.$procmux$5995.
    dead port 1/2 on $mux $flatten\u_fpu.\u_adder.$procmux$2982.
    dead port 1/2 on $mux $flatten\u_fpu.\u_adder.$procmux$2985.
    dead port 1/2 on $mux $flatten\u_fpu.\u_adder.$procmux$2988.
    dead port 2/2 on $mux $flatten\u_fpu.$procmux$6021.
    dead port 1/2 on $mux $flatten\u_fpu.\u_fma_madd.\u_mul.$procmux$2589.
    dead port 1/2 on $mux $flatten\u_fpu.\u_fma_madd.\u_mul.$procmux$2592.
    dead port 1/2 on $mux $flatten\u_fpu.\u_fma_madd.\u_mul.$procmux$2595.
    dead port 1/2 on $mux $flatten\u_fpu.\u_fma_madd.\u_mul.$procmux$2598.
    dead port 1/2 on $mux $flatten\u_fpu.\u_fma_madd.\u_mul.$procmux$2601.
    dead port 1/2 on $mux $flatten\u_fpu.\u_fma_madd.\u_mul.$procmux$2625.
    dead port 1/2 on $mux $flatten\u_fpu.\u_fma_madd.\u_mul.$procmux$2628.
    dead port 1/2 on $mux $flatten\u_fpu.\u_fma_madd.\u_mul.$procmux$2631.
    dead port 1/2 on $mux $flatten\u_fpu.\u_fma_madd.\u_mul.$procmux$2634.
    dead port 1/2 on $mux $flatten\u_fpu.\u_fma_madd.\u_mul.$procmux$2670.
    dead port 1/2 on $mux $flatten\u_fpu.\u_fma_madd.\u_mul.$procmux$2673.
    dead port 1/2 on $mux $flatten\u_fpu.\u_fma_madd.\u_mul.$procmux$2676.
    dead port 1/2 on $mux $flatten\u_fpu.\u_fma_madd.\u_mul.$procmux$2679.
    dead port 1/2 on $mux $flatten\u_fpu.\u_fma_madd.\u_mul.$procmux$2685.
    dead port 1/2 on $mux $flatten\u_fpu.\u_fma_madd.\u_mul.$procmux$2688.
    dead port 1/2 on $mux $flatten\u_fpu.\u_fma_madd.\u_mul.$procmux$2691.
    dead port 2/2 on $mux $flatten\u_fpu.\u_fma_madd.\u_mul.$procmux$2757.
    dead port 1/2 on $mux $flatten\u_fpu.\u_fma_madd.\u_mul.$procmux$2760.
    dead port 1/2 on $mux $flatten\u_fpu.\u_fma_madd.\u_mul.$procmux$2763.
    dead port 1/2 on $mux $flatten\u_fpu.\u_fma_madd.\u_mul.$procmux$2769.
    dead port 1/2 on $mux $flatten\u_fpu.\u_fma_madd.\u_mul.$procmux$2772.
    dead port 2/2 on $mux $flatten\u_fpu.\u_fma_madd.\u_mul.$procmux$2823.
    dead port 1/2 on $mux $flatten\u_fpu.\u_fma_madd.\u_mul.$procmux$2826.
    dead port 1/2 on $mux $flatten\u_fpu.\u_fma_madd.\u_mul.$procmux$2832.
    dead port 2/2 on $mux $flatten\u_fpu.$procmux$6047.
    dead port 1/2 on $mux $flatten\u_fpu.\u_adder.$procmux$2991.
    dead port 1/2 on $mux $flatten\u_fpu.\u_fma_msub.\u_add.$procmux$2886.
    dead port 1/2 on $mux $flatten\u_fpu.\u_fma_msub.\u_add.$procmux$2889.
    dead port 1/2 on $mux $flatten\u_fpu.\u_fma_msub.\u_add.$procmux$2892.
    dead port 1/2 on $mux $flatten\u_fpu.\u_fma_msub.\u_add.$procmux$2895.
    dead port 1/2 on $mux $flatten\u_fpu.\u_fma_msub.\u_add.$procmux$2898.
    dead port 1/2 on $mux $flatten\u_fpu.\u_fma_msub.\u_add.$procmux$2901.
    dead port 1/2 on $mux $flatten\u_fpu.\u_fma_msub.\u_add.$procmux$2908.
    dead port 2/2 on $mux $flatten\u_fpu.\u_fma_msub.\u_add.$procmux$2910.
    dead port 1/2 on $mux $flatten\u_fpu.\u_fma_msub.\u_add.$procmux$2913.
    dead port 1/2 on $mux $flatten\u_fpu.\u_fma_msub.\u_add.$procmux$2916.
    dead port 1/2 on $mux $flatten\u_fpu.\u_fma_msub.\u_add.$procmux$2919.
    dead port 1/2 on $mux $flatten\u_fpu.\u_fma_msub.\u_add.$procmux$2922.
    dead port 1/2 on $mux $flatten\u_fpu.\u_fma_msub.\u_add.$procmux$2925.
    dead port 1/2 on $mux $flatten\u_fpu.\u_fma_msub.\u_add.$procmux$2928.
    dead port 1/2 on $mux $flatten\u_fpu.\u_fma_msub.\u_add.$procmux$2931.
    dead port 1/2 on $mux $flatten\u_fpu.\u_fma_msub.\u_add.$procmux$2938.
    dead port 2/2 on $mux $flatten\u_fpu.\u_fma_msub.\u_add.$procmux$2940.
    dead port 1/2 on $mux $flatten\u_fpu.\u_fma_msub.\u_add.$procmux$2943.
    dead port 1/2 on $mux $flatten\u_fpu.\u_fma_msub.\u_add.$procmux$2946.
    dead port 1/2 on $mux $flatten\u_fpu.\u_fma_msub.\u_add.$procmux$2949.
    dead port 1/2 on $mux $flatten\u_fpu.\u_fma_msub.\u_add.$procmux$2952.
    dead port 1/2 on $mux $flatten\u_fpu.\u_fma_msub.\u_add.$procmux$2955.
    dead port 1/2 on $mux $flatten\u_fpu.\u_fma_msub.\u_add.$procmux$2958.
    dead port 1/2 on $mux $flatten\u_fpu.\u_fma_msub.\u_add.$procmux$2961.
    dead port 1/2 on $mux $flatten\u_fpu.\u_fma_msub.\u_add.$procmux$2969.
    dead port 1/2 on $mux $flatten\u_fpu.\u_fma_msub.\u_add.$procmux$2972.
    dead port 1/2 on $mux $flatten\u_fpu.\u_fma_msub.\u_add.$procmux$2974.
    dead port 2/2 on $mux $flatten\u_fpu.\u_fma_msub.\u_add.$procmux$2976.
    dead port 1/2 on $mux $flatten\u_fpu.\u_fma_msub.\u_add.$procmux$2979.
    dead port 1/2 on $mux $flatten\u_fpu.\u_fma_msub.\u_add.$procmux$2982.
    dead port 1/2 on $mux $flatten\u_fpu.\u_fma_msub.\u_add.$procmux$2985.
    dead port 1/2 on $mux $flatten\u_fpu.\u_fma_msub.\u_add.$procmux$2988.
    dead port 1/2 on $mux $flatten\u_fpu.\u_fma_msub.\u_add.$procmux$2991.
    dead port 1/2 on $mux $flatten\u_fpu.\u_fma_msub.\u_add.$procmux$2994.
    dead port 1/2 on $mux $flatten\u_fpu.\u_fma_msub.\u_add.$procmux$2997.
    dead port 2/2 on $mux $flatten\u_fpu.\u_fma_msub.\u_add.$procmux$3257.
    dead port 1/2 on $mux $flatten\u_fpu.\u_fma_msub.\u_add.$procmux$3260.
    dead port 1/2 on $mux $flatten\u_fpu.\u_fma_msub.\u_add.$procmux$3262.
    dead port 2/2 on $mux $flatten\u_fpu.\u_fma_msub.\u_add.$procmux$3264.
    dead port 1/2 on $mux $flatten\u_fpu.\u_fma_msub.\u_add.$procmux$3267.
    dead port 1/2 on $mux $flatten\u_fpu.\u_fma_msub.\u_add.$procmux$3270.
    dead port 1/2 on $mux $flatten\u_fpu.\u_fma_msub.\u_add.$procmux$3273.
    dead port 1/2 on $mux $flatten\u_fpu.\u_fma_msub.\u_add.$procmux$3276.
    dead port 1/2 on $mux $flatten\u_fpu.\u_fma_msub.\u_add.$procmux$3279.
    dead port 1/2 on $mux $flatten\u_fpu.\u_fma_msub.\u_add.$procmux$3282.
    dead port 1/2 on $mux $flatten\u_fpu.\u_fma_msub.\u_add.$procmux$3285.
    dead port 1/2 on $mux $flatten\u_fpu.\u_fma_msub.\u_add.$procmux$3578.
    dead port 1/2 on $mux $flatten\u_fpu.\u_fma_msub.\u_add.$procmux$3580.
    dead port 2/2 on $mux $flatten\u_fpu.\u_fma_msub.\u_add.$procmux$3582.
    dead port 1/2 on $mux $flatten\u_fpu.\u_fma_msub.\u_add.$procmux$3585.
    dead port 1/2 on $mux $flatten\u_fpu.\u_fma_msub.\u_add.$procmux$3588.
    dead port 1/2 on $mux $flatten\u_fpu.\u_fma_msub.\u_add.$procmux$3591.
    dead port 1/2 on $mux $flatten\u_fpu.\u_fma_msub.\u_add.$procmux$3594.
    dead port 1/2 on $mux $flatten\u_fpu.\u_fma_msub.\u_add.$procmux$3597.
    dead port 1/2 on $mux $flatten\u_fpu.\u_fma_msub.\u_add.$procmux$3600.
    dead port 1/2 on $mux $flatten\u_fpu.\u_fma_msub.\u_add.$procmux$3603.
    dead port 2/2 on $mux $flatten\u_fpu.\u_fma_msub.\u_add.$procmux$3644.
    dead port 1/2 on $mux $flatten\u_fpu.\u_fma_msub.\u_add.$procmux$3646.
    dead port 2/2 on $mux $flatten\u_fpu.\u_fma_msub.\u_add.$procmux$3648.
    dead port 1/2 on $mux $flatten\u_fpu.\u_fma_msub.\u_add.$procmux$3651.
    dead port 1/2 on $mux $flatten\u_fpu.\u_fma_msub.\u_add.$procmux$3654.
    dead port 1/2 on $mux $flatten\u_fpu.\u_fma_msub.\u_add.$procmux$3657.
    dead port 1/2 on $mux $flatten\u_fpu.\u_fma_msub.\u_add.$procmux$3660.
    dead port 1/2 on $mux $flatten\u_fpu.\u_fma_msub.\u_add.$procmux$3663.
    dead port 1/2 on $mux $flatten\u_fpu.\u_fma_msub.\u_add.$procmux$3666.
    dead port 1/2 on $mux $flatten\u_fpu.\u_fma_msub.\u_add.$procmux$3669.
    dead port 2/2 on $mux $flatten\u_fpu.\u_fma_msub.\u_add.$procmux$3993.
    dead port 1/2 on $mux $flatten\u_fpu.\u_fma_msub.\u_add.$procmux$3996.
    dead port 1/2 on $mux $flatten\u_fpu.\u_fma_msub.\u_add.$procmux$3999.
    dead port 1/2 on $mux $flatten\u_fpu.\u_fma_msub.\u_add.$procmux$4002.
    dead port 1/2 on $mux $flatten\u_fpu.\u_fma_msub.\u_add.$procmux$4005.
    dead port 1/2 on $mux $flatten\u_fpu.\u_fma_msub.\u_add.$procmux$4008.
    dead port 1/2 on $mux $flatten\u_fpu.\u_fma_msub.\u_add.$procmux$4011.
    dead port 1/2 on $mux $flatten\u_fpu.\u_fma_msub.\u_add.$procmux$4014.
    dead port 2/2 on $mux $flatten\u_fpu.\u_fma_msub.\u_add.$procmux$4020.
    dead port 1/2 on $mux $flatten\u_fpu.\u_fma_msub.\u_add.$procmux$4023.
    dead port 1/2 on $mux $flatten\u_fpu.\u_fma_msub.\u_add.$procmux$4026.
    dead port 1/2 on $mux $flatten\u_fpu.\u_fma_msub.\u_add.$procmux$4029.
    dead port 1/2 on $mux $flatten\u_fpu.\u_fma_msub.\u_add.$procmux$4032.
    dead port 1/2 on $mux $flatten\u_fpu.\u_fma_msub.\u_add.$procmux$4035.
    dead port 1/2 on $mux $flatten\u_fpu.\u_fma_msub.\u_add.$procmux$4038.
    dead port 1/2 on $mux $flatten\u_fpu.\u_fma_msub.\u_add.$procmux$4041.
    dead port 1/2 on $mux $flatten\u_fpu.\u_fma_msub.\u_add.$procmux$4251.
    dead port 1/2 on $mux $flatten\u_fpu.\u_fma_msub.\u_add.$procmux$4254.
    dead port 1/2 on $mux $flatten\u_fpu.\u_fma_msub.\u_add.$procmux$4257.
    dead port 1/2 on $mux $flatten\u_fpu.\u_fma_msub.\u_add.$procmux$4260.
    dead port 1/2 on $mux $flatten\u_fpu.\u_fma_msub.\u_add.$procmux$4263.
    dead port 1/2 on $mux $flatten\u_fpu.\u_fma_msub.\u_add.$procmux$4266.
    dead port 1/2 on $mux $flatten\u_fpu.\u_fma_msub.\u_add.$procmux$4269.
    dead port 1/2 on $mux $flatten\u_fpu.\u_fma_msub.\u_add.$procmux$4275.
    dead port 1/2 on $mux $flatten\u_fpu.\u_fma_msub.\u_add.$procmux$4278.
    dead port 1/2 on $mux $flatten\u_fpu.\u_fma_msub.\u_add.$procmux$4281.
    dead port 1/2 on $mux $flatten\u_fpu.\u_fma_msub.\u_add.$procmux$4284.
    dead port 1/2 on $mux $flatten\u_fpu.\u_fma_msub.\u_add.$procmux$4287.
    dead port 1/2 on $mux $flatten\u_fpu.\u_fma_msub.\u_add.$procmux$4290.
    dead port 1/2 on $mux $flatten\u_fpu.\u_fma_msub.\u_add.$procmux$4293.
    dead port 1/2 on $mux $flatten\u_fpu.\u_fma_msub.\u_add.$procmux$4299.
    dead port 1/2 on $mux $flatten\u_fpu.\u_fma_msub.\u_add.$procmux$4302.
    dead port 1/2 on $mux $flatten\u_fpu.\u_fma_msub.\u_add.$procmux$4305.
    dead port 1/2 on $mux $flatten\u_fpu.\u_fma_msub.\u_add.$procmux$4308.
    dead port 1/2 on $mux $flatten\u_fpu.\u_fma_msub.\u_add.$procmux$4311.
    dead port 1/2 on $mux $flatten\u_fpu.\u_fma_msub.\u_add.$procmux$4314.
    dead port 1/2 on $mux $flatten\u_fpu.\u_fma_msub.\u_add.$procmux$4317.
    dead port 2/2 on $mux $flatten\u_fpu.\u_fma_msub.\u_add.$procmux$4347.
    dead port 1/2 on $mux $flatten\u_fpu.\u_fma_msub.\u_add.$procmux$4350.
    dead port 1/2 on $mux $flatten\u_fpu.\u_fma_msub.\u_add.$procmux$4353.
    dead port 1/2 on $mux $flatten\u_fpu.\u_fma_msub.\u_add.$procmux$4356.
    dead port 1/2 on $mux $flatten\u_fpu.\u_fma_msub.\u_add.$procmux$4359.
    dead port 1/2 on $mux $flatten\u_fpu.\u_fma_msub.\u_add.$procmux$4362.
    dead port 1/2 on $mux $flatten\u_fpu.\u_fma_msub.\u_add.$procmux$4365.
    dead port 2/2 on $mux $flatten\u_fpu.\u_fma_msub.\u_add.$procmux$4371.
    dead port 1/2 on $mux $flatten\u_fpu.\u_fma_msub.\u_add.$procmux$4374.
    dead port 1/2 on $mux $flatten\u_fpu.\u_fma_msub.\u_add.$procmux$4377.
    dead port 1/2 on $mux $flatten\u_fpu.\u_fma_msub.\u_add.$procmux$4380.
    dead port 1/2 on $mux $flatten\u_fpu.\u_fma_msub.\u_add.$procmux$4383.
    dead port 1/2 on $mux $flatten\u_fpu.\u_fma_msub.\u_add.$procmux$4386.
    dead port 1/2 on $mux $flatten\u_fpu.\u_fma_msub.\u_add.$procmux$4389.
    dead port 1/2 on $mux $flatten\u_fpu.\u_fma_msub.\u_add.$procmux$4416.
    dead port 1/2 on $mux $flatten\u_fpu.\u_fma_msub.\u_add.$procmux$4419.
    dead port 1/2 on $mux $flatten\u_fpu.\u_fma_msub.\u_add.$procmux$4422.
    dead port 1/2 on $mux $flatten\u_fpu.\u_fma_msub.\u_add.$procmux$4425.
    dead port 1/2 on $mux $flatten\u_fpu.\u_fma_msub.\u_add.$procmux$4428.
    dead port 1/2 on $mux $flatten\u_fpu.\u_fma_msub.\u_add.$procmux$4431.
    dead port 1/2 on $mux $flatten\u_fpu.\u_fma_msub.\u_add.$procmux$4437.
    dead port 1/2 on $mux $flatten\u_fpu.\u_fma_msub.\u_add.$procmux$4440.
    dead port 1/2 on $mux $flatten\u_fpu.\u_fma_msub.\u_add.$procmux$4443.
    dead port 1/2 on $mux $flatten\u_fpu.\u_fma_msub.\u_add.$procmux$4446.
    dead port 1/2 on $mux $flatten\u_fpu.\u_fma_msub.\u_add.$procmux$4449.
    dead port 1/2 on $mux $flatten\u_fpu.\u_fma_msub.\u_add.$procmux$4452.
    dead port 1/2 on $mux $flatten\u_fpu.\u_fma_msub.\u_add.$procmux$4542.
    dead port 1/2 on $mux $flatten\u_fpu.\u_fma_msub.\u_add.$procmux$4545.
    dead port 1/2 on $mux $flatten\u_fpu.\u_fma_msub.\u_add.$procmux$4548.
    dead port 1/2 on $mux $flatten\u_fpu.\u_fma_msub.\u_add.$procmux$4551.
    dead port 1/2 on $mux $flatten\u_fpu.\u_fma_msub.\u_add.$procmux$4554.
    dead port 1/2 on $mux $flatten\u_fpu.\u_fma_msub.\u_add.$procmux$4557.
    dead port 1/2 on $mux $flatten\u_fpu.\u_fma_msub.\u_add.$procmux$4560.
    dead port 2/2 on $mux $flatten\u_fpu.\u_fma_msub.\u_add.$procmux$4566.
    dead port 1/2 on $mux $flatten\u_fpu.\u_fma_msub.\u_add.$procmux$4569.
    dead port 1/2 on $mux $flatten\u_fpu.\u_fma_msub.\u_add.$procmux$4572.
    dead port 1/2 on $mux $flatten\u_fpu.\u_fma_msub.\u_add.$procmux$4575.
    dead port 1/2 on $mux $flatten\u_fpu.\u_fma_msub.\u_add.$procmux$4578.
    dead port 1/2 on $mux $flatten\u_fpu.\u_fma_msub.\u_add.$procmux$4581.
    dead port 1/2 on $mux $flatten\u_fpu.\u_fma_msub.\u_add.$procmux$4584.
    dead port 1/2 on $mux $flatten\u_fpu.\u_fma_msub.\u_add.$procmux$4674.
    dead port 1/2 on $mux $flatten\u_fpu.\u_fma_msub.\u_add.$procmux$4677.
    dead port 1/2 on $mux $flatten\u_fpu.\u_fma_msub.\u_add.$procmux$4680.
    dead port 1/2 on $mux $flatten\u_fpu.\u_fma_msub.\u_add.$procmux$4683.
    dead port 1/2 on $mux $flatten\u_fpu.\u_fma_msub.\u_add.$procmux$4686.
    dead port 1/2 on $mux $flatten\u_fpu.\u_fma_msub.\u_add.$procmux$4944.
    dead port 1/2 on $mux $flatten\u_fpu.\u_fma_msub.\u_add.$procmux$4947.
    dead port 1/2 on $mux $flatten\u_fpu.\u_fma_msub.\u_add.$procmux$4950.
    dead port 1/2 on $mux $flatten\u_fpu.\u_fma_msub.\u_add.$procmux$4953.
    dead port 1/2 on $mux $flatten\u_fpu.\u_fma_msub.\u_add.$procmux$5169.
    dead port 1/2 on $mux $flatten\u_fpu.\u_fma_msub.\u_add.$procmux$5172.
    dead port 1/2 on $mux $flatten\u_fpu.\u_fma_msub.\u_add.$procmux$5175.
    dead port 1/2 on $mux $flatten\u_fpu.\u_fma_msub.\u_add.$procmux$5349.
    dead port 1/2 on $mux $flatten\u_fpu.\u_fma_msub.\u_add.$procmux$5352.
    dead port 2/2 on $mux $flatten\u_fpu.\u_fma_msub.\u_add.$procmux$5484.
    dead port 1/2 on $mux $flatten\u_fpu.\u_fma_msub.\u_add.$procmux$5487.
    dead port 1/2 on $mux $flatten\u_fpu.\u_fma_msub.\u_add.$procmux$5493.
    dead port 1/2 on $mux $flatten\u_fpu.\u_adder.$procmux$2994.
    dead port 2/2 on $mux $flatten\u_fpu.$procmux$5675.
    dead port 1/2 on $mux $flatten\u_fpu.\u_adder.$procmux$2997.
    dead port 1/2 on $mux $flatten\u_fpu.\u_fma_msub.\u_mul.$procmux$2589.
    dead port 1/2 on $mux $flatten\u_fpu.\u_fma_msub.\u_mul.$procmux$2592.
    dead port 1/2 on $mux $flatten\u_fpu.\u_fma_msub.\u_mul.$procmux$2595.
    dead port 1/2 on $mux $flatten\u_fpu.\u_fma_msub.\u_mul.$procmux$2598.
    dead port 1/2 on $mux $flatten\u_fpu.\u_fma_msub.\u_mul.$procmux$2601.
    dead port 1/2 on $mux $flatten\u_fpu.\u_fma_msub.\u_mul.$procmux$2625.
    dead port 1/2 on $mux $flatten\u_fpu.\u_fma_msub.\u_mul.$procmux$2628.
    dead port 1/2 on $mux $flatten\u_fpu.\u_fma_msub.\u_mul.$procmux$2631.
    dead port 1/2 on $mux $flatten\u_fpu.\u_fma_msub.\u_mul.$procmux$2634.
    dead port 1/2 on $mux $flatten\u_fpu.\u_fma_msub.\u_mul.$procmux$2670.
    dead port 1/2 on $mux $flatten\u_fpu.\u_fma_msub.\u_mul.$procmux$2673.
    dead port 1/2 on $mux $flatten\u_fpu.\u_fma_msub.\u_mul.$procmux$2676.
    dead port 1/2 on $mux $flatten\u_fpu.\u_fma_msub.\u_mul.$procmux$2679.
    dead port 1/2 on $mux $flatten\u_fpu.\u_fma_msub.\u_mul.$procmux$2685.
    dead port 1/2 on $mux $flatten\u_fpu.\u_fma_msub.\u_mul.$procmux$2688.
    dead port 1/2 on $mux $flatten\u_fpu.\u_fma_msub.\u_mul.$procmux$2691.
    dead port 2/2 on $mux $flatten\u_fpu.\u_fma_msub.\u_mul.$procmux$2757.
    dead port 1/2 on $mux $flatten\u_fpu.\u_fma_msub.\u_mul.$procmux$2760.
    dead port 1/2 on $mux $flatten\u_fpu.\u_fma_msub.\u_mul.$procmux$2763.
    dead port 1/2 on $mux $flatten\u_fpu.\u_fma_msub.\u_mul.$procmux$2769.
    dead port 1/2 on $mux $flatten\u_fpu.\u_fma_msub.\u_mul.$procmux$2772.
    dead port 2/2 on $mux $flatten\u_fpu.\u_fma_msub.\u_mul.$procmux$2823.
    dead port 1/2 on $mux $flatten\u_fpu.\u_fma_msub.\u_mul.$procmux$2826.
    dead port 1/2 on $mux $flatten\u_fpu.\u_fma_msub.\u_mul.$procmux$2832.
    dead port 1/2 on $mux $flatten\u_fpu.\u_fma_nmadd.\u_add.$procmux$2886.
    dead port 1/2 on $mux $flatten\u_fpu.\u_fma_nmadd.\u_add.$procmux$2889.
    dead port 1/2 on $mux $flatten\u_fpu.\u_fma_nmadd.\u_add.$procmux$2892.
    dead port 1/2 on $mux $flatten\u_fpu.\u_fma_nmadd.\u_add.$procmux$2895.
    dead port 1/2 on $mux $flatten\u_fpu.\u_fma_nmadd.\u_add.$procmux$2898.
    dead port 1/2 on $mux $flatten\u_fpu.\u_fma_nmadd.\u_add.$procmux$2901.
    dead port 1/2 on $mux $flatten\u_fpu.\u_fma_nmadd.\u_add.$procmux$2908.
    dead port 2/2 on $mux $flatten\u_fpu.\u_fma_nmadd.\u_add.$procmux$2910.
    dead port 1/2 on $mux $flatten\u_fpu.\u_fma_nmadd.\u_add.$procmux$2913.
    dead port 1/2 on $mux $flatten\u_fpu.\u_fma_nmadd.\u_add.$procmux$2916.
    dead port 1/2 on $mux $flatten\u_fpu.\u_fma_nmadd.\u_add.$procmux$2919.
    dead port 1/2 on $mux $flatten\u_fpu.\u_fma_nmadd.\u_add.$procmux$2922.
    dead port 1/2 on $mux $flatten\u_fpu.\u_fma_nmadd.\u_add.$procmux$2925.
    dead port 1/2 on $mux $flatten\u_fpu.\u_fma_nmadd.\u_add.$procmux$2928.
    dead port 1/2 on $mux $flatten\u_fpu.\u_fma_nmadd.\u_add.$procmux$2931.
    dead port 1/2 on $mux $flatten\u_fpu.\u_fma_nmadd.\u_add.$procmux$2938.
    dead port 2/2 on $mux $flatten\u_fpu.\u_fma_nmadd.\u_add.$procmux$2940.
    dead port 1/2 on $mux $flatten\u_fpu.\u_fma_nmadd.\u_add.$procmux$2943.
    dead port 1/2 on $mux $flatten\u_fpu.\u_fma_nmadd.\u_add.$procmux$2946.
    dead port 1/2 on $mux $flatten\u_fpu.\u_fma_nmadd.\u_add.$procmux$2949.
    dead port 1/2 on $mux $flatten\u_fpu.\u_fma_nmadd.\u_add.$procmux$2952.
    dead port 1/2 on $mux $flatten\u_fpu.\u_fma_nmadd.\u_add.$procmux$2955.
    dead port 1/2 on $mux $flatten\u_fpu.\u_fma_nmadd.\u_add.$procmux$2958.
    dead port 1/2 on $mux $flatten\u_fpu.\u_fma_nmadd.\u_add.$procmux$2961.
    dead port 1/2 on $mux $flatten\u_fpu.\u_fma_nmadd.\u_add.$procmux$2969.
    dead port 1/2 on $mux $flatten\u_fpu.\u_fma_nmadd.\u_add.$procmux$2972.
    dead port 1/2 on $mux $flatten\u_fpu.\u_fma_nmadd.\u_add.$procmux$2974.
    dead port 2/2 on $mux $flatten\u_fpu.\u_fma_nmadd.\u_add.$procmux$2976.
    dead port 1/2 on $mux $flatten\u_fpu.\u_fma_nmadd.\u_add.$procmux$2979.
    dead port 1/2 on $mux $flatten\u_fpu.\u_fma_nmadd.\u_add.$procmux$2982.
    dead port 1/2 on $mux $flatten\u_fpu.\u_fma_nmadd.\u_add.$procmux$2985.
    dead port 1/2 on $mux $flatten\u_fpu.\u_fma_nmadd.\u_add.$procmux$2988.
    dead port 1/2 on $mux $flatten\u_fpu.\u_fma_nmadd.\u_add.$procmux$2991.
    dead port 1/2 on $mux $flatten\u_fpu.\u_fma_nmadd.\u_add.$procmux$2994.
    dead port 1/2 on $mux $flatten\u_fpu.\u_fma_nmadd.\u_add.$procmux$2997.
    dead port 2/2 on $mux $flatten\u_fpu.\u_fma_nmadd.\u_add.$procmux$3257.
    dead port 1/2 on $mux $flatten\u_fpu.\u_fma_nmadd.\u_add.$procmux$3260.
    dead port 1/2 on $mux $flatten\u_fpu.\u_fma_nmadd.\u_add.$procmux$3262.
    dead port 2/2 on $mux $flatten\u_fpu.\u_fma_nmadd.\u_add.$procmux$3264.
    dead port 1/2 on $mux $flatten\u_fpu.\u_fma_nmadd.\u_add.$procmux$3267.
    dead port 1/2 on $mux $flatten\u_fpu.\u_fma_nmadd.\u_add.$procmux$3270.
    dead port 1/2 on $mux $flatten\u_fpu.\u_fma_nmadd.\u_add.$procmux$3273.
    dead port 1/2 on $mux $flatten\u_fpu.\u_fma_nmadd.\u_add.$procmux$3276.
    dead port 1/2 on $mux $flatten\u_fpu.\u_fma_nmadd.\u_add.$procmux$3279.
    dead port 1/2 on $mux $flatten\u_fpu.\u_fma_nmadd.\u_add.$procmux$3282.
    dead port 1/2 on $mux $flatten\u_fpu.\u_fma_nmadd.\u_add.$procmux$3285.
    dead port 1/2 on $mux $flatten\u_fpu.\u_fma_nmadd.\u_add.$procmux$3578.
    dead port 1/2 on $mux $flatten\u_fpu.\u_fma_nmadd.\u_add.$procmux$3580.
    dead port 2/2 on $mux $flatten\u_fpu.\u_fma_nmadd.\u_add.$procmux$3582.
    dead port 1/2 on $mux $flatten\u_fpu.\u_fma_nmadd.\u_add.$procmux$3585.
    dead port 1/2 on $mux $flatten\u_fpu.\u_fma_nmadd.\u_add.$procmux$3588.
    dead port 1/2 on $mux $flatten\u_fpu.\u_fma_nmadd.\u_add.$procmux$3591.
    dead port 1/2 on $mux $flatten\u_fpu.\u_fma_nmadd.\u_add.$procmux$3594.
    dead port 1/2 on $mux $flatten\u_fpu.\u_fma_nmadd.\u_add.$procmux$3597.
    dead port 1/2 on $mux $flatten\u_fpu.\u_fma_nmadd.\u_add.$procmux$3600.
    dead port 1/2 on $mux $flatten\u_fpu.\u_fma_nmadd.\u_add.$procmux$3603.
    dead port 2/2 on $mux $flatten\u_fpu.\u_fma_nmadd.\u_add.$procmux$3644.
    dead port 1/2 on $mux $flatten\u_fpu.\u_fma_nmadd.\u_add.$procmux$3646.
    dead port 2/2 on $mux $flatten\u_fpu.\u_fma_nmadd.\u_add.$procmux$3648.
    dead port 1/2 on $mux $flatten\u_fpu.\u_fma_nmadd.\u_add.$procmux$3651.
    dead port 1/2 on $mux $flatten\u_fpu.\u_fma_nmadd.\u_add.$procmux$3654.
    dead port 1/2 on $mux $flatten\u_fpu.\u_fma_nmadd.\u_add.$procmux$3657.
    dead port 1/2 on $mux $flatten\u_fpu.\u_fma_nmadd.\u_add.$procmux$3660.
    dead port 1/2 on $mux $flatten\u_fpu.\u_fma_nmadd.\u_add.$procmux$3663.
    dead port 1/2 on $mux $flatten\u_fpu.\u_fma_nmadd.\u_add.$procmux$3666.
    dead port 1/2 on $mux $flatten\u_fpu.\u_fma_nmadd.\u_add.$procmux$3669.
    dead port 2/2 on $mux $flatten\u_fpu.\u_fma_nmadd.\u_add.$procmux$3993.
    dead port 1/2 on $mux $flatten\u_fpu.\u_fma_nmadd.\u_add.$procmux$3996.
    dead port 1/2 on $mux $flatten\u_fpu.\u_fma_nmadd.\u_add.$procmux$3999.
    dead port 1/2 on $mux $flatten\u_fpu.\u_fma_nmadd.\u_add.$procmux$4002.
    dead port 1/2 on $mux $flatten\u_fpu.\u_fma_nmadd.\u_add.$procmux$4005.
    dead port 1/2 on $mux $flatten\u_fpu.\u_fma_nmadd.\u_add.$procmux$4008.
    dead port 1/2 on $mux $flatten\u_fpu.\u_fma_nmadd.\u_add.$procmux$4011.
    dead port 1/2 on $mux $flatten\u_fpu.\u_fma_nmadd.\u_add.$procmux$4014.
    dead port 2/2 on $mux $flatten\u_fpu.\u_fma_nmadd.\u_add.$procmux$4020.
    dead port 1/2 on $mux $flatten\u_fpu.\u_fma_nmadd.\u_add.$procmux$4023.
    dead port 1/2 on $mux $flatten\u_fpu.\u_fma_nmadd.\u_add.$procmux$4026.
    dead port 1/2 on $mux $flatten\u_fpu.\u_fma_nmadd.\u_add.$procmux$4029.
    dead port 1/2 on $mux $flatten\u_fpu.\u_fma_nmadd.\u_add.$procmux$4032.
    dead port 1/2 on $mux $flatten\u_fpu.\u_fma_nmadd.\u_add.$procmux$4035.
    dead port 1/2 on $mux $flatten\u_fpu.\u_fma_nmadd.\u_add.$procmux$4038.
    dead port 1/2 on $mux $flatten\u_fpu.\u_fma_nmadd.\u_add.$procmux$4041.
    dead port 1/2 on $mux $flatten\u_fpu.\u_fma_nmadd.\u_add.$procmux$4251.
    dead port 1/2 on $mux $flatten\u_fpu.\u_fma_nmadd.\u_add.$procmux$4254.
    dead port 1/2 on $mux $flatten\u_fpu.\u_fma_nmadd.\u_add.$procmux$4257.
    dead port 1/2 on $mux $flatten\u_fpu.\u_fma_nmadd.\u_add.$procmux$4260.
    dead port 1/2 on $mux $flatten\u_fpu.\u_fma_nmadd.\u_add.$procmux$4263.
    dead port 1/2 on $mux $flatten\u_fpu.\u_fma_nmadd.\u_add.$procmux$4266.
    dead port 1/2 on $mux $flatten\u_fpu.\u_fma_nmadd.\u_add.$procmux$4269.
    dead port 1/2 on $mux $flatten\u_fpu.\u_fma_nmadd.\u_add.$procmux$4275.
    dead port 1/2 on $mux $flatten\u_fpu.\u_fma_nmadd.\u_add.$procmux$4278.
    dead port 1/2 on $mux $flatten\u_fpu.\u_fma_nmadd.\u_add.$procmux$4281.
    dead port 1/2 on $mux $flatten\u_fpu.\u_fma_nmadd.\u_add.$procmux$4284.
    dead port 1/2 on $mux $flatten\u_fpu.\u_fma_nmadd.\u_add.$procmux$4287.
    dead port 1/2 on $mux $flatten\u_fpu.\u_fma_nmadd.\u_add.$procmux$4290.
    dead port 1/2 on $mux $flatten\u_fpu.\u_fma_nmadd.\u_add.$procmux$4293.
    dead port 1/2 on $mux $flatten\u_fpu.\u_fma_nmadd.\u_add.$procmux$4299.
    dead port 1/2 on $mux $flatten\u_fpu.\u_fma_nmadd.\u_add.$procmux$4302.
    dead port 1/2 on $mux $flatten\u_fpu.\u_fma_nmadd.\u_add.$procmux$4305.
    dead port 1/2 on $mux $flatten\u_fpu.\u_fma_nmadd.\u_add.$procmux$4308.
    dead port 1/2 on $mux $flatten\u_fpu.\u_fma_nmadd.\u_add.$procmux$4311.
    dead port 1/2 on $mux $flatten\u_fpu.\u_fma_nmadd.\u_add.$procmux$4314.
    dead port 1/2 on $mux $flatten\u_fpu.\u_fma_nmadd.\u_add.$procmux$4317.
    dead port 2/2 on $mux $flatten\u_fpu.\u_fma_nmadd.\u_add.$procmux$4347.
    dead port 1/2 on $mux $flatten\u_fpu.\u_fma_nmadd.\u_add.$procmux$4350.
    dead port 1/2 on $mux $flatten\u_fpu.\u_fma_nmadd.\u_add.$procmux$4353.
    dead port 1/2 on $mux $flatten\u_fpu.\u_fma_nmadd.\u_add.$procmux$4356.
    dead port 1/2 on $mux $flatten\u_fpu.\u_fma_nmadd.\u_add.$procmux$4359.
    dead port 1/2 on $mux $flatten\u_fpu.\u_fma_nmadd.\u_add.$procmux$4362.
    dead port 1/2 on $mux $flatten\u_fpu.\u_fma_nmadd.\u_add.$procmux$4365.
    dead port 2/2 on $mux $flatten\u_fpu.\u_fma_nmadd.\u_add.$procmux$4371.
    dead port 1/2 on $mux $flatten\u_fpu.\u_fma_nmadd.\u_add.$procmux$4374.
    dead port 1/2 on $mux $flatten\u_fpu.\u_fma_nmadd.\u_add.$procmux$4377.
    dead port 1/2 on $mux $flatten\u_fpu.\u_fma_nmadd.\u_add.$procmux$4380.
    dead port 1/2 on $mux $flatten\u_fpu.\u_fma_nmadd.\u_add.$procmux$4383.
    dead port 1/2 on $mux $flatten\u_fpu.\u_fma_nmadd.\u_add.$procmux$4386.
    dead port 1/2 on $mux $flatten\u_fpu.\u_fma_nmadd.\u_add.$procmux$4389.
    dead port 1/2 on $mux $flatten\u_fpu.\u_fma_nmadd.\u_add.$procmux$4416.
    dead port 1/2 on $mux $flatten\u_fpu.\u_fma_nmadd.\u_add.$procmux$4419.
    dead port 1/2 on $mux $flatten\u_fpu.\u_fma_nmadd.\u_add.$procmux$4422.
    dead port 1/2 on $mux $flatten\u_fpu.\u_fma_nmadd.\u_add.$procmux$4425.
    dead port 1/2 on $mux $flatten\u_fpu.\u_fma_nmadd.\u_add.$procmux$4428.
    dead port 1/2 on $mux $flatten\u_fpu.\u_fma_nmadd.\u_add.$procmux$4431.
    dead port 1/2 on $mux $flatten\u_fpu.\u_fma_nmadd.\u_add.$procmux$4437.
    dead port 1/2 on $mux $flatten\u_fpu.\u_fma_nmadd.\u_add.$procmux$4440.
    dead port 1/2 on $mux $flatten\u_fpu.\u_fma_nmadd.\u_add.$procmux$4443.
    dead port 1/2 on $mux $flatten\u_fpu.\u_fma_nmadd.\u_add.$procmux$4446.
    dead port 1/2 on $mux $flatten\u_fpu.\u_fma_nmadd.\u_add.$procmux$4449.
    dead port 1/2 on $mux $flatten\u_fpu.\u_fma_nmadd.\u_add.$procmux$4452.
    dead port 1/2 on $mux $flatten\u_fpu.\u_fma_nmadd.\u_add.$procmux$4542.
    dead port 1/2 on $mux $flatten\u_fpu.\u_fma_nmadd.\u_add.$procmux$4545.
    dead port 1/2 on $mux $flatten\u_fpu.\u_fma_nmadd.\u_add.$procmux$4548.
    dead port 1/2 on $mux $flatten\u_fpu.\u_fma_nmadd.\u_add.$procmux$4551.
    dead port 1/2 on $mux $flatten\u_fpu.\u_fma_nmadd.\u_add.$procmux$4554.
    dead port 1/2 on $mux $flatten\u_fpu.\u_fma_nmadd.\u_add.$procmux$4557.
    dead port 1/2 on $mux $flatten\u_fpu.\u_fma_nmadd.\u_add.$procmux$4560.
    dead port 2/2 on $mux $flatten\u_fpu.\u_fma_nmadd.\u_add.$procmux$4566.
    dead port 1/2 on $mux $flatten\u_fpu.\u_fma_nmadd.\u_add.$procmux$4569.
    dead port 1/2 on $mux $flatten\u_fpu.\u_fma_nmadd.\u_add.$procmux$4572.
    dead port 1/2 on $mux $flatten\u_fpu.\u_fma_nmadd.\u_add.$procmux$4575.
    dead port 1/2 on $mux $flatten\u_fpu.\u_fma_nmadd.\u_add.$procmux$4578.
    dead port 1/2 on $mux $flatten\u_fpu.\u_fma_nmadd.\u_add.$procmux$4581.
    dead port 1/2 on $mux $flatten\u_fpu.\u_fma_nmadd.\u_add.$procmux$4584.
    dead port 1/2 on $mux $flatten\u_fpu.\u_fma_nmadd.\u_add.$procmux$4674.
    dead port 1/2 on $mux $flatten\u_fpu.\u_fma_nmadd.\u_add.$procmux$4677.
    dead port 1/2 on $mux $flatten\u_fpu.\u_fma_nmadd.\u_add.$procmux$4680.
    dead port 1/2 on $mux $flatten\u_fpu.\u_fma_nmadd.\u_add.$procmux$4683.
    dead port 1/2 on $mux $flatten\u_fpu.\u_fma_nmadd.\u_add.$procmux$4686.
    dead port 1/2 on $mux $flatten\u_fpu.\u_fma_nmadd.\u_add.$procmux$4944.
    dead port 1/2 on $mux $flatten\u_fpu.\u_fma_nmadd.\u_add.$procmux$4947.
    dead port 1/2 on $mux $flatten\u_fpu.\u_fma_nmadd.\u_add.$procmux$4950.
    dead port 1/2 on $mux $flatten\u_fpu.\u_fma_nmadd.\u_add.$procmux$4953.
    dead port 1/2 on $mux $flatten\u_fpu.\u_fma_nmadd.\u_add.$procmux$5169.
    dead port 1/2 on $mux $flatten\u_fpu.\u_fma_nmadd.\u_add.$procmux$5172.
    dead port 1/2 on $mux $flatten\u_fpu.\u_fma_nmadd.\u_add.$procmux$5175.
    dead port 1/2 on $mux $flatten\u_fpu.\u_fma_nmadd.\u_add.$procmux$5349.
    dead port 1/2 on $mux $flatten\u_fpu.\u_fma_nmadd.\u_add.$procmux$5352.
    dead port 2/2 on $mux $flatten\u_fpu.\u_fma_nmadd.\u_add.$procmux$5484.
    dead port 1/2 on $mux $flatten\u_fpu.\u_fma_nmadd.\u_add.$procmux$5487.
    dead port 1/2 on $mux $flatten\u_fpu.\u_fma_nmadd.\u_add.$procmux$5493.
    dead port 1/2 on $mux $flatten\u_fpu.\u_fma_nmadd.\u_mul.$procmux$2589.
    dead port 1/2 on $mux $flatten\u_fpu.\u_fma_nmadd.\u_mul.$procmux$2592.
    dead port 1/2 on $mux $flatten\u_fpu.\u_fma_nmadd.\u_mul.$procmux$2595.
    dead port 1/2 on $mux $flatten\u_fpu.\u_fma_nmadd.\u_mul.$procmux$2598.
    dead port 1/2 on $mux $flatten\u_fpu.\u_fma_nmadd.\u_mul.$procmux$2601.
    dead port 1/2 on $mux $flatten\u_fpu.\u_fma_nmadd.\u_mul.$procmux$2625.
    dead port 1/2 on $mux $flatten\u_fpu.\u_fma_nmadd.\u_mul.$procmux$2628.
    dead port 1/2 on $mux $flatten\u_fpu.\u_fma_nmadd.\u_mul.$procmux$2631.
    dead port 1/2 on $mux $flatten\u_fpu.\u_fma_nmadd.\u_mul.$procmux$2634.
    dead port 1/2 on $mux $flatten\u_fpu.\u_fma_nmadd.\u_mul.$procmux$2670.
    dead port 1/2 on $mux $flatten\u_fpu.\u_fma_nmadd.\u_mul.$procmux$2673.
    dead port 1/2 on $mux $flatten\u_fpu.\u_fma_nmadd.\u_mul.$procmux$2676.
    dead port 1/2 on $mux $flatten\u_fpu.\u_fma_nmadd.\u_mul.$procmux$2679.
    dead port 1/2 on $mux $flatten\u_fpu.\u_fma_nmadd.\u_mul.$procmux$2685.
    dead port 1/2 on $mux $flatten\u_fpu.\u_fma_nmadd.\u_mul.$procmux$2688.
    dead port 1/2 on $mux $flatten\u_fpu.\u_fma_nmadd.\u_mul.$procmux$2691.
    dead port 2/2 on $mux $flatten\u_fpu.\u_fma_nmadd.\u_mul.$procmux$2757.
    dead port 1/2 on $mux $flatten\u_fpu.\u_fma_nmadd.\u_mul.$procmux$2760.
    dead port 1/2 on $mux $flatten\u_fpu.\u_fma_nmadd.\u_mul.$procmux$2763.
    dead port 1/2 on $mux $flatten\u_fpu.\u_fma_nmadd.\u_mul.$procmux$2769.
    dead port 1/2 on $mux $flatten\u_fpu.\u_fma_nmadd.\u_mul.$procmux$2772.
    dead port 2/2 on $mux $flatten\u_fpu.\u_fma_nmadd.\u_mul.$procmux$2823.
    dead port 1/2 on $mux $flatten\u_fpu.\u_fma_nmadd.\u_mul.$procmux$2826.
    dead port 1/2 on $mux $flatten\u_fpu.\u_fma_nmadd.\u_mul.$procmux$2832.
    dead port 1/2 on $mux $flatten\u_fpu.\u_fma_nmsub.\u_add.$procmux$2886.
    dead port 1/2 on $mux $flatten\u_fpu.\u_fma_nmsub.\u_add.$procmux$2889.
    dead port 1/2 on $mux $flatten\u_fpu.\u_fma_nmsub.\u_add.$procmux$2892.
    dead port 1/2 on $mux $flatten\u_fpu.\u_fma_nmsub.\u_add.$procmux$2895.
    dead port 1/2 on $mux $flatten\u_fpu.\u_fma_nmsub.\u_add.$procmux$2898.
    dead port 1/2 on $mux $flatten\u_fpu.\u_fma_nmsub.\u_add.$procmux$2901.
    dead port 1/2 on $mux $flatten\u_fpu.\u_fma_nmsub.\u_add.$procmux$2908.
    dead port 2/2 on $mux $flatten\u_fpu.\u_fma_nmsub.\u_add.$procmux$2910.
    dead port 1/2 on $mux $flatten\u_fpu.\u_fma_nmsub.\u_add.$procmux$2913.
    dead port 1/2 on $mux $flatten\u_fpu.\u_fma_nmsub.\u_add.$procmux$2916.
    dead port 1/2 on $mux $flatten\u_fpu.\u_fma_nmsub.\u_add.$procmux$2919.
    dead port 1/2 on $mux $flatten\u_fpu.\u_fma_nmsub.\u_add.$procmux$2922.
    dead port 1/2 on $mux $flatten\u_fpu.\u_fma_nmsub.\u_add.$procmux$2925.
    dead port 1/2 on $mux $flatten\u_fpu.\u_fma_nmsub.\u_add.$procmux$2928.
    dead port 1/2 on $mux $flatten\u_fpu.\u_fma_nmsub.\u_add.$procmux$2931.
    dead port 1/2 on $mux $flatten\u_fpu.\u_fma_nmsub.\u_add.$procmux$2938.
    dead port 2/2 on $mux $flatten\u_fpu.\u_fma_nmsub.\u_add.$procmux$2940.
    dead port 1/2 on $mux $flatten\u_fpu.\u_fma_nmsub.\u_add.$procmux$2943.
    dead port 1/2 on $mux $flatten\u_fpu.\u_fma_nmsub.\u_add.$procmux$2946.
    dead port 1/2 on $mux $flatten\u_fpu.\u_fma_nmsub.\u_add.$procmux$2949.
    dead port 1/2 on $mux $flatten\u_fpu.\u_fma_nmsub.\u_add.$procmux$2952.
    dead port 1/2 on $mux $flatten\u_fpu.\u_fma_nmsub.\u_add.$procmux$2955.
    dead port 1/2 on $mux $flatten\u_fpu.\u_fma_nmsub.\u_add.$procmux$2958.
    dead port 1/2 on $mux $flatten\u_fpu.\u_fma_nmsub.\u_add.$procmux$2961.
    dead port 1/2 on $mux $flatten\u_fpu.\u_fma_nmsub.\u_add.$procmux$2969.
    dead port 1/2 on $mux $flatten\u_fpu.\u_fma_nmsub.\u_add.$procmux$2972.
    dead port 1/2 on $mux $flatten\u_fpu.\u_fma_nmsub.\u_add.$procmux$2974.
    dead port 2/2 on $mux $flatten\u_fpu.\u_fma_nmsub.\u_add.$procmux$2976.
    dead port 1/2 on $mux $flatten\u_fpu.\u_fma_nmsub.\u_add.$procmux$2979.
    dead port 1/2 on $mux $flatten\u_fpu.\u_fma_nmsub.\u_add.$procmux$2982.
    dead port 1/2 on $mux $flatten\u_fpu.\u_fma_nmsub.\u_add.$procmux$2985.
    dead port 1/2 on $mux $flatten\u_fpu.\u_fma_nmsub.\u_add.$procmux$2988.
    dead port 1/2 on $mux $flatten\u_fpu.\u_fma_nmsub.\u_add.$procmux$2991.
    dead port 1/2 on $mux $flatten\u_fpu.\u_fma_nmsub.\u_add.$procmux$2994.
    dead port 1/2 on $mux $flatten\u_fpu.\u_fma_nmsub.\u_add.$procmux$2997.
    dead port 2/2 on $mux $flatten\u_fpu.\u_fma_nmsub.\u_add.$procmux$3257.
    dead port 1/2 on $mux $flatten\u_fpu.\u_fma_nmsub.\u_add.$procmux$3260.
    dead port 1/2 on $mux $flatten\u_fpu.\u_fma_nmsub.\u_add.$procmux$3262.
    dead port 2/2 on $mux $flatten\u_fpu.\u_fma_nmsub.\u_add.$procmux$3264.
    dead port 1/2 on $mux $flatten\u_fpu.\u_fma_nmsub.\u_add.$procmux$3267.
    dead port 1/2 on $mux $flatten\u_fpu.\u_fma_nmsub.\u_add.$procmux$3270.
    dead port 1/2 on $mux $flatten\u_fpu.\u_fma_nmsub.\u_add.$procmux$3273.
    dead port 1/2 on $mux $flatten\u_fpu.\u_fma_nmsub.\u_add.$procmux$3276.
    dead port 1/2 on $mux $flatten\u_fpu.\u_fma_nmsub.\u_add.$procmux$3279.
    dead port 1/2 on $mux $flatten\u_fpu.\u_fma_nmsub.\u_add.$procmux$3282.
    dead port 1/2 on $mux $flatten\u_fpu.\u_fma_nmsub.\u_add.$procmux$3285.
    dead port 1/2 on $mux $flatten\u_fpu.\u_fma_nmsub.\u_add.$procmux$3578.
    dead port 1/2 on $mux $flatten\u_fpu.\u_fma_nmsub.\u_add.$procmux$3580.
    dead port 2/2 on $mux $flatten\u_fpu.\u_fma_nmsub.\u_add.$procmux$3582.
    dead port 1/2 on $mux $flatten\u_fpu.\u_fma_nmsub.\u_add.$procmux$3585.
    dead port 1/2 on $mux $flatten\u_fpu.\u_fma_nmsub.\u_add.$procmux$3588.
    dead port 1/2 on $mux $flatten\u_fpu.\u_fma_nmsub.\u_add.$procmux$3591.
    dead port 1/2 on $mux $flatten\u_fpu.\u_fma_nmsub.\u_add.$procmux$3594.
    dead port 1/2 on $mux $flatten\u_fpu.\u_fma_nmsub.\u_add.$procmux$3597.
    dead port 1/2 on $mux $flatten\u_fpu.\u_fma_nmsub.\u_add.$procmux$3600.
    dead port 1/2 on $mux $flatten\u_fpu.\u_fma_nmsub.\u_add.$procmux$3603.
    dead port 2/2 on $mux $flatten\u_fpu.\u_fma_nmsub.\u_add.$procmux$3644.
    dead port 1/2 on $mux $flatten\u_fpu.\u_fma_nmsub.\u_add.$procmux$3646.
    dead port 2/2 on $mux $flatten\u_fpu.\u_fma_nmsub.\u_add.$procmux$3648.
    dead port 1/2 on $mux $flatten\u_fpu.\u_fma_nmsub.\u_add.$procmux$3651.
    dead port 1/2 on $mux $flatten\u_fpu.\u_fma_nmsub.\u_add.$procmux$3654.
    dead port 1/2 on $mux $flatten\u_fpu.\u_fma_nmsub.\u_add.$procmux$3657.
    dead port 1/2 on $mux $flatten\u_fpu.\u_fma_nmsub.\u_add.$procmux$3660.
    dead port 1/2 on $mux $flatten\u_fpu.\u_fma_nmsub.\u_add.$procmux$3663.
    dead port 1/2 on $mux $flatten\u_fpu.\u_fma_nmsub.\u_add.$procmux$3666.
    dead port 1/2 on $mux $flatten\u_fpu.\u_fma_nmsub.\u_add.$procmux$3669.
    dead port 2/2 on $mux $flatten\u_fpu.\u_fma_nmsub.\u_add.$procmux$3993.
    dead port 1/2 on $mux $flatten\u_fpu.\u_fma_nmsub.\u_add.$procmux$3996.
    dead port 1/2 on $mux $flatten\u_fpu.\u_fma_nmsub.\u_add.$procmux$3999.
    dead port 1/2 on $mux $flatten\u_fpu.\u_fma_nmsub.\u_add.$procmux$4002.
    dead port 1/2 on $mux $flatten\u_fpu.\u_fma_nmsub.\u_add.$procmux$4005.
    dead port 1/2 on $mux $flatten\u_fpu.\u_fma_nmsub.\u_add.$procmux$4008.
    dead port 1/2 on $mux $flatten\u_fpu.\u_fma_nmsub.\u_add.$procmux$4011.
    dead port 1/2 on $mux $flatten\u_fpu.\u_fma_nmsub.\u_add.$procmux$4014.
    dead port 2/2 on $mux $flatten\u_fpu.\u_fma_nmsub.\u_add.$procmux$4020.
    dead port 1/2 on $mux $flatten\u_fpu.\u_fma_nmsub.\u_add.$procmux$4023.
    dead port 1/2 on $mux $flatten\u_fpu.\u_fma_nmsub.\u_add.$procmux$4026.
    dead port 1/2 on $mux $flatten\u_fpu.\u_fma_nmsub.\u_add.$procmux$4029.
    dead port 1/2 on $mux $flatten\u_fpu.\u_fma_nmsub.\u_add.$procmux$4032.
    dead port 1/2 on $mux $flatten\u_fpu.\u_fma_nmsub.\u_add.$procmux$4035.
    dead port 1/2 on $mux $flatten\u_fpu.\u_fma_nmsub.\u_add.$procmux$4038.
    dead port 1/2 on $mux $flatten\u_fpu.\u_fma_nmsub.\u_add.$procmux$4041.
    dead port 1/2 on $mux $flatten\u_fpu.\u_fma_nmsub.\u_add.$procmux$4251.
    dead port 1/2 on $mux $flatten\u_fpu.\u_fma_nmsub.\u_add.$procmux$4254.
    dead port 1/2 on $mux $flatten\u_fpu.\u_fma_nmsub.\u_add.$procmux$4257.
    dead port 1/2 on $mux $flatten\u_fpu.\u_fma_nmsub.\u_add.$procmux$4260.
    dead port 1/2 on $mux $flatten\u_fpu.\u_fma_nmsub.\u_add.$procmux$4263.
    dead port 1/2 on $mux $flatten\u_fpu.\u_fma_nmsub.\u_add.$procmux$4266.
    dead port 1/2 on $mux $flatten\u_fpu.\u_fma_nmsub.\u_add.$procmux$4269.
    dead port 1/2 on $mux $flatten\u_fpu.\u_fma_nmsub.\u_add.$procmux$4275.
    dead port 1/2 on $mux $flatten\u_fpu.\u_fma_nmsub.\u_add.$procmux$4278.
    dead port 1/2 on $mux $flatten\u_fpu.\u_fma_nmsub.\u_add.$procmux$4281.
    dead port 1/2 on $mux $flatten\u_fpu.\u_fma_nmsub.\u_add.$procmux$4284.
    dead port 1/2 on $mux $flatten\u_fpu.\u_fma_nmsub.\u_add.$procmux$4287.
    dead port 1/2 on $mux $flatten\u_fpu.\u_fma_nmsub.\u_add.$procmux$4290.
    dead port 1/2 on $mux $flatten\u_fpu.\u_fma_nmsub.\u_add.$procmux$4293.
    dead port 1/2 on $mux $flatten\u_fpu.\u_fma_nmsub.\u_add.$procmux$4299.
    dead port 1/2 on $mux $flatten\u_fpu.\u_fma_nmsub.\u_add.$procmux$4302.
    dead port 1/2 on $mux $flatten\u_fpu.\u_fma_nmsub.\u_add.$procmux$4305.
    dead port 1/2 on $mux $flatten\u_fpu.\u_fma_nmsub.\u_add.$procmux$4308.
    dead port 1/2 on $mux $flatten\u_fpu.\u_fma_nmsub.\u_add.$procmux$4311.
    dead port 1/2 on $mux $flatten\u_fpu.\u_fma_nmsub.\u_add.$procmux$4314.
    dead port 1/2 on $mux $flatten\u_fpu.\u_fma_nmsub.\u_add.$procmux$4317.
    dead port 2/2 on $mux $flatten\u_fpu.\u_fma_nmsub.\u_add.$procmux$4347.
    dead port 1/2 on $mux $flatten\u_fpu.\u_fma_nmsub.\u_add.$procmux$4350.
    dead port 1/2 on $mux $flatten\u_fpu.\u_fma_nmsub.\u_add.$procmux$4353.
    dead port 1/2 on $mux $flatten\u_fpu.\u_fma_nmsub.\u_add.$procmux$4356.
    dead port 1/2 on $mux $flatten\u_fpu.\u_fma_nmsub.\u_add.$procmux$4359.
    dead port 1/2 on $mux $flatten\u_fpu.\u_fma_nmsub.\u_add.$procmux$4362.
    dead port 1/2 on $mux $flatten\u_fpu.\u_fma_nmsub.\u_add.$procmux$4365.
    dead port 2/2 on $mux $flatten\u_fpu.\u_fma_nmsub.\u_add.$procmux$4371.
    dead port 1/2 on $mux $flatten\u_fpu.\u_fma_nmsub.\u_add.$procmux$4374.
    dead port 1/2 on $mux $flatten\u_fpu.\u_fma_nmsub.\u_add.$procmux$4377.
    dead port 1/2 on $mux $flatten\u_fpu.\u_fma_nmsub.\u_add.$procmux$4380.
    dead port 1/2 on $mux $flatten\u_fpu.\u_fma_nmsub.\u_add.$procmux$4383.
    dead port 1/2 on $mux $flatten\u_fpu.\u_fma_nmsub.\u_add.$procmux$4386.
    dead port 1/2 on $mux $flatten\u_fpu.\u_fma_nmsub.\u_add.$procmux$4389.
    dead port 1/2 on $mux $flatten\u_fpu.\u_fma_nmsub.\u_add.$procmux$4416.
    dead port 1/2 on $mux $flatten\u_fpu.\u_fma_nmsub.\u_add.$procmux$4419.
    dead port 1/2 on $mux $flatten\u_fpu.\u_fma_nmsub.\u_add.$procmux$4422.
    dead port 1/2 on $mux $flatten\u_fpu.\u_fma_nmsub.\u_add.$procmux$4425.
    dead port 1/2 on $mux $flatten\u_fpu.\u_fma_nmsub.\u_add.$procmux$4428.
    dead port 1/2 on $mux $flatten\u_fpu.\u_fma_nmsub.\u_add.$procmux$4431.
    dead port 1/2 on $mux $flatten\u_fpu.\u_fma_nmsub.\u_add.$procmux$4437.
    dead port 1/2 on $mux $flatten\u_fpu.\u_fma_nmsub.\u_add.$procmux$4440.
    dead port 1/2 on $mux $flatten\u_fpu.\u_fma_nmsub.\u_add.$procmux$4443.
    dead port 1/2 on $mux $flatten\u_fpu.\u_fma_nmsub.\u_add.$procmux$4446.
    dead port 1/2 on $mux $flatten\u_fpu.\u_fma_nmsub.\u_add.$procmux$4449.
    dead port 1/2 on $mux $flatten\u_fpu.\u_fma_nmsub.\u_add.$procmux$4452.
    dead port 1/2 on $mux $flatten\u_fpu.\u_fma_nmsub.\u_add.$procmux$4542.
    dead port 1/2 on $mux $flatten\u_fpu.\u_fma_nmsub.\u_add.$procmux$4545.
    dead port 1/2 on $mux $flatten\u_fpu.\u_fma_nmsub.\u_add.$procmux$4548.
    dead port 1/2 on $mux $flatten\u_fpu.\u_fma_nmsub.\u_add.$procmux$4551.
    dead port 1/2 on $mux $flatten\u_fpu.\u_fma_nmsub.\u_add.$procmux$4554.
    dead port 1/2 on $mux $flatten\u_fpu.\u_fma_nmsub.\u_add.$procmux$4557.
    dead port 1/2 on $mux $flatten\u_fpu.\u_fma_nmsub.\u_add.$procmux$4560.
    dead port 2/2 on $mux $flatten\u_fpu.\u_fma_nmsub.\u_add.$procmux$4566.
    dead port 1/2 on $mux $flatten\u_fpu.\u_fma_nmsub.\u_add.$procmux$4569.
    dead port 1/2 on $mux $flatten\u_fpu.\u_fma_nmsub.\u_add.$procmux$4572.
    dead port 1/2 on $mux $flatten\u_fpu.\u_fma_nmsub.\u_add.$procmux$4575.
    dead port 1/2 on $mux $flatten\u_fpu.\u_fma_nmsub.\u_add.$procmux$4578.
    dead port 1/2 on $mux $flatten\u_fpu.\u_fma_nmsub.\u_add.$procmux$4581.
    dead port 1/2 on $mux $flatten\u_fpu.\u_fma_nmsub.\u_add.$procmux$4584.
    dead port 1/2 on $mux $flatten\u_fpu.\u_fma_nmsub.\u_add.$procmux$4674.
    dead port 1/2 on $mux $flatten\u_fpu.\u_fma_nmsub.\u_add.$procmux$4677.
    dead port 1/2 on $mux $flatten\u_fpu.\u_fma_nmsub.\u_add.$procmux$4680.
    dead port 1/2 on $mux $flatten\u_fpu.\u_fma_nmsub.\u_add.$procmux$4683.
    dead port 1/2 on $mux $flatten\u_fpu.\u_fma_nmsub.\u_add.$procmux$4686.
    dead port 1/2 on $mux $flatten\u_fpu.\u_fma_nmsub.\u_add.$procmux$4944.
    dead port 1/2 on $mux $flatten\u_fpu.\u_fma_nmsub.\u_add.$procmux$4947.
    dead port 1/2 on $mux $flatten\u_fpu.\u_fma_nmsub.\u_add.$procmux$4950.
    dead port 1/2 on $mux $flatten\u_fpu.\u_fma_nmsub.\u_add.$procmux$4953.
    dead port 1/2 on $mux $flatten\u_fpu.\u_fma_nmsub.\u_add.$procmux$5169.
    dead port 1/2 on $mux $flatten\u_fpu.\u_fma_nmsub.\u_add.$procmux$5172.
    dead port 1/2 on $mux $flatten\u_fpu.\u_fma_nmsub.\u_add.$procmux$5175.
    dead port 1/2 on $mux $flatten\u_fpu.\u_fma_nmsub.\u_add.$procmux$5349.
    dead port 1/2 on $mux $flatten\u_fpu.\u_fma_nmsub.\u_add.$procmux$5352.
    dead port 2/2 on $mux $flatten\u_fpu.\u_fma_nmsub.\u_add.$procmux$5484.
    dead port 1/2 on $mux $flatten\u_fpu.\u_fma_nmsub.\u_add.$procmux$5487.
    dead port 1/2 on $mux $flatten\u_fpu.\u_fma_nmsub.\u_add.$procmux$5493.
    dead port 1/2 on $mux $flatten\u_fpu.$procmux$5712.
    dead port 1/2 on $mux $flatten\u_fpu.\u_fma_nmsub.\u_mul.$procmux$2589.
    dead port 1/2 on $mux $flatten\u_fpu.\u_fma_nmsub.\u_mul.$procmux$2592.
    dead port 1/2 on $mux $flatten\u_fpu.\u_fma_nmsub.\u_mul.$procmux$2595.
    dead port 1/2 on $mux $flatten\u_fpu.\u_fma_nmsub.\u_mul.$procmux$2598.
    dead port 1/2 on $mux $flatten\u_fpu.\u_fma_nmsub.\u_mul.$procmux$2601.
    dead port 1/2 on $mux $flatten\u_fpu.\u_fma_nmsub.\u_mul.$procmux$2625.
    dead port 1/2 on $mux $flatten\u_fpu.\u_fma_nmsub.\u_mul.$procmux$2628.
    dead port 1/2 on $mux $flatten\u_fpu.\u_fma_nmsub.\u_mul.$procmux$2631.
    dead port 1/2 on $mux $flatten\u_fpu.\u_fma_nmsub.\u_mul.$procmux$2634.
    dead port 1/2 on $mux $flatten\u_fpu.\u_fma_nmsub.\u_mul.$procmux$2670.
    dead port 1/2 on $mux $flatten\u_fpu.\u_fma_nmsub.\u_mul.$procmux$2673.
    dead port 1/2 on $mux $flatten\u_fpu.\u_fma_nmsub.\u_mul.$procmux$2676.
    dead port 1/2 on $mux $flatten\u_fpu.\u_fma_nmsub.\u_mul.$procmux$2679.
    dead port 1/2 on $mux $flatten\u_fpu.\u_fma_nmsub.\u_mul.$procmux$2685.
    dead port 1/2 on $mux $flatten\u_fpu.\u_fma_nmsub.\u_mul.$procmux$2688.
    dead port 1/2 on $mux $flatten\u_fpu.\u_fma_nmsub.\u_mul.$procmux$2691.
    dead port 2/2 on $mux $flatten\u_fpu.\u_fma_nmsub.\u_mul.$procmux$2757.
    dead port 1/2 on $mux $flatten\u_fpu.\u_fma_nmsub.\u_mul.$procmux$2760.
    dead port 1/2 on $mux $flatten\u_fpu.\u_fma_nmsub.\u_mul.$procmux$2763.
    dead port 1/2 on $mux $flatten\u_fpu.\u_fma_nmsub.\u_mul.$procmux$2769.
    dead port 1/2 on $mux $flatten\u_fpu.\u_fma_nmsub.\u_mul.$procmux$2772.
    dead port 2/2 on $mux $flatten\u_fpu.\u_fma_nmsub.\u_mul.$procmux$2823.
    dead port 1/2 on $mux $flatten\u_fpu.\u_fma_nmsub.\u_mul.$procmux$2826.
    dead port 1/2 on $mux $flatten\u_fpu.\u_fma_nmsub.\u_mul.$procmux$2832.
    dead port 1/2 on $mux $flatten\u_fpu.\u_int_to_float_signed.$procmux$2254.
    dead port 1/2 on $mux $flatten\u_fpu.\u_int_to_float_signed.$procmux$2458.
    dead port 1/2 on $mux $flatten\u_fpu.\u_int_to_float_unsigned.$procmux$2254.
    dead port 1/2 on $mux $flatten\u_fpu.\u_int_to_float_unsigned.$procmux$2458.
    dead port 1/2 on $mux $flatten\u_fpu.\u_multiplier.$procmux$2589.
    dead port 1/2 on $mux $flatten\u_fpu.\u_multiplier.$procmux$2592.
    dead port 1/2 on $mux $flatten\u_fpu.\u_multiplier.$procmux$2595.
    dead port 1/2 on $mux $flatten\u_fpu.\u_multiplier.$procmux$2598.
    dead port 1/2 on $mux $flatten\u_fpu.\u_multiplier.$procmux$2601.
    dead port 1/2 on $mux $flatten\u_fpu.\u_multiplier.$procmux$2625.
    dead port 1/2 on $mux $flatten\u_fpu.\u_multiplier.$procmux$2628.
    dead port 1/2 on $mux $flatten\u_fpu.\u_multiplier.$procmux$2631.
    dead port 1/2 on $mux $flatten\u_fpu.\u_multiplier.$procmux$2634.
    dead port 1/2 on $mux $flatten\u_fpu.\u_multiplier.$procmux$2670.
    dead port 1/2 on $mux $flatten\u_fpu.\u_multiplier.$procmux$2673.
    dead port 1/2 on $mux $flatten\u_fpu.\u_multiplier.$procmux$2676.
    dead port 1/2 on $mux $flatten\u_fpu.\u_multiplier.$procmux$2679.
    dead port 1/2 on $mux $flatten\u_fpu.\u_multiplier.$procmux$2685.
    dead port 1/2 on $mux $flatten\u_fpu.\u_multiplier.$procmux$2688.
    dead port 1/2 on $mux $flatten\u_fpu.\u_multiplier.$procmux$2691.
    dead port 2/2 on $mux $flatten\u_fpu.\u_multiplier.$procmux$2757.
    dead port 1/2 on $mux $flatten\u_fpu.\u_multiplier.$procmux$2760.
    dead port 1/2 on $mux $flatten\u_fpu.\u_multiplier.$procmux$2763.
    dead port 1/2 on $mux $flatten\u_fpu.\u_multiplier.$procmux$2769.
    dead port 1/2 on $mux $flatten\u_fpu.\u_multiplier.$procmux$2772.
    dead port 2/2 on $mux $flatten\u_fpu.\u_multiplier.$procmux$2823.
    dead port 1/2 on $mux $flatten\u_fpu.\u_multiplier.$procmux$2826.
    dead port 1/2 on $mux $flatten\u_fpu.\u_multiplier.$procmux$2832.
    dead port 1/2 on $mux $flatten\u_fpu.\u_sqrt.$procmux$2484.
    dead port 1/2 on $mux $flatten\u_fpu.\u_sqrt.$procmux$2487.
    dead port 1/2 on $mux $flatten\u_fpu.\u_sqrt.$procmux$2490.
    dead port 1/2 on $mux $flatten\u_fpu.\u_sqrt.$procmux$2496.
    dead port 1/2 on $mux $flatten\u_fpu.\u_sqrt.$procmux$2499.
    dead port 1/2 on $mux $flatten\u_fpu.\u_sqrt.$procmux$2502.
    dead port 1/2 on $mux $flatten\u_fpu.\u_sqrt.$procmux$2508.
    dead port 1/2 on $mux $flatten\u_fpu.\u_sqrt.$procmux$2511.
    dead port 1/2 on $mux $flatten\u_fpu.\u_sqrt.$procmux$2544.
    dead port 1/2 on $mux $flatten\u_fpu.\u_sqrt.$procmux$2550.
    dead port 1/2 on $mux $flatten\u_fpu.\u_adder.$procmux$2886.
    dead port 1/2 on $mux $flatten\u_fpu.\u_adder.$procmux$2889.
    dead port 1/2 on $mux $flatten\u_fpu.\u_adder.$procmux$2892.
    dead port 1/2 on $mux $flatten\u_fpu.\u_adder.$procmux$2895.
    dead port 1/2 on $mux $flatten\u_fpu.\u_adder.$procmux$2898.
    dead port 1/2 on $mux $flatten\u_fpu.\u_adder.$procmux$2901.
    dead port 1/2 on $mux $flatten\u_fpu.\u_adder.$procmux$2908.
    dead port 2/2 on $mux $flatten\u_fpu.\u_adder.$procmux$2910.
    dead port 1/2 on $mux $flatten\u_fpu.\u_adder.$procmux$2913.
    dead port 1/2 on $mux $flatten\u_fpu.\u_adder.$procmux$2916.
    dead port 1/2 on $mux $flatten\u_fpu.\u_adder.$procmux$2919.
    dead port 1/2 on $mux $flatten\u_fpu.\u_adder.$procmux$2922.
    dead port 1/2 on $mux $flatten\u_fpu.\u_adder.$procmux$2925.
    dead port 1/2 on $mux $flatten\u_fpu.\u_adder.$procmux$2928.
    dead port 1/2 on $mux $flatten\u_fpu.\u_subtractor.$procmux$2886.
    dead port 1/2 on $mux $flatten\u_fpu.\u_subtractor.$procmux$2889.
    dead port 1/2 on $mux $flatten\u_fpu.\u_subtractor.$procmux$2892.
    dead port 1/2 on $mux $flatten\u_fpu.\u_subtractor.$procmux$2895.
    dead port 1/2 on $mux $flatten\u_fpu.\u_subtractor.$procmux$2898.
    dead port 1/2 on $mux $flatten\u_fpu.\u_subtractor.$procmux$2901.
    dead port 1/2 on $mux $flatten\u_fpu.\u_subtractor.$procmux$2908.
    dead port 2/2 on $mux $flatten\u_fpu.\u_subtractor.$procmux$2910.
    dead port 1/2 on $mux $flatten\u_fpu.\u_subtractor.$procmux$2913.
    dead port 1/2 on $mux $flatten\u_fpu.\u_subtractor.$procmux$2916.
    dead port 1/2 on $mux $flatten\u_fpu.\u_subtractor.$procmux$2919.
    dead port 1/2 on $mux $flatten\u_fpu.\u_subtractor.$procmux$2922.
    dead port 1/2 on $mux $flatten\u_fpu.\u_subtractor.$procmux$2925.
    dead port 1/2 on $mux $flatten\u_fpu.\u_subtractor.$procmux$2928.
    dead port 1/2 on $mux $flatten\u_fpu.\u_subtractor.$procmux$2931.
    dead port 1/2 on $mux $flatten\u_fpu.\u_subtractor.$procmux$2938.
    dead port 2/2 on $mux $flatten\u_fpu.\u_subtractor.$procmux$2940.
    dead port 1/2 on $mux $flatten\u_fpu.\u_subtractor.$procmux$2943.
    dead port 1/2 on $mux $flatten\u_fpu.\u_subtractor.$procmux$2946.
    dead port 1/2 on $mux $flatten\u_fpu.\u_subtractor.$procmux$2949.
    dead port 1/2 on $mux $flatten\u_fpu.\u_subtractor.$procmux$2952.
    dead port 1/2 on $mux $flatten\u_fpu.\u_subtractor.$procmux$2955.
    dead port 1/2 on $mux $flatten\u_fpu.\u_subtractor.$procmux$2958.
    dead port 1/2 on $mux $flatten\u_fpu.\u_subtractor.$procmux$2961.
    dead port 1/2 on $mux $flatten\u_fpu.\u_subtractor.$procmux$2969.
    dead port 1/2 on $mux $flatten\u_fpu.\u_subtractor.$procmux$2972.
    dead port 1/2 on $mux $flatten\u_fpu.\u_subtractor.$procmux$2974.
    dead port 2/2 on $mux $flatten\u_fpu.\u_subtractor.$procmux$2976.
    dead port 1/2 on $mux $flatten\u_fpu.\u_subtractor.$procmux$2979.
    dead port 1/2 on $mux $flatten\u_fpu.\u_subtractor.$procmux$2982.
    dead port 1/2 on $mux $flatten\u_fpu.\u_subtractor.$procmux$2985.
    dead port 1/2 on $mux $flatten\u_fpu.\u_subtractor.$procmux$2988.
    dead port 1/2 on $mux $flatten\u_fpu.\u_subtractor.$procmux$2991.
    dead port 1/2 on $mux $flatten\u_fpu.\u_subtractor.$procmux$2994.
    dead port 1/2 on $mux $flatten\u_fpu.\u_subtractor.$procmux$2997.
    dead port 2/2 on $mux $flatten\u_fpu.\u_subtractor.$procmux$3257.
    dead port 1/2 on $mux $flatten\u_fpu.\u_subtractor.$procmux$3260.
    dead port 1/2 on $mux $flatten\u_fpu.\u_subtractor.$procmux$3262.
    dead port 2/2 on $mux $flatten\u_fpu.\u_subtractor.$procmux$3264.
    dead port 1/2 on $mux $flatten\u_fpu.\u_subtractor.$procmux$3267.
    dead port 1/2 on $mux $flatten\u_fpu.\u_subtractor.$procmux$3270.
    dead port 1/2 on $mux $flatten\u_fpu.\u_subtractor.$procmux$3273.
    dead port 1/2 on $mux $flatten\u_fpu.\u_subtractor.$procmux$3276.
    dead port 1/2 on $mux $flatten\u_fpu.\u_subtractor.$procmux$3279.
    dead port 1/2 on $mux $flatten\u_fpu.\u_subtractor.$procmux$3282.
    dead port 1/2 on $mux $flatten\u_fpu.\u_subtractor.$procmux$3285.
    dead port 1/2 on $mux $flatten\u_fpu.\u_subtractor.$procmux$3578.
    dead port 1/2 on $mux $flatten\u_fpu.\u_subtractor.$procmux$3580.
    dead port 2/2 on $mux $flatten\u_fpu.\u_subtractor.$procmux$3582.
    dead port 1/2 on $mux $flatten\u_fpu.\u_subtractor.$procmux$3585.
    dead port 1/2 on $mux $flatten\u_fpu.\u_subtractor.$procmux$3588.
    dead port 1/2 on $mux $flatten\u_fpu.\u_subtractor.$procmux$3591.
    dead port 1/2 on $mux $flatten\u_fpu.\u_subtractor.$procmux$3594.
    dead port 1/2 on $mux $flatten\u_fpu.\u_subtractor.$procmux$3597.
    dead port 1/2 on $mux $flatten\u_fpu.\u_subtractor.$procmux$3600.
    dead port 1/2 on $mux $flatten\u_fpu.\u_subtractor.$procmux$3603.
    dead port 2/2 on $mux $flatten\u_fpu.\u_subtractor.$procmux$3644.
    dead port 1/2 on $mux $flatten\u_fpu.\u_subtractor.$procmux$3646.
    dead port 2/2 on $mux $flatten\u_fpu.\u_subtractor.$procmux$3648.
    dead port 1/2 on $mux $flatten\u_fpu.\u_subtractor.$procmux$3651.
    dead port 1/2 on $mux $flatten\u_fpu.\u_subtractor.$procmux$3654.
    dead port 1/2 on $mux $flatten\u_fpu.\u_subtractor.$procmux$3657.
    dead port 1/2 on $mux $flatten\u_fpu.\u_subtractor.$procmux$3660.
    dead port 1/2 on $mux $flatten\u_fpu.\u_subtractor.$procmux$3663.
    dead port 1/2 on $mux $flatten\u_fpu.\u_subtractor.$procmux$3666.
    dead port 1/2 on $mux $flatten\u_fpu.\u_subtractor.$procmux$3669.
    dead port 2/2 on $mux $flatten\u_fpu.\u_subtractor.$procmux$3993.
    dead port 1/2 on $mux $flatten\u_fpu.\u_subtractor.$procmux$3996.
    dead port 1/2 on $mux $flatten\u_fpu.\u_subtractor.$procmux$3999.
    dead port 1/2 on $mux $flatten\u_fpu.\u_subtractor.$procmux$4002.
    dead port 1/2 on $mux $flatten\u_fpu.\u_subtractor.$procmux$4005.
    dead port 1/2 on $mux $flatten\u_fpu.\u_subtractor.$procmux$4008.
    dead port 1/2 on $mux $flatten\u_fpu.\u_subtractor.$procmux$4011.
    dead port 1/2 on $mux $flatten\u_fpu.\u_subtractor.$procmux$4014.
    dead port 2/2 on $mux $flatten\u_fpu.\u_subtractor.$procmux$4020.
    dead port 1/2 on $mux $flatten\u_fpu.\u_subtractor.$procmux$4023.
    dead port 1/2 on $mux $flatten\u_fpu.\u_subtractor.$procmux$4026.
    dead port 1/2 on $mux $flatten\u_fpu.\u_subtractor.$procmux$4029.
    dead port 1/2 on $mux $flatten\u_fpu.\u_subtractor.$procmux$4032.
    dead port 1/2 on $mux $flatten\u_fpu.\u_subtractor.$procmux$4035.
    dead port 1/2 on $mux $flatten\u_fpu.\u_subtractor.$procmux$4038.
    dead port 1/2 on $mux $flatten\u_fpu.\u_subtractor.$procmux$4041.
    dead port 1/2 on $mux $flatten\u_fpu.\u_subtractor.$procmux$4251.
    dead port 1/2 on $mux $flatten\u_fpu.\u_subtractor.$procmux$4254.
    dead port 1/2 on $mux $flatten\u_fpu.\u_subtractor.$procmux$4257.
    dead port 1/2 on $mux $flatten\u_fpu.\u_subtractor.$procmux$4260.
    dead port 1/2 on $mux $flatten\u_fpu.\u_subtractor.$procmux$4263.
    dead port 1/2 on $mux $flatten\u_fpu.\u_subtractor.$procmux$4266.
    dead port 1/2 on $mux $flatten\u_fpu.\u_subtractor.$procmux$4269.
    dead port 1/2 on $mux $flatten\u_fpu.\u_subtractor.$procmux$4275.
    dead port 1/2 on $mux $flatten\u_fpu.\u_subtractor.$procmux$4278.
    dead port 1/2 on $mux $flatten\u_fpu.\u_subtractor.$procmux$4281.
    dead port 1/2 on $mux $flatten\u_fpu.\u_subtractor.$procmux$4284.
    dead port 1/2 on $mux $flatten\u_fpu.\u_subtractor.$procmux$4287.
    dead port 1/2 on $mux $flatten\u_fpu.\u_subtractor.$procmux$4290.
    dead port 1/2 on $mux $flatten\u_fpu.\u_subtractor.$procmux$4293.
    dead port 1/2 on $mux $flatten\u_fpu.\u_subtractor.$procmux$4299.
    dead port 1/2 on $mux $flatten\u_fpu.\u_subtractor.$procmux$4302.
    dead port 1/2 on $mux $flatten\u_fpu.\u_subtractor.$procmux$4305.
    dead port 1/2 on $mux $flatten\u_fpu.\u_subtractor.$procmux$4308.
    dead port 1/2 on $mux $flatten\u_fpu.\u_subtractor.$procmux$4311.
    dead port 1/2 on $mux $flatten\u_fpu.\u_subtractor.$procmux$4314.
    dead port 1/2 on $mux $flatten\u_fpu.\u_subtractor.$procmux$4317.
    dead port 2/2 on $mux $flatten\u_fpu.\u_subtractor.$procmux$4347.
    dead port 1/2 on $mux $flatten\u_fpu.\u_subtractor.$procmux$4350.
    dead port 1/2 on $mux $flatten\u_fpu.\u_subtractor.$procmux$4353.
    dead port 1/2 on $mux $flatten\u_fpu.\u_subtractor.$procmux$4356.
    dead port 1/2 on $mux $flatten\u_fpu.\u_subtractor.$procmux$4359.
    dead port 1/2 on $mux $flatten\u_fpu.\u_subtractor.$procmux$4362.
    dead port 1/2 on $mux $flatten\u_fpu.\u_subtractor.$procmux$4365.
    dead port 2/2 on $mux $flatten\u_fpu.\u_subtractor.$procmux$4371.
    dead port 1/2 on $mux $flatten\u_fpu.\u_subtractor.$procmux$4374.
    dead port 1/2 on $mux $flatten\u_fpu.\u_subtractor.$procmux$4377.
    dead port 1/2 on $mux $flatten\u_fpu.\u_subtractor.$procmux$4380.
    dead port 1/2 on $mux $flatten\u_fpu.\u_subtractor.$procmux$4383.
    dead port 1/2 on $mux $flatten\u_fpu.\u_subtractor.$procmux$4386.
    dead port 1/2 on $mux $flatten\u_fpu.\u_subtractor.$procmux$4389.
    dead port 1/2 on $mux $flatten\u_fpu.\u_subtractor.$procmux$4416.
    dead port 1/2 on $mux $flatten\u_fpu.\u_subtractor.$procmux$4419.
    dead port 1/2 on $mux $flatten\u_fpu.\u_subtractor.$procmux$4422.
    dead port 1/2 on $mux $flatten\u_fpu.\u_subtractor.$procmux$4425.
    dead port 1/2 on $mux $flatten\u_fpu.\u_subtractor.$procmux$4428.
    dead port 1/2 on $mux $flatten\u_fpu.\u_subtractor.$procmux$4431.
    dead port 1/2 on $mux $flatten\u_fpu.\u_subtractor.$procmux$4437.
    dead port 1/2 on $mux $flatten\u_fpu.\u_subtractor.$procmux$4440.
    dead port 1/2 on $mux $flatten\u_fpu.\u_subtractor.$procmux$4443.
    dead port 1/2 on $mux $flatten\u_fpu.\u_subtractor.$procmux$4446.
    dead port 1/2 on $mux $flatten\u_fpu.\u_subtractor.$procmux$4449.
    dead port 1/2 on $mux $flatten\u_fpu.\u_subtractor.$procmux$4452.
    dead port 1/2 on $mux $flatten\u_fpu.\u_subtractor.$procmux$4542.
    dead port 1/2 on $mux $flatten\u_fpu.\u_subtractor.$procmux$4545.
    dead port 1/2 on $mux $flatten\u_fpu.\u_subtractor.$procmux$4548.
    dead port 1/2 on $mux $flatten\u_fpu.\u_subtractor.$procmux$4551.
    dead port 1/2 on $mux $flatten\u_fpu.\u_subtractor.$procmux$4554.
    dead port 1/2 on $mux $flatten\u_fpu.\u_subtractor.$procmux$4557.
    dead port 1/2 on $mux $flatten\u_fpu.\u_subtractor.$procmux$4560.
    dead port 2/2 on $mux $flatten\u_fpu.\u_subtractor.$procmux$4566.
    dead port 1/2 on $mux $flatten\u_fpu.\u_subtractor.$procmux$4569.
    dead port 1/2 on $mux $flatten\u_fpu.\u_subtractor.$procmux$4572.
    dead port 1/2 on $mux $flatten\u_fpu.\u_subtractor.$procmux$4575.
    dead port 1/2 on $mux $flatten\u_fpu.\u_subtractor.$procmux$4578.
    dead port 1/2 on $mux $flatten\u_fpu.\u_subtractor.$procmux$4581.
    dead port 1/2 on $mux $flatten\u_fpu.\u_subtractor.$procmux$4584.
    dead port 1/2 on $mux $flatten\u_fpu.\u_subtractor.$procmux$4674.
    dead port 1/2 on $mux $flatten\u_fpu.\u_subtractor.$procmux$4677.
    dead port 1/2 on $mux $flatten\u_fpu.\u_subtractor.$procmux$4680.
    dead port 1/2 on $mux $flatten\u_fpu.\u_subtractor.$procmux$4683.
    dead port 1/2 on $mux $flatten\u_fpu.\u_subtractor.$procmux$4686.
    dead port 1/2 on $mux $flatten\u_fpu.\u_subtractor.$procmux$4944.
    dead port 1/2 on $mux $flatten\u_fpu.\u_subtractor.$procmux$4947.
    dead port 1/2 on $mux $flatten\u_fpu.\u_subtractor.$procmux$4950.
    dead port 1/2 on $mux $flatten\u_fpu.\u_subtractor.$procmux$4953.
    dead port 1/2 on $mux $flatten\u_fpu.\u_subtractor.$procmux$5169.
    dead port 1/2 on $mux $flatten\u_fpu.\u_subtractor.$procmux$5172.
    dead port 1/2 on $mux $flatten\u_fpu.\u_subtractor.$procmux$5175.
    dead port 1/2 on $mux $flatten\u_fpu.\u_subtractor.$procmux$5349.
    dead port 1/2 on $mux $flatten\u_fpu.\u_subtractor.$procmux$5352.
    dead port 2/2 on $mux $flatten\u_fpu.\u_subtractor.$procmux$5484.
    dead port 1/2 on $mux $flatten\u_fpu.\u_subtractor.$procmux$5487.
    dead port 1/2 on $mux $flatten\u_fpu.\u_subtractor.$procmux$5493.
    dead port 1/2 on $mux $flatten\u_fpu.\u_adder.$procmux$2931.
Removed 1296 multiplexer ports.
<suppressed ~303 debug messages>

14.10.4. Executing OPT_REDUCE pass (consolidate $*mux and $reduce_* inputs).
  Optimizing cells in module \synth_harness.
    New ctrl vector for $pmux cell $flatten\u_fpu.$procmux$5693: \u_fpu.is_fp_div
    New ctrl vector for $pmux cell $flatten\u_fpu.$procmux$5655: { \u_fpu.is_fp_div $flatten\u_fpu.$procmux$5665_CMP $flatten\u_fpu.$procmux$5660_CMP $flatten\u_fpu.$procmux$5659_CMP $flatten\u_fpu.$procmux$5658_CMP $flatten\u_fpu.$procmux$5657_CMP $flatten\u_fpu.$procmux$5656_CMP }
  Optimizing cells in module \synth_harness.
Performed a total of 4 changes.

14.10.5. Executing OPT_MERGE pass (detect identical cells).
Finding identical cells in module `\synth_harness'.
<suppressed ~720 debug messages>
Removed a total of 240 cells.

14.10.6. Executing OPT_DFF pass (perform DFF optimizations).

14.10.7. Executing OPT_CLEAN pass (remove unused cells and wires).
Finding unused cells or wires in module \synth_harness..
Removed 0 unused cells and 1783 unused wires.
<suppressed ~1 debug messages>

14.10.8. Executing OPT_EXPR pass (perform const folding).
Optimizing module synth_harness.

14.10.9. Rerunning OPT passes. (Maybe there is more to do..)

14.10.10. Executing OPT_MUXTREE pass (detect dead branches in mux trees).
Running muxtree optimizer on module \synth_harness..
  Creating internal representation of mux trees.
  Evaluating internal representation of mux trees.
  Analyzing evaluation results.
Removed 0 multiplexer ports.
<suppressed ~291 debug messages>

14.10.11. Executing OPT_REDUCE pass (consolidate $*mux and $reduce_* inputs).
  Optimizing cells in module \synth_harness.
    New ctrl vector for $pmux cell $flatten\u_fpu.$procmux$5655: { \u_fpu.is_fp_div $flatten\u_fpu.$procmux$5665_CMP $flatten\u_fpu.$procmux$5660_CMP $auto$opt_reduce.cc:134:opt_pmux$6157 $flatten\u_fpu.$procmux$5657_CMP $flatten\u_fpu.$procmux$5656_CMP }
  Optimizing cells in module \synth_harness.
Performed a total of 1 changes.

14.10.12. Executing OPT_MERGE pass (detect identical cells).
Finding identical cells in module `\synth_harness'.
Removed a total of 0 cells.

14.10.13. Executing OPT_DFF pass (perform DFF optimizations).

14.10.14. Executing OPT_CLEAN pass (remove unused cells and wires).
Finding unused cells or wires in module \synth_harness..

14.10.15. Executing OPT_EXPR pass (perform const folding).
Optimizing module synth_harness.

14.10.16. Rerunning OPT passes. (Maybe there is more to do..)

14.10.17. Executing OPT_MUXTREE pass (detect dead branches in mux trees).
Running muxtree optimizer on module \synth_harness..
  Creating internal representation of mux trees.
  Evaluating internal representation of mux trees.
  Analyzing evaluation results.
Removed 0 multiplexer ports.
<suppressed ~291 debug messages>

14.10.18. Executing OPT_REDUCE pass (consolidate $*mux and $reduce_* inputs).
  Optimizing cells in module \synth_harness.
Performed a total of 0 changes.

14.10.19. Executing OPT_MERGE pass (detect identical cells).
Finding identical cells in module `\synth_harness'.
Removed a total of 0 cells.

14.10.20. Executing OPT_DFF pass (perform DFF optimizations).

14.10.21. Executing OPT_CLEAN pass (remove unused cells and wires).
Finding unused cells or wires in module \synth_harness..

14.10.22. Executing OPT_EXPR pass (perform const folding).
Optimizing module synth_harness.

14.10.23. Finished OPT passes. (There is nothing left to do.)

14.11. Executing FSM pass (extract and optimize FSM).

14.11.1. Executing FSM_DETECT pass (finding FSMs in design).
Not marking synth_harness.u_fpu.u_div.state as FSM state register:
    Circuit seems to be self-resetting.

14.11.2. Executing FSM_EXTRACT pass (extracting FSM from design).

14.11.3. Executing FSM_OPT pass (simple optimizations of FSMs).

14.11.4. Executing OPT_CLEAN pass (remove unused cells and wires).
Finding unused cells or wires in module \synth_harness..

14.11.5. Executing FSM_OPT pass (simple optimizations of FSMs).

14.11.6. Executing FSM_RECODE pass (re-assigning FSM state encoding).

14.11.7. Executing FSM_INFO pass (dumping all available information on FSM cells).

14.11.8. Executing FSM_MAP pass (mapping FSMs to basic logic).

14.12. Executing OPT pass (performing simple optimizations).

14.12.1. Executing OPT_EXPR pass (perform const folding).
Optimizing module synth_harness.

14.12.2. Executing OPT_MERGE pass (detect identical cells).
Finding identical cells in module `\synth_harness'.
Removed a total of 0 cells.

14.12.3. Executing OPT_MUXTREE pass (detect dead branches in mux trees).
Running muxtree optimizer on module \synth_harness..
  Creating internal representation of mux trees.
  Evaluating internal representation of mux trees.
  Analyzing evaluation results.
Removed 0 multiplexer ports.
<suppressed ~291 debug messages>

14.12.4. Executing OPT_REDUCE pass (consolidate $*mux and $reduce_* inputs).
  Optimizing cells in module \synth_harness.
Performed a total of 0 changes.

14.12.5. Executing OPT_MERGE pass (detect identical cells).
Finding identical cells in module `\synth_harness'.
Removed a total of 0 cells.

14.12.6. Executing OPT_DFF pass (perform DFF optimizations).
Adding EN signal on $flatten\u_fpu.\u_div.$procdff$6102 ($adff) from module synth_harness (D = \u_fpu.u_div.next_state, Q = \u_fpu.u_div.state).
Adding EN signal on $flatten\u_fpu.\u_div.$procdff$6101 ($adff) from module synth_harness (D = 1'0, Q = \u_fpu.u_div.overflow).
Adding EN signal on $flatten\u_fpu.\u_div.$procdff$6100 ($adff) from module synth_harness (D = $flatten\u_fpu.\u_div.$eq$../../rtl/div_unit.sv:155$978_Y, Q = \u_fpu.u_div.div_by_zero).
Adding EN signal on $flatten\u_fpu.\u_div.$procdff$6097 ($adff) from module synth_harness (D = $flatten\u_fpu.\u_div.$0\iter_count[5:0], Q = \u_fpu.u_div.iter_count).
Adding EN signal on $flatten\u_fpu.\u_div.$procdff$6096 ($adff) from module synth_harness (D = $flatten\u_fpu.\u_div.$0\Q[47:0], Q = \u_fpu.u_div.Q).
Adding EN signal on $flatten\u_fpu.\u_div.$procdff$6095 ($adff) from module synth_harness (D = $flatten\u_fpu.\u_div.$0\P[95:0] [94:0], Q = \u_fpu.u_div.P [94:0]).
Adding EN signal on $flatten\u_fpu.\u_div.$procdff$6095 ($adff) from module synth_harness (D = $flatten\u_fpu.\u_div.$0\P[95:0] [95], Q = \u_fpu.u_div.P [95]).
Adding EN signal on $flatten\u_fpu.\u_div.$procdff$6094 ($adff) from module synth_harness (D = { \u_fpu.u_div.abs_divisor 48'000000000000000000000000000000000000000000000000 }, Q = \u_fpu.u_div.D).
Adding EN signal on $flatten\u_fpu.$procdff$6141 ($adff) from module synth_harness (D = $flatten\u_fpu.$0\div_in_progress[0:0], Q = \u_fpu.div_in_progress).
Adding EN signal on $flatten\u_fpu.$procdff$6140 ($adff) from module synth_harness (D = \stim_reg[1], Q = \u_fpu.div_fs2_reg).
Adding EN signal on $flatten\u_fpu.$procdff$6139 ($adff) from module synth_harness (D = \stim_reg[0], Q = \u_fpu.div_fs1_reg).
Setting constant 0-bit at position 0 on $auto$ff.cc:266:slice$6193 ($adffe) from module synth_harness.
Setting constant 0-bit at position 1 on $auto$ff.cc:266:slice$6193 ($adffe) from module synth_harness.
Setting constant 0-bit at position 2 on $auto$ff.cc:266:slice$6193 ($adffe) from module synth_harness.
Setting constant 0-bit at position 3 on $auto$ff.cc:266:slice$6193 ($adffe) from module synth_harness.
Setting constant 0-bit at position 4 on $auto$ff.cc:266:slice$6193 ($adffe) from module synth_harness.
Setting constant 0-bit at position 5 on $auto$ff.cc:266:slice$6193 ($adffe) from module synth_harness.
Setting constant 0-bit at position 6 on $auto$ff.cc:266:slice$6193 ($adffe) from module synth_harness.
Setting constant 0-bit at position 7 on $auto$ff.cc:266:slice$6193 ($adffe) from module synth_harness.
Setting constant 0-bit at position 8 on $auto$ff.cc:266:slice$6193 ($adffe) from module synth_harness.
Setting constant 0-bit at position 9 on $auto$ff.cc:266:slice$6193 ($adffe) from module synth_harness.
Setting constant 0-bit at position 10 on $auto$ff.cc:266:slice$6193 ($adffe) from module synth_harness.
Setting constant 0-bit at position 11 on $auto$ff.cc:266:slice$6193 ($adffe) from module synth_harness.
Setting constant 0-bit at position 12 on $auto$ff.cc:266:slice$6193 ($adffe) from module synth_harness.
Setting constant 0-bit at position 13 on $auto$ff.cc:266:slice$6193 ($adffe) from module synth_harness.
Setting constant 0-bit at position 14 on $auto$ff.cc:266:slice$6193 ($adffe) from module synth_harness.
Setting constant 0-bit at position 15 on $auto$ff.cc:266:slice$6193 ($adffe) from module synth_harness.
Setting constant 0-bit at position 16 on $auto$ff.cc:266:slice$6193 ($adffe) from module synth_harness.
Setting constant 0-bit at position 17 on $auto$ff.cc:266:slice$6193 ($adffe) from module synth_harness.
Setting constant 0-bit at position 18 on $auto$ff.cc:266:slice$6193 ($adffe) from module synth_harness.
Setting constant 0-bit at position 19 on $auto$ff.cc:266:slice$6193 ($adffe) from module synth_harness.
Setting constant 0-bit at position 20 on $auto$ff.cc:266:slice$6193 ($adffe) from module synth_harness.
Setting constant 0-bit at position 21 on $auto$ff.cc:266:slice$6193 ($adffe) from module synth_harness.
Setting constant 0-bit at position 22 on $auto$ff.cc:266:slice$6193 ($adffe) from module synth_harness.
Setting constant 0-bit at position 23 on $auto$ff.cc:266:slice$6193 ($adffe) from module synth_harness.
Setting constant 0-bit at position 24 on $auto$ff.cc:266:slice$6193 ($adffe) from module synth_harness.
Setting constant 0-bit at position 25 on $auto$ff.cc:266:slice$6193 ($adffe) from module synth_harness.
Setting constant 0-bit at position 26 on $auto$ff.cc:266:slice$6193 ($adffe) from module synth_harness.
Setting constant 0-bit at position 27 on $auto$ff.cc:266:slice$6193 ($adffe) from module synth_harness.
Setting constant 0-bit at position 28 on $auto$ff.cc:266:slice$6193 ($adffe) from module synth_harness.
Setting constant 0-bit at position 29 on $auto$ff.cc:266:slice$6193 ($adffe) from module synth_harness.
Setting constant 0-bit at position 30 on $auto$ff.cc:266:slice$6193 ($adffe) from module synth_harness.
Setting constant 0-bit at position 31 on $auto$ff.cc:266:slice$6193 ($adffe) from module synth_harness.
Setting constant 0-bit at position 32 on $auto$ff.cc:266:slice$6193 ($adffe) from module synth_harness.
Setting constant 0-bit at position 33 on $auto$ff.cc:266:slice$6193 ($adffe) from module synth_harness.
Setting constant 0-bit at position 34 on $auto$ff.cc:266:slice$6193 ($adffe) from module synth_harness.
Setting constant 0-bit at position 35 on $auto$ff.cc:266:slice$6193 ($adffe) from module synth_harness.
Setting constant 0-bit at position 36 on $auto$ff.cc:266:slice$6193 ($adffe) from module synth_harness.
Setting constant 0-bit at position 37 on $auto$ff.cc:266:slice$6193 ($adffe) from module synth_harness.
Setting constant 0-bit at position 38 on $auto$ff.cc:266:slice$6193 ($adffe) from module synth_harness.
Setting constant 0-bit at position 39 on $auto$ff.cc:266:slice$6193 ($adffe) from module synth_harness.
Setting constant 0-bit at position 40 on $auto$ff.cc:266:slice$6193 ($adffe) from module synth_harness.
Setting constant 0-bit at position 41 on $auto$ff.cc:266:slice$6193 ($adffe) from module synth_harness.
Setting constant 0-bit at position 42 on $auto$ff.cc:266:slice$6193 ($adffe) from module synth_harness.
Setting constant 0-bit at position 43 on $auto$ff.cc:266:slice$6193 ($adffe) from module synth_harness.
Setting constant 0-bit at position 44 on $auto$ff.cc:266:slice$6193 ($adffe) from module synth_harness.
Setting constant 0-bit at position 45 on $auto$ff.cc:266:slice$6193 ($adffe) from module synth_harness.
Setting constant 0-bit at position 46 on $auto$ff.cc:266:slice$6193 ($adffe) from module synth_harness.
Setting constant 0-bit at position 47 on $auto$ff.cc:266:slice$6193 ($adffe) from module synth_harness.
Setting constant 0-bit at position 0 on $auto$ff.cc:266:slice$6161 ($adffe) from module synth_harness.

14.12.7. Executing OPT_CLEAN pass (remove unused cells and wires).
Finding unused cells or wires in module \synth_harness..
Removed 6 unused cells and 6 unused wires.
<suppressed ~7 debug messages>

14.12.8. Executing OPT_EXPR pass (perform const folding).
Optimizing module synth_harness.
<suppressed ~7 debug messages>

14.12.9. Rerunning OPT passes. (Maybe there is more to do..)

14.12.10. Executing OPT_MUXTREE pass (detect dead branches in mux trees).
Running muxtree optimizer on module \synth_harness..
  Creating internal representation of mux trees.
  Evaluating internal representation of mux trees.
  Analyzing evaluation results.
Removed 0 multiplexer ports.
<suppressed ~286 debug messages>

14.12.11. Executing OPT_REDUCE pass (consolidate $*mux and $reduce_* inputs).
  Optimizing cells in module \synth_harness.
Performed a total of 0 changes.

14.12.12. Executing OPT_MERGE pass (detect identical cells).
Finding identical cells in module `\synth_harness'.
<suppressed ~18 debug messages>
Removed a total of 6 cells.

14.12.13. Executing OPT_DFF pass (perform DFF optimizations).

14.12.14. Executing OPT_CLEAN pass (remove unused cells and wires).
Finding unused cells or wires in module \synth_harness..
Removed 0 unused cells and 8 unused wires.
<suppressed ~1 debug messages>

14.12.15. Executing OPT_EXPR pass (perform const folding).
Optimizing module synth_harness.

14.12.16. Rerunning OPT passes. (Maybe there is more to do..)

14.12.17. Executing OPT_MUXTREE pass (detect dead branches in mux trees).
Running muxtree optimizer on module \synth_harness..
  Creating internal representation of mux trees.
  Evaluating internal representation of mux trees.
  Analyzing evaluation results.
Removed 0 multiplexer ports.
<suppressed ~286 debug messages>

14.12.18. Executing OPT_REDUCE pass (consolidate $*mux and $reduce_* inputs).
  Optimizing cells in module \synth_harness.
Performed a total of 0 changes.

14.12.19. Executing OPT_MERGE pass (detect identical cells).
Finding identical cells in module `\synth_harness'.
Removed a total of 0 cells.

14.12.20. Executing OPT_DFF pass (perform DFF optimizations).

14.12.21. Executing OPT_CLEAN pass (remove unused cells and wires).
Finding unused cells or wires in module \synth_harness..

14.12.22. Executing OPT_EXPR pass (perform const folding).
Optimizing module synth_harness.

14.12.23. Finished OPT passes. (There is nothing left to do.)

14.13. Executing WREDUCE pass (reducing word size of cells).
Removed top 27 bits (of 32) from port B of cell synth_harness.$xor$synth_harness.sv:292$955 ($xor).
Removed top 31 bits (of 32) from port B of cell synth_harness.$xor$synth_harness.sv:292$956 ($xor).
Removed top 24 bits (of 32) from FF cell synth_harness.$procdff$6123 ($dff).
Removed top 1 bits (of 2) from port B of cell synth_harness.$auto$opt_dff.cc:195:make_patterns_logic$6160 ($ne).
Removed top 1 bits (of 9) from port A of cell synth_harness.$flatten\u_fpu.\u_div_assemble.$sub$../../rtl/fpu_div_assemble.sv:34$393 ($sub).
Removed top 1 bits (of 9) from port B of cell synth_harness.$flatten\u_fpu.\u_div_assemble.$sub$../../rtl/fpu_div_assemble.sv:34$393 ($sub).
Removed top 2 bits (of 9) from port B of cell synth_harness.$flatten\u_fpu.\u_div_assemble.$add$../../rtl/fpu_div_assemble.sv:34$394 ($add).
Removed top 8 bits (of 9) from port B of cell synth_harness.$flatten\u_fpu.\u_div_assemble.$sub$../../rtl/fpu_div_assemble.sv:44$397 ($sub).
Removed top 31 bits (of 32) from port B of cell synth_harness.$flatten\u_fpu.\u_div_assemble.$gt$../../rtl/fpu_div_assemble.sv:53$494 ($gt).
Removed top 4 bits (of 9) from port A of cell synth_harness.$flatten\u_fpu.\u_div_assemble.$sub$../../rtl/fpu_div_assemble.sv:54$495 ($sub).
Removed top 1 bits (of 9) from port B of cell synth_harness.$flatten\u_fpu.\u_div_assemble.$sub$../../rtl/fpu_div_assemble.sv:54$495 ($sub).
Removed top 31 bits (of 32) from port B of cell synth_harness.$flatten\u_fpu.\u_div_assemble.$gt$../../rtl/fpu_div_assemble.sv:56$496 ($gt).
Removed top 31 bits (of 32) from port B of cell synth_harness.$flatten\u_fpu.\u_div_assemble.$lt$../../rtl/fpu_div_assemble.sv:59$499 ($lt).
Removed top 24 bits (of 32) from port B of cell synth_harness.$flatten\u_fpu.\u_div_assemble.$ge$../../rtl/fpu_div_assemble.sv:74$505 ($ge).
Removed top 1 bits (of 32) from mux cell synth_harness.$flatten\u_fpu.\u_div_assemble.$procmux$1216 ($mux).
Removed top 1 bits (of 32) from mux cell synth_harness.$flatten\u_fpu.\u_div_assemble.$procmux$1234 ($mux).
Removed top 1 bits (of 32) from mux cell synth_harness.$flatten\u_fpu.\u_div_assemble.$procmux$1252 ($mux).
Removed top 24 bits (of 48) from mux cell synth_harness.$flatten\u_fpu.\u_div_assemble.$procmux$1304 ($mux).
Removed top 2 bits (of 8) from mux cell synth_harness.$flatten\u_fpu.\u_div_assemble.$procmux$1774 ($mux).
Removed top 2 bits (of 3) from port B of cell synth_harness.$flatten\u_fpu.\u_div.$procmux$1076_CMP0 ($eq).
Removed top 1 bits (of 3) from port B of cell synth_harness.$flatten\u_fpu.\u_div.$procmux$1101_CMP0 ($eq).
Removed top 47 bits (of 48) from mux cell synth_harness.$flatten\u_fpu.\u_div.$procmux$1107 ($mux).
Removed top 1 bits (of 3) from port B of cell synth_harness.$flatten\u_fpu.\u_div.$procmux$1117_CMP0 ($eq).
Removed top 2 bits (of 3) from mux cell synth_harness.$flatten\u_fpu.\u_div.$procmux$1141 ($mux).
Removed top 7 bits (of 8) from mux cell synth_harness.$flatten\u_fpu.\u_fma_nmadd.\u_add.$procmux$3840 ($mux).
Removed top 4 bits (of 8) from mux cell synth_harness.$flatten\u_fpu.\u_fma_nmadd.\u_add.$procmux$3507 ($mux).
Removed top 3 bits (of 8) from mux cell synth_harness.$flatten\u_fpu.\u_fma_nmadd.\u_add.$procmux$3218 ($mux).
Removed top 7 bits (of 8) from mux cell synth_harness.$flatten\u_fpu.\u_fma_nmsub.\u_add.$procmux$3840 ($mux).
Removed top 4 bits (of 8) from mux cell synth_harness.$flatten\u_fpu.\u_fma_nmsub.\u_add.$procmux$3507 ($mux).
Removed top 3 bits (of 8) from mux cell synth_harness.$flatten\u_fpu.\u_fma_nmsub.\u_add.$procmux$3218 ($mux).
Removed top 1 bits (of 25) from mux cell synth_harness.$flatten\u_fpu.\u_fma_msub.\u_add.$procmux$4369 ($mux).
Removed top 7 bits (of 8) from mux cell synth_harness.$flatten\u_fpu.\u_fma_msub.\u_add.$procmux$3840 ($mux).
Removed top 4 bits (of 8) from mux cell synth_harness.$flatten\u_fpu.\u_fma_msub.\u_add.$procmux$3507 ($mux).
Removed top 3 bits (of 8) from mux cell synth_harness.$flatten\u_fpu.\u_fma_msub.\u_add.$procmux$3218 ($mux).
Removed top 31 bits (of 32) from port B of cell synth_harness.$flatten\u_fpu.\u_fma_msub.\u_add.$add$../../rtl/fpu_adder.sv:101$151 ($add).
Removed top 24 bits (of 32) from port Y of cell synth_harness.$flatten\u_fpu.\u_fma_msub.\u_add.$add$../../rtl/fpu_adder.sv:101$151 ($add).
Removed top 27 bits (of 32) from port B of cell synth_harness.$flatten\u_fpu.\u_fma_msub.\u_add.$lt$../../rtl/fpu_adder.sv:85$143 ($lt).
Removed top 27 bits (of 32) from port B of cell synth_harness.$flatten\u_fpu.\u_fma_msub.\u_add.$lt$../../rtl/fpu_adder.sv:77$140 ($lt).
Removed top 1 bits (of 32) from mux cell synth_harness.$flatten\u_fpu.\u_fma_madd.\u_mul.$procmux$2586 ($mux).
Removed top 24 bits (of 32) from port B of cell synth_harness.$flatten\u_fpu.\u_fma_madd.\u_mul.$gt$../../rtl/fpu_multiplier.sv:69$245 ($gt).
Removed top 31 bits (of 32) from port B of cell synth_harness.$flatten\u_fpu.\u_fma_madd.\u_mul.$add$../../rtl/fpu_multiplier.sv:64$244 ($add).
Removed top 23 bits (of 32) from port Y of cell synth_harness.$flatten\u_fpu.\u_fma_madd.\u_mul.$add$../../rtl/fpu_multiplier.sv:64$244 ($add).
Removed top 24 bits (of 48) from port A of cell synth_harness.$flatten\u_fpu.\u_fma_madd.\u_mul.$mul$../../rtl/fpu_multiplier.sv:60$243 ($mul).
Removed top 24 bits (of 48) from port B of cell synth_harness.$flatten\u_fpu.\u_fma_madd.\u_mul.$mul$../../rtl/fpu_multiplier.sv:60$243 ($mul).
Removed top 2 bits (of 9) from port B of cell synth_harness.$flatten\u_fpu.\u_fma_madd.\u_mul.$sub$../../rtl/fpu_multiplier.sv:59$242 ($sub).
Removed top 1 bits (of 9) from port A of cell synth_harness.$flatten\u_fpu.\u_fma_madd.\u_mul.$add$../../rtl/fpu_multiplier.sv:59$241 ($add).
Removed top 1 bits (of 9) from port B of cell synth_harness.$flatten\u_fpu.\u_fma_madd.\u_mul.$add$../../rtl/fpu_multiplier.sv:59$241 ($add).
Removed top 7 bits (of 8) from mux cell synth_harness.$flatten\u_fpu.\u_fma_madd.\u_add.$procmux$3840 ($mux).
Removed top 4 bits (of 8) from mux cell synth_harness.$flatten\u_fpu.\u_fma_madd.\u_add.$procmux$3507 ($mux).
Removed top 3 bits (of 8) from mux cell synth_harness.$flatten\u_fpu.\u_fma_madd.\u_add.$procmux$3218 ($mux).
Removed top 24 bits (of 48) from mux cell synth_harness.$flatten\u_fpu.\u_div_setup.$procmux$1867 ($mux).
Removed top 24 bits (of 48) from mux cell synth_harness.$flatten\u_fpu.\u_div_setup.$procmux$1921 ($mux).
Removed top 24 bits (of 48) from mux cell synth_harness.$flatten\u_fpu.\u_div_setup.$procmux$1975 ($mux).
Removed top 24 bits (of 48) from mux cell synth_harness.$flatten\u_fpu.\u_div_setup.$procmux$2020 ($mux).
Removed top 24 bits (of 48) from mux cell synth_harness.$flatten\u_fpu.\u_div_setup.$procmux$2038 ($mux).
Removed top 1 bits (of 9) from port A of cell synth_harness.$flatten\u_fpu.\u_float_to_int_signed.$sub$../../rtl/fpu_float_to_int.sv:46$357 ($sub).
Removed top 2 bits (of 9) from port B of cell synth_harness.$flatten\u_fpu.\u_float_to_int_signed.$sub$../../rtl/fpu_float_to_int.sv:46$357 ($sub).
Removed top 31 bits (of 32) from port B of cell synth_harness.$flatten\u_fpu.\u_float_to_int_signed.$lt$../../rtl/fpu_float_to_int.sv:48$358 ($lt).
Removed top 26 bits (of 32) from port B of cell synth_harness.$flatten\u_fpu.\u_float_to_int_signed.$gt$../../rtl/fpu_float_to_int.sv:50$359 ($gt).
Removed top 26 bits (of 32) from port B of cell synth_harness.$flatten\u_fpu.\u_float_to_int_signed.$ge$../../rtl/fpu_float_to_int.sv:54$361 ($ge).
Removed top 26 bits (of 32) from port B of cell synth_harness.$flatten\u_fpu.\u_float_to_int_signed.$sub$../../rtl/fpu_float_to_int.sv:55$362 ($sub).
Removed top 22 bits (of 32) from port Y of cell synth_harness.$flatten\u_fpu.\u_float_to_int_signed.$sub$../../rtl/fpu_float_to_int.sv:55$362 ($sub).
Removed top 8 bits (of 32) from port A of cell synth_harness.$flatten\u_fpu.\u_float_to_int_signed.$shl$../../rtl/fpu_float_to_int.sv:55$363 ($shl).
Removed top 26 bits (of 32) from port A of cell synth_harness.$flatten\u_fpu.\u_float_to_int_signed.$sub$../../rtl/fpu_float_to_int.sv:57$364 ($sub).
Removed top 22 bits (of 32) from port Y of cell synth_harness.$flatten\u_fpu.\u_float_to_int_signed.$sub$../../rtl/fpu_float_to_int.sv:57$364 ($sub).
Removed top 8 bits (of 32) from port A of cell synth_harness.$flatten\u_fpu.\u_float_to_int_signed.$shr$../../rtl/fpu_float_to_int.sv:57$365 ($shr).
Removed top 1 bits (of 8) from port A of cell synth_harness.$flatten\u_fpu.\u_int_to_float_unsigned.$add$../../rtl/fpu_int_to_float.sv:48$337 ($add).
Removed top 27 bits (of 32) from port B of cell synth_harness.$flatten\u_fpu.\u_int_to_float_unsigned.$ge$../../rtl/fpu_int_to_float.sv:51$338 ($ge).
Removed top 31 bits (of 32) from port B of cell synth_harness.$flatten\u_fpu.\u_int_to_float_unsigned.$sub$../../rtl/fpu_int_to_float.sv:52$339 ($sub).
Removed top 23 bits (of 32) from port Y of cell synth_harness.$flatten\u_fpu.\u_int_to_float_unsigned.$sub$../../rtl/fpu_int_to_float.sv:52$339 ($sub).
Removed top 31 bits (of 32) from port B of cell synth_harness.$flatten\u_fpu.\u_int_to_float_unsigned.$add$../../rtl/fpu_int_to_float.sv:0$340 ($add).
Removed top 27 bits (of 32) from port B of cell synth_harness.$flatten\u_fpu.\u_int_to_float_unsigned.$sub$../../rtl/fpu_int_to_float.sv:0$341 ($sub).
Removed top 27 bits (of 32) from port A of cell synth_harness.$flatten\u_fpu.\u_int_to_float_unsigned.$sub$../../rtl/fpu_int_to_float.sv:55$343 ($sub).
Removed top 23 bits (of 32) from port Y of cell synth_harness.$flatten\u_fpu.\u_int_to_float_unsigned.$sub$../../rtl/fpu_int_to_float.sv:55$343 ($sub).
Removed top 3 bits (of 8) from mux cell synth_harness.$flatten\u_fpu.\u_int_to_float_unsigned.$procmux$2443 ($mux).
Removed top 1 bits (of 32) from mux cell synth_harness.$flatten\u_fpu.\u_int_to_float_unsigned.$procmux$2461 ($mux).
Removed top 1 bits (of 8) from port A of cell synth_harness.$flatten\u_fpu.\u_int_to_float_signed.$add$../../rtl/fpu_int_to_float.sv:48$337 ($add).
Removed top 27 bits (of 32) from port B of cell synth_harness.$flatten\u_fpu.\u_int_to_float_signed.$ge$../../rtl/fpu_int_to_float.sv:51$338 ($ge).
Removed top 31 bits (of 32) from port B of cell synth_harness.$flatten\u_fpu.\u_int_to_float_signed.$sub$../../rtl/fpu_int_to_float.sv:52$339 ($sub).
Removed top 23 bits (of 32) from port Y of cell synth_harness.$flatten\u_fpu.\u_int_to_float_signed.$sub$../../rtl/fpu_int_to_float.sv:52$339 ($sub).
Removed top 31 bits (of 32) from port B of cell synth_harness.$flatten\u_fpu.\u_int_to_float_signed.$add$../../rtl/fpu_int_to_float.sv:0$340 ($add).
Removed top 27 bits (of 32) from port B of cell synth_harness.$flatten\u_fpu.\u_int_to_float_signed.$sub$../../rtl/fpu_int_to_float.sv:0$341 ($sub).
Removed top 27 bits (of 32) from port A of cell synth_harness.$flatten\u_fpu.\u_int_to_float_signed.$sub$../../rtl/fpu_int_to_float.sv:55$343 ($sub).
Removed top 23 bits (of 32) from port Y of cell synth_harness.$flatten\u_fpu.\u_int_to_float_signed.$sub$../../rtl/fpu_int_to_float.sv:55$343 ($sub).
Removed top 3 bits (of 8) from mux cell synth_harness.$flatten\u_fpu.\u_int_to_float_signed.$procmux$2443 ($mux).
Removed top 1 bits (of 8) from port B of cell synth_harness.$flatten\u_fpu.\u_sqrt.$sub$../../rtl/fpu_sqrt.sv:43$259 ($sub).
Removed top 1 bits (of 8) from port A of cell synth_harness.$flatten\u_fpu.\u_sqrt.$add$../../rtl/fpu_sqrt.sv:43$261 ($add).
Removed top 1 bits (of 8) from port B of cell synth_harness.$flatten\u_fpu.\u_sqrt.$add$../../rtl/fpu_sqrt.sv:43$261 ($add).
Removed top 3 bits (of 8) from mux cell synth_harness.$flatten\u_fpu.\u_subtractor.$procmux$3218 ($mux).
Removed top 4 bits (of 8) from mux cell synth_harness.$flatten\u_fpu.\u_subtractor.$procmux$3507 ($mux).
Removed top 7 bits (of 8) from mux cell synth_harness.$flatten\u_fpu.\u_subtractor.$procmux$3840 ($mux).
Removed top 27 bits (of 32) from port B of cell synth_harness.$flatten\u_fpu.\u_adder.$lt$../../rtl/fpu_adder.sv:77$140 ($lt).
Removed top 27 bits (of 32) from port B of cell synth_harness.$flatten\u_fpu.\u_adder.$lt$../../rtl/fpu_adder.sv:85$143 ($lt).
Removed top 31 bits (of 32) from port B of cell synth_harness.$flatten\u_fpu.\u_adder.$add$../../rtl/fpu_adder.sv:101$151 ($add).
Removed top 24 bits (of 32) from port Y of cell synth_harness.$flatten\u_fpu.\u_adder.$add$../../rtl/fpu_adder.sv:101$151 ($add).
Removed top 3 bits (of 8) from mux cell synth_harness.$flatten\u_fpu.\u_adder.$procmux$3218 ($mux).
Removed top 4 bits (of 8) from mux cell synth_harness.$flatten\u_fpu.\u_adder.$procmux$3507 ($mux).
Removed top 7 bits (of 8) from mux cell synth_harness.$flatten\u_fpu.\u_adder.$procmux$3840 ($mux).
Removed top 1 bits (of 25) from mux cell synth_harness.$flatten\u_fpu.\u_adder.$procmux$4369 ($mux).
Removed top 24 bits (of 48) from FF cell synth_harness.$auto$ff.cc:266:slice$6201 ($adffe).
Removed top 1 bits (of 5) from port B of cell synth_harness.$flatten\u_fpu.$procmux$6060_CMP0 ($eq).
Removed top 1 bits (of 5) from port B of cell synth_harness.$flatten\u_fpu.$procmux$6059_CMP0 ($eq).
Removed top 1 bits (of 5) from port B of cell synth_harness.$flatten\u_fpu.$procmux$6058_CMP0 ($eq).
Removed top 1 bits (of 5) from mux cell synth_harness.$flatten\u_fpu.$procmux$6045 ($mux).
Removed top 2 bits (of 5) from port B of cell synth_harness.$flatten\u_fpu.$procmux$5826_CMP0 ($eq).
Removed top 2 bits (of 5) from port B of cell synth_harness.$flatten\u_fpu.$procmux$5764_CMP0 ($eq).
Removed top 4 bits (of 5) from port B of cell synth_harness.$flatten\u_fpu.$procmux$5668_CMP0 ($eq).
Removed top 3 bits (of 5) from port B of cell synth_harness.$flatten\u_fpu.$procmux$5667_CMP0 ($eq).
Removed top 2 bits (of 5) from port B of cell synth_harness.$flatten\u_fpu.$procmux$5665_CMP0 ($eq).
Removed top 2 bits (of 5) from port B of cell synth_harness.$flatten\u_fpu.$procmux$5664_CMP0 ($eq).
Removed top 1 bits (of 5) from port B of cell synth_harness.$flatten\u_fpu.$procmux$5663_CMP0 ($eq).
Removed top 1 bits (of 5) from port B of cell synth_harness.$flatten\u_fpu.$procmux$5662_CMP0 ($eq).
Removed top 1 bits (of 5) from port B of cell synth_harness.$flatten\u_fpu.$procmux$5661_CMP0 ($eq).
Removed top 1 bits (of 5) from port B of cell synth_harness.$flatten\u_fpu.$procmux$5657_CMP0 ($eq).
Removed top 1 bits (of 5) from port B of cell synth_harness.$flatten\u_fpu.$procmux$5656_CMP0 ($eq).
Removed top 25 bits (of 32) from mux cell synth_harness.$flatten\u_fpu.$ternary$../../rtl/fpu.sv:459$55 ($mux).
Removed top 26 bits (of 32) from mux cell synth_harness.$flatten\u_fpu.$ternary$../../rtl/fpu.sv:457$54 ($mux).
Removed top 27 bits (of 32) from mux cell synth_harness.$flatten\u_fpu.$ternary$../../rtl/fpu.sv:455$53 ($mux).
Removed top 24 bits (of 32) from mux cell synth_harness.$flatten\u_fpu.$ternary$../../rtl/fpu.sv:453$52 ($mux).
Removed top 22 bits (of 32) from mux cell synth_harness.$flatten\u_fpu.$ternary$../../rtl/fpu.sv:451$51 ($mux).
Removed top 31 bits (of 32) from mux cell synth_harness.$flatten\u_fpu.$ternary$../../rtl/fpu.sv:416$40 ($mux).
Removed top 31 bits (of 32) from mux cell synth_harness.$flatten\u_fpu.$ternary$../../rtl/fpu.sv:407$36 ($mux).
Removed top 31 bits (of 32) from mux cell synth_harness.$flatten\u_fpu.$ternary$../../rtl/fpu.sv:398$34 ($mux).
Removed top 3 bits (of 5) from port B of cell synth_harness.$flatten\u_fpu.$eq$../../rtl/fpu.sv:260$18 ($eq).
Removed top 24 bits (of 32) from port Y of cell synth_harness.$xor$synth_harness.sv:292$956 ($xor).
Removed top 24 bits (of 32) from port A of cell synth_harness.$xor$synth_harness.sv:292$956 ($xor).
Removed top 24 bits (of 48) from port Y of cell synth_harness.$flatten\u_fpu.\u_div_assemble.$shl$../../rtl/fpu_div_assemble.sv:57$497 ($shl).
Removed top 24 bits (of 48) from mux cell synth_harness.$flatten\u_fpu.\u_div_assemble.$procmux$1277 ($mux).
Removed top 24 bits (of 96) from port B of cell synth_harness.$flatten\u_fpu.\u_div.$sub$../../rtl/div_unit.sv:134$974 ($sub).
Removed top 24 bits (of 96) from port B of cell synth_harness.$flatten\u_fpu.\u_div.$add$../../rtl/div_unit.sv:135$975 ($add).
Removed top 24 bits (of 96) from port B of cell synth_harness.$flatten\u_fpu.\u_div.$add$../../rtl/div_unit.sv:205$990 ($add).
Removed top 1 bits (of 32) from mux cell synth_harness.$flatten\u_fpu.\u_fma_madd.\u_mul.$procmux$2622 ($mux).
Removed top 24 bits (of 32) from port Y of cell synth_harness.$xor$synth_harness.sv:292$955 ($xor).
Removed top 24 bits (of 32) from port A of cell synth_harness.$xor$synth_harness.sv:292$955 ($xor).
Removed top 24 bits (of 48) from port Y of cell synth_harness.$flatten\u_fpu.\u_div_assemble.$shr$../../rtl/fpu_div_assemble.sv:60$501 ($shr).
Removed top 1 bits (of 32) from mux cell synth_harness.$flatten\u_fpu.\u_fma_madd.\u_mul.$procmux$2682 ($mux).
Removed top 24 bits (of 32) from port Y of cell synth_harness.$xor$synth_harness.sv:292$954 ($xor).
Removed top 24 bits (of 32) from port A of cell synth_harness.$xor$synth_harness.sv:292$954 ($xor).
Removed top 24 bits (of 32) from port B of cell synth_harness.$xor$synth_harness.sv:292$954 ($xor).
Removed top 24 bits (of 32) from mux cell synth_harness.$flatten\u_fpu.$procmux$6052 ($pmux).
Removed top 24 bits (of 32) from mux cell synth_harness.$flatten\u_fpu.\u_fma_nmadd.\u_add.$procmux$5580 ($mux).
Removed top 24 bits (of 32) from mux cell synth_harness.$flatten\u_fpu.\u_fma_nmsub.\u_add.$procmux$5580 ($mux).
Removed top 24 bits (of 32) from mux cell synth_harness.$flatten\u_fpu.\u_fma_msub.\u_add.$procmux$5580 ($mux).
Removed top 24 bits (of 32) from mux cell synth_harness.$flatten\u_fpu.\u_fma_madd.\u_add.$procmux$5580 ($mux).
Removed top 23 bits (of 31) from mux cell synth_harness.$flatten\u_fpu.\u_int_to_float_unsigned.$procmux$2461 ($mux).
Removed top 24 bits (of 32) from mux cell synth_harness.$flatten\u_fpu.\u_int_to_float_signed.$procmux$2461 ($mux).
Removed top 24 bits (of 32) from mux cell synth_harness.$flatten\u_fpu.\u_sqrt.$procmux$2571 ($mux).
Removed top 24 bits (of 32) from mux cell synth_harness.$flatten\u_fpu.\u_subtractor.$procmux$5580 ($mux).
Removed top 24 bits (of 32) from mux cell synth_harness.$flatten\u_fpu.\u_adder.$procmux$5580 ($mux).
Removed top 24 bits (of 32) from mux cell synth_harness.$flatten\u_fpu.$procmux$6075 ($pmux).
Removed top 24 bits (of 32) from mux cell synth_harness.$flatten\u_fpu.$procmux$6019 ($mux).
Removed top 24 bits (of 32) from mux cell synth_harness.$flatten\u_fpu.$procmux$5850 ($mux).
Removed top 24 bits (of 32) from mux cell synth_harness.$flatten\u_fpu.$procmux$5835 ($mux).
Removed top 24 bits (of 32) from mux cell synth_harness.$flatten\u_fpu.$procmux$5817 ($mux).
Removed top 24 bits (of 32) from mux cell synth_harness.$flatten\u_fpu.$procmux$5786 ($mux).
Removed top 24 bits (of 32) from mux cell synth_harness.$flatten\u_fpu.$procmux$5772 ($mux).
Removed top 24 bits (of 32) from mux cell synth_harness.$flatten\u_fpu.$procmux$5755 ($mux).
Removed top 23 bits (of 31) from mux cell synth_harness.$flatten\u_fpu.\u_div_assemble.$procmux$1252 ($mux).
Removed top 24 bits (of 32) from mux cell synth_harness.$flatten\u_fpu.\u_fma_nmadd.\u_add.$procmux$5490 ($mux).
Removed top 24 bits (of 32) from mux cell synth_harness.$flatten\u_fpu.\u_fma_nmsub.\u_add.$procmux$5490 ($mux).
Removed top 24 bits (of 32) from mux cell synth_harness.$flatten\u_fpu.\u_fma_msub.\u_add.$procmux$5490 ($mux).
Removed top 24 bits (of 32) from mux cell synth_harness.$flatten\u_fpu.\u_fma_madd.\u_add.$procmux$5490 ($mux).
Removed top 24 bits (of 32) from mux cell synth_harness.$flatten\u_fpu.\u_div_setup.$procmux$2032 ($mux).
Removed top 24 bits (of 32) from mux cell synth_harness.$flatten\u_fpu.\u_float_to_int_unsigned.$procmux$2236 ($mux).
Removed top 24 bits (of 32) from mux cell synth_harness.$flatten\u_fpu.\u_float_to_int_signed.$procmux$2236 ($mux).
Removed cell synth_harness.$flatten\u_fpu.\u_int_to_float_unsigned.$add$../../rtl/fpu_int_to_float.sv:48$337 ($add).
Removed top 15 bits (of 23) from mux cell synth_harness.$flatten\u_fpu.\u_int_to_float_unsigned.$procmux$2251 ($mux).
Removed cell synth_harness.$flatten\u_fpu.\u_int_to_float_signed.$add$../../rtl/fpu_int_to_float.sv:48$337 ($add).
Removed top 15 bits (of 23) from mux cell synth_harness.$flatten\u_fpu.\u_int_to_float_signed.$procmux$2251 ($mux).
Removed cell synth_harness.$flatten\u_fpu.\u_int_to_float_signed.$procmux$2455 ($mux).
Removed top 24 bits (of 32) from mux cell synth_harness.$flatten\u_fpu.\u_sqrt.$procmux$2541 ($mux).
Removed top 24 bits (of 32) from mux cell synth_harness.$flatten\u_fpu.\u_subtractor.$procmux$5490 ($mux).
Removed top 24 bits (of 32) from mux cell synth_harness.$flatten\u_fpu.\u_adder.$procmux$5490 ($mux).
Removed top 24 bits (of 32) from mux cell synth_harness.$flatten\u_fpu.$procmux$5971 ($mux).
Removed top 31 bits (of 32) from mux cell synth_harness.$flatten\u_fpu.$procmux$5959 ($mux).
Removed top 31 bits (of 32) from mux cell synth_harness.$flatten\u_fpu.$procmux$5911 ($mux).
Removed top 31 bits (of 32) from mux cell synth_harness.$flatten\u_fpu.$procmux$5883 ($mux).
Removed top 24 bits (of 32) from mux cell synth_harness.$flatten\u_fpu.$procmux$5861 ($mux).
Removed top 24 bits (of 32) from mux cell synth_harness.$flatten\u_fpu.$procmux$5738 ($mux).
Removed cell synth_harness.$flatten\u_fpu.$ternary$../../rtl/fpu.sv:451$51 ($mux).
Removed top 24 bits (of 32) from mux cell synth_harness.$flatten\u_fpu.$ternary$../../rtl/fpu.sv:444$50 ($mux).
Removed top 24 bits (of 32) from mux cell synth_harness.$flatten\u_fpu.$ternary$../../rtl/fpu.sv:430$45 ($mux).
Removed cell synth_harness.$flatten\u_fpu.\u_div_assemble.$xor$../../rtl/fpu_div_assemble.sv:33$392 ($xor).
Removed top 23 bits (of 31) from mux cell synth_harness.$flatten\u_fpu.\u_div_assemble.$procmux$1234 ($mux).
Removed top 24 bits (of 32) from mux cell synth_harness.$flatten\u_fpu.\u_fma_nmadd.\u_add.$procmux$5482 ($mux).
Removed top 24 bits (of 32) from mux cell synth_harness.$flatten\u_fpu.\u_fma_nmadd.\u_add.$procmux$5346 ($mux).
Removed top 24 bits (of 32) from mux cell synth_harness.$flatten\u_fpu.\u_fma_nmsub.\u_add.$procmux$5482 ($mux).
Removed top 24 bits (of 32) from mux cell synth_harness.$flatten\u_fpu.\u_fma_nmsub.\u_add.$procmux$5346 ($mux).
Removed top 24 bits (of 32) from mux cell synth_harness.$flatten\u_fpu.\u_fma_msub.\u_add.$procmux$5482 ($mux).
Removed top 24 bits (of 32) from mux cell synth_harness.$flatten\u_fpu.\u_fma_msub.\u_add.$procmux$5346 ($mux).
Removed top 24 bits (of 32) from mux cell synth_harness.$flatten\u_fpu.\u_fma_madd.\u_add.$procmux$5482 ($mux).
Removed top 24 bits (of 32) from mux cell synth_harness.$flatten\u_fpu.\u_fma_madd.\u_add.$procmux$5346 ($mux).
Removed top 24 bits (of 32) from mux cell synth_harness.$flatten\u_fpu.\u_div_setup.$procmux$2002 ($mux).
Removed top 24 bits (of 32) from mux cell synth_harness.$flatten\u_fpu.\u_float_to_int_unsigned.$procmux$2191 ($mux).
Removed top 24 bits (of 32) from mux cell synth_harness.$flatten\u_fpu.\u_float_to_int_unsigned.$procmux$2231 ($mux).
Removed top 24 bits (of 32) from mux cell synth_harness.$flatten\u_fpu.\u_float_to_int_signed.$procmux$2191 ($mux).
Removed top 24 bits (of 32) from mux cell synth_harness.$flatten\u_fpu.\u_float_to_int_signed.$procmux$2231 ($mux).
Removed top 15 bits (of 23) from port Y of cell synth_harness.$flatten\u_fpu.\u_int_to_float_unsigned.$shiftx$../../rtl/fpu_int_to_float.sv:0$342 ($shiftx).
Removed top 15 bits (of 23) from port Y of cell synth_harness.$flatten\u_fpu.\u_int_to_float_unsigned.$shl$../../rtl/fpu_int_to_float.sv:55$344 ($shl).
Removed top 15 bits (of 23) from port Y of cell synth_harness.$flatten\u_fpu.\u_int_to_float_signed.$shiftx$../../rtl/fpu_int_to_float.sv:0$342 ($shiftx).
Removed top 15 bits (of 23) from port Y of cell synth_harness.$flatten\u_fpu.\u_int_to_float_signed.$shl$../../rtl/fpu_int_to_float.sv:55$344 ($shl).
Removed cell synth_harness.$flatten\u_fpu.\u_sqrt.$procmux$2505 ($mux).
Removed top 24 bits (of 32) from mux cell synth_harness.$flatten\u_fpu.\u_subtractor.$procmux$5346 ($mux).
Removed top 24 bits (of 32) from mux cell synth_harness.$flatten\u_fpu.\u_subtractor.$procmux$5482 ($mux).
Removed top 24 bits (of 32) from mux cell synth_harness.$flatten\u_fpu.\u_adder.$procmux$5346 ($mux).
Removed top 24 bits (of 32) from mux cell synth_harness.$flatten\u_fpu.\u_adder.$procmux$5482 ($mux).
Removed top 1 bits (of 32) from FF cell synth_harness.$auto$ff.cc:266:slice$6199 ($adffe).
Removed top 1 bits (of 32) from FF cell synth_harness.$auto$ff.cc:266:slice$6200 ($adffe).
Removed top 24 bits (of 32) from mux cell synth_harness.$flatten\u_fpu.$procmux$5725 ($mux).
Removed cell synth_harness.$flatten\u_fpu.$ternary$../../rtl/fpu.sv:442$49 ($mux).
Removed cell synth_harness.$flatten\u_fpu.$ternary$../../rtl/fpu.sv:428$44 ($mux).
Removed top 23 bits (of 31) from mux cell synth_harness.$flatten\u_fpu.\u_div_assemble.$procmux$1216 ($mux).
Removed top 24 bits (of 32) from mux cell synth_harness.$flatten\u_fpu.\u_fma_nmadd.\u_add.$procmux$5166 ($mux).
Removed top 24 bits (of 32) from mux cell synth_harness.$flatten\u_fpu.\u_fma_nmsub.\u_add.$procmux$5166 ($mux).
Removed top 24 bits (of 32) from mux cell synth_harness.$flatten\u_fpu.\u_fma_msub.\u_add.$procmux$5166 ($mux).
Removed top 24 bits (of 32) from mux cell synth_harness.$flatten\u_fpu.\u_fma_madd.\u_add.$procmux$5166 ($mux).
Removed top 24 bits (of 32) from mux cell synth_harness.$flatten\u_fpu.\u_div_setup.$procmux$1957 ($mux).
Removed top 24 bits (of 32) from mux cell synth_harness.$flatten\u_fpu.\u_div_setup.$procmux$1994 ($mux).
Removed top 24 bits (of 32) from mux cell synth_harness.$flatten\u_fpu.\u_float_to_int_unsigned.$procmux$2164 ($mux).
Removed top 24 bits (of 32) from mux cell synth_harness.$flatten\u_fpu.\u_float_to_int_unsigned.$procmux$2222 ($mux).
Removed top 24 bits (of 32) from mux cell synth_harness.$flatten\u_fpu.\u_float_to_int_signed.$procmux$2164 ($mux).
Removed top 24 bits (of 32) from mux cell synth_harness.$flatten\u_fpu.\u_float_to_int_signed.$procmux$2222 ($mux).
Removed top 24 bits (of 32) from mux cell synth_harness.$flatten\u_fpu.\u_subtractor.$procmux$5166 ($mux).
Removed top 24 bits (of 32) from mux cell synth_harness.$flatten\u_fpu.\u_adder.$procmux$5166 ($mux).
Removed top 24 bits (of 32) from mux cell synth_harness.$flatten\u_fpu.$procmux$5709 ($mux).
Removed top 15 bits (of 23) from mux cell synth_harness.$flatten\u_fpu.\u_div_assemble.$procmux$1819 ($mux).
Removed top 24 bits (of 32) from mux cell synth_harness.$flatten\u_fpu.\u_fma_nmadd.\u_add.$procmux$4941 ($mux).
Removed top 24 bits (of 32) from mux cell synth_harness.$flatten\u_fpu.\u_fma_nmsub.\u_add.$procmux$4941 ($mux).
Removed top 24 bits (of 32) from mux cell synth_harness.$flatten\u_fpu.\u_fma_msub.\u_add.$procmux$4941 ($mux).
Removed top 24 bits (of 32) from mux cell synth_harness.$flatten\u_fpu.\u_fma_madd.\u_add.$procmux$4941 ($mux).
Removed cell synth_harness.$flatten\u_fpu.\u_div_setup.$ternary$../../rtl/fpu_div_setup.sv:44$384 ($mux).
Removed top 24 bits (of 32) from mux cell synth_harness.$flatten\u_fpu.\u_div_setup.$procmux$1897 ($mux).
Removed cell synth_harness.$flatten\u_fpu.\u_div_setup.$procmux$1946 ($mux).
Removed top 24 bits (of 32) from mux cell synth_harness.$flatten\u_fpu.\u_float_to_int_unsigned.$procmux$2128 ($mux).
Removed top 24 bits (of 32) from mux cell synth_harness.$flatten\u_fpu.\u_float_to_int_signed.$procmux$2128 ($mux).
Removed top 24 bits (of 32) from mux cell synth_harness.$flatten\u_fpu.\u_subtractor.$procmux$4941 ($mux).
Removed top 24 bits (of 32) from mux cell synth_harness.$flatten\u_fpu.\u_adder.$procmux$4941 ($mux).
Removed top 25 bits (of 32) from mux cell synth_harness.$flatten\u_fpu.$procmux$5796 ($mux).
Removed top 15 bits (of 23) from mux cell synth_harness.$flatten\u_fpu.\u_div_assemble.$procmux$1789 ($mux).
Removed top 24 bits (of 32) from mux cell synth_harness.$flatten\u_fpu.\u_fma_nmadd.\u_add.$procmux$4671 ($mux).
Removed top 24 bits (of 32) from mux cell synth_harness.$flatten\u_fpu.\u_fma_nmsub.\u_add.$procmux$4671 ($mux).
Removed top 24 bits (of 32) from mux cell synth_harness.$flatten\u_fpu.\u_fma_msub.\u_add.$procmux$4671 ($mux).
Removed top 24 bits (of 32) from mux cell synth_harness.$flatten\u_fpu.\u_fma_madd.\u_add.$procmux$4671 ($mux).
Removed cell synth_harness.$flatten\u_fpu.\u_div_setup.$procmux$1837 ($mux).
Removed top 24 bits (of 32) from mux cell synth_harness.$flatten\u_fpu.\u_float_to_int_unsigned.$procmux$2098 ($mux).
Removed top 24 bits (of 32) from mux cell synth_harness.$flatten\u_fpu.\u_float_to_int_signed.$procmux$2098 ($mux).
Removed top 24 bits (of 32) from mux cell synth_harness.$flatten\u_fpu.\u_subtractor.$procmux$4671 ($mux).
Removed top 24 bits (of 32) from mux cell synth_harness.$flatten\u_fpu.\u_adder.$procmux$4671 ($mux).
Removed top 15 bits (of 23) from mux cell synth_harness.$flatten\u_fpu.\u_div_assemble.$procmux$1315 ($mux).
Removed top 24 bits (of 32) from mux cell synth_harness.$flatten\u_fpu.\u_fma_nmadd.\u_add.$procmux$2883 ($mux).
Removed top 24 bits (of 32) from mux cell synth_harness.$flatten\u_fpu.\u_fma_nmsub.\u_add.$procmux$2883 ($mux).
Removed top 24 bits (of 32) from mux cell synth_harness.$flatten\u_fpu.\u_fma_msub.\u_add.$procmux$2883 ($mux).
Removed top 24 bits (of 32) from mux cell synth_harness.$flatten\u_fpu.\u_fma_madd.\u_add.$procmux$2883 ($mux).
Removed top 24 bits (of 32) from port Y of cell synth_harness.$flatten\u_fpu.\u_float_to_int_signed.$neg$../../rtl/fpu_float_to_int.sv:65$367 ($neg).
Removed top 24 bits (of 32) from port A of cell synth_harness.$flatten\u_fpu.\u_float_to_int_signed.$neg$../../rtl/fpu_float_to_int.sv:65$367 ($neg).
Removed top 24 bits (of 32) from mux cell synth_harness.$flatten\u_fpu.\u_float_to_int_signed.$procmux$2125 ($mux).
Removed top 24 bits (of 32) from mux cell synth_harness.$flatten\u_fpu.\u_subtractor.$procmux$2883 ($mux).
Removed cell synth_harness.$flatten\u_fpu.\u_subtractor.$procmux$4434 ($mux).
Removed top 24 bits (of 32) from mux cell synth_harness.$flatten\u_fpu.\u_adder.$procmux$2883 ($mux).
Removed cell synth_harness.$flatten\u_fpu.\u_adder.$procmux$4434 ($mux).
Removed top 15 bits (of 24) from mux cell synth_harness.$flatten\u_fpu.\u_div_assemble.$procmux$1304 ($mux).
Removed cell synth_harness.$flatten\u_fpu.\u_fma_nmadd.\u_add.$procmux$4434 ($mux).
Removed cell synth_harness.$flatten\u_fpu.\u_fma_nmadd.\u_add.$procmux$4413 ($mux).
Removed cell synth_harness.$flatten\u_fpu.\u_fma_nmsub.\u_add.$procmux$4434 ($mux).
Removed cell synth_harness.$flatten\u_fpu.\u_fma_nmsub.\u_add.$procmux$4413 ($mux).
Removed cell synth_harness.$flatten\u_fpu.\u_fma_msub.\u_add.$procmux$4434 ($mux).
Removed cell synth_harness.$flatten\u_fpu.\u_fma_msub.\u_add.$procmux$4413 ($mux).
Removed cell synth_harness.$flatten\u_fpu.\u_fma_madd.\u_add.$procmux$4434 ($mux).
Removed cell synth_harness.$flatten\u_fpu.\u_fma_madd.\u_add.$procmux$4413 ($mux).
Removed top 24 bits (of 32) from mux cell synth_harness.$flatten\u_fpu.\u_float_to_int_signed.$procmux$2122 ($mux).
Removed cell synth_harness.$flatten\u_fpu.\u_subtractor.$procmux$4413 ($mux).
Removed cell synth_harness.$flatten\u_fpu.\u_adder.$procmux$4413 ($mux).
Removed top 15 bits (of 24) from port Y of cell synth_harness.$flatten\u_fpu.\u_div_assemble.$shl$../../rtl/fpu_div_assemble.sv:57$497 ($shl).
Removed top 15 bits (of 24) from mux cell synth_harness.$flatten\u_fpu.\u_div_assemble.$procmux$1277 ($mux).
Removed top 24 bits (of 32) from mux cell synth_harness.$flatten\u_fpu.\u_float_to_int_signed.$procmux$2119 ($mux).
Removed top 15 bits (of 24) from port Y of cell synth_harness.$flatten\u_fpu.\u_div_assemble.$shr$../../rtl/fpu_div_assemble.sv:60$501 ($shr).
Removed top 24 bits (of 32) from mux cell synth_harness.$flatten\u_fpu.\u_float_to_int_signed.$procmux$2116 ($mux).
Removed top 24 bits (of 32) from mux cell synth_harness.$flatten\u_fpu.\u_float_to_int_signed.$procmux$2113 ($mux).
Removed top 24 bits (of 32) from port Y of cell synth_harness.$flatten\u_fpu.\u_float_to_int_signed.$shl$../../rtl/fpu_float_to_int.sv:55$363 ($shl).
Removed top 24 bits (of 32) from port Y of cell synth_harness.$flatten\u_fpu.\u_float_to_int_signed.$shr$../../rtl/fpu_float_to_int.sv:57$365 ($shr).
Removed top 24 bits (of 32) from wire synth_harness.$0\result_reg[31:0].
Removed top 24 bits (of 32) from wire synth_harness.$flatten\u_fpu.$10\fp_result[31:0].
Removed top 1 bits (of 5) from wire synth_harness.$flatten\u_fpu.$2\fflags[4:0].
Removed top 24 bits (of 32) from wire synth_harness.$flatten\u_fpu.$2\fp_result[31:0].
Removed top 31 bits (of 32) from wire synth_harness.$flatten\u_fpu.$2\int_result[31:0].
Removed top 24 bits (of 32) from wire synth_harness.$flatten\u_fpu.$3\fp_result[31:0].
Removed top 31 bits (of 32) from wire synth_harness.$flatten\u_fpu.$3\int_result[31:0].
Removed top 24 bits (of 32) from wire synth_harness.$flatten\u_fpu.$4\fp_result[31:0].
Removed top 24 bits (of 32) from wire synth_harness.$flatten\u_fpu.$5\fp_result[31:0].
Removed top 24 bits (of 32) from wire synth_harness.$flatten\u_fpu.$5\int_result[31:0].
Removed top 24 bits (of 32) from wire synth_harness.$flatten\u_fpu.$6\fp_result[31:0].
Removed top 24 bits (of 32) from wire synth_harness.$flatten\u_fpu.$6\int_result[31:0].
Removed top 24 bits (of 32) from wire synth_harness.$flatten\u_fpu.$7\fp_result[31:0].
Removed top 24 bits (of 32) from wire synth_harness.$flatten\u_fpu.$7\int_result[31:0].
Removed top 24 bits (of 32) from wire synth_harness.$flatten\u_fpu.$8\fp_result[31:0].
Removed top 25 bits (of 32) from wire synth_harness.$flatten\u_fpu.$8\int_result[31:0].
Removed top 24 bits (of 32) from wire synth_harness.$flatten\u_fpu.$9\fp_result[31:0].
Removed top 24 bits (of 32) from wire synth_harness.$flatten\u_fpu.$ternary$../../rtl/fpu.sv:444$50_Y.
Removed top 24 bits (of 32) from wire synth_harness.$flatten\u_fpu.$ternary$../../rtl/fpu.sv:453$52_Y.
Removed top 27 bits (of 32) from wire synth_harness.$flatten\u_fpu.$ternary$../../rtl/fpu.sv:455$53_Y.
Removed top 26 bits (of 32) from wire synth_harness.$flatten\u_fpu.$ternary$../../rtl/fpu.sv:457$54_Y.
Removed top 25 bits (of 32) from wire synth_harness.$flatten\u_fpu.$ternary$../../rtl/fpu.sv:459$55_Y.
Removed top 24 bits (of 32) from wire synth_harness.$flatten\u_fpu.\u_adder.$2\result[31:0].
Removed top 24 bits (of 32) from wire synth_harness.$flatten\u_fpu.\u_adder.$3\result[31:0].
Removed top 24 bits (of 32) from wire synth_harness.$flatten\u_fpu.\u_adder.$4\result[31:0].
Removed top 24 bits (of 32) from wire synth_harness.$flatten\u_fpu.\u_adder.$6\result[31:0].
Removed top 24 bits (of 32) from wire synth_harness.$flatten\u_fpu.\u_adder.$8\result[31:0].
Removed top 1 bits (of 25) from wire synth_harness.$flatten\u_fpu.\u_adder.$8\result_mant[24:0].
Removed top 24 bits (of 32) from wire synth_harness.$flatten\u_fpu.\u_adder.$add$../../rtl/fpu_adder.sv:101$151_Y.
Removed top 3 bits (of 8) from wire synth_harness.$flatten\u_fpu.\u_adder.$procmux$3218_Y.
Removed top 4 bits (of 8) from wire synth_harness.$flatten\u_fpu.\u_adder.$procmux$3507_Y.
Removed top 7 bits (of 8) from wire synth_harness.$flatten\u_fpu.\u_adder.$procmux$3840_Y.
Removed top 2 bits (of 3) from wire synth_harness.$flatten\u_fpu.\u_div.$4\next_state[2:0].
Removed top 24 bits (of 32) from wire synth_harness.$flatten\u_fpu.\u_div_assemble.$2\result[31:0].
Removed top 15 bits (of 23) from wire synth_harness.$flatten\u_fpu.\u_div_assemble.$2\result_mant[22:0].
Removed top 24 bits (of 32) from wire synth_harness.$flatten\u_fpu.\u_div_assemble.$3\result[31:0].
Removed top 15 bits (of 23) from wire synth_harness.$flatten\u_fpu.\u_div_assemble.$3\result_mant[22:0].
Removed top 39 bits (of 48) from wire synth_harness.$flatten\u_fpu.\u_div_assemble.$4\normalized_quotient[47:0].
Removed top 39 bits (of 48) from wire synth_harness.$flatten\u_fpu.\u_div_assemble.$5\normalized_quotient[47:0].
Removed top 2 bits (of 8) from wire synth_harness.$flatten\u_fpu.\u_div_assemble.$procmux$1774_Y.
Removed top 39 bits (of 48) from wire synth_harness.$flatten\u_fpu.\u_div_assemble.$shl$../../rtl/fpu_div_assemble.sv:57$497_Y.
Removed top 39 bits (of 48) from wire synth_harness.$flatten\u_fpu.\u_div_assemble.$shr$../../rtl/fpu_div_assemble.sv:60$501_Y.
Removed top 24 bits (of 48) from wire synth_harness.$flatten\u_fpu.\u_div_setup.$2\divisor[47:0].
Removed top 24 bits (of 32) from wire synth_harness.$flatten\u_fpu.\u_div_setup.$2\special_result[31:0].
Removed top 24 bits (of 48) from wire synth_harness.$flatten\u_fpu.\u_div_setup.$3\divisor[47:0].
Removed top 24 bits (of 32) from wire synth_harness.$flatten\u_fpu.\u_div_setup.$3\special_result[31:0].
Removed top 24 bits (of 48) from wire synth_harness.$flatten\u_fpu.\u_div_setup.$4\divisor[47:0].
Removed top 24 bits (of 32) from wire synth_harness.$flatten\u_fpu.\u_div_setup.$4\special_result[31:0].
Removed top 24 bits (of 48) from wire synth_harness.$flatten\u_fpu.\u_div_setup.$5\divisor[47:0].
Removed top 24 bits (of 32) from wire synth_harness.$flatten\u_fpu.\u_div_setup.$6\special_result[31:0].
Removed top 24 bits (of 32) from wire synth_harness.$flatten\u_fpu.\u_float_to_int_signed.$2\result[31:0].
Removed top 24 bits (of 32) from wire synth_harness.$flatten\u_fpu.\u_float_to_int_signed.$3\result[31:0].
Removed top 24 bits (of 32) from wire synth_harness.$flatten\u_fpu.\u_float_to_int_signed.$4\result[31:0].
Removed top 24 bits (of 32) from wire synth_harness.$flatten\u_fpu.\u_float_to_int_signed.$7\result[31:0].
Removed top 24 bits (of 32) from wire synth_harness.$flatten\u_fpu.\u_float_to_int_signed.$8\result[31:0].
Removed top 24 bits (of 32) from wire synth_harness.$flatten\u_fpu.\u_float_to_int_signed.$procmux$2119_Y.
Removed top 24 bits (of 32) from wire synth_harness.$flatten\u_fpu.\u_float_to_int_signed.$shl$../../rtl/fpu_float_to_int.sv:55$363_Y.
Removed top 24 bits (of 32) from wire synth_harness.$flatten\u_fpu.\u_float_to_int_signed.$shr$../../rtl/fpu_float_to_int.sv:57$365_Y.
Removed top 24 bits (of 32) from wire synth_harness.$flatten\u_fpu.\u_float_to_int_unsigned.$2\result[31:0].
Removed top 24 bits (of 32) from wire synth_harness.$flatten\u_fpu.\u_fma_madd.\u_add.$2\result[31:0].
Removed top 24 bits (of 32) from wire synth_harness.$flatten\u_fpu.\u_fma_madd.\u_add.$3\result[31:0].
Removed top 24 bits (of 32) from wire synth_harness.$flatten\u_fpu.\u_fma_madd.\u_add.$4\result[31:0].
Removed top 24 bits (of 32) from wire synth_harness.$flatten\u_fpu.\u_fma_madd.\u_add.$5\result[31:0].
Removed top 24 bits (of 32) from wire synth_harness.$flatten\u_fpu.\u_fma_madd.\u_add.$6\result[31:0].
Removed top 24 bits (of 32) from wire synth_harness.$flatten\u_fpu.\u_fma_madd.\u_add.$7\result[31:0].
Removed top 24 bits (of 32) from wire synth_harness.$flatten\u_fpu.\u_fma_madd.\u_add.$8\result[31:0].
Removed top 1 bits (of 25) from wire synth_harness.$flatten\u_fpu.\u_fma_madd.\u_add.$8\result_mant[24:0].
Removed top 24 bits (of 32) from wire synth_harness.$flatten\u_fpu.\u_fma_madd.\u_add.$add$../../rtl/fpu_adder.sv:101$151_Y.
Removed top 3 bits (of 8) from wire synth_harness.$flatten\u_fpu.\u_fma_madd.\u_add.$procmux$3218_Y.
Removed top 4 bits (of 8) from wire synth_harness.$flatten\u_fpu.\u_fma_madd.\u_add.$procmux$3507_Y.
Removed top 7 bits (of 8) from wire synth_harness.$flatten\u_fpu.\u_fma_madd.\u_add.$procmux$3840_Y.
Removed top 1 bits (of 32) from wire synth_harness.$flatten\u_fpu.\u_fma_madd.\u_mul.$6\result[31:0].
Removed top 1 bits (of 32) from wire synth_harness.$flatten\u_fpu.\u_fma_madd.\u_mul.$7\result[31:0].
Removed top 1 bits (of 32) from wire synth_harness.$flatten\u_fpu.\u_fma_madd.\u_mul.$8\result[31:0].
Removed top 24 bits (of 32) from wire synth_harness.$flatten\u_fpu.\u_fma_msub.\u_add.$2\result[31:0].
Removed top 24 bits (of 32) from wire synth_harness.$flatten\u_fpu.\u_fma_msub.\u_add.$3\result[31:0].
Removed top 24 bits (of 32) from wire synth_harness.$flatten\u_fpu.\u_fma_msub.\u_add.$4\result[31:0].
Removed top 24 bits (of 32) from wire synth_harness.$flatten\u_fpu.\u_fma_msub.\u_add.$5\result[31:0].
Removed top 24 bits (of 32) from wire synth_harness.$flatten\u_fpu.\u_fma_msub.\u_add.$6\result[31:0].
Removed top 24 bits (of 32) from wire synth_harness.$flatten\u_fpu.\u_fma_msub.\u_add.$7\result[31:0].
Removed top 24 bits (of 32) from wire synth_harness.$flatten\u_fpu.\u_fma_msub.\u_add.$8\result[31:0].
Removed top 3 bits (of 8) from wire synth_harness.$flatten\u_fpu.\u_fma_msub.\u_add.$procmux$3218_Y.
Removed top 4 bits (of 8) from wire synth_harness.$flatten\u_fpu.\u_fma_msub.\u_add.$procmux$3507_Y.
Removed top 7 bits (of 8) from wire synth_harness.$flatten\u_fpu.\u_fma_msub.\u_add.$procmux$3840_Y.
Removed top 24 bits (of 32) from wire synth_harness.$flatten\u_fpu.\u_fma_nmadd.\u_add.$2\result[31:0].
Removed top 24 bits (of 32) from wire synth_harness.$flatten\u_fpu.\u_fma_nmadd.\u_add.$3\result[31:0].
Removed top 24 bits (of 32) from wire synth_harness.$flatten\u_fpu.\u_fma_nmadd.\u_add.$4\result[31:0].
Removed top 24 bits (of 32) from wire synth_harness.$flatten\u_fpu.\u_fma_nmadd.\u_add.$5\result[31:0].
Removed top 24 bits (of 32) from wire synth_harness.$flatten\u_fpu.\u_fma_nmadd.\u_add.$6\result[31:0].
Removed top 24 bits (of 32) from wire synth_harness.$flatten\u_fpu.\u_fma_nmadd.\u_add.$7\result[31:0].
Removed top 24 bits (of 32) from wire synth_harness.$flatten\u_fpu.\u_fma_nmadd.\u_add.$8\result[31:0].
Removed top 3 bits (of 8) from wire synth_harness.$flatten\u_fpu.\u_fma_nmadd.\u_add.$procmux$3218_Y.
Removed top 4 bits (of 8) from wire synth_harness.$flatten\u_fpu.\u_fma_nmadd.\u_add.$procmux$3507_Y.
Removed top 7 bits (of 8) from wire synth_harness.$flatten\u_fpu.\u_fma_nmadd.\u_add.$procmux$3840_Y.
Removed top 24 bits (of 32) from wire synth_harness.$flatten\u_fpu.\u_fma_nmsub.\u_add.$2\result[31:0].
Removed top 24 bits (of 32) from wire synth_harness.$flatten\u_fpu.\u_fma_nmsub.\u_add.$3\result[31:0].
Removed top 24 bits (of 32) from wire synth_harness.$flatten\u_fpu.\u_fma_nmsub.\u_add.$4\result[31:0].
Removed top 24 bits (of 32) from wire synth_harness.$flatten\u_fpu.\u_fma_nmsub.\u_add.$5\result[31:0].
Removed top 24 bits (of 32) from wire synth_harness.$flatten\u_fpu.\u_fma_nmsub.\u_add.$6\result[31:0].
Removed top 24 bits (of 32) from wire synth_harness.$flatten\u_fpu.\u_fma_nmsub.\u_add.$7\result[31:0].
Removed top 24 bits (of 32) from wire synth_harness.$flatten\u_fpu.\u_fma_nmsub.\u_add.$8\result[31:0].
Removed top 3 bits (of 8) from wire synth_harness.$flatten\u_fpu.\u_fma_nmsub.\u_add.$procmux$3218_Y.
Removed top 4 bits (of 8) from wire synth_harness.$flatten\u_fpu.\u_fma_nmsub.\u_add.$procmux$3507_Y.
Removed top 7 bits (of 8) from wire synth_harness.$flatten\u_fpu.\u_fma_nmsub.\u_add.$procmux$3840_Y.
Removed top 24 bits (of 32) from wire synth_harness.$flatten\u_fpu.\u_sqrt.$3\result[31:0].
Removed top 24 bits (of 32) from wire synth_harness.$xor$synth_harness.sv:292$955_Y.
Removed top 24 bits (of 32) from wire synth_harness.fp_result.
Removed top 24 bits (of 32) from wire synth_harness.int_result.

14.14. Executing PEEPOPT pass (run peephole optimizers).

14.15. Executing OPT_CLEAN pass (remove unused cells and wires).
Finding unused cells or wires in module \synth_harness..
Removed 39 unused cells and 171 unused wires.
<suppressed ~40 debug messages>

14.16. Executing SHARE pass (SAT-based resource sharing).
Found 17 cells in module synth_harness that may be considered for resource sharing.
  Analyzing resource sharing options for $flatten\u_fpu.\u_subtractor.$shl$../../rtl/fpu_adder.sv:139$217 ($shl):
    Found 2 activation_patterns using ctrl signal { \u_fpu.fs1_is_inf \u_fpu.fs1_is_zero $flatten\u_fpu.$logic_or$../../rtl/fpu.sv:392$31_Y $flatten\u_fpu.$procmux$5668_CMP $flatten\u_fpu.\u_adder.$logic_and$../../rtl/fpu_adder.sv:51$115_Y \u_fpu.u_adder.b_is_zero \u_fpu.u_adder.b_is_inf $flatten\u_fpu.\u_subtractor.$eq$../../rtl/fpu_adder.sv:150$219_Y $flatten\u_fpu.\u_subtractor.$le$../../rtl/fpu_adder.sv:138$216_Y $flatten\u_fpu.\u_subtractor.$ne$../../rtl/fpu_adder.sv:114$155_Y $flatten\u_fpu.\u_subtractor.$9\result_mant[24:0] [23] $flatten\u_fpu.\u_subtractor.$eq$../../rtl/fpu_adder.sv:94$145_Y }.
    Found 5 candidates: $flatten\u_fpu.\u_fma_nmsub.\u_add.$shl$../../rtl/fpu_adder.sv:139$217 $flatten\u_fpu.\u_fma_nmadd.\u_add.$shl$../../rtl/fpu_adder.sv:139$217 $flatten\u_fpu.\u_fma_msub.\u_add.$shl$../../rtl/fpu_adder.sv:139$217 $flatten\u_fpu.\u_fma_madd.\u_add.$shl$../../rtl/fpu_adder.sv:139$217 $flatten\u_fpu.\u_adder.$shl$../../rtl/fpu_adder.sv:139$217
    Analyzing resource sharing with $flatten\u_fpu.\u_fma_nmsub.\u_add.$shl$../../rtl/fpu_adder.sv:139$217 ($shl):
      Found 2 activation_patterns using ctrl signal { $flatten\u_fpu.$procmux$5662_CMP \u_fpu.u_fma_madd.u_add.a_is_inf \u_fpu.u_fma_madd.u_add.b_is_inf \u_fpu.u_fma_madd.u_add.a_is_zero \u_fpu.u_fma_madd.u_add.b_is_zero $flatten\u_fpu.\u_fma_madd.\u_add.$logic_or$../../rtl/fpu_adder.sv:49$111_Y $flatten\u_fpu.\u_fma_madd.\u_add.$logic_and$../../rtl/fpu_adder.sv:51$115_Y $flatten\u_fpu.\u_fma_nmsub.\u_add.$eq$../../rtl/fpu_adder.sv:94$145_Y $flatten\u_fpu.\u_fma_nmsub.\u_add.$9\result_mant[24:0] [23] $flatten\u_fpu.\u_fma_nmsub.\u_add.$ne$../../rtl/fpu_adder.sv:114$155_Y $flatten\u_fpu.\u_fma_nmsub.\u_add.$le$../../rtl/fpu_adder.sv:138$216_Y $flatten\u_fpu.\u_fma_nmsub.\u_add.$eq$../../rtl/fpu_adder.sv:150$219_Y }.
      Forbidden control signals for this pair of cells: { $flatten\u_fpu.\u_subtractor.$eq$../../rtl/fpu_adder.sv:150$219_Y $flatten\u_fpu.\u_fma_nmsub.\u_add.$eq$../../rtl/fpu_adder.sv:150$219_Y }
      Activation pattern for cell $flatten\u_fpu.\u_subtractor.$shl$../../rtl/fpu_adder.sv:139$217: { \u_fpu.fs1_is_inf \u_fpu.fs1_is_zero $flatten\u_fpu.$logic_or$../../rtl/fpu.sv:392$31_Y $flatten\u_fpu.$procmux$5668_CMP $flatten\u_fpu.\u_adder.$logic_and$../../rtl/fpu_adder.sv:51$115_Y \u_fpu.u_adder.b_is_zero \u_fpu.u_adder.b_is_inf $flatten\u_fpu.\u_subtractor.$le$../../rtl/fpu_adder.sv:138$216_Y $flatten\u_fpu.\u_subtractor.$ne$../../rtl/fpu_adder.sv:114$155_Y $flatten\u_fpu.\u_subtractor.$9\result_mant[24:0] [23] $flatten\u_fpu.\u_subtractor.$eq$../../rtl/fpu_adder.sv:94$145_Y } = 11'00010001100
      Activation pattern for cell $flatten\u_fpu.\u_fma_nmsub.\u_add.$shl$../../rtl/fpu_adder.sv:139$217: { $flatten\u_fpu.$procmux$5662_CMP \u_fpu.u_fma_madd.u_add.a_is_inf \u_fpu.u_fma_madd.u_add.b_is_inf \u_fpu.u_fma_madd.u_add.a_is_zero \u_fpu.u_fma_madd.u_add.b_is_zero $flatten\u_fpu.\u_fma_madd.\u_add.$logic_or$../../rtl/fpu_adder.sv:49$111_Y $flatten\u_fpu.\u_fma_madd.\u_add.$logic_and$../../rtl/fpu_adder.sv:51$115_Y $flatten\u_fpu.\u_fma_nmsub.\u_add.$eq$../../rtl/fpu_adder.sv:94$145_Y $flatten\u_fpu.\u_fma_nmsub.\u_add.$9\result_mant[24:0] [23] $flatten\u_fpu.\u_fma_nmsub.\u_add.$ne$../../rtl/fpu_adder.sv:114$155_Y $flatten\u_fpu.\u_fma_nmsub.\u_add.$le$../../rtl/fpu_adder.sv:138$216_Y } = 11'10000000011
      Size of SAT problem: 0 cells, 36547 variables, 97875 clauses
      According to the SAT solver this pair of cells can be shared.
      Activation signal for $flatten\u_fpu.\u_subtractor.$shl$../../rtl/fpu_adder.sv:139$217: $auto$share.cc:977:make_cell_activation_logic$6310
      New cell: $auto$share.cc:667:make_supercell$6317 ($shl)
  Analyzing resource sharing options for $auto$share.cc:667:make_supercell$6317 ($shl):
    Found 2 activation_patterns using ctrl signal { \u_fpu.fs1_is_inf \u_fpu.fs1_is_zero $flatten\u_fpu.$logic_or$../../rtl/fpu.sv:392$31_Y $flatten\u_fpu.$procmux$5662_CMP $flatten\u_fpu.$procmux$5668_CMP $flatten\u_fpu.\u_adder.$logic_and$../../rtl/fpu_adder.sv:51$115_Y \u_fpu.u_adder.b_is_zero \u_fpu.u_adder.b_is_inf $flatten\u_fpu.\u_subtractor.$le$../../rtl/fpu_adder.sv:138$216_Y $flatten\u_fpu.\u_subtractor.$ne$../../rtl/fpu_adder.sv:114$155_Y $flatten\u_fpu.\u_subtractor.$9\result_mant[24:0] [23] $flatten\u_fpu.\u_subtractor.$eq$../../rtl/fpu_adder.sv:94$145_Y \u_fpu.u_fma_madd.u_add.a_is_inf \u_fpu.u_fma_madd.u_add.b_is_inf \u_fpu.u_fma_madd.u_add.a_is_zero \u_fpu.u_fma_madd.u_add.b_is_zero $flatten\u_fpu.\u_fma_madd.\u_add.$logic_or$../../rtl/fpu_adder.sv:49$111_Y $flatten\u_fpu.\u_fma_madd.\u_add.$logic_and$../../rtl/fpu_adder.sv:51$115_Y $flatten\u_fpu.\u_fma_nmsub.\u_add.$eq$../../rtl/fpu_adder.sv:94$145_Y $flatten\u_fpu.\u_fma_nmsub.\u_add.$9\result_mant[24:0] [23] $flatten\u_fpu.\u_fma_nmsub.\u_add.$ne$../../rtl/fpu_adder.sv:114$155_Y $flatten\u_fpu.\u_fma_nmsub.\u_add.$le$../../rtl/fpu_adder.sv:138$216_Y }.
    Found 4 candidates: $flatten\u_fpu.\u_fma_nmadd.\u_add.$shl$../../rtl/fpu_adder.sv:139$217 $flatten\u_fpu.\u_fma_msub.\u_add.$shl$../../rtl/fpu_adder.sv:139$217 $flatten\u_fpu.\u_fma_madd.\u_add.$shl$../../rtl/fpu_adder.sv:139$217 $flatten\u_fpu.\u_adder.$shl$../../rtl/fpu_adder.sv:139$217
    Analyzing resource sharing with $flatten\u_fpu.\u_fma_nmadd.\u_add.$shl$../../rtl/fpu_adder.sv:139$217 ($shl):
      Found 2 activation_patterns using ctrl signal { $flatten\u_fpu.$procmux$5661_CMP \u_fpu.u_fma_madd.u_add.a_is_inf \u_fpu.u_fma_madd.u_add.b_is_inf \u_fpu.u_fma_madd.u_add.a_is_zero \u_fpu.u_fma_madd.u_add.b_is_zero $flatten\u_fpu.\u_fma_madd.\u_add.$logic_or$../../rtl/fpu_adder.sv:49$111_Y $flatten\u_fpu.\u_fma_madd.\u_add.$logic_and$../../rtl/fpu_adder.sv:51$115_Y $flatten\u_fpu.\u_fma_nmadd.\u_add.$eq$../../rtl/fpu_adder.sv:94$145_Y $flatten\u_fpu.\u_fma_nmadd.\u_add.$9\result_mant[24:0] [23] $flatten\u_fpu.\u_fma_nmadd.\u_add.$ne$../../rtl/fpu_adder.sv:114$155_Y $flatten\u_fpu.\u_fma_nmadd.\u_add.$le$../../rtl/fpu_adder.sv:138$216_Y $flatten\u_fpu.\u_fma_nmadd.\u_add.$eq$../../rtl/fpu_adder.sv:150$219_Y }.
      Forbidden control signals for this pair of cells: $flatten\u_fpu.\u_fma_nmadd.\u_add.$eq$../../rtl/fpu_adder.sv:150$219_Y
      Activation pattern for cell $auto$share.cc:667:make_supercell$6317: { \u_fpu.fs1_is_inf \u_fpu.fs1_is_zero $flatten\u_fpu.$logic_or$../../rtl/fpu.sv:392$31_Y $flatten\u_fpu.$procmux$5668_CMP $flatten\u_fpu.\u_adder.$logic_and$../../rtl/fpu_adder.sv:51$115_Y \u_fpu.u_adder.b_is_zero \u_fpu.u_adder.b_is_inf $flatten\u_fpu.\u_subtractor.$le$../../rtl/fpu_adder.sv:138$216_Y $flatten\u_fpu.\u_subtractor.$ne$../../rtl/fpu_adder.sv:114$155_Y $flatten\u_fpu.\u_subtractor.$9\result_mant[24:0] [23] $flatten\u_fpu.\u_subtractor.$eq$../../rtl/fpu_adder.sv:94$145_Y } = 11'00010001100
      Activation pattern for cell $auto$share.cc:667:make_supercell$6317: { $flatten\u_fpu.$procmux$5662_CMP \u_fpu.u_fma_madd.u_add.a_is_inf \u_fpu.u_fma_madd.u_add.b_is_inf \u_fpu.u_fma_madd.u_add.a_is_zero \u_fpu.u_fma_madd.u_add.b_is_zero $flatten\u_fpu.\u_fma_madd.\u_add.$logic_or$../../rtl/fpu_adder.sv:49$111_Y $flatten\u_fpu.\u_fma_madd.\u_add.$logic_and$../../rtl/fpu_adder.sv:51$115_Y $flatten\u_fpu.\u_fma_nmsub.\u_add.$eq$../../rtl/fpu_adder.sv:94$145_Y $flatten\u_fpu.\u_fma_nmsub.\u_add.$9\result_mant[24:0] [23] $flatten\u_fpu.\u_fma_nmsub.\u_add.$ne$../../rtl/fpu_adder.sv:114$155_Y $flatten\u_fpu.\u_fma_nmsub.\u_add.$le$../../rtl/fpu_adder.sv:138$216_Y } = 11'10000000011
      Activation pattern for cell $flatten\u_fpu.\u_fma_nmadd.\u_add.$shl$../../rtl/fpu_adder.sv:139$217: { $flatten\u_fpu.$procmux$5661_CMP \u_fpu.u_fma_madd.u_add.a_is_inf \u_fpu.u_fma_madd.u_add.b_is_inf \u_fpu.u_fma_madd.u_add.a_is_zero \u_fpu.u_fma_madd.u_add.b_is_zero $flatten\u_fpu.\u_fma_madd.\u_add.$logic_or$../../rtl/fpu_adder.sv:49$111_Y $flatten\u_fpu.\u_fma_madd.\u_add.$logic_and$../../rtl/fpu_adder.sv:51$115_Y $flatten\u_fpu.\u_fma_nmadd.\u_add.$eq$../../rtl/fpu_adder.sv:94$145_Y $flatten\u_fpu.\u_fma_nmadd.\u_add.$9\result_mant[24:0] [23] $flatten\u_fpu.\u_fma_nmadd.\u_add.$ne$../../rtl/fpu_adder.sv:114$155_Y $flatten\u_fpu.\u_fma_nmadd.\u_add.$le$../../rtl/fpu_adder.sv:138$216_Y } = 11'10000000011
      Size of SAT problem: 0 cells, 49767 variables, 133326 clauses
      According to the SAT solver this pair of cells can be shared.
      Activation signal for $flatten\u_fpu.\u_fma_nmadd.\u_add.$shl$../../rtl/fpu_adder.sv:139$217: $auto$share.cc:977:make_cell_activation_logic$6320
      New cell: $auto$share.cc:667:make_supercell$6327 ($shl)
  Analyzing resource sharing options for $auto$share.cc:667:make_supercell$6327 ($shl):
    Found 3 activation_patterns using ctrl signal { \u_fpu.fs1_is_inf \u_fpu.fs1_is_zero $flatten\u_fpu.$logic_or$../../rtl/fpu.sv:392$31_Y $flatten\u_fpu.$procmux$5661_CMP $flatten\u_fpu.$procmux$5662_CMP $flatten\u_fpu.$procmux$5668_CMP $flatten\u_fpu.\u_adder.$logic_and$../../rtl/fpu_adder.sv:51$115_Y \u_fpu.u_adder.b_is_zero \u_fpu.u_adder.b_is_inf $flatten\u_fpu.\u_subtractor.$le$../../rtl/fpu_adder.sv:138$216_Y $flatten\u_fpu.\u_subtractor.$ne$../../rtl/fpu_adder.sv:114$155_Y $flatten\u_fpu.\u_subtractor.$9\result_mant[24:0] [23] $flatten\u_fpu.\u_subtractor.$eq$../../rtl/fpu_adder.sv:94$145_Y \u_fpu.u_fma_madd.u_add.a_is_inf \u_fpu.u_fma_madd.u_add.b_is_inf \u_fpu.u_fma_madd.u_add.a_is_zero \u_fpu.u_fma_madd.u_add.b_is_zero $flatten\u_fpu.\u_fma_madd.\u_add.$logic_or$../../rtl/fpu_adder.sv:49$111_Y $flatten\u_fpu.\u_fma_madd.\u_add.$logic_and$../../rtl/fpu_adder.sv:51$115_Y $flatten\u_fpu.\u_fma_nmsub.\u_add.$eq$../../rtl/fpu_adder.sv:94$145_Y $flatten\u_fpu.\u_fma_nmsub.\u_add.$9\result_mant[24:0] [23] $flatten\u_fpu.\u_fma_nmsub.\u_add.$ne$../../rtl/fpu_adder.sv:114$155_Y $flatten\u_fpu.\u_fma_nmsub.\u_add.$le$../../rtl/fpu_adder.sv:138$216_Y $flatten\u_fpu.\u_fma_nmadd.\u_add.$eq$../../rtl/fpu_adder.sv:94$145_Y $flatten\u_fpu.\u_fma_nmadd.\u_add.$9\result_mant[24:0] [23] $flatten\u_fpu.\u_fma_nmadd.\u_add.$ne$../../rtl/fpu_adder.sv:114$155_Y $flatten\u_fpu.\u_fma_nmadd.\u_add.$le$../../rtl/fpu_adder.sv:138$216_Y }.
    Found 3 candidates: $flatten\u_fpu.\u_fma_msub.\u_add.$shl$../../rtl/fpu_adder.sv:139$217 $flatten\u_fpu.\u_fma_madd.\u_add.$shl$../../rtl/fpu_adder.sv:139$217 $flatten\u_fpu.\u_adder.$shl$../../rtl/fpu_adder.sv:139$217
    Analyzing resource sharing with $flatten\u_fpu.\u_fma_msub.\u_add.$shl$../../rtl/fpu_adder.sv:139$217 ($shl):
      Found 2 activation_patterns using ctrl signal { $flatten\u_fpu.$procmux$5663_CMP \u_fpu.u_fma_madd.u_add.a_is_inf \u_fpu.u_fma_madd.u_add.b_is_inf \u_fpu.u_fma_madd.u_add.a_is_zero \u_fpu.u_fma_madd.u_add.b_is_zero $flatten\u_fpu.\u_fma_madd.\u_add.$logic_or$../../rtl/fpu_adder.sv:49$111_Y $flatten\u_fpu.\u_fma_madd.\u_add.$logic_and$../../rtl/fpu_adder.sv:51$115_Y $flatten\u_fpu.\u_fma_msub.\u_add.$eq$../../rtl/fpu_adder.sv:94$145_Y $flatten\u_fpu.\u_fma_msub.\u_add.$9\result_mant[24:0] [23] $flatten\u_fpu.\u_fma_msub.\u_add.$ne$../../rtl/fpu_adder.sv:114$155_Y $flatten\u_fpu.\u_fma_msub.\u_add.$le$../../rtl/fpu_adder.sv:138$216_Y $flatten\u_fpu.\u_fma_msub.\u_add.$eq$../../rtl/fpu_adder.sv:150$219_Y }.
      Forbidden control signals for this pair of cells: $flatten\u_fpu.\u_fma_msub.\u_add.$eq$../../rtl/fpu_adder.sv:150$219_Y
      Activation pattern for cell $auto$share.cc:667:make_supercell$6327: { \u_fpu.fs1_is_inf \u_fpu.fs1_is_zero $flatten\u_fpu.$logic_or$../../rtl/fpu.sv:392$31_Y $flatten\u_fpu.$procmux$5668_CMP $flatten\u_fpu.\u_adder.$logic_and$../../rtl/fpu_adder.sv:51$115_Y \u_fpu.u_adder.b_is_zero \u_fpu.u_adder.b_is_inf $flatten\u_fpu.\u_subtractor.$le$../../rtl/fpu_adder.sv:138$216_Y $flatten\u_fpu.\u_subtractor.$ne$../../rtl/fpu_adder.sv:114$155_Y $flatten\u_fpu.\u_subtractor.$9\result_mant[24:0] [23] $flatten\u_fpu.\u_subtractor.$eq$../../rtl/fpu_adder.sv:94$145_Y } = 11'00010001100
      Activation pattern for cell $auto$share.cc:667:make_supercell$6327: { $flatten\u_fpu.$procmux$5662_CMP \u_fpu.u_fma_madd.u_add.a_is_inf \u_fpu.u_fma_madd.u_add.b_is_inf \u_fpu.u_fma_madd.u_add.a_is_zero \u_fpu.u_fma_madd.u_add.b_is_zero $flatten\u_fpu.\u_fma_madd.\u_add.$logic_or$../../rtl/fpu_adder.sv:49$111_Y $flatten\u_fpu.\u_fma_madd.\u_add.$logic_and$../../rtl/fpu_adder.sv:51$115_Y $flatten\u_fpu.\u_fma_nmsub.\u_add.$eq$../../rtl/fpu_adder.sv:94$145_Y $flatten\u_fpu.\u_fma_nmsub.\u_add.$9\result_mant[24:0] [23] $flatten\u_fpu.\u_fma_nmsub.\u_add.$ne$../../rtl/fpu_adder.sv:114$155_Y $flatten\u_fpu.\u_fma_nmsub.\u_add.$le$../../rtl/fpu_adder.sv:138$216_Y } = 11'10000000011
      Activation pattern for cell $auto$share.cc:667:make_supercell$6327: { $flatten\u_fpu.$procmux$5661_CMP \u_fpu.u_fma_madd.u_add.a_is_inf \u_fpu.u_fma_madd.u_add.b_is_inf \u_fpu.u_fma_madd.u_add.a_is_zero \u_fpu.u_fma_madd.u_add.b_is_zero $flatten\u_fpu.\u_fma_madd.\u_add.$logic_or$../../rtl/fpu_adder.sv:49$111_Y $flatten\u_fpu.\u_fma_madd.\u_add.$logic_and$../../rtl/fpu_adder.sv:51$115_Y $flatten\u_fpu.\u_fma_nmadd.\u_add.$eq$../../rtl/fpu_adder.sv:94$145_Y $flatten\u_fpu.\u_fma_nmadd.\u_add.$9\result_mant[24:0] [23] $flatten\u_fpu.\u_fma_nmadd.\u_add.$ne$../../rtl/fpu_adder.sv:114$155_Y $flatten\u_fpu.\u_fma_nmadd.\u_add.$le$../../rtl/fpu_adder.sv:138$216_Y } = 11'10000000011
      Activation pattern for cell $flatten\u_fpu.\u_fma_msub.\u_add.$shl$../../rtl/fpu_adder.sv:139$217: { $flatten\u_fpu.$procmux$5663_CMP \u_fpu.u_fma_madd.u_add.a_is_inf \u_fpu.u_fma_madd.u_add.b_is_inf \u_fpu.u_fma_madd.u_add.a_is_zero \u_fpu.u_fma_madd.u_add.b_is_zero $flatten\u_fpu.\u_fma_madd.\u_add.$logic_or$../../rtl/fpu_adder.sv:49$111_Y $flatten\u_fpu.\u_fma_madd.\u_add.$logic_and$../../rtl/fpu_adder.sv:51$115_Y $flatten\u_fpu.\u_fma_msub.\u_add.$eq$../../rtl/fpu_adder.sv:94$145_Y $flatten\u_fpu.\u_fma_msub.\u_add.$9\result_mant[24:0] [23] $flatten\u_fpu.\u_fma_msub.\u_add.$ne$../../rtl/fpu_adder.sv:114$155_Y $flatten\u_fpu.\u_fma_msub.\u_add.$le$../../rtl/fpu_adder.sv:138$216_Y } = 11'10000000011
      Size of SAT problem: 0 cells, 62965 variables, 168715 clauses
      According to the SAT solver this pair of cells can be shared.
      Activation signal for $flatten\u_fpu.\u_fma_msub.\u_add.$shl$../../rtl/fpu_adder.sv:139$217: $auto$share.cc:977:make_cell_activation_logic$6330
      New cell: $auto$share.cc:667:make_supercell$6337 ($shl)
  Analyzing resource sharing options for $auto$share.cc:667:make_supercell$6337 ($shl):
    Found 4 activation_patterns using ctrl signal { \u_fpu.fs1_is_inf \u_fpu.fs1_is_zero $flatten\u_fpu.$logic_or$../../rtl/fpu.sv:392$31_Y $flatten\u_fpu.$procmux$5661_CMP $flatten\u_fpu.$procmux$5662_CMP $flatten\u_fpu.$procmux$5663_CMP $flatten\u_fpu.$procmux$5668_CMP $flatten\u_fpu.\u_adder.$logic_and$../../rtl/fpu_adder.sv:51$115_Y \u_fpu.u_adder.b_is_zero \u_fpu.u_adder.b_is_inf $flatten\u_fpu.\u_subtractor.$le$../../rtl/fpu_adder.sv:138$216_Y $flatten\u_fpu.\u_subtractor.$ne$../../rtl/fpu_adder.sv:114$155_Y $flatten\u_fpu.\u_subtractor.$9\result_mant[24:0] [23] $flatten\u_fpu.\u_subtractor.$eq$../../rtl/fpu_adder.sv:94$145_Y \u_fpu.u_fma_madd.u_add.a_is_inf \u_fpu.u_fma_madd.u_add.b_is_inf \u_fpu.u_fma_madd.u_add.a_is_zero \u_fpu.u_fma_madd.u_add.b_is_zero $flatten\u_fpu.\u_fma_madd.\u_add.$logic_or$../../rtl/fpu_adder.sv:49$111_Y $flatten\u_fpu.\u_fma_madd.\u_add.$logic_and$../../rtl/fpu_adder.sv:51$115_Y $flatten\u_fpu.\u_fma_msub.\u_add.$eq$../../rtl/fpu_adder.sv:94$145_Y $flatten\u_fpu.\u_fma_msub.\u_add.$9\result_mant[24:0] [23] $flatten\u_fpu.\u_fma_msub.\u_add.$ne$../../rtl/fpu_adder.sv:114$155_Y $flatten\u_fpu.\u_fma_msub.\u_add.$le$../../rtl/fpu_adder.sv:138$216_Y $flatten\u_fpu.\u_fma_nmsub.\u_add.$eq$../../rtl/fpu_adder.sv:94$145_Y $flatten\u_fpu.\u_fma_nmsub.\u_add.$9\result_mant[24:0] [23] $flatten\u_fpu.\u_fma_nmsub.\u_add.$ne$../../rtl/fpu_adder.sv:114$155_Y $flatten\u_fpu.\u_fma_nmsub.\u_add.$le$../../rtl/fpu_adder.sv:138$216_Y $flatten\u_fpu.\u_fma_nmadd.\u_add.$eq$../../rtl/fpu_adder.sv:94$145_Y $flatten\u_fpu.\u_fma_nmadd.\u_add.$9\result_mant[24:0] [23] $flatten\u_fpu.\u_fma_nmadd.\u_add.$ne$../../rtl/fpu_adder.sv:114$155_Y $flatten\u_fpu.\u_fma_nmadd.\u_add.$le$../../rtl/fpu_adder.sv:138$216_Y }.
    Found 2 candidates: $flatten\u_fpu.\u_fma_madd.\u_add.$shl$../../rtl/fpu_adder.sv:139$217 $flatten\u_fpu.\u_adder.$shl$../../rtl/fpu_adder.sv:139$217
    Analyzing resource sharing with $flatten\u_fpu.\u_fma_madd.\u_add.$shl$../../rtl/fpu_adder.sv:139$217 ($shl):
      Found 2 activation_patterns using ctrl signal { $flatten\u_fpu.$procmux$5664_CMP \u_fpu.u_fma_madd.u_add.a_is_inf \u_fpu.u_fma_madd.u_add.b_is_inf \u_fpu.u_fma_madd.u_add.a_is_zero \u_fpu.u_fma_madd.u_add.b_is_zero $flatten\u_fpu.\u_fma_madd.\u_add.$logic_or$../../rtl/fpu_adder.sv:49$111_Y $flatten\u_fpu.\u_fma_madd.\u_add.$logic_and$../../rtl/fpu_adder.sv:51$115_Y $flatten\u_fpu.\u_fma_madd.\u_add.$eq$../../rtl/fpu_adder.sv:94$145_Y $flatten\u_fpu.\u_fma_madd.\u_add.$9\result_mant[24:0] [23] $flatten\u_fpu.\u_fma_madd.\u_add.$ne$../../rtl/fpu_adder.sv:114$155_Y $flatten\u_fpu.\u_fma_madd.\u_add.$le$../../rtl/fpu_adder.sv:138$216_Y $flatten\u_fpu.\u_fma_madd.\u_add.$eq$../../rtl/fpu_adder.sv:150$219_Y }.
      Forbidden control signals for this pair of cells: $flatten\u_fpu.\u_fma_madd.\u_add.$eq$../../rtl/fpu_adder.sv:150$219_Y
      Activation pattern for cell $auto$share.cc:667:make_supercell$6337: { \u_fpu.fs1_is_inf \u_fpu.fs1_is_zero $flatten\u_fpu.$logic_or$../../rtl/fpu.sv:392$31_Y $flatten\u_fpu.$procmux$5668_CMP $flatten\u_fpu.\u_adder.$logic_and$../../rtl/fpu_adder.sv:51$115_Y \u_fpu.u_adder.b_is_zero \u_fpu.u_adder.b_is_inf $flatten\u_fpu.\u_subtractor.$le$../../rtl/fpu_adder.sv:138$216_Y $flatten\u_fpu.\u_subtractor.$ne$../../rtl/fpu_adder.sv:114$155_Y $flatten\u_fpu.\u_subtractor.$9\result_mant[24:0] [23] $flatten\u_fpu.\u_subtractor.$eq$../../rtl/fpu_adder.sv:94$145_Y } = 11'00010001100
      Activation pattern for cell $auto$share.cc:667:make_supercell$6337: { $flatten\u_fpu.$procmux$5662_CMP \u_fpu.u_fma_madd.u_add.a_is_inf \u_fpu.u_fma_madd.u_add.b_is_inf \u_fpu.u_fma_madd.u_add.a_is_zero \u_fpu.u_fma_madd.u_add.b_is_zero $flatten\u_fpu.\u_fma_madd.\u_add.$logic_or$../../rtl/fpu_adder.sv:49$111_Y $flatten\u_fpu.\u_fma_madd.\u_add.$logic_and$../../rtl/fpu_adder.sv:51$115_Y $flatten\u_fpu.\u_fma_nmsub.\u_add.$eq$../../rtl/fpu_adder.sv:94$145_Y $flatten\u_fpu.\u_fma_nmsub.\u_add.$9\result_mant[24:0] [23] $flatten\u_fpu.\u_fma_nmsub.\u_add.$ne$../../rtl/fpu_adder.sv:114$155_Y $flatten\u_fpu.\u_fma_nmsub.\u_add.$le$../../rtl/fpu_adder.sv:138$216_Y } = 11'10000000011
      Activation pattern for cell $auto$share.cc:667:make_supercell$6337: { $flatten\u_fpu.$procmux$5661_CMP \u_fpu.u_fma_madd.u_add.a_is_inf \u_fpu.u_fma_madd.u_add.b_is_inf \u_fpu.u_fma_madd.u_add.a_is_zero \u_fpu.u_fma_madd.u_add.b_is_zero $flatten\u_fpu.\u_fma_madd.\u_add.$logic_or$../../rtl/fpu_adder.sv:49$111_Y $flatten\u_fpu.\u_fma_madd.\u_add.$logic_and$../../rtl/fpu_adder.sv:51$115_Y $flatten\u_fpu.\u_fma_nmadd.\u_add.$eq$../../rtl/fpu_adder.sv:94$145_Y $flatten\u_fpu.\u_fma_nmadd.\u_add.$9\result_mant[24:0] [23] $flatten\u_fpu.\u_fma_nmadd.\u_add.$ne$../../rtl/fpu_adder.sv:114$155_Y $flatten\u_fpu.\u_fma_nmadd.\u_add.$le$../../rtl/fpu_adder.sv:138$216_Y } = 11'10000000011
      Activation pattern for cell $auto$share.cc:667:make_supercell$6337: { $flatten\u_fpu.$procmux$5663_CMP \u_fpu.u_fma_madd.u_add.a_is_inf \u_fpu.u_fma_madd.u_add.b_is_inf \u_fpu.u_fma_madd.u_add.a_is_zero \u_fpu.u_fma_madd.u_add.b_is_zero $flatten\u_fpu.\u_fma_madd.\u_add.$logic_or$../../rtl/fpu_adder.sv:49$111_Y $flatten\u_fpu.\u_fma_madd.\u_add.$logic_and$../../rtl/fpu_adder.sv:51$115_Y $flatten\u_fpu.\u_fma_msub.\u_add.$eq$../../rtl/fpu_adder.sv:94$145_Y $flatten\u_fpu.\u_fma_msub.\u_add.$9\result_mant[24:0] [23] $flatten\u_fpu.\u_fma_msub.\u_add.$ne$../../rtl/fpu_adder.sv:114$155_Y $flatten\u_fpu.\u_fma_msub.\u_add.$le$../../rtl/fpu_adder.sv:138$216_Y } = 11'10000000011
      Activation pattern for cell $flatten\u_fpu.\u_fma_madd.\u_add.$shl$../../rtl/fpu_adder.sv:139$217: { $flatten\u_fpu.$procmux$5664_CMP \u_fpu.u_fma_madd.u_add.a_is_inf \u_fpu.u_fma_madd.u_add.b_is_inf \u_fpu.u_fma_madd.u_add.a_is_zero \u_fpu.u_fma_madd.u_add.b_is_zero $flatten\u_fpu.\u_fma_madd.\u_add.$logic_or$../../rtl/fpu_adder.sv:49$111_Y $flatten\u_fpu.\u_fma_madd.\u_add.$logic_and$../../rtl/fpu_adder.sv:51$115_Y $flatten\u_fpu.\u_fma_madd.\u_add.$eq$../../rtl/fpu_adder.sv:94$145_Y $flatten\u_fpu.\u_fma_madd.\u_add.$9\result_mant[24:0] [23] $flatten\u_fpu.\u_fma_madd.\u_add.$ne$../../rtl/fpu_adder.sv:114$155_Y $flatten\u_fpu.\u_fma_madd.\u_add.$le$../../rtl/fpu_adder.sv:138$216_Y } = 11'10000000011
      Size of SAT problem: 0 cells, 76159 variables, 204092 clauses
      According to the SAT solver this pair of cells can be shared.
      Activation signal for $flatten\u_fpu.\u_fma_madd.\u_add.$shl$../../rtl/fpu_adder.sv:139$217: $auto$share.cc:977:make_cell_activation_logic$6340
      New cell: $auto$share.cc:667:make_supercell$6347 ($shl)
  Analyzing resource sharing options for $auto$share.cc:667:make_supercell$6347 ($shl):
    Found 5 activation_patterns using ctrl signal { \u_fpu.fs1_is_inf \u_fpu.fs1_is_zero $flatten\u_fpu.$logic_or$../../rtl/fpu.sv:392$31_Y $flatten\u_fpu.$procmux$5661_CMP $flatten\u_fpu.$procmux$5662_CMP $flatten\u_fpu.$procmux$5663_CMP $flatten\u_fpu.$procmux$5664_CMP $flatten\u_fpu.$procmux$5668_CMP $flatten\u_fpu.\u_adder.$logic_and$../../rtl/fpu_adder.sv:51$115_Y \u_fpu.u_adder.b_is_zero \u_fpu.u_adder.b_is_inf $flatten\u_fpu.\u_subtractor.$le$../../rtl/fpu_adder.sv:138$216_Y $flatten\u_fpu.\u_subtractor.$ne$../../rtl/fpu_adder.sv:114$155_Y $flatten\u_fpu.\u_subtractor.$9\result_mant[24:0] [23] $flatten\u_fpu.\u_subtractor.$eq$../../rtl/fpu_adder.sv:94$145_Y \u_fpu.u_fma_madd.u_add.a_is_inf \u_fpu.u_fma_madd.u_add.b_is_inf \u_fpu.u_fma_madd.u_add.a_is_zero \u_fpu.u_fma_madd.u_add.b_is_zero $flatten\u_fpu.\u_fma_madd.\u_add.$logic_or$../../rtl/fpu_adder.sv:49$111_Y $flatten\u_fpu.\u_fma_madd.\u_add.$logic_and$../../rtl/fpu_adder.sv:51$115_Y $flatten\u_fpu.\u_fma_madd.\u_add.$eq$../../rtl/fpu_adder.sv:94$145_Y $flatten\u_fpu.\u_fma_madd.\u_add.$9\result_mant[24:0] [23] $flatten\u_fpu.\u_fma_madd.\u_add.$ne$../../rtl/fpu_adder.sv:114$155_Y $flatten\u_fpu.\u_fma_madd.\u_add.$le$../../rtl/fpu_adder.sv:138$216_Y $flatten\u_fpu.\u_fma_msub.\u_add.$eq$../../rtl/fpu_adder.sv:94$145_Y $flatten\u_fpu.\u_fma_msub.\u_add.$9\result_mant[24:0] [23] $flatten\u_fpu.\u_fma_msub.\u_add.$ne$../../rtl/fpu_adder.sv:114$155_Y $flatten\u_fpu.\u_fma_msub.\u_add.$le$../../rtl/fpu_adder.sv:138$216_Y $flatten\u_fpu.\u_fma_nmsub.\u_add.$eq$../../rtl/fpu_adder.sv:94$145_Y $flatten\u_fpu.\u_fma_nmsub.\u_add.$9\result_mant[24:0] [23] $flatten\u_fpu.\u_fma_nmsub.\u_add.$ne$../../rtl/fpu_adder.sv:114$155_Y $flatten\u_fpu.\u_fma_nmsub.\u_add.$le$../../rtl/fpu_adder.sv:138$216_Y $flatten\u_fpu.\u_fma_nmadd.\u_add.$eq$../../rtl/fpu_adder.sv:94$145_Y $flatten\u_fpu.\u_fma_nmadd.\u_add.$9\result_mant[24:0] [23] $flatten\u_fpu.\u_fma_nmadd.\u_add.$ne$../../rtl/fpu_adder.sv:114$155_Y $flatten\u_fpu.\u_fma_nmadd.\u_add.$le$../../rtl/fpu_adder.sv:138$216_Y }.
    Found 1 candidates: $flatten\u_fpu.\u_adder.$shl$../../rtl/fpu_adder.sv:139$217
    Analyzing resource sharing with $flatten\u_fpu.\u_adder.$shl$../../rtl/fpu_adder.sv:139$217 ($shl):
      Found 2 activation_patterns using ctrl signal { \u_fpu.fs1_is_inf \u_fpu.fs1_is_zero $flatten\u_fpu.$logic_or$../../rtl/fpu.sv:392$31_Y $flatten\u_fpu.$procmux$5669_CMP $flatten\u_fpu.\u_adder.$eq$../../rtl/fpu_adder.sv:150$219_Y $flatten\u_fpu.\u_adder.$le$../../rtl/fpu_adder.sv:138$216_Y $flatten\u_fpu.\u_adder.$ne$../../rtl/fpu_adder.sv:114$155_Y $flatten\u_fpu.\u_adder.$9\result_mant[24:0] [23] $flatten\u_fpu.\u_adder.$eq$../../rtl/fpu_adder.sv:94$145_Y $flatten\u_fpu.\u_adder.$logic_and$../../rtl/fpu_adder.sv:51$115_Y \u_fpu.u_adder.b_is_zero \u_fpu.u_adder.b_is_inf }.
      Forbidden control signals for this pair of cells: $flatten\u_fpu.\u_adder.$eq$../../rtl/fpu_adder.sv:150$219_Y
      Activation pattern for cell $auto$share.cc:667:make_supercell$6347: { \u_fpu.fs1_is_inf \u_fpu.fs1_is_zero $flatten\u_fpu.$logic_or$../../rtl/fpu.sv:392$31_Y $flatten\u_fpu.$procmux$5668_CMP $flatten\u_fpu.\u_adder.$logic_and$../../rtl/fpu_adder.sv:51$115_Y \u_fpu.u_adder.b_is_zero \u_fpu.u_adder.b_is_inf $flatten\u_fpu.\u_subtractor.$le$../../rtl/fpu_adder.sv:138$216_Y $flatten\u_fpu.\u_subtractor.$ne$../../rtl/fpu_adder.sv:114$155_Y $flatten\u_fpu.\u_subtractor.$9\result_mant[24:0] [23] $flatten\u_fpu.\u_subtractor.$eq$../../rtl/fpu_adder.sv:94$145_Y } = 11'00010001100
      Activation pattern for cell $auto$share.cc:667:make_supercell$6347: { $flatten\u_fpu.$procmux$5662_CMP \u_fpu.u_fma_madd.u_add.a_is_inf \u_fpu.u_fma_madd.u_add.b_is_inf \u_fpu.u_fma_madd.u_add.a_is_zero \u_fpu.u_fma_madd.u_add.b_is_zero $flatten\u_fpu.\u_fma_madd.\u_add.$logic_or$../../rtl/fpu_adder.sv:49$111_Y $flatten\u_fpu.\u_fma_madd.\u_add.$logic_and$../../rtl/fpu_adder.sv:51$115_Y $flatten\u_fpu.\u_fma_nmsub.\u_add.$eq$../../rtl/fpu_adder.sv:94$145_Y $flatten\u_fpu.\u_fma_nmsub.\u_add.$9\result_mant[24:0] [23] $flatten\u_fpu.\u_fma_nmsub.\u_add.$ne$../../rtl/fpu_adder.sv:114$155_Y $flatten\u_fpu.\u_fma_nmsub.\u_add.$le$../../rtl/fpu_adder.sv:138$216_Y } = 11'10000000011
      Activation pattern for cell $auto$share.cc:667:make_supercell$6347: { $flatten\u_fpu.$procmux$5661_CMP \u_fpu.u_fma_madd.u_add.a_is_inf \u_fpu.u_fma_madd.u_add.b_is_inf \u_fpu.u_fma_madd.u_add.a_is_zero \u_fpu.u_fma_madd.u_add.b_is_zero $flatten\u_fpu.\u_fma_madd.\u_add.$logic_or$../../rtl/fpu_adder.sv:49$111_Y $flatten\u_fpu.\u_fma_madd.\u_add.$logic_and$../../rtl/fpu_adder.sv:51$115_Y $flatten\u_fpu.\u_fma_nmadd.\u_add.$eq$../../rtl/fpu_adder.sv:94$145_Y $flatten\u_fpu.\u_fma_nmadd.\u_add.$9\result_mant[24:0] [23] $flatten\u_fpu.\u_fma_nmadd.\u_add.$ne$../../rtl/fpu_adder.sv:114$155_Y $flatten\u_fpu.\u_fma_nmadd.\u_add.$le$../../rtl/fpu_adder.sv:138$216_Y } = 11'10000000011
      Activation pattern for cell $auto$share.cc:667:make_supercell$6347: { $flatten\u_fpu.$procmux$5663_CMP \u_fpu.u_fma_madd.u_add.a_is_inf \u_fpu.u_fma_madd.u_add.b_is_inf \u_fpu.u_fma_madd.u_add.a_is_zero \u_fpu.u_fma_madd.u_add.b_is_zero $flatten\u_fpu.\u_fma_madd.\u_add.$logic_or$../../rtl/fpu_adder.sv:49$111_Y $flatten\u_fpu.\u_fma_madd.\u_add.$logic_and$../../rtl/fpu_adder.sv:51$115_Y $flatten\u_fpu.\u_fma_msub.\u_add.$eq$../../rtl/fpu_adder.sv:94$145_Y $flatten\u_fpu.\u_fma_msub.\u_add.$9\result_mant[24:0] [23] $flatten\u_fpu.\u_fma_msub.\u_add.$ne$../../rtl/fpu_adder.sv:114$155_Y $flatten\u_fpu.\u_fma_msub.\u_add.$le$../../rtl/fpu_adder.sv:138$216_Y } = 11'10000000011
      Activation pattern for cell $auto$share.cc:667:make_supercell$6347: { $flatten\u_fpu.$procmux$5664_CMP \u_fpu.u_fma_madd.u_add.a_is_inf \u_fpu.u_fma_madd.u_add.b_is_inf \u_fpu.u_fma_madd.u_add.a_is_zero \u_fpu.u_fma_madd.u_add.b_is_zero $flatten\u_fpu.\u_fma_madd.\u_add.$logic_or$../../rtl/fpu_adder.sv:49$111_Y $flatten\u_fpu.\u_fma_madd.\u_add.$logic_and$../../rtl/fpu_adder.sv:51$115_Y $flatten\u_fpu.\u_fma_madd.\u_add.$eq$../../rtl/fpu_adder.sv:94$145_Y $flatten\u_fpu.\u_fma_madd.\u_add.$9\result_mant[24:0] [23] $flatten\u_fpu.\u_fma_madd.\u_add.$ne$../../rtl/fpu_adder.sv:114$155_Y $flatten\u_fpu.\u_fma_madd.\u_add.$le$../../rtl/fpu_adder.sv:138$216_Y } = 11'10000000011
      Activation pattern for cell $flatten\u_fpu.\u_adder.$shl$../../rtl/fpu_adder.sv:139$217: { \u_fpu.fs1_is_inf \u_fpu.fs1_is_zero $flatten\u_fpu.$logic_or$../../rtl/fpu.sv:392$31_Y $flatten\u_fpu.$procmux$5669_CMP $flatten\u_fpu.\u_adder.$le$../../rtl/fpu_adder.sv:138$216_Y $flatten\u_fpu.\u_adder.$ne$../../rtl/fpu_adder.sv:114$155_Y $flatten\u_fpu.\u_adder.$9\result_mant[24:0] [23] $flatten\u_fpu.\u_adder.$eq$../../rtl/fpu_adder.sv:94$145_Y $flatten\u_fpu.\u_adder.$logic_and$../../rtl/fpu_adder.sv:51$115_Y \u_fpu.u_adder.b_is_zero \u_fpu.u_adder.b_is_inf } = 11'00011100000
      Size of SAT problem: 0 cells, 89320 variables, 239322 clauses
      According to the SAT solver this pair of cells can be shared.
      Activation signal for $flatten\u_fpu.\u_adder.$shl$../../rtl/fpu_adder.sv:139$217: $auto$share.cc:977:make_cell_activation_logic$6350
      New cell: $auto$share.cc:667:make_supercell$6357 ($shl)
  Analyzing resource sharing options for $auto$share.cc:667:make_supercell$6357 ($shl):
    Found 6 activation_patterns using ctrl signal { \u_fpu.fs1_is_inf \u_fpu.fs1_is_zero $flatten\u_fpu.$logic_or$../../rtl/fpu.sv:392$31_Y $flatten\u_fpu.$procmux$5661_CMP $flatten\u_fpu.$procmux$5662_CMP $flatten\u_fpu.$procmux$5663_CMP $flatten\u_fpu.$procmux$5664_CMP $flatten\u_fpu.$procmux$5668_CMP $flatten\u_fpu.$procmux$5669_CMP $flatten\u_fpu.\u_adder.$le$../../rtl/fpu_adder.sv:138$216_Y $flatten\u_fpu.\u_adder.$ne$../../rtl/fpu_adder.sv:114$155_Y $flatten\u_fpu.\u_adder.$9\result_mant[24:0] [23] $flatten\u_fpu.\u_adder.$eq$../../rtl/fpu_adder.sv:94$145_Y $flatten\u_fpu.\u_adder.$logic_and$../../rtl/fpu_adder.sv:51$115_Y \u_fpu.u_adder.b_is_zero \u_fpu.u_adder.b_is_inf $flatten\u_fpu.\u_subtractor.$le$../../rtl/fpu_adder.sv:138$216_Y $flatten\u_fpu.\u_subtractor.$ne$../../rtl/fpu_adder.sv:114$155_Y $flatten\u_fpu.\u_subtractor.$9\result_mant[24:0] [23] $flatten\u_fpu.\u_subtractor.$eq$../../rtl/fpu_adder.sv:94$145_Y \u_fpu.u_fma_madd.u_add.a_is_inf \u_fpu.u_fma_madd.u_add.b_is_inf \u_fpu.u_fma_madd.u_add.a_is_zero \u_fpu.u_fma_madd.u_add.b_is_zero $flatten\u_fpu.\u_fma_madd.\u_add.$logic_or$../../rtl/fpu_adder.sv:49$111_Y $flatten\u_fpu.\u_fma_madd.\u_add.$logic_and$../../rtl/fpu_adder.sv:51$115_Y $flatten\u_fpu.\u_fma_madd.\u_add.$eq$../../rtl/fpu_adder.sv:94$145_Y $flatten\u_fpu.\u_fma_madd.\u_add.$9\result_mant[24:0] [23] $flatten\u_fpu.\u_fma_madd.\u_add.$ne$../../rtl/fpu_adder.sv:114$155_Y $flatten\u_fpu.\u_fma_madd.\u_add.$le$../../rtl/fpu_adder.sv:138$216_Y $flatten\u_fpu.\u_fma_msub.\u_add.$eq$../../rtl/fpu_adder.sv:94$145_Y $flatten\u_fpu.\u_fma_msub.\u_add.$9\result_mant[24:0] [23] $flatten\u_fpu.\u_fma_msub.\u_add.$ne$../../rtl/fpu_adder.sv:114$155_Y $flatten\u_fpu.\u_fma_msub.\u_add.$le$../../rtl/fpu_adder.sv:138$216_Y $flatten\u_fpu.\u_fma_nmsub.\u_add.$eq$../../rtl/fpu_adder.sv:94$145_Y $flatten\u_fpu.\u_fma_nmsub.\u_add.$9\result_mant[24:0] [23] $flatten\u_fpu.\u_fma_nmsub.\u_add.$ne$../../rtl/fpu_adder.sv:114$155_Y $flatten\u_fpu.\u_fma_nmsub.\u_add.$le$../../rtl/fpu_adder.sv:138$216_Y $flatten\u_fpu.\u_fma_nmadd.\u_add.$eq$../../rtl/fpu_adder.sv:94$145_Y $flatten\u_fpu.\u_fma_nmadd.\u_add.$9\result_mant[24:0] [23] $flatten\u_fpu.\u_fma_nmadd.\u_add.$ne$../../rtl/fpu_adder.sv:114$155_Y $flatten\u_fpu.\u_fma_nmadd.\u_add.$le$../../rtl/fpu_adder.sv:138$216_Y }.
    No candidates found.
  Analyzing resource sharing options for $flatten\u_fpu.\u_fma_madd.\u_mul.$mul$../../rtl/fpu_multiplier.sv:60$243 ($mul):
    Found 46191 activation_patterns using ctrl signal { \u_fpu.fs1_is_inf $flatten\u_fpu.$logic_or$../../rtl/fpu.sv:392$31_Y $flatten\u_fpu.$procmux$5661_CMP $flatten\u_fpu.$procmux$5662_CMP $flatten\u_fpu.$procmux$5663_CMP $flatten\u_fpu.$procmux$5664_CMP $flatten\u_fpu.$procmux$5667_CMP \u_fpu.u_adder.b_is_inf \u_fpu.u_fma_madd.u_add.a_is_inf \u_fpu.u_fma_madd.u_add.b_is_inf \u_fpu.u_fma_madd.u_add.a_is_zero \u_fpu.u_fma_madd.u_add.b_is_zero $flatten\u_fpu.\u_fma_madd.\u_add.$logic_or$../../rtl/fpu_adder.sv:49$111_Y $flatten\u_fpu.\u_fma_madd.\u_add.$logic_and$../../rtl/fpu_adder.sv:51$115_Y $flatten\u_fpu.\u_fma_madd.\u_add.$ne$../../rtl/fpu_adder.sv:52$120_Y $flatten\u_fpu.\u_fma_madd.\u_add.$gt$../../rtl/fpu_adder.sv:75$138_Y $flatten\u_fpu.\u_fma_madd.\u_add.$lt$../../rtl/fpu_adder.sv:77$140_Y $flatten\u_fpu.\u_fma_madd.\u_add.$lt$../../rtl/fpu_adder.sv:85$143_Y $flatten\u_fpu.\u_fma_madd.\u_add.$eq$../../rtl/fpu_adder.sv:94$145_Y $flatten\u_fpu.\u_fma_madd.\u_add.$9\result_mant[24:0] [23] $flatten\u_fpu.\u_fma_madd.\u_add.$ne$../../rtl/fpu_adder.sv:114$155_Y $flatten\u_fpu.\u_fma_madd.\u_add.$ne$../../rtl/fpu_adder.sv:117$163_Y $flatten\u_fpu.\u_fma_madd.\u_add.$logic_and$../../rtl/fpu_adder.sv:119$170_Y $flatten\u_fpu.\u_fma_madd.\u_add.$logic_and$../../rtl/fpu_adder.sv:119$172_Y $flatten\u_fpu.\u_fma_madd.\u_add.$logic_and$../../rtl/fpu_adder.sv:119$174_Y $flatten\u_fpu.\u_fma_madd.\u_add.$logic_and$../../rtl/fpu_adder.sv:119$176_Y $flatten\u_fpu.\u_fma_madd.\u_add.$logic_and$../../rtl/fpu_adder.sv:119$178_Y $flatten\u_fpu.\u_fma_madd.\u_add.$logic_and$../../rtl/fpu_adder.sv:119$180_Y $flatten\u_fpu.\u_fma_madd.\u_add.$ne$../../rtl/fpu_adder.sv:123$181_Y $flatten\u_fpu.\u_fma_madd.\u_add.$logic_and$../../rtl/fpu_adder.sv:125$187_Y $flatten\u_fpu.\u_fma_madd.\u_add.$logic_and$../../rtl/fpu_adder.sv:125$189_Y $flatten\u_fpu.\u_fma_madd.\u_add.$logic_and$../../rtl/fpu_adder.sv:125$191_Y $flatten\u_fpu.\u_fma_madd.\u_add.$logic_and$../../rtl/fpu_adder.sv:125$193_Y $flatten\u_fpu.\u_fma_madd.\u_add.$logic_and$../../rtl/fpu_adder.sv:125$195_Y $flatten\u_fpu.\u_fma_madd.\u_add.$logic_and$../../rtl/fpu_adder.sv:125$197_Y $flatten\u_fpu.\u_fma_madd.\u_add.$logic_and$../../rtl/fpu_adder.sv:125$199_Y $flatten\u_fpu.\u_fma_madd.\u_add.$logic_and$../../rtl/fpu_adder.sv:131$203_Y $flatten\u_fpu.\u_fma_madd.\u_add.$logic_and$../../rtl/fpu_adder.sv:131$205_Y $flatten\u_fpu.\u_fma_madd.\u_add.$logic_and$../../rtl/fpu_adder.sv:131$207_Y $flatten\u_fpu.\u_fma_madd.\u_add.$logic_and$../../rtl/fpu_adder.sv:131$209_Y $flatten\u_fpu.\u_fma_madd.\u_add.$logic_and$../../rtl/fpu_adder.sv:131$211_Y $flatten\u_fpu.\u_fma_madd.\u_add.$logic_and$../../rtl/fpu_adder.sv:131$213_Y $flatten\u_fpu.\u_fma_madd.\u_add.$logic_and$../../rtl/fpu_adder.sv:131$215_Y $flatten\u_fpu.\u_fma_madd.\u_add.$le$../../rtl/fpu_adder.sv:138$216_Y $flatten\u_fpu.\u_fma_madd.\u_add.$eq$../../rtl/fpu_adder.sv:150$219_Y $flatten\u_fpu.\u_fma_madd.\u_mul.$logic_or$../../rtl/fpu_multiplier.sv:54$238_Y $flatten\u_fpu.\u_fma_madd.\u_mul.$logic_or$../../rtl/fpu_multiplier.sv:69$246_Y $flatten\u_fpu.\u_fma_madd.\u_mul.$eq$../../rtl/fpu_multiplier.sv:72$247_Y $flatten\u_fpu.\u_fma_msub.\u_add.$ne$../../rtl/fpu_adder.sv:52$120_Y $flatten\u_fpu.\u_fma_msub.\u_add.$eq$../../rtl/fpu_adder.sv:94$145_Y $flatten\u_fpu.\u_fma_msub.\u_add.$9\result_mant[24:0] [23] $flatten\u_fpu.\u_fma_msub.\u_add.$ne$../../rtl/fpu_adder.sv:114$155_Y $flatten\u_fpu.\u_fma_msub.\u_add.$ne$../../rtl/fpu_adder.sv:117$163_Y $flatten\u_fpu.\u_fma_msub.\u_add.$logic_and$../../rtl/fpu_adder.sv:119$170_Y $flatten\u_fpu.\u_fma_msub.\u_add.$logic_and$../../rtl/fpu_adder.sv:119$172_Y $flatten\u_fpu.\u_fma_msub.\u_add.$logic_and$../../rtl/fpu_adder.sv:119$174_Y $flatten\u_fpu.\u_fma_msub.\u_add.$logic_and$../../rtl/fpu_adder.sv:119$176_Y $flatten\u_fpu.\u_fma_msub.\u_add.$logic_and$../../rtl/fpu_adder.sv:119$178_Y $flatten\u_fpu.\u_fma_msub.\u_add.$logic_and$../../rtl/fpu_adder.sv:119$180_Y $flatten\u_fpu.\u_fma_msub.\u_add.$ne$../../rtl/fpu_adder.sv:123$181_Y $flatten\u_fpu.\u_fma_msub.\u_add.$logic_and$../../rtl/fpu_adder.sv:125$187_Y $flatten\u_fpu.\u_fma_msub.\u_add.$logic_and$../../rtl/fpu_adder.sv:125$189_Y $flatten\u_fpu.\u_fma_msub.\u_add.$logic_and$../../rtl/fpu_adder.sv:125$191_Y $flatten\u_fpu.\u_fma_msub.\u_add.$logic_and$../../rtl/fpu_adder.sv:125$193_Y $flatten\u_fpu.\u_fma_msub.\u_add.$logic_and$../../rtl/fpu_adder.sv:125$195_Y $flatten\u_fpu.\u_fma_msub.\u_add.$logic_and$../../rtl/fpu_adder.sv:125$197_Y $flatten\u_fpu.\u_fma_msub.\u_add.$logic_and$../../rtl/fpu_adder.sv:125$199_Y $flatten\u_fpu.\u_fma_msub.\u_add.$logic_and$../../rtl/fpu_adder.sv:131$203_Y $flatten\u_fpu.\u_fma_msub.\u_add.$logic_and$../../rtl/fpu_adder.sv:131$205_Y $flatten\u_fpu.\u_fma_msub.\u_add.$logic_and$../../rtl/fpu_adder.sv:131$207_Y $flatten\u_fpu.\u_fma_msub.\u_add.$logic_and$../../rtl/fpu_adder.sv:131$209_Y $flatten\u_fpu.\u_fma_msub.\u_add.$logic_and$../../rtl/fpu_adder.sv:131$211_Y $flatten\u_fpu.\u_fma_msub.\u_add.$logic_and$../../rtl/fpu_adder.sv:131$213_Y $flatten\u_fpu.\u_fma_msub.\u_add.$logic_and$../../rtl/fpu_adder.sv:131$215_Y $flatten\u_fpu.\u_fma_msub.\u_add.$le$../../rtl/fpu_adder.sv:138$216_Y $flatten\u_fpu.\u_fma_msub.\u_add.$eq$../../rtl/fpu_adder.sv:150$219_Y $flatten\u_fpu.\u_fma_nmsub.\u_add.$ne$../../rtl/fpu_adder.sv:52$120_Y $flatten\u_fpu.\u_fma_nmsub.\u_add.$eq$../../rtl/fpu_adder.sv:94$145_Y $flatten\u_fpu.\u_fma_nmsub.\u_add.$9\result_mant[24:0] [23] $flatten\u_fpu.\u_fma_nmsub.\u_add.$ne$../../rtl/fpu_adder.sv:114$155_Y $flatten\u_fpu.\u_fma_nmsub.\u_add.$ne$../../rtl/fpu_adder.sv:117$163_Y $flatten\u_fpu.\u_fma_nmsub.\u_add.$logic_and$../../rtl/fpu_adder.sv:119$170_Y $flatten\u_fpu.\u_fma_nmsub.\u_add.$logic_and$../../rtl/fpu_adder.sv:119$172_Y $flatten\u_fpu.\u_fma_nmsub.\u_add.$logic_and$../../rtl/fpu_adder.sv:119$174_Y $flatten\u_fpu.\u_fma_nmsub.\u_add.$logic_and$../../rtl/fpu_adder.sv:119$176_Y $flatten\u_fpu.\u_fma_nmsub.\u_add.$logic_and$../../rtl/fpu_adder.sv:119$178_Y $flatten\u_fpu.\u_fma_nmsub.\u_add.$logic_and$../../rtl/fpu_adder.sv:119$180_Y $flatten\u_fpu.\u_fma_nmsub.\u_add.$ne$../../rtl/fpu_adder.sv:123$181_Y $flatten\u_fpu.\u_fma_nmsub.\u_add.$logic_and$../../rtl/fpu_adder.sv:125$187_Y $flatten\u_fpu.\u_fma_nmsub.\u_add.$logic_and$../../rtl/fpu_adder.sv:125$189_Y $flatten\u_fpu.\u_fma_nmsub.\u_add.$logic_and$../../rtl/fpu_adder.sv:125$191_Y $flatten\u_fpu.\u_fma_nmsub.\u_add.$logic_and$../../rtl/fpu_adder.sv:125$193_Y $flatten\u_fpu.\u_fma_nmsub.\u_add.$logic_and$../../rtl/fpu_adder.sv:125$195_Y $flatten\u_fpu.\u_fma_nmsub.\u_add.$logic_and$../../rtl/fpu_adder.sv:125$197_Y $flatten\u_fpu.\u_fma_nmsub.\u_add.$logic_and$../../rtl/fpu_adder.sv:125$199_Y $flatten\u_fpu.\u_fma_nmsub.\u_add.$logic_and$../../rtl/fpu_adder.sv:131$203_Y $flatten\u_fpu.\u_fma_nmsub.\u_add.$logic_and$../../rtl/fpu_adder.sv:131$205_Y $flatten\u_fpu.\u_fma_nmsub.\u_add.$logic_and$../../rtl/fpu_adder.sv:131$207_Y $flatten\u_fpu.\u_fma_nmsub.\u_add.$logic_and$../../rtl/fpu_adder.sv:131$209_Y $flatten\u_fpu.\u_fma_nmsub.\u_add.$logic_and$../../rtl/fpu_adder.sv:131$211_Y $flatten\u_fpu.\u_fma_nmsub.\u_add.$logic_and$../../rtl/fpu_adder.sv:131$213_Y $flatten\u_fpu.\u_fma_nmsub.\u_add.$logic_and$../../rtl/fpu_adder.sv:131$215_Y $flatten\u_fpu.\u_fma_nmsub.\u_add.$le$../../rtl/fpu_adder.sv:138$216_Y $flatten\u_fpu.\u_fma_nmsub.\u_add.$eq$../../rtl/fpu_adder.sv:150$219_Y $flatten\u_fpu.\u_fma_nmadd.\u_add.$ne$../../rtl/fpu_adder.sv:52$120_Y $flatten\u_fpu.\u_fma_nmadd.\u_add.$eq$../../rtl/fpu_adder.sv:94$145_Y $flatten\u_fpu.\u_fma_nmadd.\u_add.$9\result_mant[24:0] [23] $flatten\u_fpu.\u_fma_nmadd.\u_add.$ne$../../rtl/fpu_adder.sv:114$155_Y $flatten\u_fpu.\u_fma_nmadd.\u_add.$ne$../../rtl/fpu_adder.sv:117$163_Y $flatten\u_fpu.\u_fma_nmadd.\u_add.$logic_and$../../rtl/fpu_adder.sv:119$170_Y $flatten\u_fpu.\u_fma_nmadd.\u_add.$logic_and$../../rtl/fpu_adder.sv:119$172_Y $flatten\u_fpu.\u_fma_nmadd.\u_add.$logic_and$../../rtl/fpu_adder.sv:119$174_Y $flatten\u_fpu.\u_fma_nmadd.\u_add.$logic_and$../../rtl/fpu_adder.sv:119$176_Y $flatten\u_fpu.\u_fma_nmadd.\u_add.$logic_and$../../rtl/fpu_adder.sv:119$178_Y $flatten\u_fpu.\u_fma_nmadd.\u_add.$logic_and$../../rtl/fpu_adder.sv:119$180_Y $flatten\u_fpu.\u_fma_nmadd.\u_add.$ne$../../rtl/fpu_adder.sv:123$181_Y $flatten\u_fpu.\u_fma_nmadd.\u_add.$logic_and$../../rtl/fpu_adder.sv:125$187_Y $flatten\u_fpu.\u_fma_nmadd.\u_add.$logic_and$../../rtl/fpu_adder.sv:125$189_Y $flatten\u_fpu.\u_fma_nmadd.\u_add.$logic_and$../../rtl/fpu_adder.sv:125$191_Y $flatten\u_fpu.\u_fma_nmadd.\u_add.$logic_and$../../rtl/fpu_adder.sv:125$193_Y $flatten\u_fpu.\u_fma_nmadd.\u_add.$logic_and$../../rtl/fpu_adder.sv:125$195_Y $flatten\u_fpu.\u_fma_nmadd.\u_add.$logic_and$../../rtl/fpu_adder.sv:125$197_Y $flatten\u_fpu.\u_fma_nmadd.\u_add.$logic_and$../../rtl/fpu_adder.sv:125$199_Y $flatten\u_fpu.\u_fma_nmadd.\u_add.$logic_and$../../rtl/fpu_adder.sv:131$203_Y $flatten\u_fpu.\u_fma_nmadd.\u_add.$logic_and$../../rtl/fpu_adder.sv:131$205_Y $flatten\u_fpu.\u_fma_nmadd.\u_add.$logic_and$../../rtl/fpu_adder.sv:131$207_Y $flatten\u_fpu.\u_fma_nmadd.\u_add.$logic_and$../../rtl/fpu_adder.sv:131$209_Y $flatten\u_fpu.\u_fma_nmadd.\u_add.$logic_and$../../rtl/fpu_adder.sv:131$211_Y $flatten\u_fpu.\u_fma_nmadd.\u_add.$logic_and$../../rtl/fpu_adder.sv:131$213_Y $flatten\u_fpu.\u_fma_nmadd.\u_add.$logic_and$../../rtl/fpu_adder.sv:131$215_Y $flatten\u_fpu.\u_fma_nmadd.\u_add.$le$../../rtl/fpu_adder.sv:138$216_Y $flatten\u_fpu.\u_fma_nmadd.\u_add.$eq$../../rtl/fpu_adder.sv:150$219_Y }.
    No candidates found.
  Analyzing resource sharing options for $flatten\u_fpu.\u_fma_madd.\u_add.$shr$../../rtl/fpu_adder.sv:86$144 ($shr):
    Found 5120 activation_patterns using ctrl signal { $flatten\u_fpu.$procmux$5661_CMP $flatten\u_fpu.$procmux$5662_CMP $flatten\u_fpu.$procmux$5663_CMP $flatten\u_fpu.$procmux$5664_CMP \u_fpu.u_fma_madd.u_add.a_is_inf \u_fpu.u_fma_madd.u_add.b_is_inf \u_fpu.u_fma_madd.u_add.a_is_zero \u_fpu.u_fma_madd.u_add.b_is_zero $flatten\u_fpu.\u_fma_madd.\u_add.$logic_or$../../rtl/fpu_adder.sv:49$111_Y $flatten\u_fpu.\u_fma_madd.\u_add.$logic_and$../../rtl/fpu_adder.sv:51$115_Y $flatten\u_fpu.\u_fma_madd.\u_add.$gt$../../rtl/fpu_adder.sv:75$138_Y $flatten\u_fpu.\u_fma_madd.\u_add.$lt$../../rtl/fpu_adder.sv:85$143_Y $flatten\u_fpu.\u_fma_madd.\u_add.$eq$../../rtl/fpu_adder.sv:94$145_Y $flatten\u_fpu.\u_fma_madd.\u_add.$9\result_mant[24:0] [23] $flatten\u_fpu.\u_fma_madd.\u_add.$ne$../../rtl/fpu_adder.sv:114$155_Y $flatten\u_fpu.\u_fma_madd.\u_add.$ne$../../rtl/fpu_adder.sv:117$163_Y $flatten\u_fpu.\u_fma_madd.\u_add.$logic_and$../../rtl/fpu_adder.sv:119$170_Y $flatten\u_fpu.\u_fma_madd.\u_add.$logic_and$../../rtl/fpu_adder.sv:119$172_Y $flatten\u_fpu.\u_fma_madd.\u_add.$logic_and$../../rtl/fpu_adder.sv:119$174_Y $flatten\u_fpu.\u_fma_madd.\u_add.$logic_and$../../rtl/fpu_adder.sv:119$176_Y $flatten\u_fpu.\u_fma_madd.\u_add.$logic_and$../../rtl/fpu_adder.sv:119$178_Y $flatten\u_fpu.\u_fma_madd.\u_add.$logic_and$../../rtl/fpu_adder.sv:119$180_Y $flatten\u_fpu.\u_fma_madd.\u_add.$ne$../../rtl/fpu_adder.sv:123$181_Y $flatten\u_fpu.\u_fma_madd.\u_add.$logic_and$../../rtl/fpu_adder.sv:125$187_Y $flatten\u_fpu.\u_fma_madd.\u_add.$logic_and$../../rtl/fpu_adder.sv:125$189_Y $flatten\u_fpu.\u_fma_madd.\u_add.$logic_and$../../rtl/fpu_adder.sv:125$191_Y $flatten\u_fpu.\u_fma_madd.\u_add.$logic_and$../../rtl/fpu_adder.sv:125$193_Y $flatten\u_fpu.\u_fma_madd.\u_add.$logic_and$../../rtl/fpu_adder.sv:125$195_Y $flatten\u_fpu.\u_fma_madd.\u_add.$logic_and$../../rtl/fpu_adder.sv:125$197_Y $flatten\u_fpu.\u_fma_madd.\u_add.$logic_and$../../rtl/fpu_adder.sv:125$199_Y $flatten\u_fpu.\u_fma_madd.\u_add.$logic_and$../../rtl/fpu_adder.sv:131$203_Y $flatten\u_fpu.\u_fma_madd.\u_add.$logic_and$../../rtl/fpu_adder.sv:131$205_Y $flatten\u_fpu.\u_fma_madd.\u_add.$logic_and$../../rtl/fpu_adder.sv:131$207_Y $flatten\u_fpu.\u_fma_madd.\u_add.$logic_and$../../rtl/fpu_adder.sv:131$209_Y $flatten\u_fpu.\u_fma_madd.\u_add.$logic_and$../../rtl/fpu_adder.sv:131$211_Y $flatten\u_fpu.\u_fma_madd.\u_add.$logic_and$../../rtl/fpu_adder.sv:131$213_Y $flatten\u_fpu.\u_fma_madd.\u_add.$logic_and$../../rtl/fpu_adder.sv:131$215_Y $flatten\u_fpu.\u_fma_madd.\u_add.$le$../../rtl/fpu_adder.sv:138$216_Y $flatten\u_fpu.\u_fma_madd.\u_add.$eq$../../rtl/fpu_adder.sv:150$219_Y $flatten\u_fpu.\u_fma_msub.\u_add.$eq$../../rtl/fpu_adder.sv:94$145_Y $flatten\u_fpu.\u_fma_msub.\u_add.$9\result_mant[24:0] [23] $flatten\u_fpu.\u_fma_msub.\u_add.$ne$../../rtl/fpu_adder.sv:114$155_Y $flatten\u_fpu.\u_fma_msub.\u_add.$ne$../../rtl/fpu_adder.sv:117$163_Y $flatten\u_fpu.\u_fma_msub.\u_add.$logic_and$../../rtl/fpu_adder.sv:119$170_Y $flatten\u_fpu.\u_fma_msub.\u_add.$logic_and$../../rtl/fpu_adder.sv:119$172_Y $flatten\u_fpu.\u_fma_msub.\u_add.$logic_and$../../rtl/fpu_adder.sv:119$174_Y $flatten\u_fpu.\u_fma_msub.\u_add.$logic_and$../../rtl/fpu_adder.sv:119$176_Y $flatten\u_fpu.\u_fma_msub.\u_add.$logic_and$../../rtl/fpu_adder.sv:119$178_Y $flatten\u_fpu.\u_fma_msub.\u_add.$logic_and$../../rtl/fpu_adder.sv:119$180_Y $flatten\u_fpu.\u_fma_msub.\u_add.$ne$../../rtl/fpu_adder.sv:123$181_Y $flatten\u_fpu.\u_fma_msub.\u_add.$logic_and$../../rtl/fpu_adder.sv:125$187_Y $flatten\u_fpu.\u_fma_msub.\u_add.$logic_and$../../rtl/fpu_adder.sv:125$189_Y $flatten\u_fpu.\u_fma_msub.\u_add.$logic_and$../../rtl/fpu_adder.sv:125$191_Y $flatten\u_fpu.\u_fma_msub.\u_add.$logic_and$../../rtl/fpu_adder.sv:125$193_Y $flatten\u_fpu.\u_fma_msub.\u_add.$logic_and$../../rtl/fpu_adder.sv:125$195_Y $flatten\u_fpu.\u_fma_msub.\u_add.$logic_and$../../rtl/fpu_adder.sv:125$197_Y $flatten\u_fpu.\u_fma_msub.\u_add.$logic_and$../../rtl/fpu_adder.sv:125$199_Y $flatten\u_fpu.\u_fma_msub.\u_add.$logic_and$../../rtl/fpu_adder.sv:131$203_Y $flatten\u_fpu.\u_fma_msub.\u_add.$logic_and$../../rtl/fpu_adder.sv:131$205_Y $flatten\u_fpu.\u_fma_msub.\u_add.$logic_and$../../rtl/fpu_adder.sv:131$207_Y $flatten\u_fpu.\u_fma_msub.\u_add.$logic_and$../../rtl/fpu_adder.sv:131$209_Y $flatten\u_fpu.\u_fma_msub.\u_add.$logic_and$../../rtl/fpu_adder.sv:131$211_Y $flatten\u_fpu.\u_fma_msub.\u_add.$logic_and$../../rtl/fpu_adder.sv:131$213_Y $flatten\u_fpu.\u_fma_msub.\u_add.$logic_and$../../rtl/fpu_adder.sv:131$215_Y $flatten\u_fpu.\u_fma_msub.\u_add.$le$../../rtl/fpu_adder.sv:138$216_Y $flatten\u_fpu.\u_fma_msub.\u_add.$eq$../../rtl/fpu_adder.sv:150$219_Y $flatten\u_fpu.\u_fma_nmsub.\u_add.$eq$../../rtl/fpu_adder.sv:94$145_Y $flatten\u_fpu.\u_fma_nmsub.\u_add.$9\result_mant[24:0] [23] $flatten\u_fpu.\u_fma_nmsub.\u_add.$ne$../../rtl/fpu_adder.sv:114$155_Y $flatten\u_fpu.\u_fma_nmsub.\u_add.$ne$../../rtl/fpu_adder.sv:117$163_Y $flatten\u_fpu.\u_fma_nmsub.\u_add.$logic_and$../../rtl/fpu_adder.sv:119$170_Y $flatten\u_fpu.\u_fma_nmsub.\u_add.$logic_and$../../rtl/fpu_adder.sv:119$172_Y $flatten\u_fpu.\u_fma_nmsub.\u_add.$logic_and$../../rtl/fpu_adder.sv:119$174_Y $flatten\u_fpu.\u_fma_nmsub.\u_add.$logic_and$../../rtl/fpu_adder.sv:119$176_Y $flatten\u_fpu.\u_fma_nmsub.\u_add.$logic_and$../../rtl/fpu_adder.sv:119$178_Y $flatten\u_fpu.\u_fma_nmsub.\u_add.$logic_and$../../rtl/fpu_adder.sv:119$180_Y $flatten\u_fpu.\u_fma_nmsub.\u_add.$ne$../../rtl/fpu_adder.sv:123$181_Y $flatten\u_fpu.\u_fma_nmsub.\u_add.$logic_and$../../rtl/fpu_adder.sv:125$187_Y $flatten\u_fpu.\u_fma_nmsub.\u_add.$logic_and$../../rtl/fpu_adder.sv:125$189_Y $flatten\u_fpu.\u_fma_nmsub.\u_add.$logic_and$../../rtl/fpu_adder.sv:125$191_Y $flatten\u_fpu.\u_fma_nmsub.\u_add.$logic_and$../../rtl/fpu_adder.sv:125$193_Y $flatten\u_fpu.\u_fma_nmsub.\u_add.$logic_and$../../rtl/fpu_adder.sv:125$195_Y $flatten\u_fpu.\u_fma_nmsub.\u_add.$logic_and$../../rtl/fpu_adder.sv:125$197_Y $flatten\u_fpu.\u_fma_nmsub.\u_add.$logic_and$../../rtl/fpu_adder.sv:125$199_Y $flatten\u_fpu.\u_fma_nmsub.\u_add.$logic_and$../../rtl/fpu_adder.sv:131$203_Y $flatten\u_fpu.\u_fma_nmsub.\u_add.$logic_and$../../rtl/fpu_adder.sv:131$205_Y $flatten\u_fpu.\u_fma_nmsub.\u_add.$logic_and$../../rtl/fpu_adder.sv:131$207_Y $flatten\u_fpu.\u_fma_nmsub.\u_add.$logic_and$../../rtl/fpu_adder.sv:131$209_Y $flatten\u_fpu.\u_fma_nmsub.\u_add.$logic_and$../../rtl/fpu_adder.sv:131$211_Y $flatten\u_fpu.\u_fma_nmsub.\u_add.$logic_and$../../rtl/fpu_adder.sv:131$213_Y $flatten\u_fpu.\u_fma_nmsub.\u_add.$logic_and$../../rtl/fpu_adder.sv:131$215_Y $flatten\u_fpu.\u_fma_nmsub.\u_add.$le$../../rtl/fpu_adder.sv:138$216_Y $flatten\u_fpu.\u_fma_nmsub.\u_add.$eq$../../rtl/fpu_adder.sv:150$219_Y $flatten\u_fpu.\u_fma_nmadd.\u_add.$eq$../../rtl/fpu_adder.sv:94$145_Y $flatten\u_fpu.\u_fma_nmadd.\u_add.$9\result_mant[24:0] [23] $flatten\u_fpu.\u_fma_nmadd.\u_add.$ne$../../rtl/fpu_adder.sv:114$155_Y $flatten\u_fpu.\u_fma_nmadd.\u_add.$ne$../../rtl/fpu_adder.sv:117$163_Y $flatten\u_fpu.\u_fma_nmadd.\u_add.$logic_and$../../rtl/fpu_adder.sv:119$170_Y $flatten\u_fpu.\u_fma_nmadd.\u_add.$logic_and$../../rtl/fpu_adder.sv:119$172_Y $flatten\u_fpu.\u_fma_nmadd.\u_add.$logic_and$../../rtl/fpu_adder.sv:119$174_Y $flatten\u_fpu.\u_fma_nmadd.\u_add.$logic_and$../../rtl/fpu_adder.sv:119$176_Y $flatten\u_fpu.\u_fma_nmadd.\u_add.$logic_and$../../rtl/fpu_adder.sv:119$178_Y $flatten\u_fpu.\u_fma_nmadd.\u_add.$logic_and$../../rtl/fpu_adder.sv:119$180_Y $flatten\u_fpu.\u_fma_nmadd.\u_add.$ne$../../rtl/fpu_adder.sv:123$181_Y $flatten\u_fpu.\u_fma_nmadd.\u_add.$logic_and$../../rtl/fpu_adder.sv:125$187_Y $flatten\u_fpu.\u_fma_nmadd.\u_add.$logic_and$../../rtl/fpu_adder.sv:125$189_Y $flatten\u_fpu.\u_fma_nmadd.\u_add.$logic_and$../../rtl/fpu_adder.sv:125$191_Y $flatten\u_fpu.\u_fma_nmadd.\u_add.$logic_and$../../rtl/fpu_adder.sv:125$193_Y $flatten\u_fpu.\u_fma_nmadd.\u_add.$logic_and$../../rtl/fpu_adder.sv:125$195_Y $flatten\u_fpu.\u_fma_nmadd.\u_add.$logic_and$../../rtl/fpu_adder.sv:125$197_Y $flatten\u_fpu.\u_fma_nmadd.\u_add.$logic_and$../../rtl/fpu_adder.sv:125$199_Y $flatten\u_fpu.\u_fma_nmadd.\u_add.$logic_and$../../rtl/fpu_adder.sv:131$203_Y $flatten\u_fpu.\u_fma_nmadd.\u_add.$logic_and$../../rtl/fpu_adder.sv:131$205_Y $flatten\u_fpu.\u_fma_nmadd.\u_add.$logic_and$../../rtl/fpu_adder.sv:131$207_Y $flatten\u_fpu.\u_fma_nmadd.\u_add.$logic_and$../../rtl/fpu_adder.sv:131$209_Y $flatten\u_fpu.\u_fma_nmadd.\u_add.$logic_and$../../rtl/fpu_adder.sv:131$211_Y $flatten\u_fpu.\u_fma_nmadd.\u_add.$logic_and$../../rtl/fpu_adder.sv:131$213_Y $flatten\u_fpu.\u_fma_nmadd.\u_add.$logic_and$../../rtl/fpu_adder.sv:131$215_Y $flatten\u_fpu.\u_fma_nmadd.\u_add.$le$../../rtl/fpu_adder.sv:138$216_Y $flatten\u_fpu.\u_fma_nmadd.\u_add.$eq$../../rtl/fpu_adder.sv:150$219_Y }.
    Found 3 candidates: $flatten\u_fpu.\u_fma_madd.\u_add.$shr$../../rtl/fpu_adder.sv:78$141 $flatten\u_fpu.\u_adder.$shr$../../rtl/fpu_adder.sv:86$144 $flatten\u_fpu.\u_adder.$shr$../../rtl/fpu_adder.sv:78$141
    Analyzing resource sharing with $flatten\u_fpu.\u_fma_madd.\u_add.$shr$../../rtl/fpu_adder.sv:78$141 ($shr):
      Found 5120 activation_patterns using ctrl signal { $flatten\u_fpu.$procmux$5661_CMP $flatten\u_fpu.$procmux$5662_CMP $flatten\u_fpu.$procmux$5663_CMP $flatten\u_fpu.$procmux$5664_CMP \u_fpu.u_fma_madd.u_add.a_is_inf \u_fpu.u_fma_madd.u_add.b_is_inf \u_fpu.u_fma_madd.u_add.a_is_zero \u_fpu.u_fma_madd.u_add.b_is_zero $flatten\u_fpu.\u_fma_madd.\u_add.$logic_or$../../rtl/fpu_adder.sv:49$111_Y $flatten\u_fpu.\u_fma_madd.\u_add.$logic_and$../../rtl/fpu_adder.sv:51$115_Y $flatten\u_fpu.\u_fma_madd.\u_add.$gt$../../rtl/fpu_adder.sv:75$138_Y $flatten\u_fpu.\u_fma_madd.\u_add.$lt$../../rtl/fpu_adder.sv:77$140_Y $flatten\u_fpu.\u_fma_madd.\u_add.$eq$../../rtl/fpu_adder.sv:94$145_Y $flatten\u_fpu.\u_fma_madd.\u_add.$9\result_mant[24:0] [23] $flatten\u_fpu.\u_fma_madd.\u_add.$ne$../../rtl/fpu_adder.sv:114$155_Y $flatten\u_fpu.\u_fma_madd.\u_add.$ne$../../rtl/fpu_adder.sv:117$163_Y $flatten\u_fpu.\u_fma_madd.\u_add.$logic_and$../../rtl/fpu_adder.sv:119$170_Y $flatten\u_fpu.\u_fma_madd.\u_add.$logic_and$../../rtl/fpu_adder.sv:119$172_Y $flatten\u_fpu.\u_fma_madd.\u_add.$logic_and$../../rtl/fpu_adder.sv:119$174_Y $flatten\u_fpu.\u_fma_madd.\u_add.$logic_and$../../rtl/fpu_adder.sv:119$176_Y $flatten\u_fpu.\u_fma_madd.\u_add.$logic_and$../../rtl/fpu_adder.sv:119$178_Y $flatten\u_fpu.\u_fma_madd.\u_add.$logic_and$../../rtl/fpu_adder.sv:119$180_Y $flatten\u_fpu.\u_fma_madd.\u_add.$ne$../../rtl/fpu_adder.sv:123$181_Y $flatten\u_fpu.\u_fma_madd.\u_add.$logic_and$../../rtl/fpu_adder.sv:125$187_Y $flatten\u_fpu.\u_fma_madd.\u_add.$logic_and$../../rtl/fpu_adder.sv:125$189_Y $flatten\u_fpu.\u_fma_madd.\u_add.$logic_and$../../rtl/fpu_adder.sv:125$191_Y $flatten\u_fpu.\u_fma_madd.\u_add.$logic_and$../../rtl/fpu_adder.sv:125$193_Y $flatten\u_fpu.\u_fma_madd.\u_add.$logic_and$../../rtl/fpu_adder.sv:125$195_Y $flatten\u_fpu.\u_fma_madd.\u_add.$logic_and$../../rtl/fpu_adder.sv:125$197_Y $flatten\u_fpu.\u_fma_madd.\u_add.$logic_and$../../rtl/fpu_adder.sv:125$199_Y $flatten\u_fpu.\u_fma_madd.\u_add.$logic_and$../../rtl/fpu_adder.sv:131$203_Y $flatten\u_fpu.\u_fma_madd.\u_add.$logic_and$../../rtl/fpu_adder.sv:131$205_Y $flatten\u_fpu.\u_fma_madd.\u_add.$logic_and$../../rtl/fpu_adder.sv:131$207_Y $flatten\u_fpu.\u_fma_madd.\u_add.$logic_and$../../rtl/fpu_adder.sv:131$209_Y $flatten\u_fpu.\u_fma_madd.\u_add.$logic_and$../../rtl/fpu_adder.sv:131$211_Y $flatten\u_fpu.\u_fma_madd.\u_add.$logic_and$../../rtl/fpu_adder.sv:131$213_Y $flatten\u_fpu.\u_fma_madd.\u_add.$logic_and$../../rtl/fpu_adder.sv:131$215_Y $flatten\u_fpu.\u_fma_madd.\u_add.$le$../../rtl/fpu_adder.sv:138$216_Y $flatten\u_fpu.\u_fma_madd.\u_add.$eq$../../rtl/fpu_adder.sv:150$219_Y $flatten\u_fpu.\u_fma_msub.\u_add.$eq$../../rtl/fpu_adder.sv:94$145_Y $flatten\u_fpu.\u_fma_msub.\u_add.$9\result_mant[24:0] [23] $flatten\u_fpu.\u_fma_msub.\u_add.$ne$../../rtl/fpu_adder.sv:114$155_Y $flatten\u_fpu.\u_fma_msub.\u_add.$ne$../../rtl/fpu_adder.sv:117$163_Y $flatten\u_fpu.\u_fma_msub.\u_add.$logic_and$../../rtl/fpu_adder.sv:119$170_Y $flatten\u_fpu.\u_fma_msub.\u_add.$logic_and$../../rtl/fpu_adder.sv:119$172_Y $flatten\u_fpu.\u_fma_msub.\u_add.$logic_and$../../rtl/fpu_adder.sv:119$174_Y $flatten\u_fpu.\u_fma_msub.\u_add.$logic_and$../../rtl/fpu_adder.sv:119$176_Y $flatten\u_fpu.\u_fma_msub.\u_add.$logic_and$../../rtl/fpu_adder.sv:119$178_Y $flatten\u_fpu.\u_fma_msub.\u_add.$logic_and$../../rtl/fpu_adder.sv:119$180_Y $flatten\u_fpu.\u_fma_msub.\u_add.$ne$../../rtl/fpu_adder.sv:123$181_Y $flatten\u_fpu.\u_fma_msub.\u_add.$logic_and$../../rtl/fpu_adder.sv:125$187_Y $flatten\u_fpu.\u_fma_msub.\u_add.$logic_and$../../rtl/fpu_adder.sv:125$189_Y $flatten\u_fpu.\u_fma_msub.\u_add.$logic_and$../../rtl/fpu_adder.sv:125$191_Y $flatten\u_fpu.\u_fma_msub.\u_add.$logic_and$../../rtl/fpu_adder.sv:125$193_Y $flatten\u_fpu.\u_fma_msub.\u_add.$logic_and$../../rtl/fpu_adder.sv:125$195_Y $flatten\u_fpu.\u_fma_msub.\u_add.$logic_and$../../rtl/fpu_adder.sv:125$197_Y $flatten\u_fpu.\u_fma_msub.\u_add.$logic_and$../../rtl/fpu_adder.sv:125$199_Y $flatten\u_fpu.\u_fma_msub.\u_add.$logic_and$../../rtl/fpu_adder.sv:131$203_Y $flatten\u_fpu.\u_fma_msub.\u_add.$logic_and$../../rtl/fpu_adder.sv:131$205_Y $flatten\u_fpu.\u_fma_msub.\u_add.$logic_and$../../rtl/fpu_adder.sv:131$207_Y $flatten\u_fpu.\u_fma_msub.\u_add.$logic_and$../../rtl/fpu_adder.sv:131$209_Y $flatten\u_fpu.\u_fma_msub.\u_add.$logic_and$../../rtl/fpu_adder.sv:131$211_Y $flatten\u_fpu.\u_fma_msub.\u_add.$logic_and$../../rtl/fpu_adder.sv:131$213_Y $flatten\u_fpu.\u_fma_msub.\u_add.$logic_and$../../rtl/fpu_adder.sv:131$215_Y $flatten\u_fpu.\u_fma_msub.\u_add.$le$../../rtl/fpu_adder.sv:138$216_Y $flatten\u_fpu.\u_fma_msub.\u_add.$eq$../../rtl/fpu_adder.sv:150$219_Y $flatten\u_fpu.\u_fma_nmsub.\u_add.$eq$../../rtl/fpu_adder.sv:94$145_Y $flatten\u_fpu.\u_fma_nmsub.\u_add.$9\result_mant[24:0] [23] $flatten\u_fpu.\u_fma_nmsub.\u_add.$ne$../../rtl/fpu_adder.sv:114$155_Y $flatten\u_fpu.\u_fma_nmsub.\u_add.$ne$../../rtl/fpu_adder.sv:117$163_Y $flatten\u_fpu.\u_fma_nmsub.\u_add.$logic_and$../../rtl/fpu_adder.sv:119$170_Y $flatten\u_fpu.\u_fma_nmsub.\u_add.$logic_and$../../rtl/fpu_adder.sv:119$172_Y $flatten\u_fpu.\u_fma_nmsub.\u_add.$logic_and$../../rtl/fpu_adder.sv:119$174_Y $flatten\u_fpu.\u_fma_nmsub.\u_add.$logic_and$../../rtl/fpu_adder.sv:119$176_Y $flatten\u_fpu.\u_fma_nmsub.\u_add.$logic_and$../../rtl/fpu_adder.sv:119$178_Y $flatten\u_fpu.\u_fma_nmsub.\u_add.$logic_and$../../rtl/fpu_adder.sv:119$180_Y $flatten\u_fpu.\u_fma_nmsub.\u_add.$ne$../../rtl/fpu_adder.sv:123$181_Y $flatten\u_fpu.\u_fma_nmsub.\u_add.$logic_and$../../rtl/fpu_adder.sv:125$187_Y $flatten\u_fpu.\u_fma_nmsub.\u_add.$logic_and$../../rtl/fpu_adder.sv:125$189_Y $flatten\u_fpu.\u_fma_nmsub.\u_add.$logic_and$../../rtl/fpu_adder.sv:125$191_Y $flatten\u_fpu.\u_fma_nmsub.\u_add.$logic_and$../../rtl/fpu_adder.sv:125$193_Y $flatten\u_fpu.\u_fma_nmsub.\u_add.$logic_and$../../rtl/fpu_adder.sv:125$195_Y $flatten\u_fpu.\u_fma_nmsub.\u_add.$logic_and$../../rtl/fpu_adder.sv:125$197_Y $flatten\u_fpu.\u_fma_nmsub.\u_add.$logic_and$../../rtl/fpu_adder.sv:125$199_Y $flatten\u_fpu.\u_fma_nmsub.\u_add.$logic_and$../../rtl/fpu_adder.sv:131$203_Y $flatten\u_fpu.\u_fma_nmsub.\u_add.$logic_and$../../rtl/fpu_adder.sv:131$205_Y $flatten\u_fpu.\u_fma_nmsub.\u_add.$logic_and$../../rtl/fpu_adder.sv:131$207_Y $flatten\u_fpu.\u_fma_nmsub.\u_add.$logic_and$../../rtl/fpu_adder.sv:131$209_Y $flatten\u_fpu.\u_fma_nmsub.\u_add.$logic_and$../../rtl/fpu_adder.sv:131$211_Y $flatten\u_fpu.\u_fma_nmsub.\u_add.$logic_and$../../rtl/fpu_adder.sv:131$213_Y $flatten\u_fpu.\u_fma_nmsub.\u_add.$logic_and$../../rtl/fpu_adder.sv:131$215_Y $flatten\u_fpu.\u_fma_nmsub.\u_add.$le$../../rtl/fpu_adder.sv:138$216_Y $flatten\u_fpu.\u_fma_nmsub.\u_add.$eq$../../rtl/fpu_adder.sv:150$219_Y $flatten\u_fpu.\u_fma_nmadd.\u_add.$eq$../../rtl/fpu_adder.sv:94$145_Y $flatten\u_fpu.\u_fma_nmadd.\u_add.$9\result_mant[24:0] [23] $flatten\u_fpu.\u_fma_nmadd.\u_add.$ne$../../rtl/fpu_adder.sv:114$155_Y $flatten\u_fpu.\u_fma_nmadd.\u_add.$ne$../../rtl/fpu_adder.sv:117$163_Y $flatten\u_fpu.\u_fma_nmadd.\u_add.$logic_and$../../rtl/fpu_adder.sv:119$170_Y $flatten\u_fpu.\u_fma_nmadd.\u_add.$logic_and$../../rtl/fpu_adder.sv:119$172_Y $flatten\u_fpu.\u_fma_nmadd.\u_add.$logic_and$../../rtl/fpu_adder.sv:119$174_Y $flatten\u_fpu.\u_fma_nmadd.\u_add.$logic_and$../../rtl/fpu_adder.sv:119$176_Y $flatten\u_fpu.\u_fma_nmadd.\u_add.$logic_and$../../rtl/fpu_adder.sv:119$178_Y $flatten\u_fpu.\u_fma_nmadd.\u_add.$logic_and$../../rtl/fpu_adder.sv:119$180_Y $flatten\u_fpu.\u_fma_nmadd.\u_add.$ne$../../rtl/fpu_adder.sv:123$181_Y $flatten\u_fpu.\u_fma_nmadd.\u_add.$logic_and$../../rtl/fpu_adder.sv:125$187_Y $flatten\u_fpu.\u_fma_nmadd.\u_add.$logic_and$../../rtl/fpu_adder.sv:125$189_Y $flatten\u_fpu.\u_fma_nmadd.\u_add.$logic_and$../../rtl/fpu_adder.sv:125$191_Y $flatten\u_fpu.\u_fma_nmadd.\u_add.$logic_and$../../rtl/fpu_adder.sv:125$193_Y $flatten\u_fpu.\u_fma_nmadd.\u_add.$logic_and$../../rtl/fpu_adder.sv:125$195_Y $flatten\u_fpu.\u_fma_nmadd.\u_add.$logic_and$../../rtl/fpu_adder.sv:125$197_Y $flatten\u_fpu.\u_fma_nmadd.\u_add.$logic_and$../../rtl/fpu_adder.sv:125$199_Y $flatten\u_fpu.\u_fma_nmadd.\u_add.$logic_and$../../rtl/fpu_adder.sv:131$203_Y $flatten\u_fpu.\u_fma_nmadd.\u_add.$logic_and$../../rtl/fpu_adder.sv:131$205_Y $flatten\u_fpu.\u_fma_nmadd.\u_add.$logic_and$../../rtl/fpu_adder.sv:131$207_Y $flatten\u_fpu.\u_fma_nmadd.\u_add.$logic_and$../../rtl/fpu_adder.sv:131$209_Y $flatten\u_fpu.\u_fma_nmadd.\u_add.$logic_and$../../rtl/fpu_adder.sv:131$211_Y $flatten\u_fpu.\u_fma_nmadd.\u_add.$logic_and$../../rtl/fpu_adder.sv:131$213_Y $flatten\u_fpu.\u_fma_nmadd.\u_add.$logic_and$../../rtl/fpu_adder.sv:131$215_Y $flatten\u_fpu.\u_fma_nmadd.\u_add.$le$../../rtl/fpu_adder.sv:138$216_Y $flatten\u_fpu.\u_fma_nmadd.\u_add.$eq$../../rtl/fpu_adder.sv:150$219_Y }.
      Forbidden control signals for this pair of cells: { $flatten\u_fpu.\u_fma_madd.\u_add.$add$../../rtl/fpu_adder.sv:95$149_Y [24] $flatten\u_fpu.\u_fma_madd.\u_add.$ge$../../rtl/fpu_adder.sv:104$152_Y $flatten\u_fpu.\u_fma_madd.\u_add.$9\result_mant[24:0] [23:22] $flatten\u_fpu.\u_fma_madd.\u_add.$9\result_mant[24:0] [15] $flatten\u_fpu.\u_fma_madd.\u_add.$9\result_mant[24:0] [7] $flatten\u_fpu.\u_fma_madd.\u_add.$ne$../../rtl/fpu_adder.sv:114$155_Y $flatten\u_fpu.\u_fma_madd.\u_add.$ne$../../rtl/fpu_adder.sv:117$163_Y $flatten\u_fpu.\u_fma_madd.\u_add.$logic_and$../../rtl/fpu_adder.sv:119$170_Y $flatten\u_fpu.\u_fma_madd.\u_add.$logic_and$../../rtl/fpu_adder.sv:119$172_Y $flatten\u_fpu.\u_fma_madd.\u_add.$logic_and$../../rtl/fpu_adder.sv:119$174_Y $flatten\u_fpu.\u_fma_madd.\u_add.$logic_and$../../rtl/fpu_adder.sv:119$176_Y $flatten\u_fpu.\u_fma_madd.\u_add.$logic_and$../../rtl/fpu_adder.sv:119$178_Y $flatten\u_fpu.\u_fma_madd.\u_add.$logic_and$../../rtl/fpu_adder.sv:119$180_Y $flatten\u_fpu.\u_fma_madd.\u_add.$ne$../../rtl/fpu_adder.sv:123$181_Y $flatten\u_fpu.\u_fma_madd.\u_add.$logic_and$../../rtl/fpu_adder.sv:125$187_Y $flatten\u_fpu.\u_fma_madd.\u_add.$logic_and$../../rtl/fpu_adder.sv:125$189_Y $flatten\u_fpu.\u_fma_madd.\u_add.$logic_and$../../rtl/fpu_adder.sv:125$191_Y $flatten\u_fpu.\u_fma_madd.\u_add.$logic_and$../../rtl/fpu_adder.sv:125$193_Y $flatten\u_fpu.\u_fma_madd.\u_add.$logic_and$../../rtl/fpu_adder.sv:125$195_Y $flatten\u_fpu.\u_fma_madd.\u_add.$logic_and$../../rtl/fpu_adder.sv:125$197_Y $flatten\u_fpu.\u_fma_madd.\u_add.$logic_and$../../rtl/fpu_adder.sv:125$199_Y $flatten\u_fpu.\u_fma_madd.\u_add.$logic_and$../../rtl/fpu_adder.sv:131$203_Y $flatten\u_fpu.\u_fma_madd.\u_add.$logic_and$../../rtl/fpu_adder.sv:131$205_Y $flatten\u_fpu.\u_fma_madd.\u_add.$logic_and$../../rtl/fpu_adder.sv:131$207_Y $flatten\u_fpu.\u_fma_madd.\u_add.$logic_and$../../rtl/fpu_adder.sv:131$209_Y $flatten\u_fpu.\u_fma_madd.\u_add.$logic_and$../../rtl/fpu_adder.sv:131$211_Y $flatten\u_fpu.\u_fma_madd.\u_add.$logic_and$../../rtl/fpu_adder.sv:131$213_Y $flatten\u_fpu.\u_fma_madd.\u_add.$logic_and$../../rtl/fpu_adder.sv:131$215_Y $flatten\u_fpu.\u_fma_madd.\u_add.$le$../../rtl/fpu_adder.sv:138$216_Y $flatten\u_fpu.\u_fma_madd.\u_add.$eq$../../rtl/fpu_adder.sv:150$219_Y $flatten\u_fpu.\u_fma_msub.\u_add.$9\result_mant[24:0] [23:22] $flatten\u_fpu.\u_fma_msub.\u_add.$9\result_mant[24:0] [15] $flatten\u_fpu.\u_fma_msub.\u_add.$9\result_mant[24:0] [7] $flatten\u_fpu.\u_fma_msub.\u_add.$ne$../../rtl/fpu_adder.sv:114$155_Y $flatten\u_fpu.\u_fma_msub.\u_add.$ne$../../rtl/fpu_adder.sv:117$163_Y $flatten\u_fpu.\u_fma_msub.\u_add.$logic_and$../../rtl/fpu_adder.sv:119$170_Y $flatten\u_fpu.\u_fma_msub.\u_add.$logic_and$../../rtl/fpu_adder.sv:119$172_Y $flatten\u_fpu.\u_fma_msub.\u_add.$logic_and$../../rtl/fpu_adder.sv:119$174_Y $flatten\u_fpu.\u_fma_msub.\u_add.$logic_and$../../rtl/fpu_adder.sv:119$176_Y $flatten\u_fpu.\u_fma_msub.\u_add.$logic_and$../../rtl/fpu_adder.sv:119$178_Y $flatten\u_fpu.\u_fma_msub.\u_add.$logic_and$../../rtl/fpu_adder.sv:119$180_Y $flatten\u_fpu.\u_fma_msub.\u_add.$ne$../../rtl/fpu_adder.sv:123$181_Y $flatten\u_fpu.\u_fma_msub.\u_add.$logic_and$../../rtl/fpu_adder.sv:125$187_Y $flatten\u_fpu.\u_fma_msub.\u_add.$logic_and$../../rtl/fpu_adder.sv:125$189_Y $flatten\u_fpu.\u_fma_msub.\u_add.$logic_and$../../rtl/fpu_adder.sv:125$191_Y $flatten\u_fpu.\u_fma_msub.\u_add.$logic_and$../../rtl/fpu_adder.sv:125$193_Y $flatten\u_fpu.\u_fma_msub.\u_add.$logic_and$../../rtl/fpu_adder.sv:125$195_Y $flatten\u_fpu.\u_fma_msub.\u_add.$logic_and$../../rtl/fpu_adder.sv:125$197_Y $flatten\u_fpu.\u_fma_msub.\u_add.$logic_and$../../rtl/fpu_adder.sv:125$199_Y $flatten\u_fpu.\u_fma_msub.\u_add.$logic_and$../../rtl/fpu_adder.sv:131$203_Y $flatten\u_fpu.\u_fma_msub.\u_add.$logic_and$../../rtl/fpu_adder.sv:131$205_Y $flatten\u_fpu.\u_fma_msub.\u_add.$logic_and$../../rtl/fpu_adder.sv:131$207_Y $flatten\u_fpu.\u_fma_msub.\u_add.$logic_and$../../rtl/fpu_adder.sv:131$209_Y $flatten\u_fpu.\u_fma_msub.\u_add.$logic_and$../../rtl/fpu_adder.sv:131$211_Y $flatten\u_fpu.\u_fma_msub.\u_add.$logic_and$../../rtl/fpu_adder.sv:131$213_Y $flatten\u_fpu.\u_fma_msub.\u_add.$logic_and$../../rtl/fpu_adder.sv:131$215_Y $flatten\u_fpu.\u_fma_msub.\u_add.$le$../../rtl/fpu_adder.sv:138$216_Y $flatten\u_fpu.\u_fma_msub.\u_add.$eq$../../rtl/fpu_adder.sv:150$219_Y $flatten\u_fpu.\u_fma_nmsub.\u_add.$9\result_mant[24:0] [23:22] $flatten\u_fpu.\u_fma_nmsub.\u_add.$9\result_mant[24:0] [15] $flatten\u_fpu.\u_fma_nmsub.\u_add.$9\result_mant[24:0] [7] $flatten\u_fpu.\u_fma_nmsub.\u_add.$ne$../../rtl/fpu_adder.sv:114$155_Y $flatten\u_fpu.\u_fma_nmsub.\u_add.$ne$../../rtl/fpu_adder.sv:117$163_Y $flatten\u_fpu.\u_fma_nmsub.\u_add.$logic_and$../../rtl/fpu_adder.sv:119$170_Y $flatten\u_fpu.\u_fma_nmsub.\u_add.$logic_and$../../rtl/fpu_adder.sv:119$172_Y $flatten\u_fpu.\u_fma_nmsub.\u_add.$logic_and$../../rtl/fpu_adder.sv:119$174_Y $flatten\u_fpu.\u_fma_nmsub.\u_add.$logic_and$../../rtl/fpu_adder.sv:119$176_Y $flatten\u_fpu.\u_fma_nmsub.\u_add.$logic_and$../../rtl/fpu_adder.sv:119$178_Y $flatten\u_fpu.\u_fma_nmsub.\u_add.$logic_and$../../rtl/fpu_adder.sv:119$180_Y $flatten\u_fpu.\u_fma_nmsub.\u_add.$ne$../../rtl/fpu_adder.sv:123$181_Y $flatten\u_fpu.\u_fma_nmsub.\u_add.$logic_and$../../rtl/fpu_adder.sv:125$187_Y $flatten\u_fpu.\u_fma_nmsub.\u_add.$logic_and$../../rtl/fpu_adder.sv:125$189_Y $flatten\u_fpu.\u_fma_nmsub.\u_add.$logic_and$../../rtl/fpu_adder.sv:125$191_Y $flatten\u_fpu.\u_fma_nmsub.\u_add.$logic_and$../../rtl/fpu_adder.sv:125$193_Y $flatten\u_fpu.\u_fma_nmsub.\u_add.$logic_and$../../rtl/fpu_adder.sv:125$195_Y $flatten\u_fpu.\u_fma_nmsub.\u_add.$logic_and$../../rtl/fpu_adder.sv:125$197_Y $flatten\u_fpu.\u_fma_nmsub.\u_add.$logic_and$../../rtl/fpu_adder.sv:125$199_Y $flatten\u_fpu.\u_fma_nmsub.\u_add.$logic_and$../../rtl/fpu_adder.sv:131$203_Y $flatten\u_fpu.\u_fma_nmsub.\u_add.$logic_and$../../rtl/fpu_adder.sv:131$205_Y $flatten\u_fpu.\u_fma_nmsub.\u_add.$logic_and$../../rtl/fpu_adder.sv:131$207_Y $flatten\u_fpu.\u_fma_nmsub.\u_add.$logic_and$../../rtl/fpu_adder.sv:131$209_Y $flatten\u_fpu.\u_fma_nmsub.\u_add.$logic_and$../../rtl/fpu_adder.sv:131$211_Y $flatten\u_fpu.\u_fma_nmsub.\u_add.$logic_and$../../rtl/fpu_adder.sv:131$213_Y $flatten\u_fpu.\u_fma_nmsub.\u_add.$logic_and$../../rtl/fpu_adder.sv:131$215_Y $flatten\u_fpu.\u_fma_nmsub.\u_add.$le$../../rtl/fpu_adder.sv:138$216_Y $flatten\u_fpu.\u_fma_nmsub.\u_add.$eq$../../rtl/fpu_adder.sv:150$219_Y $flatten\u_fpu.\u_fma_nmadd.\u_add.$9\result_mant[24:0] [23:22] $flatten\u_fpu.\u_fma_nmadd.\u_add.$9\result_mant[24:0] [15] $flatten\u_fpu.\u_fma_nmadd.\u_add.$9\result_mant[24:0] [7] $flatten\u_fpu.\u_fma_nmadd.\u_add.$ne$../../rtl/fpu_adder.sv:114$155_Y $flatten\u_fpu.\u_fma_nmadd.\u_add.$ne$../../rtl/fpu_adder.sv:117$163_Y $flatten\u_fpu.\u_fma_nmadd.\u_add.$logic_and$../../rtl/fpu_adder.sv:119$170_Y $flatten\u_fpu.\u_fma_nmadd.\u_add.$logic_and$../../rtl/fpu_adder.sv:119$172_Y $flatten\u_fpu.\u_fma_nmadd.\u_add.$logic_and$../../rtl/fpu_adder.sv:119$174_Y $flatten\u_fpu.\u_fma_nmadd.\u_add.$logic_and$../../rtl/fpu_adder.sv:119$176_Y $flatten\u_fpu.\u_fma_nmadd.\u_add.$logic_and$../../rtl/fpu_adder.sv:119$178_Y $flatten\u_fpu.\u_fma_nmadd.\u_add.$logic_and$../../rtl/fpu_adder.sv:119$180_Y $flatten\u_fpu.\u_fma_nmadd.\u_add.$ne$../../rtl/fpu_adder.sv:123$181_Y $flatten\u_fpu.\u_fma_nmadd.\u_add.$logic_and$../../rtl/fpu_adder.sv:125$187_Y $flatten\u_fpu.\u_fma_nmadd.\u_add.$logic_and$../../rtl/fpu_adder.sv:125$189_Y $flatten\u_fpu.\u_fma_nmadd.\u_add.$logic_and$../../rtl/fpu_adder.sv:125$191_Y $flatten\u_fpu.\u_fma_nmadd.\u_add.$logic_and$../../rtl/fpu_adder.sv:125$193_Y $flatten\u_fpu.\u_fma_nmadd.\u_add.$logic_and$../../rtl/fpu_adder.sv:125$195_Y $flatten\u_fpu.\u_fma_nmadd.\u_add.$logic_and$../../rtl/fpu_adder.sv:125$197_Y $flatten\u_fpu.\u_fma_nmadd.\u_add.$logic_and$../../rtl/fpu_adder.sv:125$199_Y $flatten\u_fpu.\u_fma_nmadd.\u_add.$logic_and$../../rtl/fpu_adder.sv:131$203_Y $flatten\u_fpu.\u_fma_nmadd.\u_add.$logic_and$../../rtl/fpu_adder.sv:131$205_Y $flatten\u_fpu.\u_fma_nmadd.\u_add.$logic_and$../../rtl/fpu_adder.sv:131$207_Y $flatten\u_fpu.\u_fma_nmadd.\u_add.$logic_and$../../rtl/fpu_adder.sv:131$209_Y $flatten\u_fpu.\u_fma_nmadd.\u_add.$logic_and$../../rtl/fpu_adder.sv:131$211_Y $flatten\u_fpu.\u_fma_nmadd.\u_add.$logic_and$../../rtl/fpu_adder.sv:131$213_Y $flatten\u_fpu.\u_fma_nmadd.\u_add.$logic_and$../../rtl/fpu_adder.sv:131$215_Y $flatten\u_fpu.\u_fma_nmadd.\u_add.$le$../../rtl/fpu_adder.sv:138$216_Y $flatten\u_fpu.\u_fma_nmadd.\u_add.$eq$../../rtl/fpu_adder.sv:150$219_Y }
      Activation pattern for cell $flatten\u_fpu.\u_fma_madd.\u_add.$shr$../../rtl/fpu_adder.sv:86$144: { $flatten\u_fpu.$procmux$5664_CMP \u_fpu.u_fma_madd.u_add.a_is_inf \u_fpu.u_fma_madd.u_add.b_is_inf \u_fpu.u_fma_madd.u_add.a_is_zero \u_fpu.u_fma_madd.u_add.b_is_zero $flatten\u_fpu.\u_fma_madd.\u_add.$logic_or$../../rtl/fpu_adder.sv:49$111_Y $flatten\u_fpu.\u_fma_madd.\u_add.$logic_and$../../rtl/fpu_adder.sv:51$115_Y $flatten\u_fpu.\u_fma_madd.\u_add.$gt$../../rtl/fpu_adder.sv:75$138_Y $flatten\u_fpu.\u_fma_madd.\u_add.$lt$../../rtl/fpu_adder.sv:85$143_Y } = 9'100000001
      Activation pattern for cell $flatten\u_fpu.\u_fma_madd.\u_add.$shr$../../rtl/fpu_adder.sv:86$144: { $flatten\u_fpu.$procmux$5663_CMP \u_fpu.u_fma_madd.u_add.a_is_inf \u_fpu.u_fma_madd.u_add.b_is_inf \u_fpu.u_fma_madd.u_add.a_is_zero \u_fpu.u_fma_madd.u_add.b_is_zero $flatten\u_fpu.\u_fma_madd.\u_add.$logic_or$../../rtl/fpu_adder.sv:49$111_Y $flatten\u_fpu.\u_fma_madd.\u_add.$logic_and$../../rtl/fpu_adder.sv:51$115_Y $flatten\u_fpu.\u_fma_madd.\u_add.$gt$../../rtl/fpu_adder.sv:75$138_Y $flatten\u_fpu.\u_fma_madd.\u_add.$lt$../../rtl/fpu_adder.sv:85$143_Y } = 9'100000001
      Activation pattern for cell $flatten\u_fpu.\u_fma_madd.\u_add.$shr$../../rtl/fpu_adder.sv:86$144: { $flatten\u_fpu.$procmux$5661_CMP \u_fpu.u_fma_madd.u_add.a_is_inf \u_fpu.u_fma_madd.u_add.b_is_inf \u_fpu.u_fma_madd.u_add.a_is_zero \u_fpu.u_fma_madd.u_add.b_is_zero $flatten\u_fpu.\u_fma_madd.\u_add.$logic_or$../../rtl/fpu_adder.sv:49$111_Y $flatten\u_fpu.\u_fma_madd.\u_add.$logic_and$../../rtl/fpu_adder.sv:51$115_Y $flatten\u_fpu.\u_fma_madd.\u_add.$gt$../../rtl/fpu_adder.sv:75$138_Y $flatten\u_fpu.\u_fma_madd.\u_add.$lt$../../rtl/fpu_adder.sv:85$143_Y } = 9'100000001
      Activation pattern for cell $flatten\u_fpu.\u_fma_madd.\u_add.$shr$../../rtl/fpu_adder.sv:86$144: { $flatten\u_fpu.$procmux$5662_CMP \u_fpu.u_fma_madd.u_add.a_is_inf \u_fpu.u_fma_madd.u_add.b_is_inf \u_fpu.u_fma_madd.u_add.a_is_zero \u_fpu.u_fma_madd.u_add.b_is_zero $flatten\u_fpu.\u_fma_madd.\u_add.$logic_or$../../rtl/fpu_adder.sv:49$111_Y $flatten\u_fpu.\u_fma_madd.\u_add.$logic_and$../../rtl/fpu_adder.sv:51$115_Y $flatten\u_fpu.\u_fma_madd.\u_add.$gt$../../rtl/fpu_adder.sv:75$138_Y $flatten\u_fpu.\u_fma_madd.\u_add.$lt$../../rtl/fpu_adder.sv:85$143_Y } = 9'100000001
      Activation pattern for cell $flatten\u_fpu.\u_fma_madd.\u_add.$shr$../../rtl/fpu_adder.sv:86$144: { $flatten\u_fpu.$procmux$5664_CMP \u_fpu.u_fma_madd.u_add.a_is_inf \u_fpu.u_fma_madd.u_add.b_is_inf \u_fpu.u_fma_madd.u_add.a_is_zero \u_fpu.u_fma_madd.u_add.b_is_zero $flatten\u_fpu.\u_fma_madd.\u_add.$logic_or$../../rtl/fpu_adder.sv:49$111_Y $flatten\u_fpu.\u_fma_madd.\u_add.$logic_and$../../rtl/fpu_adder.sv:51$115_Y $flatten\u_fpu.\u_fma_madd.\u_add.$gt$../../rtl/fpu_adder.sv:75$138_Y $flatten\u_fpu.\u_fma_madd.\u_add.$lt$../../rtl/fpu_adder.sv:85$143_Y $flatten\u_fpu.\u_fma_madd.\u_add.$eq$../../rtl/fpu_adder.sv:94$145_Y } = 10'1000000010
      Activation pattern for cell $flatten\u_fpu.\u_fma_madd.\u_add.$shr$../../rtl/fpu_adder.sv:86$144: { $flatten\u_fpu.$procmux$5663_CMP \u_fpu.u_fma_madd.u_add.a_is_inf \u_fpu.u_fma_madd.u_add.b_is_inf \u_fpu.u_fma_madd.u_add.a_is_zero \u_fpu.u_fma_madd.u_add.b_is_zero $flatten\u_fpu.\u_fma_madd.\u_add.$logic_or$../../rtl/fpu_adder.sv:49$111_Y $flatten\u_fpu.\u_fma_madd.\u_add.$logic_and$../../rtl/fpu_adder.sv:51$115_Y $flatten\u_fpu.\u_fma_madd.\u_add.$gt$../../rtl/fpu_adder.sv:75$138_Y $flatten\u_fpu.\u_fma_madd.\u_add.$lt$../../rtl/fpu_adder.sv:85$143_Y $flatten\u_fpu.\u_fma_msub.\u_add.$eq$../../rtl/fpu_adder.sv:94$145_Y } = 10'1000000010
      Activation pattern for cell $flatten\u_fpu.\u_fma_madd.\u_add.$shr$../../rtl/fpu_adder.sv:86$144: { $flatten\u_fpu.$procmux$5661_CMP \u_fpu.u_fma_madd.u_add.a_is_inf \u_fpu.u_fma_madd.u_add.b_is_inf \u_fpu.u_fma_madd.u_add.a_is_zero \u_fpu.u_fma_madd.u_add.b_is_zero $flatten\u_fpu.\u_fma_madd.\u_add.$logic_or$../../rtl/fpu_adder.sv:49$111_Y $flatten\u_fpu.\u_fma_madd.\u_add.$logic_and$../../rtl/fpu_adder.sv:51$115_Y $flatten\u_fpu.\u_fma_madd.\u_add.$gt$../../rtl/fpu_adder.sv:75$138_Y $flatten\u_fpu.\u_fma_madd.\u_add.$lt$../../rtl/fpu_adder.sv:85$143_Y $flatten\u_fpu.\u_fma_nmadd.\u_add.$eq$../../rtl/fpu_adder.sv:94$145_Y } = 10'1000000010
      Activation pattern for cell $flatten\u_fpu.\u_fma_madd.\u_add.$shr$../../rtl/fpu_adder.sv:86$144: { $flatten\u_fpu.$procmux$5662_CMP \u_fpu.u_fma_madd.u_add.a_is_inf \u_fpu.u_fma_madd.u_add.b_is_inf \u_fpu.u_fma_madd.u_add.a_is_zero \u_fpu.u_fma_madd.u_add.b_is_zero $flatten\u_fpu.\u_fma_madd.\u_add.$logic_or$../../rtl/fpu_adder.sv:49$111_Y $flatten\u_fpu.\u_fma_madd.\u_add.$logic_and$../../rtl/fpu_adder.sv:51$115_Y $flatten\u_fpu.\u_fma_madd.\u_add.$gt$../../rtl/fpu_adder.sv:75$138_Y $flatten\u_fpu.\u_fma_madd.\u_add.$lt$../../rtl/fpu_adder.sv:85$143_Y $flatten\u_fpu.\u_fma_nmsub.\u_add.$eq$../../rtl/fpu_adder.sv:94$145_Y } = 10'1000000010
      Activation pattern for cell $flatten\u_fpu.\u_fma_madd.\u_add.$shr$../../rtl/fpu_adder.sv:78$141: { $flatten\u_fpu.$procmux$5664_CMP \u_fpu.u_fma_madd.u_add.a_is_inf \u_fpu.u_fma_madd.u_add.b_is_inf \u_fpu.u_fma_madd.u_add.a_is_zero \u_fpu.u_fma_madd.u_add.b_is_zero $flatten\u_fpu.\u_fma_madd.\u_add.$logic_or$../../rtl/fpu_adder.sv:49$111_Y $flatten\u_fpu.\u_fma_madd.\u_add.$logic_and$../../rtl/fpu_adder.sv:51$115_Y $flatten\u_fpu.\u_fma_madd.\u_add.$gt$../../rtl/fpu_adder.sv:75$138_Y $flatten\u_fpu.\u_fma_madd.\u_add.$lt$../../rtl/fpu_adder.sv:77$140_Y } = 9'100000011
      Activation pattern for cell $flatten\u_fpu.\u_fma_madd.\u_add.$shr$../../rtl/fpu_adder.sv:78$141: { $flatten\u_fpu.$procmux$5663_CMP \u_fpu.u_fma_madd.u_add.a_is_inf \u_fpu.u_fma_madd.u_add.b_is_inf \u_fpu.u_fma_madd.u_add.a_is_zero \u_fpu.u_fma_madd.u_add.b_is_zero $flatten\u_fpu.\u_fma_madd.\u_add.$logic_or$../../rtl/fpu_adder.sv:49$111_Y $flatten\u_fpu.\u_fma_madd.\u_add.$logic_and$../../rtl/fpu_adder.sv:51$115_Y $flatten\u_fpu.\u_fma_madd.\u_add.$gt$../../rtl/fpu_adder.sv:75$138_Y $flatten\u_fpu.\u_fma_madd.\u_add.$lt$../../rtl/fpu_adder.sv:77$140_Y } = 9'100000011
      Activation pattern for cell $flatten\u_fpu.\u_fma_madd.\u_add.$shr$../../rtl/fpu_adder.sv:78$141: { $flatten\u_fpu.$procmux$5661_CMP \u_fpu.u_fma_madd.u_add.a_is_inf \u_fpu.u_fma_madd.u_add.b_is_inf \u_fpu.u_fma_madd.u_add.a_is_zero \u_fpu.u_fma_madd.u_add.b_is_zero $flatten\u_fpu.\u_fma_madd.\u_add.$logic_or$../../rtl/fpu_adder.sv:49$111_Y $flatten\u_fpu.\u_fma_madd.\u_add.$logic_and$../../rtl/fpu_adder.sv:51$115_Y $flatten\u_fpu.\u_fma_madd.\u_add.$gt$../../rtl/fpu_adder.sv:75$138_Y $flatten\u_fpu.\u_fma_madd.\u_add.$lt$../../rtl/fpu_adder.sv:77$140_Y } = 9'100000011
      Activation pattern for cell $flatten\u_fpu.\u_fma_madd.\u_add.$shr$../../rtl/fpu_adder.sv:78$141: { $flatten\u_fpu.$procmux$5662_CMP \u_fpu.u_fma_madd.u_add.a_is_inf \u_fpu.u_fma_madd.u_add.b_is_inf \u_fpu.u_fma_madd.u_add.a_is_zero \u_fpu.u_fma_madd.u_add.b_is_zero $flatten\u_fpu.\u_fma_madd.\u_add.$logic_or$../../rtl/fpu_adder.sv:49$111_Y $flatten\u_fpu.\u_fma_madd.\u_add.$logic_and$../../rtl/fpu_adder.sv:51$115_Y $flatten\u_fpu.\u_fma_madd.\u_add.$gt$../../rtl/fpu_adder.sv:75$138_Y $flatten\u_fpu.\u_fma_madd.\u_add.$lt$../../rtl/fpu_adder.sv:77$140_Y } = 9'100000011
      Activation pattern for cell $flatten\u_fpu.\u_fma_madd.\u_add.$shr$../../rtl/fpu_adder.sv:78$141: { $flatten\u_fpu.$procmux$5664_CMP \u_fpu.u_fma_madd.u_add.a_is_inf \u_fpu.u_fma_madd.u_add.b_is_inf \u_fpu.u_fma_madd.u_add.a_is_zero \u_fpu.u_fma_madd.u_add.b_is_zero $flatten\u_fpu.\u_fma_madd.\u_add.$logic_or$../../rtl/fpu_adder.sv:49$111_Y $flatten\u_fpu.\u_fma_madd.\u_add.$logic_and$../../rtl/fpu_adder.sv:51$115_Y $flatten\u_fpu.\u_fma_madd.\u_add.$gt$../../rtl/fpu_adder.sv:75$138_Y $flatten\u_fpu.\u_fma_madd.\u_add.$lt$../../rtl/fpu_adder.sv:77$140_Y $flatten\u_fpu.\u_fma_madd.\u_add.$eq$../../rtl/fpu_adder.sv:94$145_Y } = 10'1000000110
      Activation pattern for cell $flatten\u_fpu.\u_fma_madd.\u_add.$shr$../../rtl/fpu_adder.sv:78$141: { $flatten\u_fpu.$procmux$5663_CMP \u_fpu.u_fma_madd.u_add.a_is_inf \u_fpu.u_fma_madd.u_add.b_is_inf \u_fpu.u_fma_madd.u_add.a_is_zero \u_fpu.u_fma_madd.u_add.b_is_zero $flatten\u_fpu.\u_fma_madd.\u_add.$logic_or$../../rtl/fpu_adder.sv:49$111_Y $flatten\u_fpu.\u_fma_madd.\u_add.$logic_and$../../rtl/fpu_adder.sv:51$115_Y $flatten\u_fpu.\u_fma_madd.\u_add.$gt$../../rtl/fpu_adder.sv:75$138_Y $flatten\u_fpu.\u_fma_madd.\u_add.$lt$../../rtl/fpu_adder.sv:77$140_Y $flatten\u_fpu.\u_fma_msub.\u_add.$eq$../../rtl/fpu_adder.sv:94$145_Y } = 10'1000000110
      Activation pattern for cell $flatten\u_fpu.\u_fma_madd.\u_add.$shr$../../rtl/fpu_adder.sv:78$141: { $flatten\u_fpu.$procmux$5661_CMP \u_fpu.u_fma_madd.u_add.a_is_inf \u_fpu.u_fma_madd.u_add.b_is_inf \u_fpu.u_fma_madd.u_add.a_is_zero \u_fpu.u_fma_madd.u_add.b_is_zero $flatten\u_fpu.\u_fma_madd.\u_add.$logic_or$../../rtl/fpu_adder.sv:49$111_Y $flatten\u_fpu.\u_fma_madd.\u_add.$logic_and$../../rtl/fpu_adder.sv:51$115_Y $flatten\u_fpu.\u_fma_madd.\u_add.$gt$../../rtl/fpu_adder.sv:75$138_Y $flatten\u_fpu.\u_fma_madd.\u_add.$lt$../../rtl/fpu_adder.sv:77$140_Y $flatten\u_fpu.\u_fma_nmadd.\u_add.$eq$../../rtl/fpu_adder.sv:94$145_Y } = 10'1000000110
      Activation pattern for cell $flatten\u_fpu.\u_fma_madd.\u_add.$shr$../../rtl/fpu_adder.sv:78$141: { $flatten\u_fpu.$procmux$5662_CMP \u_fpu.u_fma_madd.u_add.a_is_inf \u_fpu.u_fma_madd.u_add.b_is_inf \u_fpu.u_fma_madd.u_add.a_is_zero \u_fpu.u_fma_madd.u_add.b_is_zero $flatten\u_fpu.\u_fma_madd.\u_add.$logic_or$../../rtl/fpu_adder.sv:49$111_Y $flatten\u_fpu.\u_fma_madd.\u_add.$logic_and$../../rtl/fpu_adder.sv:51$115_Y $flatten\u_fpu.\u_fma_madd.\u_add.$gt$../../rtl/fpu_adder.sv:75$138_Y $flatten\u_fpu.\u_fma_madd.\u_add.$lt$../../rtl/fpu_adder.sv:77$140_Y $flatten\u_fpu.\u_fma_nmsub.\u_add.$eq$../../rtl/fpu_adder.sv:94$145_Y } = 10'1000000110
      Size of SAT problem: 0 cells, 3000 variables, 8243 clauses
      According to the SAT solver this pair of cells can be shared.
      Activation signal for $flatten\u_fpu.\u_fma_madd.\u_add.$shr$../../rtl/fpu_adder.sv:86$144: $auto$share.cc:987:make_cell_activation_logic$6369
      New cell: $auto$share.cc:667:make_supercell$6376 ($shr)
  Analyzing resource sharing options for $auto$share.cc:667:make_supercell$6376 ($shr):
    Found 16 activation_patterns using ctrl signal { $flatten\u_fpu.$procmux$5661_CMP $flatten\u_fpu.$procmux$5662_CMP $flatten\u_fpu.$procmux$5663_CMP $flatten\u_fpu.$procmux$5664_CMP \u_fpu.u_fma_madd.u_add.a_is_inf \u_fpu.u_fma_madd.u_add.b_is_inf \u_fpu.u_fma_madd.u_add.a_is_zero \u_fpu.u_fma_madd.u_add.b_is_zero $flatten\u_fpu.\u_fma_madd.\u_add.$logic_or$../../rtl/fpu_adder.sv:49$111_Y $flatten\u_fpu.\u_fma_madd.\u_add.$logic_and$../../rtl/fpu_adder.sv:51$115_Y $flatten\u_fpu.\u_fma_madd.\u_add.$gt$../../rtl/fpu_adder.sv:75$138_Y $flatten\u_fpu.\u_fma_madd.\u_add.$lt$../../rtl/fpu_adder.sv:77$140_Y $flatten\u_fpu.\u_fma_madd.\u_add.$lt$../../rtl/fpu_adder.sv:85$143_Y $flatten\u_fpu.\u_fma_madd.\u_add.$eq$../../rtl/fpu_adder.sv:94$145_Y $flatten\u_fpu.\u_fma_msub.\u_add.$eq$../../rtl/fpu_adder.sv:94$145_Y $flatten\u_fpu.\u_fma_nmsub.\u_add.$eq$../../rtl/fpu_adder.sv:94$145_Y $flatten\u_fpu.\u_fma_nmadd.\u_add.$eq$../../rtl/fpu_adder.sv:94$145_Y }.
    Found 2 candidates: $flatten\u_fpu.\u_adder.$shr$../../rtl/fpu_adder.sv:86$144 $flatten\u_fpu.\u_adder.$shr$../../rtl/fpu_adder.sv:78$141
    Analyzing resource sharing with $flatten\u_fpu.\u_adder.$shr$../../rtl/fpu_adder.sv:86$144 ($shr):
      Found 2556 activation_patterns using ctrl signal { \u_fpu.fs1_is_inf \u_fpu.fs1_is_zero $flatten\u_fpu.$logic_or$../../rtl/fpu.sv:392$31_Y $flatten\u_fpu.$procmux$5668_CMP $flatten\u_fpu.$procmux$5669_CMP $flatten\u_fpu.\u_adder.$eq$../../rtl/fpu_adder.sv:150$219_Y $flatten\u_fpu.\u_adder.$le$../../rtl/fpu_adder.sv:138$216_Y $flatten\u_fpu.\u_adder.$logic_and$../../rtl/fpu_adder.sv:131$215_Y $flatten\u_fpu.\u_adder.$logic_and$../../rtl/fpu_adder.sv:131$213_Y $flatten\u_fpu.\u_adder.$logic_and$../../rtl/fpu_adder.sv:131$211_Y $flatten\u_fpu.\u_adder.$logic_and$../../rtl/fpu_adder.sv:131$209_Y $flatten\u_fpu.\u_adder.$logic_and$../../rtl/fpu_adder.sv:131$207_Y $flatten\u_fpu.\u_adder.$logic_and$../../rtl/fpu_adder.sv:131$205_Y $flatten\u_fpu.\u_adder.$logic_and$../../rtl/fpu_adder.sv:131$203_Y $flatten\u_fpu.\u_adder.$logic_and$../../rtl/fpu_adder.sv:125$199_Y $flatten\u_fpu.\u_adder.$logic_and$../../rtl/fpu_adder.sv:125$197_Y $flatten\u_fpu.\u_adder.$logic_and$../../rtl/fpu_adder.sv:125$195_Y $flatten\u_fpu.\u_adder.$logic_and$../../rtl/fpu_adder.sv:125$193_Y $flatten\u_fpu.\u_adder.$logic_and$../../rtl/fpu_adder.sv:125$191_Y $flatten\u_fpu.\u_adder.$logic_and$../../rtl/fpu_adder.sv:125$189_Y $flatten\u_fpu.\u_adder.$logic_and$../../rtl/fpu_adder.sv:125$187_Y $flatten\u_fpu.\u_adder.$ne$../../rtl/fpu_adder.sv:123$181_Y $flatten\u_fpu.\u_adder.$logic_and$../../rtl/fpu_adder.sv:119$180_Y $flatten\u_fpu.\u_adder.$logic_and$../../rtl/fpu_adder.sv:119$178_Y $flatten\u_fpu.\u_adder.$logic_and$../../rtl/fpu_adder.sv:119$176_Y $flatten\u_fpu.\u_adder.$logic_and$../../rtl/fpu_adder.sv:119$174_Y $flatten\u_fpu.\u_adder.$logic_and$../../rtl/fpu_adder.sv:119$172_Y $flatten\u_fpu.\u_adder.$logic_and$../../rtl/fpu_adder.sv:119$170_Y $flatten\u_fpu.\u_adder.$ne$../../rtl/fpu_adder.sv:117$163_Y $flatten\u_fpu.\u_adder.$ne$../../rtl/fpu_adder.sv:114$155_Y $flatten\u_fpu.\u_adder.$9\result_mant[24:0] [23] $flatten\u_fpu.\u_adder.$eq$../../rtl/fpu_adder.sv:94$145_Y $flatten\u_fpu.\u_adder.$lt$../../rtl/fpu_adder.sv:85$143_Y $flatten\u_fpu.\u_adder.$gt$../../rtl/fpu_adder.sv:75$138_Y $flatten\u_fpu.\u_adder.$logic_and$../../rtl/fpu_adder.sv:51$115_Y \u_fpu.u_adder.b_is_zero \u_fpu.u_adder.b_is_inf $flatten\u_fpu.\u_subtractor.$eq$../../rtl/fpu_adder.sv:150$219_Y $flatten\u_fpu.\u_subtractor.$le$../../rtl/fpu_adder.sv:138$216_Y $flatten\u_fpu.\u_subtractor.$logic_and$../../rtl/fpu_adder.sv:131$215_Y $flatten\u_fpu.\u_subtractor.$logic_and$../../rtl/fpu_adder.sv:131$213_Y $flatten\u_fpu.\u_subtractor.$logic_and$../../rtl/fpu_adder.sv:131$211_Y $flatten\u_fpu.\u_subtractor.$logic_and$../../rtl/fpu_adder.sv:131$209_Y $flatten\u_fpu.\u_subtractor.$logic_and$../../rtl/fpu_adder.sv:131$207_Y $flatten\u_fpu.\u_subtractor.$logic_and$../../rtl/fpu_adder.sv:131$205_Y $flatten\u_fpu.\u_subtractor.$logic_and$../../rtl/fpu_adder.sv:131$203_Y $flatten\u_fpu.\u_subtractor.$logic_and$../../rtl/fpu_adder.sv:125$199_Y $flatten\u_fpu.\u_subtractor.$logic_and$../../rtl/fpu_adder.sv:125$197_Y $flatten\u_fpu.\u_subtractor.$logic_and$../../rtl/fpu_adder.sv:125$195_Y $flatten\u_fpu.\u_subtractor.$logic_and$../../rtl/fpu_adder.sv:125$193_Y $flatten\u_fpu.\u_subtractor.$logic_and$../../rtl/fpu_adder.sv:125$191_Y $flatten\u_fpu.\u_subtractor.$logic_and$../../rtl/fpu_adder.sv:125$189_Y $flatten\u_fpu.\u_subtractor.$logic_and$../../rtl/fpu_adder.sv:125$187_Y $flatten\u_fpu.\u_subtractor.$ne$../../rtl/fpu_adder.sv:123$181_Y $flatten\u_fpu.\u_subtractor.$logic_and$../../rtl/fpu_adder.sv:119$180_Y $flatten\u_fpu.\u_subtractor.$logic_and$../../rtl/fpu_adder.sv:119$178_Y $flatten\u_fpu.\u_subtractor.$logic_and$../../rtl/fpu_adder.sv:119$176_Y $flatten\u_fpu.\u_subtractor.$logic_and$../../rtl/fpu_adder.sv:119$174_Y $flatten\u_fpu.\u_subtractor.$logic_and$../../rtl/fpu_adder.sv:119$172_Y $flatten\u_fpu.\u_subtractor.$logic_and$../../rtl/fpu_adder.sv:119$170_Y $flatten\u_fpu.\u_subtractor.$ne$../../rtl/fpu_adder.sv:117$163_Y $flatten\u_fpu.\u_subtractor.$ne$../../rtl/fpu_adder.sv:114$155_Y $flatten\u_fpu.\u_subtractor.$9\result_mant[24:0] [23] $flatten\u_fpu.\u_subtractor.$eq$../../rtl/fpu_adder.sv:94$145_Y }.
      Forbidden control signals for this pair of cells: { $flatten\u_fpu.\u_adder.$eq$../../rtl/fpu_adder.sv:150$219_Y $flatten\u_fpu.\u_adder.$le$../../rtl/fpu_adder.sv:138$216_Y $flatten\u_fpu.\u_adder.$logic_and$../../rtl/fpu_adder.sv:131$215_Y $flatten\u_fpu.\u_adder.$logic_and$../../rtl/fpu_adder.sv:131$213_Y $flatten\u_fpu.\u_adder.$logic_and$../../rtl/fpu_adder.sv:131$211_Y $flatten\u_fpu.\u_adder.$logic_and$../../rtl/fpu_adder.sv:131$209_Y $flatten\u_fpu.\u_adder.$logic_and$../../rtl/fpu_adder.sv:131$207_Y $flatten\u_fpu.\u_adder.$logic_and$../../rtl/fpu_adder.sv:131$205_Y $flatten\u_fpu.\u_adder.$logic_and$../../rtl/fpu_adder.sv:131$203_Y $flatten\u_fpu.\u_adder.$logic_and$../../rtl/fpu_adder.sv:125$199_Y $flatten\u_fpu.\u_adder.$logic_and$../../rtl/fpu_adder.sv:125$197_Y $flatten\u_fpu.\u_adder.$logic_and$../../rtl/fpu_adder.sv:125$195_Y $flatten\u_fpu.\u_adder.$logic_and$../../rtl/fpu_adder.sv:125$193_Y $flatten\u_fpu.\u_adder.$logic_and$../../rtl/fpu_adder.sv:125$191_Y $flatten\u_fpu.\u_adder.$logic_and$../../rtl/fpu_adder.sv:125$189_Y $flatten\u_fpu.\u_adder.$logic_and$../../rtl/fpu_adder.sv:125$187_Y $flatten\u_fpu.\u_adder.$ne$../../rtl/fpu_adder.sv:123$181_Y $flatten\u_fpu.\u_adder.$logic_and$../../rtl/fpu_adder.sv:119$180_Y $flatten\u_fpu.\u_adder.$logic_and$../../rtl/fpu_adder.sv:119$178_Y $flatten\u_fpu.\u_adder.$logic_and$../../rtl/fpu_adder.sv:119$176_Y $flatten\u_fpu.\u_adder.$logic_and$../../rtl/fpu_adder.sv:119$174_Y $flatten\u_fpu.\u_adder.$logic_and$../../rtl/fpu_adder.sv:119$172_Y $flatten\u_fpu.\u_adder.$logic_and$../../rtl/fpu_adder.sv:119$170_Y $flatten\u_fpu.\u_adder.$ne$../../rtl/fpu_adder.sv:117$163_Y $flatten\u_fpu.\u_adder.$ne$../../rtl/fpu_adder.sv:114$155_Y $flatten\u_fpu.\u_adder.$9\result_mant[24:0] [23:22] $flatten\u_fpu.\u_adder.$9\result_mant[24:0] [15] $flatten\u_fpu.\u_adder.$9\result_mant[24:0] [7] $flatten\u_fpu.\u_adder.$ge$../../rtl/fpu_adder.sv:104$152_Y $flatten\u_fpu.\u_adder.$add$../../rtl/fpu_adder.sv:95$149_Y [24] $flatten\u_fpu.\u_subtractor.$eq$../../rtl/fpu_adder.sv:150$219_Y $flatten\u_fpu.\u_subtractor.$le$../../rtl/fpu_adder.sv:138$216_Y $flatten\u_fpu.\u_subtractor.$logic_and$../../rtl/fpu_adder.sv:131$215_Y $flatten\u_fpu.\u_subtractor.$logic_and$../../rtl/fpu_adder.sv:131$213_Y $flatten\u_fpu.\u_subtractor.$logic_and$../../rtl/fpu_adder.sv:131$211_Y $flatten\u_fpu.\u_subtractor.$logic_and$../../rtl/fpu_adder.sv:131$209_Y $flatten\u_fpu.\u_subtractor.$logic_and$../../rtl/fpu_adder.sv:131$207_Y $flatten\u_fpu.\u_subtractor.$logic_and$../../rtl/fpu_adder.sv:131$205_Y $flatten\u_fpu.\u_subtractor.$logic_and$../../rtl/fpu_adder.sv:131$203_Y $flatten\u_fpu.\u_subtractor.$logic_and$../../rtl/fpu_adder.sv:125$199_Y $flatten\u_fpu.\u_subtractor.$logic_and$../../rtl/fpu_adder.sv:125$197_Y $flatten\u_fpu.\u_subtractor.$logic_and$../../rtl/fpu_adder.sv:125$195_Y $flatten\u_fpu.\u_subtractor.$logic_and$../../rtl/fpu_adder.sv:125$193_Y $flatten\u_fpu.\u_subtractor.$logic_and$../../rtl/fpu_adder.sv:125$191_Y $flatten\u_fpu.\u_subtractor.$logic_and$../../rtl/fpu_adder.sv:125$189_Y $flatten\u_fpu.\u_subtractor.$logic_and$../../rtl/fpu_adder.sv:125$187_Y $flatten\u_fpu.\u_subtractor.$ne$../../rtl/fpu_adder.sv:123$181_Y $flatten\u_fpu.\u_subtractor.$logic_and$../../rtl/fpu_adder.sv:119$180_Y $flatten\u_fpu.\u_subtractor.$logic_and$../../rtl/fpu_adder.sv:119$178_Y $flatten\u_fpu.\u_subtractor.$logic_and$../../rtl/fpu_adder.sv:119$176_Y $flatten\u_fpu.\u_subtractor.$logic_and$../../rtl/fpu_adder.sv:119$174_Y $flatten\u_fpu.\u_subtractor.$logic_and$../../rtl/fpu_adder.sv:119$172_Y $flatten\u_fpu.\u_subtractor.$logic_and$../../rtl/fpu_adder.sv:119$170_Y $flatten\u_fpu.\u_subtractor.$ne$../../rtl/fpu_adder.sv:117$163_Y $flatten\u_fpu.\u_subtractor.$ne$../../rtl/fpu_adder.sv:114$155_Y $flatten\u_fpu.\u_subtractor.$9\result_mant[24:0] [23:22] $flatten\u_fpu.\u_subtractor.$9\result_mant[24:0] [15] $flatten\u_fpu.\u_subtractor.$9\result_mant[24:0] [7] }
      Activation pattern for cell $auto$share.cc:667:make_supercell$6376: { $flatten\u_fpu.$procmux$5664_CMP \u_fpu.u_fma_madd.u_add.a_is_inf \u_fpu.u_fma_madd.u_add.b_is_inf \u_fpu.u_fma_madd.u_add.a_is_zero \u_fpu.u_fma_madd.u_add.b_is_zero $flatten\u_fpu.\u_fma_madd.\u_add.$logic_or$../../rtl/fpu_adder.sv:49$111_Y $flatten\u_fpu.\u_fma_madd.\u_add.$logic_and$../../rtl/fpu_adder.sv:51$115_Y $flatten\u_fpu.\u_fma_madd.\u_add.$gt$../../rtl/fpu_adder.sv:75$138_Y $flatten\u_fpu.\u_fma_madd.\u_add.$lt$../../rtl/fpu_adder.sv:85$143_Y } = 9'100000001
      Activation pattern for cell $auto$share.cc:667:make_supercell$6376: { $flatten\u_fpu.$procmux$5663_CMP \u_fpu.u_fma_madd.u_add.a_is_inf \u_fpu.u_fma_madd.u_add.b_is_inf \u_fpu.u_fma_madd.u_add.a_is_zero \u_fpu.u_fma_madd.u_add.b_is_zero $flatten\u_fpu.\u_fma_madd.\u_add.$logic_or$../../rtl/fpu_adder.sv:49$111_Y $flatten\u_fpu.\u_fma_madd.\u_add.$logic_and$../../rtl/fpu_adder.sv:51$115_Y $flatten\u_fpu.\u_fma_madd.\u_add.$gt$../../rtl/fpu_adder.sv:75$138_Y $flatten\u_fpu.\u_fma_madd.\u_add.$lt$../../rtl/fpu_adder.sv:85$143_Y } = 9'100000001
      Activation pattern for cell $auto$share.cc:667:make_supercell$6376: { $flatten\u_fpu.$procmux$5661_CMP \u_fpu.u_fma_madd.u_add.a_is_inf \u_fpu.u_fma_madd.u_add.b_is_inf \u_fpu.u_fma_madd.u_add.a_is_zero \u_fpu.u_fma_madd.u_add.b_is_zero $flatten\u_fpu.\u_fma_madd.\u_add.$logic_or$../../rtl/fpu_adder.sv:49$111_Y $flatten\u_fpu.\u_fma_madd.\u_add.$logic_and$../../rtl/fpu_adder.sv:51$115_Y $flatten\u_fpu.\u_fma_madd.\u_add.$gt$../../rtl/fpu_adder.sv:75$138_Y $flatten\u_fpu.\u_fma_madd.\u_add.$lt$../../rtl/fpu_adder.sv:85$143_Y } = 9'100000001
      Activation pattern for cell $auto$share.cc:667:make_supercell$6376: { $flatten\u_fpu.$procmux$5662_CMP \u_fpu.u_fma_madd.u_add.a_is_inf \u_fpu.u_fma_madd.u_add.b_is_inf \u_fpu.u_fma_madd.u_add.a_is_zero \u_fpu.u_fma_madd.u_add.b_is_zero $flatten\u_fpu.\u_fma_madd.\u_add.$logic_or$../../rtl/fpu_adder.sv:49$111_Y $flatten\u_fpu.\u_fma_madd.\u_add.$logic_and$../../rtl/fpu_adder.sv:51$115_Y $flatten\u_fpu.\u_fma_madd.\u_add.$gt$../../rtl/fpu_adder.sv:75$138_Y $flatten\u_fpu.\u_fma_madd.\u_add.$lt$../../rtl/fpu_adder.sv:85$143_Y } = 9'100000001
      Activation pattern for cell $auto$share.cc:667:make_supercell$6376: { $flatten\u_fpu.$procmux$5664_CMP \u_fpu.u_fma_madd.u_add.a_is_inf \u_fpu.u_fma_madd.u_add.b_is_inf \u_fpu.u_fma_madd.u_add.a_is_zero \u_fpu.u_fma_madd.u_add.b_is_zero $flatten\u_fpu.\u_fma_madd.\u_add.$logic_or$../../rtl/fpu_adder.sv:49$111_Y $flatten\u_fpu.\u_fma_madd.\u_add.$logic_and$../../rtl/fpu_adder.sv:51$115_Y $flatten\u_fpu.\u_fma_madd.\u_add.$gt$../../rtl/fpu_adder.sv:75$138_Y $flatten\u_fpu.\u_fma_madd.\u_add.$lt$../../rtl/fpu_adder.sv:85$143_Y $flatten\u_fpu.\u_fma_madd.\u_add.$eq$../../rtl/fpu_adder.sv:94$145_Y } = 10'1000000010
      Activation pattern for cell $auto$share.cc:667:make_supercell$6376: { $flatten\u_fpu.$procmux$5663_CMP \u_fpu.u_fma_madd.u_add.a_is_inf \u_fpu.u_fma_madd.u_add.b_is_inf \u_fpu.u_fma_madd.u_add.a_is_zero \u_fpu.u_fma_madd.u_add.b_is_zero $flatten\u_fpu.\u_fma_madd.\u_add.$logic_or$../../rtl/fpu_adder.sv:49$111_Y $flatten\u_fpu.\u_fma_madd.\u_add.$logic_and$../../rtl/fpu_adder.sv:51$115_Y $flatten\u_fpu.\u_fma_madd.\u_add.$gt$../../rtl/fpu_adder.sv:75$138_Y $flatten\u_fpu.\u_fma_madd.\u_add.$lt$../../rtl/fpu_adder.sv:85$143_Y $flatten\u_fpu.\u_fma_msub.\u_add.$eq$../../rtl/fpu_adder.sv:94$145_Y } = 10'1000000010
      Activation pattern for cell $auto$share.cc:667:make_supercell$6376: { $flatten\u_fpu.$procmux$5661_CMP \u_fpu.u_fma_madd.u_add.a_is_inf \u_fpu.u_fma_madd.u_add.b_is_inf \u_fpu.u_fma_madd.u_add.a_is_zero \u_fpu.u_fma_madd.u_add.b_is_zero $flatten\u_fpu.\u_fma_madd.\u_add.$logic_or$../../rtl/fpu_adder.sv:49$111_Y $flatten\u_fpu.\u_fma_madd.\u_add.$logic_and$../../rtl/fpu_adder.sv:51$115_Y $flatten\u_fpu.\u_fma_madd.\u_add.$gt$../../rtl/fpu_adder.sv:75$138_Y $flatten\u_fpu.\u_fma_madd.\u_add.$lt$../../rtl/fpu_adder.sv:85$143_Y $flatten\u_fpu.\u_fma_nmadd.\u_add.$eq$../../rtl/fpu_adder.sv:94$145_Y } = 10'1000000010
      Activation pattern for cell $auto$share.cc:667:make_supercell$6376: { $flatten\u_fpu.$procmux$5662_CMP \u_fpu.u_fma_madd.u_add.a_is_inf \u_fpu.u_fma_madd.u_add.b_is_inf \u_fpu.u_fma_madd.u_add.a_is_zero \u_fpu.u_fma_madd.u_add.b_is_zero $flatten\u_fpu.\u_fma_madd.\u_add.$logic_or$../../rtl/fpu_adder.sv:49$111_Y $flatten\u_fpu.\u_fma_madd.\u_add.$logic_and$../../rtl/fpu_adder.sv:51$115_Y $flatten\u_fpu.\u_fma_madd.\u_add.$gt$../../rtl/fpu_adder.sv:75$138_Y $flatten\u_fpu.\u_fma_madd.\u_add.$lt$../../rtl/fpu_adder.sv:85$143_Y $flatten\u_fpu.\u_fma_nmsub.\u_add.$eq$../../rtl/fpu_adder.sv:94$145_Y } = 10'1000000010
      Activation pattern for cell $auto$share.cc:667:make_supercell$6376: { $flatten\u_fpu.$procmux$5664_CMP \u_fpu.u_fma_madd.u_add.a_is_inf \u_fpu.u_fma_madd.u_add.b_is_inf \u_fpu.u_fma_madd.u_add.a_is_zero \u_fpu.u_fma_madd.u_add.b_is_zero $flatten\u_fpu.\u_fma_madd.\u_add.$logic_or$../../rtl/fpu_adder.sv:49$111_Y $flatten\u_fpu.\u_fma_madd.\u_add.$logic_and$../../rtl/fpu_adder.sv:51$115_Y $flatten\u_fpu.\u_fma_madd.\u_add.$gt$../../rtl/fpu_adder.sv:75$138_Y $flatten\u_fpu.\u_fma_madd.\u_add.$lt$../../rtl/fpu_adder.sv:77$140_Y } = 9'100000011
      Activation pattern for cell $auto$share.cc:667:make_supercell$6376: { $flatten\u_fpu.$procmux$5663_CMP \u_fpu.u_fma_madd.u_add.a_is_inf \u_fpu.u_fma_madd.u_add.b_is_inf \u_fpu.u_fma_madd.u_add.a_is_zero \u_fpu.u_fma_madd.u_add.b_is_zero $flatten\u_fpu.\u_fma_madd.\u_add.$logic_or$../../rtl/fpu_adder.sv:49$111_Y $flatten\u_fpu.\u_fma_madd.\u_add.$logic_and$../../rtl/fpu_adder.sv:51$115_Y $flatten\u_fpu.\u_fma_madd.\u_add.$gt$../../rtl/fpu_adder.sv:75$138_Y $flatten\u_fpu.\u_fma_madd.\u_add.$lt$../../rtl/fpu_adder.sv:77$140_Y } = 9'100000011
      Activation pattern for cell $auto$share.cc:667:make_supercell$6376: { $flatten\u_fpu.$procmux$5661_CMP \u_fpu.u_fma_madd.u_add.a_is_inf \u_fpu.u_fma_madd.u_add.b_is_inf \u_fpu.u_fma_madd.u_add.a_is_zero \u_fpu.u_fma_madd.u_add.b_is_zero $flatten\u_fpu.\u_fma_madd.\u_add.$logic_or$../../rtl/fpu_adder.sv:49$111_Y $flatten\u_fpu.\u_fma_madd.\u_add.$logic_and$../../rtl/fpu_adder.sv:51$115_Y $flatten\u_fpu.\u_fma_madd.\u_add.$gt$../../rtl/fpu_adder.sv:75$138_Y $flatten\u_fpu.\u_fma_madd.\u_add.$lt$../../rtl/fpu_adder.sv:77$140_Y } = 9'100000011
      Activation pattern for cell $auto$share.cc:667:make_supercell$6376: { $flatten\u_fpu.$procmux$5662_CMP \u_fpu.u_fma_madd.u_add.a_is_inf \u_fpu.u_fma_madd.u_add.b_is_inf \u_fpu.u_fma_madd.u_add.a_is_zero \u_fpu.u_fma_madd.u_add.b_is_zero $flatten\u_fpu.\u_fma_madd.\u_add.$logic_or$../../rtl/fpu_adder.sv:49$111_Y $flatten\u_fpu.\u_fma_madd.\u_add.$logic_and$../../rtl/fpu_adder.sv:51$115_Y $flatten\u_fpu.\u_fma_madd.\u_add.$gt$../../rtl/fpu_adder.sv:75$138_Y $flatten\u_fpu.\u_fma_madd.\u_add.$lt$../../rtl/fpu_adder.sv:77$140_Y } = 9'100000011
      Activation pattern for cell $auto$share.cc:667:make_supercell$6376: { $flatten\u_fpu.$procmux$5664_CMP \u_fpu.u_fma_madd.u_add.a_is_inf \u_fpu.u_fma_madd.u_add.b_is_inf \u_fpu.u_fma_madd.u_add.a_is_zero \u_fpu.u_fma_madd.u_add.b_is_zero $flatten\u_fpu.\u_fma_madd.\u_add.$logic_or$../../rtl/fpu_adder.sv:49$111_Y $flatten\u_fpu.\u_fma_madd.\u_add.$logic_and$../../rtl/fpu_adder.sv:51$115_Y $flatten\u_fpu.\u_fma_madd.\u_add.$gt$../../rtl/fpu_adder.sv:75$138_Y $flatten\u_fpu.\u_fma_madd.\u_add.$lt$../../rtl/fpu_adder.sv:77$140_Y $flatten\u_fpu.\u_fma_madd.\u_add.$eq$../../rtl/fpu_adder.sv:94$145_Y } = 10'1000000110
      Activation pattern for cell $auto$share.cc:667:make_supercell$6376: { $flatten\u_fpu.$procmux$5663_CMP \u_fpu.u_fma_madd.u_add.a_is_inf \u_fpu.u_fma_madd.u_add.b_is_inf \u_fpu.u_fma_madd.u_add.a_is_zero \u_fpu.u_fma_madd.u_add.b_is_zero $flatten\u_fpu.\u_fma_madd.\u_add.$logic_or$../../rtl/fpu_adder.sv:49$111_Y $flatten\u_fpu.\u_fma_madd.\u_add.$logic_and$../../rtl/fpu_adder.sv:51$115_Y $flatten\u_fpu.\u_fma_madd.\u_add.$gt$../../rtl/fpu_adder.sv:75$138_Y $flatten\u_fpu.\u_fma_madd.\u_add.$lt$../../rtl/fpu_adder.sv:77$140_Y $flatten\u_fpu.\u_fma_msub.\u_add.$eq$../../rtl/fpu_adder.sv:94$145_Y } = 10'1000000110
      Activation pattern for cell $auto$share.cc:667:make_supercell$6376: { $flatten\u_fpu.$procmux$5661_CMP \u_fpu.u_fma_madd.u_add.a_is_inf \u_fpu.u_fma_madd.u_add.b_is_inf \u_fpu.u_fma_madd.u_add.a_is_zero \u_fpu.u_fma_madd.u_add.b_is_zero $flatten\u_fpu.\u_fma_madd.\u_add.$logic_or$../../rtl/fpu_adder.sv:49$111_Y $flatten\u_fpu.\u_fma_madd.\u_add.$logic_and$../../rtl/fpu_adder.sv:51$115_Y $flatten\u_fpu.\u_fma_madd.\u_add.$gt$../../rtl/fpu_adder.sv:75$138_Y $flatten\u_fpu.\u_fma_madd.\u_add.$lt$../../rtl/fpu_adder.sv:77$140_Y $flatten\u_fpu.\u_fma_nmadd.\u_add.$eq$../../rtl/fpu_adder.sv:94$145_Y } = 10'1000000110
      Activation pattern for cell $auto$share.cc:667:make_supercell$6376: { $flatten\u_fpu.$procmux$5662_CMP \u_fpu.u_fma_madd.u_add.a_is_inf \u_fpu.u_fma_madd.u_add.b_is_inf \u_fpu.u_fma_madd.u_add.a_is_zero \u_fpu.u_fma_madd.u_add.b_is_zero $flatten\u_fpu.\u_fma_madd.\u_add.$logic_or$../../rtl/fpu_adder.sv:49$111_Y $flatten\u_fpu.\u_fma_madd.\u_add.$logic_and$../../rtl/fpu_adder.sv:51$115_Y $flatten\u_fpu.\u_fma_madd.\u_add.$gt$../../rtl/fpu_adder.sv:75$138_Y $flatten\u_fpu.\u_fma_madd.\u_add.$lt$../../rtl/fpu_adder.sv:77$140_Y $flatten\u_fpu.\u_fma_nmsub.\u_add.$eq$../../rtl/fpu_adder.sv:94$145_Y } = 10'1000000110
      Activation pattern for cell $flatten\u_fpu.\u_adder.$shr$../../rtl/fpu_adder.sv:86$144: { \u_fpu.fs1_is_inf \u_fpu.fs1_is_zero $flatten\u_fpu.$logic_or$../../rtl/fpu.sv:392$31_Y $flatten\u_fpu.$procmux$5669_CMP $flatten\u_fpu.\u_adder.$lt$../../rtl/fpu_adder.sv:85$143_Y $flatten\u_fpu.\u_adder.$gt$../../rtl/fpu_adder.sv:75$138_Y $flatten\u_fpu.\u_adder.$logic_and$../../rtl/fpu_adder.sv:51$115_Y \u_fpu.u_adder.b_is_zero \u_fpu.u_adder.b_is_inf } = 9'000110000
      Activation pattern for cell $flatten\u_fpu.\u_adder.$shr$../../rtl/fpu_adder.sv:86$144: { \u_fpu.fs1_is_inf \u_fpu.fs1_is_zero $flatten\u_fpu.$logic_or$../../rtl/fpu.sv:392$31_Y $flatten\u_fpu.$procmux$5668_CMP $flatten\u_fpu.\u_adder.$lt$../../rtl/fpu_adder.sv:85$143_Y $flatten\u_fpu.\u_adder.$gt$../../rtl/fpu_adder.sv:75$138_Y $flatten\u_fpu.\u_adder.$logic_and$../../rtl/fpu_adder.sv:51$115_Y \u_fpu.u_adder.b_is_zero \u_fpu.u_adder.b_is_inf } = 9'000110000
      Activation pattern for cell $flatten\u_fpu.\u_adder.$shr$../../rtl/fpu_adder.sv:86$144: { \u_fpu.fs1_is_inf \u_fpu.fs1_is_zero $flatten\u_fpu.$logic_or$../../rtl/fpu.sv:392$31_Y $flatten\u_fpu.$procmux$5669_CMP $flatten\u_fpu.\u_adder.$eq$../../rtl/fpu_adder.sv:94$145_Y $flatten\u_fpu.\u_adder.$lt$../../rtl/fpu_adder.sv:85$143_Y $flatten\u_fpu.\u_adder.$gt$../../rtl/fpu_adder.sv:75$138_Y $flatten\u_fpu.\u_adder.$logic_and$../../rtl/fpu_adder.sv:51$115_Y \u_fpu.u_adder.b_is_zero \u_fpu.u_adder.b_is_inf } = 10'0001010000
      Activation pattern for cell $flatten\u_fpu.\u_adder.$shr$../../rtl/fpu_adder.sv:86$144: { \u_fpu.fs1_is_inf \u_fpu.fs1_is_zero $flatten\u_fpu.$logic_or$../../rtl/fpu.sv:392$31_Y $flatten\u_fpu.$procmux$5668_CMP $flatten\u_fpu.\u_adder.$lt$../../rtl/fpu_adder.sv:85$143_Y $flatten\u_fpu.\u_adder.$gt$../../rtl/fpu_adder.sv:75$138_Y $flatten\u_fpu.\u_adder.$logic_and$../../rtl/fpu_adder.sv:51$115_Y \u_fpu.u_adder.b_is_zero \u_fpu.u_adder.b_is_inf $flatten\u_fpu.\u_subtractor.$eq$../../rtl/fpu_adder.sv:94$145_Y } = 10'0001100000
      Size of SAT problem: 0 cells, 3192 variables, 8761 clauses
      According to the SAT solver this pair of cells can be shared.
      Activation signal for $flatten\u_fpu.\u_adder.$shr$../../rtl/fpu_adder.sv:86$144: $auto$share.cc:987:make_cell_activation_logic$6384
      New cell: $auto$share.cc:667:make_supercell$6391 ($shr)
  Analyzing resource sharing options for $auto$share.cc:667:make_supercell$6391 ($shr):
    Found 20 activation_patterns using ctrl signal { \u_fpu.fs1_is_inf \u_fpu.fs1_is_zero $flatten\u_fpu.$logic_or$../../rtl/fpu.sv:392$31_Y $flatten\u_fpu.$procmux$5661_CMP $flatten\u_fpu.$procmux$5662_CMP $flatten\u_fpu.$procmux$5663_CMP $flatten\u_fpu.$procmux$5664_CMP $flatten\u_fpu.$procmux$5668_CMP $flatten\u_fpu.$procmux$5669_CMP $flatten\u_fpu.\u_adder.$eq$../../rtl/fpu_adder.sv:94$145_Y $flatten\u_fpu.\u_adder.$lt$../../rtl/fpu_adder.sv:85$143_Y $flatten\u_fpu.\u_adder.$gt$../../rtl/fpu_adder.sv:75$138_Y $flatten\u_fpu.\u_adder.$logic_and$../../rtl/fpu_adder.sv:51$115_Y \u_fpu.u_adder.b_is_zero \u_fpu.u_adder.b_is_inf $flatten\u_fpu.\u_subtractor.$eq$../../rtl/fpu_adder.sv:94$145_Y \u_fpu.u_fma_madd.u_add.a_is_inf \u_fpu.u_fma_madd.u_add.b_is_inf \u_fpu.u_fma_madd.u_add.a_is_zero \u_fpu.u_fma_madd.u_add.b_is_zero $flatten\u_fpu.\u_fma_madd.\u_add.$logic_or$../../rtl/fpu_adder.sv:49$111_Y $flatten\u_fpu.\u_fma_madd.\u_add.$logic_and$../../rtl/fpu_adder.sv:51$115_Y $flatten\u_fpu.\u_fma_madd.\u_add.$gt$../../rtl/fpu_adder.sv:75$138_Y $flatten\u_fpu.\u_fma_madd.\u_add.$lt$../../rtl/fpu_adder.sv:77$140_Y $flatten\u_fpu.\u_fma_madd.\u_add.$lt$../../rtl/fpu_adder.sv:85$143_Y $flatten\u_fpu.\u_fma_madd.\u_add.$eq$../../rtl/fpu_adder.sv:94$145_Y $flatten\u_fpu.\u_fma_msub.\u_add.$eq$../../rtl/fpu_adder.sv:94$145_Y $flatten\u_fpu.\u_fma_nmsub.\u_add.$eq$../../rtl/fpu_adder.sv:94$145_Y $flatten\u_fpu.\u_fma_nmadd.\u_add.$eq$../../rtl/fpu_adder.sv:94$145_Y }.
    Found 1 candidates: $flatten\u_fpu.\u_adder.$shr$../../rtl/fpu_adder.sv:78$141
    Analyzing resource sharing with $flatten\u_fpu.\u_adder.$shr$../../rtl/fpu_adder.sv:78$141 ($shr):
      Found 2556 activation_patterns using ctrl signal { \u_fpu.fs1_is_inf \u_fpu.fs1_is_zero $flatten\u_fpu.$logic_or$../../rtl/fpu.sv:392$31_Y $flatten\u_fpu.$procmux$5668_CMP $flatten\u_fpu.$procmux$5669_CMP $flatten\u_fpu.\u_adder.$eq$../../rtl/fpu_adder.sv:150$219_Y $flatten\u_fpu.\u_adder.$le$../../rtl/fpu_adder.sv:138$216_Y $flatten\u_fpu.\u_adder.$logic_and$../../rtl/fpu_adder.sv:131$215_Y $flatten\u_fpu.\u_adder.$logic_and$../../rtl/fpu_adder.sv:131$213_Y $flatten\u_fpu.\u_adder.$logic_and$../../rtl/fpu_adder.sv:131$211_Y $flatten\u_fpu.\u_adder.$logic_and$../../rtl/fpu_adder.sv:131$209_Y $flatten\u_fpu.\u_adder.$logic_and$../../rtl/fpu_adder.sv:131$207_Y $flatten\u_fpu.\u_adder.$logic_and$../../rtl/fpu_adder.sv:131$205_Y $flatten\u_fpu.\u_adder.$logic_and$../../rtl/fpu_adder.sv:131$203_Y $flatten\u_fpu.\u_adder.$logic_and$../../rtl/fpu_adder.sv:125$199_Y $flatten\u_fpu.\u_adder.$logic_and$../../rtl/fpu_adder.sv:125$197_Y $flatten\u_fpu.\u_adder.$logic_and$../../rtl/fpu_adder.sv:125$195_Y $flatten\u_fpu.\u_adder.$logic_and$../../rtl/fpu_adder.sv:125$193_Y $flatten\u_fpu.\u_adder.$logic_and$../../rtl/fpu_adder.sv:125$191_Y $flatten\u_fpu.\u_adder.$logic_and$../../rtl/fpu_adder.sv:125$189_Y $flatten\u_fpu.\u_adder.$logic_and$../../rtl/fpu_adder.sv:125$187_Y $flatten\u_fpu.\u_adder.$ne$../../rtl/fpu_adder.sv:123$181_Y $flatten\u_fpu.\u_adder.$logic_and$../../rtl/fpu_adder.sv:119$180_Y $flatten\u_fpu.\u_adder.$logic_and$../../rtl/fpu_adder.sv:119$178_Y $flatten\u_fpu.\u_adder.$logic_and$../../rtl/fpu_adder.sv:119$176_Y $flatten\u_fpu.\u_adder.$logic_and$../../rtl/fpu_adder.sv:119$174_Y $flatten\u_fpu.\u_adder.$logic_and$../../rtl/fpu_adder.sv:119$172_Y $flatten\u_fpu.\u_adder.$logic_and$../../rtl/fpu_adder.sv:119$170_Y $flatten\u_fpu.\u_adder.$ne$../../rtl/fpu_adder.sv:117$163_Y $flatten\u_fpu.\u_adder.$ne$../../rtl/fpu_adder.sv:114$155_Y $flatten\u_fpu.\u_adder.$9\result_mant[24:0] [23] $flatten\u_fpu.\u_adder.$eq$../../rtl/fpu_adder.sv:94$145_Y $flatten\u_fpu.\u_adder.$lt$../../rtl/fpu_adder.sv:77$140_Y $flatten\u_fpu.\u_adder.$gt$../../rtl/fpu_adder.sv:75$138_Y $flatten\u_fpu.\u_adder.$logic_and$../../rtl/fpu_adder.sv:51$115_Y \u_fpu.u_adder.b_is_zero \u_fpu.u_adder.b_is_inf $flatten\u_fpu.\u_subtractor.$eq$../../rtl/fpu_adder.sv:150$219_Y $flatten\u_fpu.\u_subtractor.$le$../../rtl/fpu_adder.sv:138$216_Y $flatten\u_fpu.\u_subtractor.$logic_and$../../rtl/fpu_adder.sv:131$215_Y $flatten\u_fpu.\u_subtractor.$logic_and$../../rtl/fpu_adder.sv:131$213_Y $flatten\u_fpu.\u_subtractor.$logic_and$../../rtl/fpu_adder.sv:131$211_Y $flatten\u_fpu.\u_subtractor.$logic_and$../../rtl/fpu_adder.sv:131$209_Y $flatten\u_fpu.\u_subtractor.$logic_and$../../rtl/fpu_adder.sv:131$207_Y $flatten\u_fpu.\u_subtractor.$logic_and$../../rtl/fpu_adder.sv:131$205_Y $flatten\u_fpu.\u_subtractor.$logic_and$../../rtl/fpu_adder.sv:131$203_Y $flatten\u_fpu.\u_subtractor.$logic_and$../../rtl/fpu_adder.sv:125$199_Y $flatten\u_fpu.\u_subtractor.$logic_and$../../rtl/fpu_adder.sv:125$197_Y $flatten\u_fpu.\u_subtractor.$logic_and$../../rtl/fpu_adder.sv:125$195_Y $flatten\u_fpu.\u_subtractor.$logic_and$../../rtl/fpu_adder.sv:125$193_Y $flatten\u_fpu.\u_subtractor.$logic_and$../../rtl/fpu_adder.sv:125$191_Y $flatten\u_fpu.\u_subtractor.$logic_and$../../rtl/fpu_adder.sv:125$189_Y $flatten\u_fpu.\u_subtractor.$logic_and$../../rtl/fpu_adder.sv:125$187_Y $flatten\u_fpu.\u_subtractor.$ne$../../rtl/fpu_adder.sv:123$181_Y $flatten\u_fpu.\u_subtractor.$logic_and$../../rtl/fpu_adder.sv:119$180_Y $flatten\u_fpu.\u_subtractor.$logic_and$../../rtl/fpu_adder.sv:119$178_Y $flatten\u_fpu.\u_subtractor.$logic_and$../../rtl/fpu_adder.sv:119$176_Y $flatten\u_fpu.\u_subtractor.$logic_and$../../rtl/fpu_adder.sv:119$174_Y $flatten\u_fpu.\u_subtractor.$logic_and$../../rtl/fpu_adder.sv:119$172_Y $flatten\u_fpu.\u_subtractor.$logic_and$../../rtl/fpu_adder.sv:119$170_Y $flatten\u_fpu.\u_subtractor.$ne$../../rtl/fpu_adder.sv:117$163_Y $flatten\u_fpu.\u_subtractor.$ne$../../rtl/fpu_adder.sv:114$155_Y $flatten\u_fpu.\u_subtractor.$9\result_mant[24:0] [23] $flatten\u_fpu.\u_subtractor.$eq$../../rtl/fpu_adder.sv:94$145_Y }.
      Forbidden control signals for this pair of cells: { $flatten\u_fpu.\u_adder.$eq$../../rtl/fpu_adder.sv:150$219_Y $flatten\u_fpu.\u_adder.$le$../../rtl/fpu_adder.sv:138$216_Y $flatten\u_fpu.\u_adder.$logic_and$../../rtl/fpu_adder.sv:131$215_Y $flatten\u_fpu.\u_adder.$logic_and$../../rtl/fpu_adder.sv:131$213_Y $flatten\u_fpu.\u_adder.$logic_and$../../rtl/fpu_adder.sv:131$211_Y $flatten\u_fpu.\u_adder.$logic_and$../../rtl/fpu_adder.sv:131$209_Y $flatten\u_fpu.\u_adder.$logic_and$../../rtl/fpu_adder.sv:131$207_Y $flatten\u_fpu.\u_adder.$logic_and$../../rtl/fpu_adder.sv:131$205_Y $flatten\u_fpu.\u_adder.$logic_and$../../rtl/fpu_adder.sv:131$203_Y $flatten\u_fpu.\u_adder.$logic_and$../../rtl/fpu_adder.sv:125$199_Y $flatten\u_fpu.\u_adder.$logic_and$../../rtl/fpu_adder.sv:125$197_Y $flatten\u_fpu.\u_adder.$logic_and$../../rtl/fpu_adder.sv:125$195_Y $flatten\u_fpu.\u_adder.$logic_and$../../rtl/fpu_adder.sv:125$193_Y $flatten\u_fpu.\u_adder.$logic_and$../../rtl/fpu_adder.sv:125$191_Y $flatten\u_fpu.\u_adder.$logic_and$../../rtl/fpu_adder.sv:125$189_Y $flatten\u_fpu.\u_adder.$logic_and$../../rtl/fpu_adder.sv:125$187_Y $flatten\u_fpu.\u_adder.$ne$../../rtl/fpu_adder.sv:123$181_Y $flatten\u_fpu.\u_adder.$logic_and$../../rtl/fpu_adder.sv:119$180_Y $flatten\u_fpu.\u_adder.$logic_and$../../rtl/fpu_adder.sv:119$178_Y $flatten\u_fpu.\u_adder.$logic_and$../../rtl/fpu_adder.sv:119$176_Y $flatten\u_fpu.\u_adder.$logic_and$../../rtl/fpu_adder.sv:119$174_Y $flatten\u_fpu.\u_adder.$logic_and$../../rtl/fpu_adder.sv:119$172_Y $flatten\u_fpu.\u_adder.$logic_and$../../rtl/fpu_adder.sv:119$170_Y $flatten\u_fpu.\u_adder.$ne$../../rtl/fpu_adder.sv:117$163_Y $flatten\u_fpu.\u_adder.$ne$../../rtl/fpu_adder.sv:114$155_Y $flatten\u_fpu.\u_adder.$9\result_mant[24:0] [23:22] $flatten\u_fpu.\u_adder.$9\result_mant[24:0] [15] $flatten\u_fpu.\u_adder.$9\result_mant[24:0] [7] $flatten\u_fpu.\u_adder.$ge$../../rtl/fpu_adder.sv:104$152_Y $flatten\u_fpu.\u_adder.$add$../../rtl/fpu_adder.sv:95$149_Y [24] $flatten\u_fpu.\u_subtractor.$eq$../../rtl/fpu_adder.sv:150$219_Y $flatten\u_fpu.\u_subtractor.$le$../../rtl/fpu_adder.sv:138$216_Y $flatten\u_fpu.\u_subtractor.$logic_and$../../rtl/fpu_adder.sv:131$215_Y $flatten\u_fpu.\u_subtractor.$logic_and$../../rtl/fpu_adder.sv:131$213_Y $flatten\u_fpu.\u_subtractor.$logic_and$../../rtl/fpu_adder.sv:131$211_Y $flatten\u_fpu.\u_subtractor.$logic_and$../../rtl/fpu_adder.sv:131$209_Y $flatten\u_fpu.\u_subtractor.$logic_and$../../rtl/fpu_adder.sv:131$207_Y $flatten\u_fpu.\u_subtractor.$logic_and$../../rtl/fpu_adder.sv:131$205_Y $flatten\u_fpu.\u_subtractor.$logic_and$../../rtl/fpu_adder.sv:131$203_Y $flatten\u_fpu.\u_subtractor.$logic_and$../../rtl/fpu_adder.sv:125$199_Y $flatten\u_fpu.\u_subtractor.$logic_and$../../rtl/fpu_adder.sv:125$197_Y $flatten\u_fpu.\u_subtractor.$logic_and$../../rtl/fpu_adder.sv:125$195_Y $flatten\u_fpu.\u_subtractor.$logic_and$../../rtl/fpu_adder.sv:125$193_Y $flatten\u_fpu.\u_subtractor.$logic_and$../../rtl/fpu_adder.sv:125$191_Y $flatten\u_fpu.\u_subtractor.$logic_and$../../rtl/fpu_adder.sv:125$189_Y $flatten\u_fpu.\u_subtractor.$logic_and$../../rtl/fpu_adder.sv:125$187_Y $flatten\u_fpu.\u_subtractor.$ne$../../rtl/fpu_adder.sv:123$181_Y $flatten\u_fpu.\u_subtractor.$logic_and$../../rtl/fpu_adder.sv:119$180_Y $flatten\u_fpu.\u_subtractor.$logic_and$../../rtl/fpu_adder.sv:119$178_Y $flatten\u_fpu.\u_subtractor.$logic_and$../../rtl/fpu_adder.sv:119$176_Y $flatten\u_fpu.\u_subtractor.$logic_and$../../rtl/fpu_adder.sv:119$174_Y $flatten\u_fpu.\u_subtractor.$logic_and$../../rtl/fpu_adder.sv:119$172_Y $flatten\u_fpu.\u_subtractor.$logic_and$../../rtl/fpu_adder.sv:119$170_Y $flatten\u_fpu.\u_subtractor.$ne$../../rtl/fpu_adder.sv:117$163_Y $flatten\u_fpu.\u_subtractor.$ne$../../rtl/fpu_adder.sv:114$155_Y $flatten\u_fpu.\u_subtractor.$9\result_mant[24:0] [23:22] $flatten\u_fpu.\u_subtractor.$9\result_mant[24:0] [15] $flatten\u_fpu.\u_subtractor.$9\result_mant[24:0] [7] }
      Activation pattern for cell $auto$share.cc:667:make_supercell$6391: { $flatten\u_fpu.$procmux$5664_CMP \u_fpu.u_fma_madd.u_add.a_is_inf \u_fpu.u_fma_madd.u_add.b_is_inf \u_fpu.u_fma_madd.u_add.a_is_zero \u_fpu.u_fma_madd.u_add.b_is_zero $flatten\u_fpu.\u_fma_madd.\u_add.$logic_or$../../rtl/fpu_adder.sv:49$111_Y $flatten\u_fpu.\u_fma_madd.\u_add.$logic_and$../../rtl/fpu_adder.sv:51$115_Y $flatten\u_fpu.\u_fma_madd.\u_add.$gt$../../rtl/fpu_adder.sv:75$138_Y $flatten\u_fpu.\u_fma_madd.\u_add.$lt$../../rtl/fpu_adder.sv:85$143_Y } = 9'100000001
      Activation pattern for cell $auto$share.cc:667:make_supercell$6391: { $flatten\u_fpu.$procmux$5663_CMP \u_fpu.u_fma_madd.u_add.a_is_inf \u_fpu.u_fma_madd.u_add.b_is_inf \u_fpu.u_fma_madd.u_add.a_is_zero \u_fpu.u_fma_madd.u_add.b_is_zero $flatten\u_fpu.\u_fma_madd.\u_add.$logic_or$../../rtl/fpu_adder.sv:49$111_Y $flatten\u_fpu.\u_fma_madd.\u_add.$logic_and$../../rtl/fpu_adder.sv:51$115_Y $flatten\u_fpu.\u_fma_madd.\u_add.$gt$../../rtl/fpu_adder.sv:75$138_Y $flatten\u_fpu.\u_fma_madd.\u_add.$lt$../../rtl/fpu_adder.sv:85$143_Y } = 9'100000001
      Activation pattern for cell $auto$share.cc:667:make_supercell$6391: { $flatten\u_fpu.$procmux$5661_CMP \u_fpu.u_fma_madd.u_add.a_is_inf \u_fpu.u_fma_madd.u_add.b_is_inf \u_fpu.u_fma_madd.u_add.a_is_zero \u_fpu.u_fma_madd.u_add.b_is_zero $flatten\u_fpu.\u_fma_madd.\u_add.$logic_or$../../rtl/fpu_adder.sv:49$111_Y $flatten\u_fpu.\u_fma_madd.\u_add.$logic_and$../../rtl/fpu_adder.sv:51$115_Y $flatten\u_fpu.\u_fma_madd.\u_add.$gt$../../rtl/fpu_adder.sv:75$138_Y $flatten\u_fpu.\u_fma_madd.\u_add.$lt$../../rtl/fpu_adder.sv:85$143_Y } = 9'100000001
      Activation pattern for cell $auto$share.cc:667:make_supercell$6391: { $flatten\u_fpu.$procmux$5662_CMP \u_fpu.u_fma_madd.u_add.a_is_inf \u_fpu.u_fma_madd.u_add.b_is_inf \u_fpu.u_fma_madd.u_add.a_is_zero \u_fpu.u_fma_madd.u_add.b_is_zero $flatten\u_fpu.\u_fma_madd.\u_add.$logic_or$../../rtl/fpu_adder.sv:49$111_Y $flatten\u_fpu.\u_fma_madd.\u_add.$logic_and$../../rtl/fpu_adder.sv:51$115_Y $flatten\u_fpu.\u_fma_madd.\u_add.$gt$../../rtl/fpu_adder.sv:75$138_Y $flatten\u_fpu.\u_fma_madd.\u_add.$lt$../../rtl/fpu_adder.sv:85$143_Y } = 9'100000001
      Activation pattern for cell $auto$share.cc:667:make_supercell$6391: { $flatten\u_fpu.$procmux$5664_CMP \u_fpu.u_fma_madd.u_add.a_is_inf \u_fpu.u_fma_madd.u_add.b_is_inf \u_fpu.u_fma_madd.u_add.a_is_zero \u_fpu.u_fma_madd.u_add.b_is_zero $flatten\u_fpu.\u_fma_madd.\u_add.$logic_or$../../rtl/fpu_adder.sv:49$111_Y $flatten\u_fpu.\u_fma_madd.\u_add.$logic_and$../../rtl/fpu_adder.sv:51$115_Y $flatten\u_fpu.\u_fma_madd.\u_add.$gt$../../rtl/fpu_adder.sv:75$138_Y $flatten\u_fpu.\u_fma_madd.\u_add.$lt$../../rtl/fpu_adder.sv:85$143_Y $flatten\u_fpu.\u_fma_madd.\u_add.$eq$../../rtl/fpu_adder.sv:94$145_Y } = 10'1000000010
      Activation pattern for cell $auto$share.cc:667:make_supercell$6391: { $flatten\u_fpu.$procmux$5663_CMP \u_fpu.u_fma_madd.u_add.a_is_inf \u_fpu.u_fma_madd.u_add.b_is_inf \u_fpu.u_fma_madd.u_add.a_is_zero \u_fpu.u_fma_madd.u_add.b_is_zero $flatten\u_fpu.\u_fma_madd.\u_add.$logic_or$../../rtl/fpu_adder.sv:49$111_Y $flatten\u_fpu.\u_fma_madd.\u_add.$logic_and$../../rtl/fpu_adder.sv:51$115_Y $flatten\u_fpu.\u_fma_madd.\u_add.$gt$../../rtl/fpu_adder.sv:75$138_Y $flatten\u_fpu.\u_fma_madd.\u_add.$lt$../../rtl/fpu_adder.sv:85$143_Y $flatten\u_fpu.\u_fma_msub.\u_add.$eq$../../rtl/fpu_adder.sv:94$145_Y } = 10'1000000010
      Activation pattern for cell $auto$share.cc:667:make_supercell$6391: { $flatten\u_fpu.$procmux$5661_CMP \u_fpu.u_fma_madd.u_add.a_is_inf \u_fpu.u_fma_madd.u_add.b_is_inf \u_fpu.u_fma_madd.u_add.a_is_zero \u_fpu.u_fma_madd.u_add.b_is_zero $flatten\u_fpu.\u_fma_madd.\u_add.$logic_or$../../rtl/fpu_adder.sv:49$111_Y $flatten\u_fpu.\u_fma_madd.\u_add.$logic_and$../../rtl/fpu_adder.sv:51$115_Y $flatten\u_fpu.\u_fma_madd.\u_add.$gt$../../rtl/fpu_adder.sv:75$138_Y $flatten\u_fpu.\u_fma_madd.\u_add.$lt$../../rtl/fpu_adder.sv:85$143_Y $flatten\u_fpu.\u_fma_nmadd.\u_add.$eq$../../rtl/fpu_adder.sv:94$145_Y } = 10'1000000010
      Activation pattern for cell $auto$share.cc:667:make_supercell$6391: { $flatten\u_fpu.$procmux$5662_CMP \u_fpu.u_fma_madd.u_add.a_is_inf \u_fpu.u_fma_madd.u_add.b_is_inf \u_fpu.u_fma_madd.u_add.a_is_zero \u_fpu.u_fma_madd.u_add.b_is_zero $flatten\u_fpu.\u_fma_madd.\u_add.$logic_or$../../rtl/fpu_adder.sv:49$111_Y $flatten\u_fpu.\u_fma_madd.\u_add.$logic_and$../../rtl/fpu_adder.sv:51$115_Y $flatten\u_fpu.\u_fma_madd.\u_add.$gt$../../rtl/fpu_adder.sv:75$138_Y $flatten\u_fpu.\u_fma_madd.\u_add.$lt$../../rtl/fpu_adder.sv:85$143_Y $flatten\u_fpu.\u_fma_nmsub.\u_add.$eq$../../rtl/fpu_adder.sv:94$145_Y } = 10'1000000010
      Activation pattern for cell $auto$share.cc:667:make_supercell$6391: { $flatten\u_fpu.$procmux$5664_CMP \u_fpu.u_fma_madd.u_add.a_is_inf \u_fpu.u_fma_madd.u_add.b_is_inf \u_fpu.u_fma_madd.u_add.a_is_zero \u_fpu.u_fma_madd.u_add.b_is_zero $flatten\u_fpu.\u_fma_madd.\u_add.$logic_or$../../rtl/fpu_adder.sv:49$111_Y $flatten\u_fpu.\u_fma_madd.\u_add.$logic_and$../../rtl/fpu_adder.sv:51$115_Y $flatten\u_fpu.\u_fma_madd.\u_add.$gt$../../rtl/fpu_adder.sv:75$138_Y $flatten\u_fpu.\u_fma_madd.\u_add.$lt$../../rtl/fpu_adder.sv:77$140_Y } = 9'100000011
      Activation pattern for cell $auto$share.cc:667:make_supercell$6391: { $flatten\u_fpu.$procmux$5663_CMP \u_fpu.u_fma_madd.u_add.a_is_inf \u_fpu.u_fma_madd.u_add.b_is_inf \u_fpu.u_fma_madd.u_add.a_is_zero \u_fpu.u_fma_madd.u_add.b_is_zero $flatten\u_fpu.\u_fma_madd.\u_add.$logic_or$../../rtl/fpu_adder.sv:49$111_Y $flatten\u_fpu.\u_fma_madd.\u_add.$logic_and$../../rtl/fpu_adder.sv:51$115_Y $flatten\u_fpu.\u_fma_madd.\u_add.$gt$../../rtl/fpu_adder.sv:75$138_Y $flatten\u_fpu.\u_fma_madd.\u_add.$lt$../../rtl/fpu_adder.sv:77$140_Y } = 9'100000011
      Activation pattern for cell $auto$share.cc:667:make_supercell$6391: { $flatten\u_fpu.$procmux$5661_CMP \u_fpu.u_fma_madd.u_add.a_is_inf \u_fpu.u_fma_madd.u_add.b_is_inf \u_fpu.u_fma_madd.u_add.a_is_zero \u_fpu.u_fma_madd.u_add.b_is_zero $flatten\u_fpu.\u_fma_madd.\u_add.$logic_or$../../rtl/fpu_adder.sv:49$111_Y $flatten\u_fpu.\u_fma_madd.\u_add.$logic_and$../../rtl/fpu_adder.sv:51$115_Y $flatten\u_fpu.\u_fma_madd.\u_add.$gt$../../rtl/fpu_adder.sv:75$138_Y $flatten\u_fpu.\u_fma_madd.\u_add.$lt$../../rtl/fpu_adder.sv:77$140_Y } = 9'100000011
      Activation pattern for cell $auto$share.cc:667:make_supercell$6391: { $flatten\u_fpu.$procmux$5662_CMP \u_fpu.u_fma_madd.u_add.a_is_inf \u_fpu.u_fma_madd.u_add.b_is_inf \u_fpu.u_fma_madd.u_add.a_is_zero \u_fpu.u_fma_madd.u_add.b_is_zero $flatten\u_fpu.\u_fma_madd.\u_add.$logic_or$../../rtl/fpu_adder.sv:49$111_Y $flatten\u_fpu.\u_fma_madd.\u_add.$logic_and$../../rtl/fpu_adder.sv:51$115_Y $flatten\u_fpu.\u_fma_madd.\u_add.$gt$../../rtl/fpu_adder.sv:75$138_Y $flatten\u_fpu.\u_fma_madd.\u_add.$lt$../../rtl/fpu_adder.sv:77$140_Y } = 9'100000011
      Activation pattern for cell $auto$share.cc:667:make_supercell$6391: { $flatten\u_fpu.$procmux$5664_CMP \u_fpu.u_fma_madd.u_add.a_is_inf \u_fpu.u_fma_madd.u_add.b_is_inf \u_fpu.u_fma_madd.u_add.a_is_zero \u_fpu.u_fma_madd.u_add.b_is_zero $flatten\u_fpu.\u_fma_madd.\u_add.$logic_or$../../rtl/fpu_adder.sv:49$111_Y $flatten\u_fpu.\u_fma_madd.\u_add.$logic_and$../../rtl/fpu_adder.sv:51$115_Y $flatten\u_fpu.\u_fma_madd.\u_add.$gt$../../rtl/fpu_adder.sv:75$138_Y $flatten\u_fpu.\u_fma_madd.\u_add.$lt$../../rtl/fpu_adder.sv:77$140_Y $flatten\u_fpu.\u_fma_madd.\u_add.$eq$../../rtl/fpu_adder.sv:94$145_Y } = 10'1000000110
      Activation pattern for cell $auto$share.cc:667:make_supercell$6391: { $flatten\u_fpu.$procmux$5663_CMP \u_fpu.u_fma_madd.u_add.a_is_inf \u_fpu.u_fma_madd.u_add.b_is_inf \u_fpu.u_fma_madd.u_add.a_is_zero \u_fpu.u_fma_madd.u_add.b_is_zero $flatten\u_fpu.\u_fma_madd.\u_add.$logic_or$../../rtl/fpu_adder.sv:49$111_Y $flatten\u_fpu.\u_fma_madd.\u_add.$logic_and$../../rtl/fpu_adder.sv:51$115_Y $flatten\u_fpu.\u_fma_madd.\u_add.$gt$../../rtl/fpu_adder.sv:75$138_Y $flatten\u_fpu.\u_fma_madd.\u_add.$lt$../../rtl/fpu_adder.sv:77$140_Y $flatten\u_fpu.\u_fma_msub.\u_add.$eq$../../rtl/fpu_adder.sv:94$145_Y } = 10'1000000110
      Activation pattern for cell $auto$share.cc:667:make_supercell$6391: { $flatten\u_fpu.$procmux$5661_CMP \u_fpu.u_fma_madd.u_add.a_is_inf \u_fpu.u_fma_madd.u_add.b_is_inf \u_fpu.u_fma_madd.u_add.a_is_zero \u_fpu.u_fma_madd.u_add.b_is_zero $flatten\u_fpu.\u_fma_madd.\u_add.$logic_or$../../rtl/fpu_adder.sv:49$111_Y $flatten\u_fpu.\u_fma_madd.\u_add.$logic_and$../../rtl/fpu_adder.sv:51$115_Y $flatten\u_fpu.\u_fma_madd.\u_add.$gt$../../rtl/fpu_adder.sv:75$138_Y $flatten\u_fpu.\u_fma_madd.\u_add.$lt$../../rtl/fpu_adder.sv:77$140_Y $flatten\u_fpu.\u_fma_nmadd.\u_add.$eq$../../rtl/fpu_adder.sv:94$145_Y } = 10'1000000110
      Activation pattern for cell $auto$share.cc:667:make_supercell$6391: { $flatten\u_fpu.$procmux$5662_CMP \u_fpu.u_fma_madd.u_add.a_is_inf \u_fpu.u_fma_madd.u_add.b_is_inf \u_fpu.u_fma_madd.u_add.a_is_zero \u_fpu.u_fma_madd.u_add.b_is_zero $flatten\u_fpu.\u_fma_madd.\u_add.$logic_or$../../rtl/fpu_adder.sv:49$111_Y $flatten\u_fpu.\u_fma_madd.\u_add.$logic_and$../../rtl/fpu_adder.sv:51$115_Y $flatten\u_fpu.\u_fma_madd.\u_add.$gt$../../rtl/fpu_adder.sv:75$138_Y $flatten\u_fpu.\u_fma_madd.\u_add.$lt$../../rtl/fpu_adder.sv:77$140_Y $flatten\u_fpu.\u_fma_nmsub.\u_add.$eq$../../rtl/fpu_adder.sv:94$145_Y } = 10'1000000110
      Activation pattern for cell $auto$share.cc:667:make_supercell$6391: { \u_fpu.fs1_is_inf \u_fpu.fs1_is_zero $flatten\u_fpu.$logic_or$../../rtl/fpu.sv:392$31_Y $flatten\u_fpu.$procmux$5669_CMP $flatten\u_fpu.\u_adder.$lt$../../rtl/fpu_adder.sv:85$143_Y $flatten\u_fpu.\u_adder.$gt$../../rtl/fpu_adder.sv:75$138_Y $flatten\u_fpu.\u_adder.$logic_and$../../rtl/fpu_adder.sv:51$115_Y \u_fpu.u_adder.b_is_zero \u_fpu.u_adder.b_is_inf } = 9'000110000
      Activation pattern for cell $auto$share.cc:667:make_supercell$6391: { \u_fpu.fs1_is_inf \u_fpu.fs1_is_zero $flatten\u_fpu.$logic_or$../../rtl/fpu.sv:392$31_Y $flatten\u_fpu.$procmux$5668_CMP $flatten\u_fpu.\u_adder.$lt$../../rtl/fpu_adder.sv:85$143_Y $flatten\u_fpu.\u_adder.$gt$../../rtl/fpu_adder.sv:75$138_Y $flatten\u_fpu.\u_adder.$logic_and$../../rtl/fpu_adder.sv:51$115_Y \u_fpu.u_adder.b_is_zero \u_fpu.u_adder.b_is_inf } = 9'000110000
      Activation pattern for cell $auto$share.cc:667:make_supercell$6391: { \u_fpu.fs1_is_inf \u_fpu.fs1_is_zero $flatten\u_fpu.$logic_or$../../rtl/fpu.sv:392$31_Y $flatten\u_fpu.$procmux$5669_CMP $flatten\u_fpu.\u_adder.$eq$../../rtl/fpu_adder.sv:94$145_Y $flatten\u_fpu.\u_adder.$lt$../../rtl/fpu_adder.sv:85$143_Y $flatten\u_fpu.\u_adder.$gt$../../rtl/fpu_adder.sv:75$138_Y $flatten\u_fpu.\u_adder.$logic_and$../../rtl/fpu_adder.sv:51$115_Y \u_fpu.u_adder.b_is_zero \u_fpu.u_adder.b_is_inf } = 10'0001010000
      Activation pattern for cell $auto$share.cc:667:make_supercell$6391: { \u_fpu.fs1_is_inf \u_fpu.fs1_is_zero $flatten\u_fpu.$logic_or$../../rtl/fpu.sv:392$31_Y $flatten\u_fpu.$procmux$5668_CMP $flatten\u_fpu.\u_adder.$lt$../../rtl/fpu_adder.sv:85$143_Y $flatten\u_fpu.\u_adder.$gt$../../rtl/fpu_adder.sv:75$138_Y $flatten\u_fpu.\u_adder.$logic_and$../../rtl/fpu_adder.sv:51$115_Y \u_fpu.u_adder.b_is_zero \u_fpu.u_adder.b_is_inf $flatten\u_fpu.\u_subtractor.$eq$../../rtl/fpu_adder.sv:94$145_Y } = 10'0001100000
      Activation pattern for cell $flatten\u_fpu.\u_adder.$shr$../../rtl/fpu_adder.sv:78$141: { \u_fpu.fs1_is_inf \u_fpu.fs1_is_zero $flatten\u_fpu.$logic_or$../../rtl/fpu.sv:392$31_Y $flatten\u_fpu.$procmux$5669_CMP $flatten\u_fpu.\u_adder.$lt$../../rtl/fpu_adder.sv:77$140_Y $flatten\u_fpu.\u_adder.$gt$../../rtl/fpu_adder.sv:75$138_Y $flatten\u_fpu.\u_adder.$logic_and$../../rtl/fpu_adder.sv:51$115_Y \u_fpu.u_adder.b_is_zero \u_fpu.u_adder.b_is_inf } = 9'000111000
      Activation pattern for cell $flatten\u_fpu.\u_adder.$shr$../../rtl/fpu_adder.sv:78$141: { \u_fpu.fs1_is_inf \u_fpu.fs1_is_zero $flatten\u_fpu.$logic_or$../../rtl/fpu.sv:392$31_Y $flatten\u_fpu.$procmux$5668_CMP $flatten\u_fpu.\u_adder.$lt$../../rtl/fpu_adder.sv:77$140_Y $flatten\u_fpu.\u_adder.$gt$../../rtl/fpu_adder.sv:75$138_Y $flatten\u_fpu.\u_adder.$logic_and$../../rtl/fpu_adder.sv:51$115_Y \u_fpu.u_adder.b_is_zero \u_fpu.u_adder.b_is_inf } = 9'000111000
      Activation pattern for cell $flatten\u_fpu.\u_adder.$shr$../../rtl/fpu_adder.sv:78$141: { \u_fpu.fs1_is_inf \u_fpu.fs1_is_zero $flatten\u_fpu.$logic_or$../../rtl/fpu.sv:392$31_Y $flatten\u_fpu.$procmux$5669_CMP $flatten\u_fpu.\u_adder.$eq$../../rtl/fpu_adder.sv:94$145_Y $flatten\u_fpu.\u_adder.$lt$../../rtl/fpu_adder.sv:77$140_Y $flatten\u_fpu.\u_adder.$gt$../../rtl/fpu_adder.sv:75$138_Y $flatten\u_fpu.\u_adder.$logic_and$../../rtl/fpu_adder.sv:51$115_Y \u_fpu.u_adder.b_is_zero \u_fpu.u_adder.b_is_inf } = 10'0001011000
      Activation pattern for cell $flatten\u_fpu.\u_adder.$shr$../../rtl/fpu_adder.sv:78$141: { \u_fpu.fs1_is_inf \u_fpu.fs1_is_zero $flatten\u_fpu.$logic_or$../../rtl/fpu.sv:392$31_Y $flatten\u_fpu.$procmux$5668_CMP $flatten\u_fpu.\u_adder.$lt$../../rtl/fpu_adder.sv:77$140_Y $flatten\u_fpu.\u_adder.$gt$../../rtl/fpu_adder.sv:75$138_Y $flatten\u_fpu.\u_adder.$logic_and$../../rtl/fpu_adder.sv:51$115_Y \u_fpu.u_adder.b_is_zero \u_fpu.u_adder.b_is_inf $flatten\u_fpu.\u_subtractor.$eq$../../rtl/fpu_adder.sv:94$145_Y } = 10'0001110000
      Size of SAT problem: 0 cells, 3263 variables, 8990 clauses
      According to the SAT solver this pair of cells can be shared.
      Activation signal for $flatten\u_fpu.\u_adder.$shr$../../rtl/fpu_adder.sv:78$141: $auto$share.cc:987:make_cell_activation_logic$6399
      New cell: $auto$share.cc:667:make_supercell$6406 ($shr)
  Analyzing resource sharing options for $auto$share.cc:667:make_supercell$6406 ($shr):
    Found 24 activation_patterns using ctrl signal { \u_fpu.fs1_is_inf \u_fpu.fs1_is_zero $flatten\u_fpu.$logic_or$../../rtl/fpu.sv:392$31_Y $flatten\u_fpu.$procmux$5661_CMP $flatten\u_fpu.$procmux$5662_CMP $flatten\u_fpu.$procmux$5663_CMP $flatten\u_fpu.$procmux$5664_CMP $flatten\u_fpu.$procmux$5668_CMP $flatten\u_fpu.$procmux$5669_CMP $flatten\u_fpu.\u_adder.$eq$../../rtl/fpu_adder.sv:94$145_Y $flatten\u_fpu.\u_adder.$lt$../../rtl/fpu_adder.sv:85$143_Y $flatten\u_fpu.\u_adder.$lt$../../rtl/fpu_adder.sv:77$140_Y $flatten\u_fpu.\u_adder.$gt$../../rtl/fpu_adder.sv:75$138_Y $flatten\u_fpu.\u_adder.$logic_and$../../rtl/fpu_adder.sv:51$115_Y \u_fpu.u_adder.b_is_zero \u_fpu.u_adder.b_is_inf $flatten\u_fpu.\u_subtractor.$eq$../../rtl/fpu_adder.sv:94$145_Y \u_fpu.u_fma_madd.u_add.a_is_inf \u_fpu.u_fma_madd.u_add.b_is_inf \u_fpu.u_fma_madd.u_add.a_is_zero \u_fpu.u_fma_madd.u_add.b_is_zero $flatten\u_fpu.\u_fma_madd.\u_add.$logic_or$../../rtl/fpu_adder.sv:49$111_Y $flatten\u_fpu.\u_fma_madd.\u_add.$logic_and$../../rtl/fpu_adder.sv:51$115_Y $flatten\u_fpu.\u_fma_madd.\u_add.$gt$../../rtl/fpu_adder.sv:75$138_Y $flatten\u_fpu.\u_fma_madd.\u_add.$lt$../../rtl/fpu_adder.sv:77$140_Y $flatten\u_fpu.\u_fma_madd.\u_add.$lt$../../rtl/fpu_adder.sv:85$143_Y $flatten\u_fpu.\u_fma_madd.\u_add.$eq$../../rtl/fpu_adder.sv:94$145_Y $flatten\u_fpu.\u_fma_msub.\u_add.$eq$../../rtl/fpu_adder.sv:94$145_Y $flatten\u_fpu.\u_fma_nmsub.\u_add.$eq$../../rtl/fpu_adder.sv:94$145_Y $flatten\u_fpu.\u_fma_nmadd.\u_add.$eq$../../rtl/fpu_adder.sv:94$145_Y }.
    No candidates found.
  Analyzing resource sharing options for $flatten\u_fpu.\u_float_to_int_signed.$shl$../../rtl/fpu_float_to_int.sv:55$363 ($shl):
    Found 2 activation_patterns using ctrl signal { \u_fpu.fs1_is_zero $flatten\u_fpu.$procmux$5656_CMP $flatten\u_fpu.$procmux$5657_CMP $flatten\u_fpu.\u_float_to_int_signed.$ge$../../rtl/fpu_float_to_int.sv:54$361_Y $flatten\u_fpu.\u_float_to_int_signed.$gt$../../rtl/fpu_float_to_int.sv:50$359_Y $flatten\u_fpu.\u_float_to_int_signed.$lt$../../rtl/fpu_float_to_int.sv:48$358_Y $flatten\u_fpu.\u_float_to_int_signed.$logic_or$../../rtl/fpu_float_to_int.sv:33$353_Y \stim_reg[0] [31] }.
    Found 2 candidates: $flatten\u_fpu.\u_int_to_float_signed.$shl$../../rtl/fpu_int_to_float.sv:55$344 $flatten\u_fpu.\u_int_to_float_unsigned.$shl$../../rtl/fpu_int_to_float.sv:55$344
    Analyzing resource sharing with $flatten\u_fpu.\u_int_to_float_signed.$shl$../../rtl/fpu_int_to_float.sv:55$344 ($shl):
      Found 1 activation_patterns using ctrl signal { $flatten\u_fpu.$procmux$6054_CMP $flatten\u_fpu.\u_int_to_float_signed.$ge$../../rtl/fpu_int_to_float.sv:51$338_Y $flatten\u_fpu.\u_int_to_float_signed.$eq$../../rtl/fpu_int_to_float.sv:27$269_Y }.
      Activation pattern for cell $flatten\u_fpu.\u_float_to_int_signed.$shl$../../rtl/fpu_float_to_int.sv:55$363: { \u_fpu.fs1_is_zero $flatten\u_fpu.$procmux$5656_CMP $flatten\u_fpu.\u_float_to_int_signed.$ge$../../rtl/fpu_float_to_int.sv:54$361_Y $flatten\u_fpu.\u_float_to_int_signed.$gt$../../rtl/fpu_float_to_int.sv:50$359_Y $flatten\u_fpu.\u_float_to_int_signed.$lt$../../rtl/fpu_float_to_int.sv:48$358_Y $flatten\u_fpu.\u_float_to_int_signed.$logic_or$../../rtl/fpu_float_to_int.sv:33$353_Y \stim_reg[0] [31] } = 7'0110000
      Activation pattern for cell $flatten\u_fpu.\u_float_to_int_signed.$shl$../../rtl/fpu_float_to_int.sv:55$363: { \u_fpu.fs1_is_zero $flatten\u_fpu.$procmux$5657_CMP $flatten\u_fpu.\u_float_to_int_signed.$ge$../../rtl/fpu_float_to_int.sv:54$361_Y $flatten\u_fpu.\u_float_to_int_signed.$gt$../../rtl/fpu_float_to_int.sv:50$359_Y $flatten\u_fpu.\u_float_to_int_signed.$lt$../../rtl/fpu_float_to_int.sv:48$358_Y $flatten\u_fpu.\u_float_to_int_signed.$logic_or$../../rtl/fpu_float_to_int.sv:33$353_Y } = 6'011000
      Activation pattern for cell $flatten\u_fpu.\u_int_to_float_signed.$shl$../../rtl/fpu_int_to_float.sv:55$344: { $flatten\u_fpu.$procmux$6054_CMP $flatten\u_fpu.\u_int_to_float_signed.$ge$../../rtl/fpu_int_to_float.sv:51$338_Y $flatten\u_fpu.\u_int_to_float_signed.$eq$../../rtl/fpu_int_to_float.sv:27$269_Y } = 3'100
      Size of SAT problem: 0 cells, 4531 variables, 12302 clauses
      According to the SAT solver this pair of cells can be shared.
      Activation signal for $flatten\u_fpu.\u_int_to_float_signed.$shl$../../rtl/fpu_int_to_float.sv:55$344: $auto$share.cc:977:make_cell_activation_logic$6409
      New cell: $auto$share.cc:667:make_supercell$6416 ($shl)
  Analyzing resource sharing options for $auto$share.cc:667:make_supercell$6416 ($shl):
    Found 3 activation_patterns using ctrl signal { \u_fpu.fs1_is_zero $flatten\u_fpu.$procmux$5656_CMP $flatten\u_fpu.$procmux$5657_CMP $flatten\u_fpu.$procmux$6054_CMP $flatten\u_fpu.\u_int_to_float_signed.$ge$../../rtl/fpu_int_to_float.sv:51$338_Y $flatten\u_fpu.\u_int_to_float_signed.$eq$../../rtl/fpu_int_to_float.sv:27$269_Y $flatten\u_fpu.\u_float_to_int_signed.$ge$../../rtl/fpu_float_to_int.sv:54$361_Y $flatten\u_fpu.\u_float_to_int_signed.$gt$../../rtl/fpu_float_to_int.sv:50$359_Y $flatten\u_fpu.\u_float_to_int_signed.$lt$../../rtl/fpu_float_to_int.sv:48$358_Y $flatten\u_fpu.\u_float_to_int_signed.$logic_or$../../rtl/fpu_float_to_int.sv:33$353_Y \stim_reg[0] [31] }.
    Found 1 candidates: $flatten\u_fpu.\u_int_to_float_unsigned.$shl$../../rtl/fpu_int_to_float.sv:55$344
    Analyzing resource sharing with $flatten\u_fpu.\u_int_to_float_unsigned.$shl$../../rtl/fpu_int_to_float.sv:55$344 ($shl):
      Found 1 activation_patterns using ctrl signal { $flatten\u_fpu.$procmux$6053_CMP $flatten\u_fpu.\u_int_to_float_signed.$eq$../../rtl/fpu_int_to_float.sv:27$269_Y $flatten\u_fpu.\u_int_to_float_unsigned.$ge$../../rtl/fpu_int_to_float.sv:51$338_Y }.
      Activation pattern for cell $auto$share.cc:667:make_supercell$6416: { \u_fpu.fs1_is_zero $flatten\u_fpu.$procmux$5656_CMP $flatten\u_fpu.\u_float_to_int_signed.$ge$../../rtl/fpu_float_to_int.sv:54$361_Y $flatten\u_fpu.\u_float_to_int_signed.$gt$../../rtl/fpu_float_to_int.sv:50$359_Y $flatten\u_fpu.\u_float_to_int_signed.$lt$../../rtl/fpu_float_to_int.sv:48$358_Y $flatten\u_fpu.\u_float_to_int_signed.$logic_or$../../rtl/fpu_float_to_int.sv:33$353_Y \stim_reg[0] [31] } = 7'0110000
      Activation pattern for cell $auto$share.cc:667:make_supercell$6416: { \u_fpu.fs1_is_zero $flatten\u_fpu.$procmux$5657_CMP $flatten\u_fpu.\u_float_to_int_signed.$ge$../../rtl/fpu_float_to_int.sv:54$361_Y $flatten\u_fpu.\u_float_to_int_signed.$gt$../../rtl/fpu_float_to_int.sv:50$359_Y $flatten\u_fpu.\u_float_to_int_signed.$lt$../../rtl/fpu_float_to_int.sv:48$358_Y $flatten\u_fpu.\u_float_to_int_signed.$logic_or$../../rtl/fpu_float_to_int.sv:33$353_Y } = 6'011000
      Activation pattern for cell $auto$share.cc:667:make_supercell$6416: { $flatten\u_fpu.$procmux$6054_CMP $flatten\u_fpu.\u_int_to_float_signed.$ge$../../rtl/fpu_int_to_float.sv:51$338_Y $flatten\u_fpu.\u_int_to_float_signed.$eq$../../rtl/fpu_int_to_float.sv:27$269_Y } = 3'100
      Activation pattern for cell $flatten\u_fpu.\u_int_to_float_unsigned.$shl$../../rtl/fpu_int_to_float.sv:55$344: { $flatten\u_fpu.$procmux$6053_CMP $flatten\u_fpu.\u_int_to_float_signed.$eq$../../rtl/fpu_int_to_float.sv:27$269_Y $flatten\u_fpu.\u_int_to_float_unsigned.$ge$../../rtl/fpu_int_to_float.sv:51$338_Y } = 3'100
      Size of SAT problem: 0 cells, 8142 variables, 22118 clauses
      According to the SAT solver this pair of cells can be shared.
      Activation signal for $flatten\u_fpu.\u_int_to_float_unsigned.$shl$../../rtl/fpu_int_to_float.sv:55$344: $auto$share.cc:977:make_cell_activation_logic$6419
      New cell: $auto$share.cc:667:make_supercell$6426 ($shl)
  Analyzing resource sharing options for $auto$share.cc:667:make_supercell$6426 ($shl):
    Found 4 activation_patterns using ctrl signal { \u_fpu.fs1_is_zero $flatten\u_fpu.$procmux$5656_CMP $flatten\u_fpu.$procmux$5657_CMP $flatten\u_fpu.$procmux$6053_CMP $flatten\u_fpu.$procmux$6054_CMP $flatten\u_fpu.\u_int_to_float_signed.$ge$../../rtl/fpu_int_to_float.sv:51$338_Y $flatten\u_fpu.\u_int_to_float_signed.$eq$../../rtl/fpu_int_to_float.sv:27$269_Y $flatten\u_fpu.\u_int_to_float_unsigned.$ge$../../rtl/fpu_int_to_float.sv:51$338_Y $flatten\u_fpu.\u_float_to_int_signed.$ge$../../rtl/fpu_float_to_int.sv:54$361_Y $flatten\u_fpu.\u_float_to_int_signed.$gt$../../rtl/fpu_float_to_int.sv:50$359_Y $flatten\u_fpu.\u_float_to_int_signed.$lt$../../rtl/fpu_float_to_int.sv:48$358_Y $flatten\u_fpu.\u_float_to_int_signed.$logic_or$../../rtl/fpu_float_to_int.sv:33$353_Y \stim_reg[0] [31] }.
    No candidates found.
  Analyzing resource sharing options for $flatten\u_fpu.\u_div_assemble.$shr$../../rtl/fpu_div_assemble.sv:60$501 ($shr):
    Found 1 activation_patterns using ctrl signal { \u_fpu.is_fp_div $flatten\u_fpu.$logic_and$../../rtl/fpu.sv:329$28_Y $flatten\u_fpu.\u_div_assemble.$eq$../../rtl/fpu_div_assemble.sv:78$506_Y $flatten\u_fpu.\u_div_assemble.$ge$../../rtl/fpu_div_assemble.sv:74$505_Y $flatten\u_fpu.\u_div_assemble.$logic_and$../../rtl/fpu_div_assemble.sv:71$504_Y $flatten\u_fpu.\u_div_assemble.$lt$../../rtl/fpu_div_assemble.sv:59$499_Y $flatten\u_fpu.\u_div_assemble.$gt$../../rtl/fpu_div_assemble.sv:56$496_Y $flatten\u_fpu.\u_div_assemble.$gt$../../rtl/fpu_div_assemble.sv:53$494_Y \u_fpu.u_div_assemble.quotient_raw [24:23] }.
    No candidates found.
  Analyzing resource sharing options for $flatten\u_fpu.\u_float_to_int_signed.$shr$../../rtl/fpu_float_to_int.sv:57$365 ($shr):
    Found 2 activation_patterns using ctrl signal { \u_fpu.fs1_is_zero $flatten\u_fpu.$procmux$5656_CMP $flatten\u_fpu.$procmux$5657_CMP $flatten\u_fpu.\u_float_to_int_signed.$ge$../../rtl/fpu_float_to_int.sv:54$361_Y $flatten\u_fpu.\u_float_to_int_signed.$gt$../../rtl/fpu_float_to_int.sv:50$359_Y $flatten\u_fpu.\u_float_to_int_signed.$lt$../../rtl/fpu_float_to_int.sv:48$358_Y $flatten\u_fpu.\u_float_to_int_signed.$logic_or$../../rtl/fpu_float_to_int.sv:33$353_Y \stim_reg[0] [31] }.
    No candidates found.
  Analyzing resource sharing options for $flatten\u_fpu.\u_div_assemble.$shl$../../rtl/fpu_div_assemble.sv:57$497 ($shl):
    Found 1 activation_patterns using ctrl signal { \u_fpu.is_fp_div $flatten\u_fpu.$logic_and$../../rtl/fpu.sv:329$28_Y $flatten\u_fpu.\u_div_assemble.$eq$../../rtl/fpu_div_assemble.sv:78$506_Y $flatten\u_fpu.\u_div_assemble.$ge$../../rtl/fpu_div_assemble.sv:74$505_Y $flatten\u_fpu.\u_div_assemble.$logic_and$../../rtl/fpu_div_assemble.sv:71$504_Y $flatten\u_fpu.\u_div_assemble.$gt$../../rtl/fpu_div_assemble.sv:56$496_Y $flatten\u_fpu.\u_div_assemble.$gt$../../rtl/fpu_div_assemble.sv:53$494_Y \u_fpu.u_div_assemble.quotient_raw [24:23] }.
    No candidates found.
Removing 20 cells in module synth_harness:
  Removing cell $flatten\u_fpu.\u_int_to_float_unsigned.$shl$../../rtl/fpu_int_to_float.sv:55$344 ($shl).
  Removing cell $auto$share.cc:667:make_supercell$6416 ($shl).
  Removing cell $flatten\u_fpu.\u_int_to_float_signed.$shl$../../rtl/fpu_int_to_float.sv:55$344 ($shl).
  Removing cell $flatten\u_fpu.\u_float_to_int_signed.$shl$../../rtl/fpu_float_to_int.sv:55$363 ($shl).
  Removing cell $flatten\u_fpu.\u_adder.$shr$../../rtl/fpu_adder.sv:78$141 ($shr).
  Removing cell $auto$share.cc:667:make_supercell$6391 ($shr).
  Removing cell $flatten\u_fpu.\u_adder.$shr$../../rtl/fpu_adder.sv:86$144 ($shr).
  Removing cell $auto$share.cc:667:make_supercell$6376 ($shr).
  Removing cell $flatten\u_fpu.\u_fma_madd.\u_add.$shr$../../rtl/fpu_adder.sv:78$141 ($shr).
  Removing cell $flatten\u_fpu.\u_fma_madd.\u_add.$shr$../../rtl/fpu_adder.sv:86$144 ($shr).
  Removing cell $flatten\u_fpu.\u_adder.$shl$../../rtl/fpu_adder.sv:139$217 ($shl).
  Removing cell $auto$share.cc:667:make_supercell$6347 ($shl).
  Removing cell $flatten\u_fpu.\u_fma_madd.\u_add.$shl$../../rtl/fpu_adder.sv:139$217 ($shl).
  Removing cell $auto$share.cc:667:make_supercell$6337 ($shl).
  Removing cell $flatten\u_fpu.\u_fma_msub.\u_add.$shl$../../rtl/fpu_adder.sv:139$217 ($shl).
  Removing cell $auto$share.cc:667:make_supercell$6327 ($shl).
  Removing cell $flatten\u_fpu.\u_fma_nmadd.\u_add.$shl$../../rtl/fpu_adder.sv:139$217 ($shl).
  Removing cell $auto$share.cc:667:make_supercell$6317 ($shl).
  Removing cell $flatten\u_fpu.\u_fma_nmsub.\u_add.$shl$../../rtl/fpu_adder.sv:139$217 ($shl).
  Removing cell $flatten\u_fpu.\u_subtractor.$shl$../../rtl/fpu_adder.sv:139$217 ($shl).

14.17. Executing TECHMAP pass (map to technology primitives).

14.17.1. Executing Verilog-2005 frontend: /usr/bin/../share/yosys/cmp2lut.v
Parsing Verilog input from `/usr/bin/../share/yosys/cmp2lut.v' to AST representation.
Generating RTLIL representation for module `\_90_lut_cmp_'.
Successfully finished Verilog frontend.

14.17.2. Continuing TECHMAP pass.
No more expansions possible.
<suppressed ~374 debug messages>

14.18. Executing OPT_EXPR pass (perform const folding).
Optimizing module synth_harness.
<suppressed ~5 debug messages>

14.19. Executing OPT_CLEAN pass (remove unused cells and wires).
Finding unused cells or wires in module \synth_harness..
Removed 0 unused cells and 24 unused wires.
<suppressed ~21 debug messages>

14.20. Executing ALUMACC pass (create $alu and $macc cells).
Extracting $alu and $macc cells in module synth_harness:
  creating $macc model for $add$synth_harness.sv:41$952 ($add).
  creating $macc model for $flatten\u_fpu.\u_adder.$add$../../rtl/fpu_adder.sv:95$149 ($add).
  creating $macc model for $flatten\u_fpu.\u_adder.$sub$../../rtl/fpu_adder.sv:105$153 ($sub).
  creating $macc model for $flatten\u_fpu.\u_adder.$sub$../../rtl/fpu_adder.sv:108$154 ($sub).
  creating $macc model for $flatten\u_fpu.\u_adder.$sub$../../rtl/fpu_adder.sv:76$139 ($sub).
  creating $macc model for $flatten\u_fpu.\u_adder.$sub$../../rtl/fpu_adder.sv:84$142 ($sub).
  creating $macc model for $flatten\u_fpu.\u_div.$add$../../rtl/div_unit.sv:135$975 ($add).
  creating $macc model for $flatten\u_fpu.\u_div.$add$../../rtl/div_unit.sv:198$989 ($add).
  creating $macc model for $flatten\u_fpu.\u_div.$add$../../rtl/div_unit.sv:205$990 ($add).
  creating $macc model for $flatten\u_fpu.\u_div.$sub$../../rtl/div_unit.sv:134$974 ($sub).
  creating $macc model for $flatten\u_fpu.\u_div_assemble.$add$../../rtl/fpu_div_assemble.sv:34$394 ($add).
  creating $macc model for $flatten\u_fpu.\u_div_assemble.$add$../../rtl/fpu_div_assemble.sv:61$503 ($add).
  creating $macc model for $flatten\u_fpu.\u_div_assemble.$neg$../../rtl/fpu_div_assemble.sv:60$500 ($neg).
  creating $macc model for $flatten\u_fpu.\u_div_assemble.$sub$../../rtl/fpu_div_assemble.sv:34$393 ($sub).
  creating $macc model for $flatten\u_fpu.\u_div_assemble.$sub$../../rtl/fpu_div_assemble.sv:44$397 ($sub).
  creating $macc model for $flatten\u_fpu.\u_div_assemble.$sub$../../rtl/fpu_div_assemble.sv:54$495 ($sub).
  creating $macc model for $flatten\u_fpu.\u_div_assemble.$sub$../../rtl/fpu_div_assemble.sv:58$498 ($sub).
  creating $macc model for $flatten\u_fpu.\u_float_to_int_signed.$neg$../../rtl/fpu_float_to_int.sv:65$367 ($neg).
  creating $macc model for $flatten\u_fpu.\u_float_to_int_signed.$sub$../../rtl/fpu_float_to_int.sv:46$357 ($sub).
  creating $macc model for $flatten\u_fpu.\u_float_to_int_signed.$sub$../../rtl/fpu_float_to_int.sv:55$362 ($sub).
  creating $macc model for $flatten\u_fpu.\u_float_to_int_signed.$sub$../../rtl/fpu_float_to_int.sv:57$364 ($sub).
  creating $macc model for $flatten\u_fpu.\u_fma_madd.\u_add.$sub$../../rtl/fpu_adder.sv:105$153 ($sub).
  creating $macc model for $flatten\u_fpu.\u_fma_madd.\u_add.$sub$../../rtl/fpu_adder.sv:108$154 ($sub).
  creating $macc model for $flatten\u_fpu.\u_fma_madd.\u_add.$sub$../../rtl/fpu_adder.sv:76$139 ($sub).
  creating $macc model for $flatten\u_fpu.\u_fma_madd.\u_add.$sub$../../rtl/fpu_adder.sv:84$142 ($sub).
  creating $macc model for $flatten\u_fpu.\u_fma_madd.\u_mul.$add$../../rtl/fpu_multiplier.sv:59$241 ($add).
  creating $macc model for $flatten\u_fpu.\u_fma_madd.\u_mul.$add$../../rtl/fpu_multiplier.sv:64$244 ($add).
  creating $macc model for $flatten\u_fpu.\u_fma_madd.\u_mul.$mul$../../rtl/fpu_multiplier.sv:60$243 ($mul).
  creating $macc model for $flatten\u_fpu.\u_fma_madd.\u_mul.$sub$../../rtl/fpu_multiplier.sv:59$242 ($sub).
  creating $macc model for $flatten\u_fpu.\u_fma_msub.\u_add.$add$../../rtl/fpu_adder.sv:95$149 ($add).
  creating $macc model for $flatten\u_fpu.\u_int_to_float_signed.$add$../../rtl/fpu_int_to_float.sv:0$340 ($add).
  creating $macc model for $flatten\u_fpu.\u_int_to_float_signed.$neg$../../rtl/fpu_int_to_float.sv:33$272 ($neg).
  creating $macc model for $flatten\u_fpu.\u_int_to_float_signed.$sub$../../rtl/fpu_int_to_float.sv:0$341 ($sub).
  creating $macc model for $flatten\u_fpu.\u_int_to_float_signed.$sub$../../rtl/fpu_int_to_float.sv:52$339 ($sub).
  creating $macc model for $flatten\u_fpu.\u_int_to_float_signed.$sub$../../rtl/fpu_int_to_float.sv:55$343 ($sub).
  creating $macc model for $flatten\u_fpu.\u_int_to_float_unsigned.$add$../../rtl/fpu_int_to_float.sv:0$340 ($add).
  creating $macc model for $flatten\u_fpu.\u_int_to_float_unsigned.$sub$../../rtl/fpu_int_to_float.sv:0$341 ($sub).
  creating $macc model for $flatten\u_fpu.\u_int_to_float_unsigned.$sub$../../rtl/fpu_int_to_float.sv:52$339 ($sub).
  creating $macc model for $flatten\u_fpu.\u_int_to_float_unsigned.$sub$../../rtl/fpu_int_to_float.sv:55$343 ($sub).
  merging $macc model for $flatten\u_fpu.\u_int_to_float_unsigned.$add$../../rtl/fpu_int_to_float.sv:0$340 into $flatten\u_fpu.\u_int_to_float_unsigned.$sub$../../rtl/fpu_int_to_float.sv:0$341.
  merging $macc model for $flatten\u_fpu.\u_int_to_float_signed.$add$../../rtl/fpu_int_to_float.sv:0$340 into $flatten\u_fpu.\u_int_to_float_signed.$sub$../../rtl/fpu_int_to_float.sv:0$341.
  merging $macc model for $flatten\u_fpu.\u_fma_madd.\u_mul.$add$../../rtl/fpu_multiplier.sv:59$241 into $flatten\u_fpu.\u_fma_madd.\u_mul.$sub$../../rtl/fpu_multiplier.sv:59$242.
  merging $macc model for $flatten\u_fpu.\u_div_assemble.$sub$../../rtl/fpu_div_assemble.sv:34$393 into $flatten\u_fpu.\u_div_assemble.$add$../../rtl/fpu_div_assemble.sv:34$394.
  creating $alu model for $macc $flatten\u_fpu.\u_int_to_float_signed.$sub$../../rtl/fpu_int_to_float.sv:55$343.
  creating $alu model for $macc $flatten\u_fpu.\u_int_to_float_signed.$sub$../../rtl/fpu_int_to_float.sv:52$339.
  creating $alu model for $macc $flatten\u_fpu.\u_int_to_float_signed.$neg$../../rtl/fpu_int_to_float.sv:33$272.
  creating $alu model for $macc $flatten\u_fpu.\u_fma_msub.\u_add.$add$../../rtl/fpu_adder.sv:95$149.
  creating $alu model for $macc $flatten\u_fpu.\u_fma_madd.\u_mul.$add$../../rtl/fpu_multiplier.sv:64$244.
  creating $alu model for $macc $flatten\u_fpu.\u_int_to_float_unsigned.$sub$../../rtl/fpu_int_to_float.sv:52$339.
  creating $alu model for $macc $flatten\u_fpu.\u_fma_madd.\u_add.$sub$../../rtl/fpu_adder.sv:84$142.
  creating $alu model for $macc $flatten\u_fpu.\u_fma_madd.\u_add.$sub$../../rtl/fpu_adder.sv:76$139.
  creating $alu model for $macc $flatten\u_fpu.\u_fma_madd.\u_add.$sub$../../rtl/fpu_adder.sv:108$154.
  creating $alu model for $macc $flatten\u_fpu.\u_fma_madd.\u_add.$sub$../../rtl/fpu_adder.sv:105$153.
  creating $alu model for $macc $flatten\u_fpu.\u_float_to_int_signed.$sub$../../rtl/fpu_float_to_int.sv:57$364.
  creating $alu model for $macc $flatten\u_fpu.\u_float_to_int_signed.$sub$../../rtl/fpu_float_to_int.sv:55$362.
  creating $alu model for $macc $flatten\u_fpu.\u_float_to_int_signed.$sub$../../rtl/fpu_float_to_int.sv:46$357.
  creating $alu model for $macc $flatten\u_fpu.\u_float_to_int_signed.$neg$../../rtl/fpu_float_to_int.sv:65$367.
  creating $alu model for $macc $flatten\u_fpu.\u_div_assemble.$sub$../../rtl/fpu_div_assemble.sv:58$498.
  creating $alu model for $macc $flatten\u_fpu.\u_div_assemble.$sub$../../rtl/fpu_div_assemble.sv:54$495.
  creating $alu model for $macc $flatten\u_fpu.\u_div_assemble.$sub$../../rtl/fpu_div_assemble.sv:44$397.
  creating $alu model for $macc $flatten\u_fpu.\u_int_to_float_unsigned.$sub$../../rtl/fpu_int_to_float.sv:55$343.
  creating $alu model for $macc $flatten\u_fpu.\u_div_assemble.$neg$../../rtl/fpu_div_assemble.sv:60$500.
  creating $alu model for $macc $flatten\u_fpu.\u_div_assemble.$add$../../rtl/fpu_div_assemble.sv:61$503.
  creating $alu model for $macc $flatten\u_fpu.\u_div.$sub$../../rtl/div_unit.sv:134$974.
  creating $alu model for $macc $flatten\u_fpu.\u_div.$add$../../rtl/div_unit.sv:205$990.
  creating $alu model for $macc $flatten\u_fpu.\u_div.$add$../../rtl/div_unit.sv:198$989.
  creating $alu model for $macc $flatten\u_fpu.\u_div.$add$../../rtl/div_unit.sv:135$975.
  creating $alu model for $macc $flatten\u_fpu.\u_adder.$sub$../../rtl/fpu_adder.sv:84$142.
  creating $alu model for $macc $flatten\u_fpu.\u_adder.$sub$../../rtl/fpu_adder.sv:76$139.
  creating $alu model for $macc $flatten\u_fpu.\u_adder.$sub$../../rtl/fpu_adder.sv:108$154.
  creating $alu model for $macc $flatten\u_fpu.\u_adder.$sub$../../rtl/fpu_adder.sv:105$153.
  creating $alu model for $macc $flatten\u_fpu.\u_adder.$add$../../rtl/fpu_adder.sv:95$149.
  creating $alu model for $macc $add$synth_harness.sv:41$952.
  creating $macc cell for $flatten\u_fpu.\u_int_to_float_unsigned.$sub$../../rtl/fpu_int_to_float.sv:0$341: $auto$alumacc.cc:365:replace_macc$6430
  creating $macc cell for $flatten\u_fpu.\u_fma_madd.\u_mul.$mul$../../rtl/fpu_multiplier.sv:60$243: $auto$alumacc.cc:365:replace_macc$6431
  creating $macc cell for $flatten\u_fpu.\u_int_to_float_signed.$sub$../../rtl/fpu_int_to_float.sv:0$341: $auto$alumacc.cc:365:replace_macc$6432
  creating $macc cell for $flatten\u_fpu.\u_fma_madd.\u_mul.$sub$../../rtl/fpu_multiplier.sv:59$242: $auto$alumacc.cc:365:replace_macc$6433
  creating $macc cell for $flatten\u_fpu.\u_div_assemble.$add$../../rtl/fpu_div_assemble.sv:34$394: $auto$alumacc.cc:365:replace_macc$6434
  creating $alu model for $flatten\u_fpu.\u_adder.$ge$../../rtl/fpu_adder.sv:104$152 ($ge): merged with $flatten\u_fpu.\u_adder.$sub$../../rtl/fpu_adder.sv:108$154.
  creating $alu model for $flatten\u_fpu.\u_adder.$gt$../../rtl/fpu_adder.sv:75$138 ($gt): merged with $flatten\u_fpu.\u_adder.$sub$../../rtl/fpu_adder.sv:76$139.
  creating $alu model for $flatten\u_fpu.\u_adder.$le$../../rtl/fpu_adder.sv:138$216 ($le): new $alu
  creating $alu model for $flatten\u_fpu.\u_adder.$lt$../../rtl/fpu_adder.sv:77$140 ($lt): new $alu
  creating $alu model for $flatten\u_fpu.\u_adder.$lt$../../rtl/fpu_adder.sv:85$143 ($lt): new $alu
  creating $alu model for $flatten\u_fpu.\u_comparator.$gt$../../rtl/fpu_comparator.sv:42$86 ($gt): new $alu
  creating $alu model for $flatten\u_fpu.\u_comparator.$lt$../../rtl/fpu_comparator.sv:40$85 ($lt): merged with $flatten\u_fpu.\u_comparator.$gt$../../rtl/fpu_comparator.sv:42$86.
  creating $alu model for $flatten\u_fpu.\u_div_assemble.$ge$../../rtl/fpu_div_assemble.sv:74$505 ($ge): new $alu
  creating $alu model for $flatten\u_fpu.\u_div_assemble.$gt$../../rtl/fpu_div_assemble.sv:53$494 ($gt): new $alu
  creating $alu model for $flatten\u_fpu.\u_div_assemble.$gt$../../rtl/fpu_div_assemble.sv:56$496 ($gt): new $alu
  creating $alu model for $flatten\u_fpu.\u_div_assemble.$lt$../../rtl/fpu_div_assemble.sv:59$499 ($lt): merged with $flatten\u_fpu.\u_div_assemble.$gt$../../rtl/fpu_div_assemble.sv:56$496.
  creating $alu model for $flatten\u_fpu.\u_float_to_int_signed.$ge$../../rtl/fpu_float_to_int.sv:54$361 ($ge): merged with $flatten\u_fpu.\u_float_to_int_signed.$sub$../../rtl/fpu_float_to_int.sv:57$364.
  creating $alu model for $flatten\u_fpu.\u_float_to_int_signed.$gt$../../rtl/fpu_float_to_int.sv:50$359 ($gt): new $alu
  creating $alu model for $flatten\u_fpu.\u_float_to_int_signed.$lt$../../rtl/fpu_float_to_int.sv:48$358 ($lt): new $alu
  creating $alu model for $flatten\u_fpu.\u_fma_madd.\u_add.$le$../../rtl/fpu_adder.sv:138$216 ($le): new $alu
  creating $alu model for $flatten\u_fpu.\u_fma_madd.\u_mul.$gt$../../rtl/fpu_multiplier.sv:69$245 ($gt): new $alu
  creating $alu model for $flatten\u_fpu.\u_fma_msub.\u_add.$ge$../../rtl/fpu_adder.sv:104$152 ($ge): merged with $flatten\u_fpu.\u_fma_madd.\u_add.$sub$../../rtl/fpu_adder.sv:105$153.
  creating $alu model for $flatten\u_fpu.\u_fma_msub.\u_add.$gt$../../rtl/fpu_adder.sv:75$138 ($gt): merged with $flatten\u_fpu.\u_fma_madd.\u_add.$sub$../../rtl/fpu_adder.sv:76$139.
  creating $alu model for $flatten\u_fpu.\u_fma_msub.\u_add.$le$../../rtl/fpu_adder.sv:138$216 ($le): new $alu
  creating $alu model for $flatten\u_fpu.\u_fma_msub.\u_add.$lt$../../rtl/fpu_adder.sv:77$140 ($lt): new $alu
  creating $alu model for $flatten\u_fpu.\u_fma_msub.\u_add.$lt$../../rtl/fpu_adder.sv:85$143 ($lt): new $alu
  creating $alu model for $flatten\u_fpu.\u_fma_nmadd.\u_add.$le$../../rtl/fpu_adder.sv:138$216 ($le): new $alu
  creating $alu model for $flatten\u_fpu.\u_fma_nmsub.\u_add.$le$../../rtl/fpu_adder.sv:138$216 ($le): new $alu
  creating $alu model for $flatten\u_fpu.\u_int_to_float_signed.$ge$../../rtl/fpu_int_to_float.sv:51$338 ($ge): merged with $flatten\u_fpu.\u_int_to_float_signed.$sub$../../rtl/fpu_int_to_float.sv:55$343.
  creating $alu model for $flatten\u_fpu.\u_int_to_float_unsigned.$ge$../../rtl/fpu_int_to_float.sv:51$338 ($ge): merged with $flatten\u_fpu.\u_int_to_float_unsigned.$sub$../../rtl/fpu_int_to_float.sv:55$343.
  creating $alu model for $flatten\u_fpu.\u_subtractor.$le$../../rtl/fpu_adder.sv:138$216 ($le): new $alu
  creating $alu cell for $flatten\u_fpu.\u_subtractor.$le$../../rtl/fpu_adder.sv:138$216: $auto$alumacc.cc:485:replace_alu$6452
  creating $alu cell for $flatten\u_fpu.\u_fma_nmsub.\u_add.$le$../../rtl/fpu_adder.sv:138$216: $auto$alumacc.cc:485:replace_alu$6461
  creating $alu cell for $flatten\u_fpu.\u_fma_nmadd.\u_add.$le$../../rtl/fpu_adder.sv:138$216: $auto$alumacc.cc:485:replace_alu$6474
  creating $alu cell for $flatten\u_fpu.\u_fma_msub.\u_add.$lt$../../rtl/fpu_adder.sv:85$143: $auto$alumacc.cc:485:replace_alu$6487
  creating $alu cell for $flatten\u_fpu.\u_fma_msub.\u_add.$lt$../../rtl/fpu_adder.sv:77$140: $auto$alumacc.cc:485:replace_alu$6498
  creating $alu cell for $flatten\u_fpu.\u_fma_msub.\u_add.$le$../../rtl/fpu_adder.sv:138$216: $auto$alumacc.cc:485:replace_alu$6509
  creating $alu cell for $flatten\u_fpu.\u_fma_madd.\u_mul.$gt$../../rtl/fpu_multiplier.sv:69$245: $auto$alumacc.cc:485:replace_alu$6522
  creating $alu cell for $flatten\u_fpu.\u_fma_madd.\u_add.$le$../../rtl/fpu_adder.sv:138$216: $auto$alumacc.cc:485:replace_alu$6527
  creating $alu cell for $flatten\u_fpu.\u_float_to_int_signed.$lt$../../rtl/fpu_float_to_int.sv:48$358: $auto$alumacc.cc:485:replace_alu$6540
  creating $alu cell for $flatten\u_fpu.\u_float_to_int_signed.$gt$../../rtl/fpu_float_to_int.sv:50$359: $auto$alumacc.cc:485:replace_alu$6553
  creating $alu cell for $flatten\u_fpu.\u_div_assemble.$gt$../../rtl/fpu_div_assemble.sv:56$496, $flatten\u_fpu.\u_div_assemble.$lt$../../rtl/fpu_div_assemble.sv:59$499: $auto$alumacc.cc:485:replace_alu$6560
  creating $alu cell for $flatten\u_fpu.\u_div_assemble.$gt$../../rtl/fpu_div_assemble.sv:53$494: $auto$alumacc.cc:485:replace_alu$6573
  creating $alu cell for $flatten\u_fpu.\u_div_assemble.$ge$../../rtl/fpu_div_assemble.sv:74$505: $auto$alumacc.cc:485:replace_alu$6578
  creating $alu cell for $flatten\u_fpu.\u_comparator.$gt$../../rtl/fpu_comparator.sv:42$86, $flatten\u_fpu.\u_comparator.$lt$../../rtl/fpu_comparator.sv:40$85: $auto$alumacc.cc:485:replace_alu$6587
  creating $alu cell for $flatten\u_fpu.\u_adder.$lt$../../rtl/fpu_adder.sv:85$143: $auto$alumacc.cc:485:replace_alu$6598
  creating $alu cell for $flatten\u_fpu.\u_adder.$lt$../../rtl/fpu_adder.sv:77$140: $auto$alumacc.cc:485:replace_alu$6609
  creating $alu cell for $flatten\u_fpu.\u_adder.$le$../../rtl/fpu_adder.sv:138$216: $auto$alumacc.cc:485:replace_alu$6620
  creating $alu cell for $add$synth_harness.sv:41$952: $auto$alumacc.cc:485:replace_alu$6629
  creating $alu cell for $flatten\u_fpu.\u_adder.$sub$../../rtl/fpu_adder.sv:105$153: $auto$alumacc.cc:485:replace_alu$6632
  creating $alu cell for $flatten\u_fpu.\u_adder.$add$../../rtl/fpu_adder.sv:95$149: $auto$alumacc.cc:485:replace_alu$6635
  creating $alu cell for $flatten\u_fpu.\u_adder.$sub$../../rtl/fpu_adder.sv:108$154, $flatten\u_fpu.\u_adder.$ge$../../rtl/fpu_adder.sv:104$152: $auto$alumacc.cc:485:replace_alu$6638
  creating $alu cell for $flatten\u_fpu.\u_adder.$sub$../../rtl/fpu_adder.sv:76$139, $flatten\u_fpu.\u_adder.$gt$../../rtl/fpu_adder.sv:75$138: $auto$alumacc.cc:485:replace_alu$6647
  creating $alu cell for $flatten\u_fpu.\u_adder.$sub$../../rtl/fpu_adder.sv:84$142: $auto$alumacc.cc:485:replace_alu$6658
  creating $alu cell for $flatten\u_fpu.\u_div.$add$../../rtl/div_unit.sv:135$975: $auto$alumacc.cc:485:replace_alu$6661
  creating $alu cell for $flatten\u_fpu.\u_div.$add$../../rtl/div_unit.sv:198$989: $auto$alumacc.cc:485:replace_alu$6664
  creating $alu cell for $flatten\u_fpu.\u_div.$add$../../rtl/div_unit.sv:205$990: $auto$alumacc.cc:485:replace_alu$6667
  creating $alu cell for $flatten\u_fpu.\u_div.$sub$../../rtl/div_unit.sv:134$974: $auto$alumacc.cc:485:replace_alu$6670
  creating $alu cell for $flatten\u_fpu.\u_div_assemble.$add$../../rtl/fpu_div_assemble.sv:61$503: $auto$alumacc.cc:485:replace_alu$6673
  creating $alu cell for $flatten\u_fpu.\u_div_assemble.$neg$../../rtl/fpu_div_assemble.sv:60$500: $auto$alumacc.cc:485:replace_alu$6676
  creating $alu cell for $flatten\u_fpu.\u_int_to_float_unsigned.$sub$../../rtl/fpu_int_to_float.sv:55$343, $flatten\u_fpu.\u_int_to_float_unsigned.$ge$../../rtl/fpu_int_to_float.sv:51$338: $auto$alumacc.cc:485:replace_alu$6679
  creating $alu cell for $flatten\u_fpu.\u_div_assemble.$sub$../../rtl/fpu_div_assemble.sv:44$397: $auto$alumacc.cc:485:replace_alu$6688
  creating $alu cell for $flatten\u_fpu.\u_div_assemble.$sub$../../rtl/fpu_div_assemble.sv:54$495: $auto$alumacc.cc:485:replace_alu$6691
  creating $alu cell for $flatten\u_fpu.\u_div_assemble.$sub$../../rtl/fpu_div_assemble.sv:58$498: $auto$alumacc.cc:485:replace_alu$6694
  creating $alu cell for $flatten\u_fpu.\u_float_to_int_signed.$neg$../../rtl/fpu_float_to_int.sv:65$367: $auto$alumacc.cc:485:replace_alu$6697
  creating $alu cell for $flatten\u_fpu.\u_float_to_int_signed.$sub$../../rtl/fpu_float_to_int.sv:46$357: $auto$alumacc.cc:485:replace_alu$6700
  creating $alu cell for $flatten\u_fpu.\u_float_to_int_signed.$sub$../../rtl/fpu_float_to_int.sv:55$362: $auto$alumacc.cc:485:replace_alu$6703
  creating $alu cell for $flatten\u_fpu.\u_float_to_int_signed.$sub$../../rtl/fpu_float_to_int.sv:57$364, $flatten\u_fpu.\u_float_to_int_signed.$ge$../../rtl/fpu_float_to_int.sv:54$361: $auto$alumacc.cc:485:replace_alu$6706
  creating $alu cell for $flatten\u_fpu.\u_fma_madd.\u_add.$sub$../../rtl/fpu_adder.sv:108$154: $auto$alumacc.cc:485:replace_alu$6717
  creating $alu cell for $flatten\u_fpu.\u_fma_madd.\u_add.$sub$../../rtl/fpu_adder.sv:76$139, $flatten\u_fpu.\u_fma_msub.\u_add.$gt$../../rtl/fpu_adder.sv:75$138: $auto$alumacc.cc:485:replace_alu$6720
  creating $alu cell for $flatten\u_fpu.\u_fma_madd.\u_add.$sub$../../rtl/fpu_adder.sv:84$142: $auto$alumacc.cc:485:replace_alu$6731
  creating $alu cell for $flatten\u_fpu.\u_int_to_float_unsigned.$sub$../../rtl/fpu_int_to_float.sv:52$339: $auto$alumacc.cc:485:replace_alu$6734
  creating $alu cell for $flatten\u_fpu.\u_fma_madd.\u_mul.$add$../../rtl/fpu_multiplier.sv:64$244: $auto$alumacc.cc:485:replace_alu$6737
  creating $alu cell for $flatten\u_fpu.\u_fma_madd.\u_add.$sub$../../rtl/fpu_adder.sv:105$153, $flatten\u_fpu.\u_fma_msub.\u_add.$ge$../../rtl/fpu_adder.sv:104$152: $auto$alumacc.cc:485:replace_alu$6740
  creating $alu cell for $flatten\u_fpu.\u_fma_msub.\u_add.$add$../../rtl/fpu_adder.sv:95$149: $auto$alumacc.cc:485:replace_alu$6753
  creating $alu cell for $flatten\u_fpu.\u_int_to_float_signed.$neg$../../rtl/fpu_int_to_float.sv:33$272: $auto$alumacc.cc:485:replace_alu$6756
  creating $alu cell for $flatten\u_fpu.\u_int_to_float_signed.$sub$../../rtl/fpu_int_to_float.sv:52$339: $auto$alumacc.cc:485:replace_alu$6759
  creating $alu cell for $flatten\u_fpu.\u_int_to_float_signed.$sub$../../rtl/fpu_int_to_float.sv:55$343, $flatten\u_fpu.\u_int_to_float_signed.$ge$../../rtl/fpu_int_to_float.sv:51$338: $auto$alumacc.cc:485:replace_alu$6762
  created 47 $alu and 5 $macc cells.

14.21. Executing OPT pass (performing simple optimizations).

14.21.1. Executing OPT_EXPR pass (perform const folding).
Optimizing module synth_harness.
<suppressed ~19 debug messages>

14.21.2. Executing OPT_MERGE pass (detect identical cells).
Finding identical cells in module `\synth_harness'.
Removed a total of 0 cells.

14.21.3. Executing OPT_MUXTREE pass (detect dead branches in mux trees).
Running muxtree optimizer on module \synth_harness..
  Creating internal representation of mux trees.
  Evaluating internal representation of mux trees.
  Analyzing evaluation results.
Removed 0 multiplexer ports.
<suppressed ~289 debug messages>

14.21.4. Executing OPT_REDUCE pass (consolidate $*mux and $reduce_* inputs).
  Optimizing cells in module \synth_harness.
    New ctrl vector for $pmux cell $flatten\u_fpu.$procmux$5655: { $flatten\u_fpu.$procmux$5665_CMP $flatten\u_fpu.$procmux$5660_CMP $auto$opt_reduce.cc:134:opt_pmux$6157 $flatten\u_fpu.$procmux$5657_CMP $flatten\u_fpu.$procmux$5656_CMP }
    New ctrl vector for $pmux cell $flatten\u_fpu.$procmux$6052: { $flatten\u_fpu.$procmux$5669_CMP $flatten\u_fpu.$procmux$5668_CMP $flatten\u_fpu.$procmux$5667_CMP \u_fpu.is_fp_div $flatten\u_fpu.$procmux$5665_CMP $flatten\u_fpu.$procmux$5664_CMP $flatten\u_fpu.$procmux$5663_CMP $flatten\u_fpu.$procmux$5662_CMP $flatten\u_fpu.$procmux$5661_CMP $auto$opt_reduce.cc:134:opt_pmux$6772 $flatten\u_fpu.$procmux$6057_CMP $flatten\u_fpu.$procmux$5826_CMP $flatten\u_fpu.$procmux$5764_CMP $flatten\u_fpu.$procmux$6054_CMP $flatten\u_fpu.$procmux$6053_CMP }
  Optimizing cells in module \synth_harness.
Performed a total of 2 changes.

14.21.5. Executing OPT_MERGE pass (detect identical cells).
Finding identical cells in module `\synth_harness'.
<suppressed ~6 debug messages>
Removed a total of 2 cells.

14.21.6. Executing OPT_DFF pass (perform DFF optimizations).

14.21.7. Executing OPT_CLEAN pass (remove unused cells and wires).
Finding unused cells or wires in module \synth_harness..
Removed 8 unused cells and 36 unused wires.
<suppressed ~9 debug messages>

14.21.8. Executing OPT_EXPR pass (perform const folding).
Optimizing module synth_harness.

14.21.9. Rerunning OPT passes. (Maybe there is more to do..)

14.21.10. Executing OPT_MUXTREE pass (detect dead branches in mux trees).
Running muxtree optimizer on module \synth_harness..
  Creating internal representation of mux trees.
  Evaluating internal representation of mux trees.
  Analyzing evaluation results.
Removed 0 multiplexer ports.
<suppressed ~290 debug messages>

14.21.11. Executing OPT_REDUCE pass (consolidate $*mux and $reduce_* inputs).
  Optimizing cells in module \synth_harness.
Performed a total of 0 changes.

14.21.12. Executing OPT_MERGE pass (detect identical cells).
Finding identical cells in module `\synth_harness'.
Removed a total of 0 cells.

14.21.13. Executing OPT_DFF pass (perform DFF optimizations).

14.21.14. Executing OPT_CLEAN pass (remove unused cells and wires).
Finding unused cells or wires in module \synth_harness..

14.21.15. Executing OPT_EXPR pass (perform const folding).
Optimizing module synth_harness.

14.21.16. Finished OPT passes. (There is nothing left to do.)

14.22. Executing MEMORY pass.

14.22.1. Executing OPT_MEM pass (optimize memories).
Performed a total of 0 transformations.

14.22.2. Executing OPT_MEM_PRIORITY pass (removing unnecessary memory write priority relations).
Performed a total of 0 transformations.

14.22.3. Executing OPT_MEM_FEEDBACK pass (finding memory read-to-write feedback paths).

14.22.4. Executing MEMORY_BMUX2ROM pass (converting muxes to ROMs).

14.22.5. Executing MEMORY_DFF pass (merging $dff cells to $memrd).

14.22.6. Executing OPT_CLEAN pass (remove unused cells and wires).
Finding unused cells or wires in module \synth_harness..

14.22.7. Executing MEMORY_SHARE pass (consolidating $memrd/$memwr cells).

14.22.8. Executing OPT_MEM_WIDEN pass (optimize memories where all ports are wide).
Performed a total of 0 transformations.

14.22.9. Executing OPT_CLEAN pass (remove unused cells and wires).
Finding unused cells or wires in module \synth_harness..

14.22.10. Executing MEMORY_COLLECT pass (generating $mem cells).

14.23. Executing OPT_CLEAN pass (remove unused cells and wires).
Finding unused cells or wires in module \synth_harness..

14.24. Executing MEMORY_LIBMAP pass (mapping memories to cells).

14.25. Executing TECHMAP pass (map to technology primitives).

14.25.1. Executing Verilog-2005 frontend: /usr/bin/../share/yosys/ice40/brams_map.v
Parsing Verilog input from `/usr/bin/../share/yosys/ice40/brams_map.v' to AST representation.
Generating RTLIL representation for module `\$__ICE40_RAM4K_'.
Successfully finished Verilog frontend.

14.25.2. Executing Verilog-2005 frontend: /usr/bin/../share/yosys/ice40/spram_map.v
Parsing Verilog input from `/usr/bin/../share/yosys/ice40/spram_map.v' to AST representation.
Generating RTLIL representation for module `\$__ICE40_SPRAM_'.
Successfully finished Verilog frontend.

14.25.3. Continuing TECHMAP pass.
No more expansions possible.
<suppressed ~4 debug messages>

14.26. Executing ICE40_BRAMINIT pass.

14.27. Executing OPT pass (performing simple optimizations).

14.27.1. Executing OPT_EXPR pass (perform const folding).
Optimizing module synth_harness.
<suppressed ~1714 debug messages>

14.27.2. Executing OPT_MERGE pass (detect identical cells).
Finding identical cells in module `\synth_harness'.
<suppressed ~923 debug messages>
Removed a total of 305 cells.

14.27.3. Executing OPT_DFF pass (perform DFF optimizations).
Adding EN signal on $auto$ff.cc:266:slice$6177 ($adffe) from module synth_harness (D = $flatten\u_fpu.\u_div.$0\P[95:0] [47:0], Q = \u_fpu.u_div.P [47:0]).

14.27.4. Executing OPT_CLEAN pass (remove unused cells and wires).
Finding unused cells or wires in module \synth_harness..
Removed 57 unused cells and 2022 unused wires.
<suppressed ~58 debug messages>

14.27.5. Rerunning OPT passes. (Removed registers in this run.)

14.27.6. Executing OPT_EXPR pass (perform const folding).
Optimizing module synth_harness.
<suppressed ~1 debug messages>

14.27.7. Executing OPT_MERGE pass (detect identical cells).
Finding identical cells in module `\synth_harness'.
Removed a total of 0 cells.

14.27.8. Executing OPT_DFF pass (perform DFF optimizations).

14.27.9. Executing OPT_CLEAN pass (remove unused cells and wires).
Finding unused cells or wires in module \synth_harness..
Removed 0 unused cells and 1 unused wires.
<suppressed ~1 debug messages>

14.27.10. Finished fast OPT passes.

14.28. Executing MEMORY_MAP pass (converting memories to logic and flip-flops).

14.29. Executing OPT pass (performing simple optimizations).

14.29.1. Executing OPT_EXPR pass (perform const folding).
Optimizing module synth_harness.

14.29.2. Executing OPT_MERGE pass (detect identical cells).
Finding identical cells in module `\synth_harness'.
Removed a total of 0 cells.

14.29.3. Executing OPT_MUXTREE pass (detect dead branches in mux trees).
Running muxtree optimizer on module \synth_harness..
  Creating internal representation of mux trees.
  Evaluating internal representation of mux trees.
  Analyzing evaluation results.
Removed 0 multiplexer ports.
<suppressed ~195 debug messages>

14.29.4. Executing OPT_REDUCE pass (consolidate $*mux and $reduce_* inputs).
  Optimizing cells in module \synth_harness.
    New input vector for $reduce_and cell $auto$opt_dff.cc:220:make_patterns_logic$6943: { $auto$opt_dff.cc:194:make_patterns_logic$6940 $auto$opt_dff.cc:194:make_patterns_logic$6164 $auto$opt_dff.cc:194:make_patterns_logic$6178 $auto$opt_dff.cc:194:make_patterns_logic$6182 }
    Consolidated identical input bits for $mux cell $auto$share.cc:660:make_supercell$6373:
      Old ports: A={ 1'1 \stim_reg[2] [22:0] }, B={ 1'1 \u_fpu.mul_result [22:0] }, Y=$auto$share.cc:657:make_supercell$6371
      New ports: A=\stim_reg[2] [22:0], B=\u_fpu.mul_result [22:0], Y=$auto$share.cc:657:make_supercell$6371 [22:0]
      New connections: $auto$share.cc:657:make_supercell$6371 [23] = 1'1
    Consolidated identical input bits for $mux cell $auto$share.cc:661:make_supercell$6414:
      Old ports: A={ $flatten\u_fpu.\u_float_to_int_signed.$sub$../../rtl/fpu_float_to_int.sv:55$362_Y [31] $flatten\u_fpu.\u_float_to_int_signed.$sub$../../rtl/fpu_float_to_int.sv:55$362_Y [31] $flatten\u_fpu.\u_float_to_int_signed.$sub$../../rtl/fpu_float_to_int.sv:55$362_Y [31] $flatten\u_fpu.\u_float_to_int_signed.$sub$../../rtl/fpu_float_to_int.sv:55$362_Y [31] $flatten\u_fpu.\u_float_to_int_signed.$sub$../../rtl/fpu_float_to_int.sv:55$362_Y [31] $flatten\u_fpu.\u_float_to_int_signed.$sub$../../rtl/fpu_float_to_int.sv:55$362_Y [31] $flatten\u_fpu.\u_float_to_int_signed.$sub$../../rtl/fpu_float_to_int.sv:55$362_Y [31] $flatten\u_fpu.\u_float_to_int_signed.$sub$../../rtl/fpu_float_to_int.sv:55$362_Y [31] $flatten\u_fpu.\u_float_to_int_signed.$sub$../../rtl/fpu_float_to_int.sv:55$362_Y [31] $flatten\u_fpu.\u_float_to_int_signed.$sub$../../rtl/fpu_float_to_int.sv:55$362_Y [31] $flatten\u_fpu.\u_float_to_int_signed.$sub$../../rtl/fpu_float_to_int.sv:55$362_Y [31] $flatten\u_fpu.\u_float_to_int_signed.$sub$../../rtl/fpu_float_to_int.sv:55$362_Y [31] $flatten\u_fpu.\u_float_to_int_signed.$sub$../../rtl/fpu_float_to_int.sv:55$362_Y [31] $flatten\u_fpu.\u_float_to_int_signed.$sub$../../rtl/fpu_float_to_int.sv:55$362_Y [31] $flatten\u_fpu.\u_float_to_int_signed.$sub$../../rtl/fpu_float_to_int.sv:55$362_Y [31] $flatten\u_fpu.\u_float_to_int_signed.$sub$../../rtl/fpu_float_to_int.sv:55$362_Y [31] $flatten\u_fpu.\u_float_to_int_signed.$sub$../../rtl/fpu_float_to_int.sv:55$362_Y [31] $flatten\u_fpu.\u_float_to_int_signed.$sub$../../rtl/fpu_float_to_int.sv:55$362_Y [31] $flatten\u_fpu.\u_float_to_int_signed.$sub$../../rtl/fpu_float_to_int.sv:55$362_Y [31] $flatten\u_fpu.\u_float_to_int_signed.$sub$../../rtl/fpu_float_to_int.sv:55$362_Y [31] $flatten\u_fpu.\u_float_to_int_signed.$sub$../../rtl/fpu_float_to_int.sv:55$362_Y [31] $flatten\u_fpu.\u_float_to_int_signed.$sub$../../rtl/fpu_float_to_int.sv:55$362_Y [31] $flatten\u_fpu.\u_float_to_int_signed.$sub$../../rtl/fpu_float_to_int.sv:55$362_Y [31] $flatten\u_fpu.\u_float_to_int_signed.$sub$../../rtl/fpu_float_to_int.sv:55$362_Y [8:0] }, B={ $flatten\u_fpu.\u_int_to_float_signed.$sub$../../rtl/fpu_int_to_float.sv:55$343_Y [31] $flatten\u_fpu.\u_int_to_float_signed.$sub$../../rtl/fpu_int_to_float.sv:55$343_Y [31] $flatten\u_fpu.\u_int_to_float_signed.$sub$../../rtl/fpu_int_to_float.sv:55$343_Y [31] $flatten\u_fpu.\u_int_to_float_signed.$sub$../../rtl/fpu_int_to_float.sv:55$343_Y [31] $flatten\u_fpu.\u_int_to_float_signed.$sub$../../rtl/fpu_int_to_float.sv:55$343_Y [31] $flatten\u_fpu.\u_int_to_float_signed.$sub$../../rtl/fpu_int_to_float.sv:55$343_Y [31] $flatten\u_fpu.\u_int_to_float_signed.$sub$../../rtl/fpu_int_to_float.sv:55$343_Y [31] $flatten\u_fpu.\u_int_to_float_signed.$sub$../../rtl/fpu_int_to_float.sv:55$343_Y [31] $flatten\u_fpu.\u_int_to_float_signed.$sub$../../rtl/fpu_int_to_float.sv:55$343_Y [31] $flatten\u_fpu.\u_int_to_float_signed.$sub$../../rtl/fpu_int_to_float.sv:55$343_Y [31] $flatten\u_fpu.\u_int_to_float_signed.$sub$../../rtl/fpu_int_to_float.sv:55$343_Y [31] $flatten\u_fpu.\u_int_to_float_signed.$sub$../../rtl/fpu_int_to_float.sv:55$343_Y [31] $flatten\u_fpu.\u_int_to_float_signed.$sub$../../rtl/fpu_int_to_float.sv:55$343_Y [31] $flatten\u_fpu.\u_int_to_float_signed.$sub$../../rtl/fpu_int_to_float.sv:55$343_Y [31] $flatten\u_fpu.\u_int_to_float_signed.$sub$../../rtl/fpu_int_to_float.sv:55$343_Y [31] $flatten\u_fpu.\u_int_to_float_signed.$sub$../../rtl/fpu_int_to_float.sv:55$343_Y [31] $flatten\u_fpu.\u_int_to_float_signed.$sub$../../rtl/fpu_int_to_float.sv:55$343_Y [31] $flatten\u_fpu.\u_int_to_float_signed.$sub$../../rtl/fpu_int_to_float.sv:55$343_Y [31] $flatten\u_fpu.\u_int_to_float_signed.$sub$../../rtl/fpu_int_to_float.sv:55$343_Y [31] $flatten\u_fpu.\u_int_to_float_signed.$sub$../../rtl/fpu_int_to_float.sv:55$343_Y [31] $flatten\u_fpu.\u_int_to_float_signed.$sub$../../rtl/fpu_int_to_float.sv:55$343_Y [31] $flatten\u_fpu.\u_int_to_float_signed.$sub$../../rtl/fpu_int_to_float.sv:55$343_Y [31] $flatten\u_fpu.\u_int_to_float_signed.$sub$../../rtl/fpu_int_to_float.sv:55$343_Y [31] $flatten\u_fpu.\u_int_to_float_signed.$sub$../../rtl/fpu_int_to_float.sv:55$343_Y [31] $flatten\u_fpu.\u_int_to_float_signed.$sub$../../rtl/fpu_int_to_float.sv:55$343_Y [7:3] $auto$rtlil.cc:2401:Not$6808 $auto$rtlil.cc:2401:Not$6806 $auto$rtlil.cc:2401:Not$6804 }, Y=$auto$share.cc:658:make_supercell$6412
      New ports: A={ $flatten\u_fpu.\u_float_to_int_signed.$sub$../../rtl/fpu_float_to_int.sv:55$362_Y [31] $flatten\u_fpu.\u_float_to_int_signed.$sub$../../rtl/fpu_float_to_int.sv:55$362_Y [8:0] }, B={ $flatten\u_fpu.\u_int_to_float_signed.$sub$../../rtl/fpu_int_to_float.sv:55$343_Y [31] $flatten\u_fpu.\u_int_to_float_signed.$sub$../../rtl/fpu_int_to_float.sv:55$343_Y [31] $flatten\u_fpu.\u_int_to_float_signed.$sub$../../rtl/fpu_int_to_float.sv:55$343_Y [7:3] $auto$rtlil.cc:2401:Not$6808 $auto$rtlil.cc:2401:Not$6806 $auto$rtlil.cc:2401:Not$6804 }, Y=$auto$share.cc:658:make_supercell$6412 [9:0]
      New connections: $auto$share.cc:658:make_supercell$6412 [31:10] = { $auto$share.cc:658:make_supercell$6412 [9] $auto$share.cc:658:make_supercell$6412 [9] $auto$share.cc:658:make_supercell$6412 [9] $auto$share.cc:658:make_supercell$6412 [9] $auto$share.cc:658:make_supercell$6412 [9] $auto$share.cc:658:make_supercell$6412 [9] $auto$share.cc:658:make_supercell$6412 [9] $auto$share.cc:658:make_supercell$6412 [9] $auto$share.cc:658:make_supercell$6412 [9] $auto$share.cc:658:make_supercell$6412 [9] $auto$share.cc:658:make_supercell$6412 [9] $auto$share.cc:658:make_supercell$6412 [9] $auto$share.cc:658:make_supercell$6412 [9] $auto$share.cc:658:make_supercell$6412 [9] $auto$share.cc:658:make_supercell$6412 [9] $auto$share.cc:658:make_supercell$6412 [9] $auto$share.cc:658:make_supercell$6412 [9] $auto$share.cc:658:make_supercell$6412 [9] $auto$share.cc:658:make_supercell$6412 [9] $auto$share.cc:658:make_supercell$6412 [9] $auto$share.cc:658:make_supercell$6412 [9] $auto$share.cc:658:make_supercell$6412 [9] }
    Consolidated identical input bits for $mux cell $flatten\u_fpu.$procmux$5709:
      Old ports: A={ 1'0 $auto$wreduce.cc:461:run$6217 [6:0] }, B={ 3'000 $auto$wreduce.cc:461:run$6221 [4:0] }, Y=$auto$wreduce.cc:461:run$6215 [7:0]
      New ports: A=$auto$wreduce.cc:461:run$6217 [6:0], B={ 2'00 $auto$wreduce.cc:461:run$6221 [4:0] }, Y=$auto$wreduce.cc:461:run$6215 [6:0]
      New connections: $auto$wreduce.cc:461:run$6215 [7] = 1'0
    Consolidated identical input bits for $mux cell $flatten\u_fpu.$procmux$6045:
      Old ports: A={ \u_fpu.div_setup_flags [3] 3'000 }, B={ 1'0 \u_fpu.div_assemble_flags [2] 2'00 }, Y=$auto$wreduce.cc:461:run$6204 [3:0]
      New ports: A={ \u_fpu.div_setup_flags [3] 1'0 }, B={ 1'0 \u_fpu.div_assemble_flags [2] }, Y=$auto$wreduce.cc:461:run$6204 [3:2]
      New connections: $auto$wreduce.cc:461:run$6204 [1:0] = 2'00
    Consolidated identical input bits for $mux cell $flatten\u_fpu.$ternary$../../rtl/fpu.sv:453$52:
      Old ports: A=8'10000000, B=8'00000001, Y=$auto$wreduce.cc:461:run$6220 [7:0]
      New ports: A=2'10, B=2'01, Y={ $auto$wreduce.cc:461:run$6220 [7] $auto$wreduce.cc:461:run$6220 [0] }
      New connections: $auto$wreduce.cc:461:run$6220 [6:1] = 6'000000
    Consolidated identical input bits for $mux cell $flatten\u_fpu.$ternary$../../rtl/fpu.sv:455$53:
      Old ports: A=5'10000, B=5'01000, Y=$auto$wreduce.cc:461:run$6221 [4:0]
      New ports: A=2'10, B=2'01, Y=$auto$wreduce.cc:461:run$6221 [4:3]
      New connections: $auto$wreduce.cc:461:run$6221 [2:0] = 3'000
    Consolidated identical input bits for $mux cell $flatten\u_fpu.$ternary$../../rtl/fpu.sv:457$54:
      Old ports: A=6'100000, B=6'000100, Y=$auto$wreduce.cc:461:run$6222 [5:0]
      New ports: A=2'10, B=2'01, Y={ $auto$wreduce.cc:461:run$6222 [5] $auto$wreduce.cc:461:run$6222 [2] }
      New connections: { $auto$wreduce.cc:461:run$6222 [4:3] $auto$wreduce.cc:461:run$6222 [1:0] } = 4'0000
    Consolidated identical input bits for $mux cell $flatten\u_fpu.$ternary$../../rtl/fpu.sv:459$55:
      Old ports: A=7'1000000, B=7'0000010, Y=$auto$wreduce.cc:461:run$6223 [6:0]
      New ports: A=2'10, B=2'01, Y={ $auto$wreduce.cc:461:run$6223 [6] $auto$wreduce.cc:461:run$6223 [1] }
      New connections: { $auto$wreduce.cc:461:run$6223 [5:2] $auto$wreduce.cc:461:run$6223 [0] } = 5'00000
    Consolidated identical input bits for $mux cell $flatten\u_fpu.\u_adder.$procmux$3182:
      Old ports: A={ 3'000 $auto$wreduce.cc:461:run$6231 [4:0] }, B=8'00010001, Y=$flatten\u_fpu.\u_adder.$28\norm_shift[7:0]
      New ports: A=$auto$wreduce.cc:461:run$6231 [4:0], B=5'10001, Y=$flatten\u_fpu.\u_adder.$28\norm_shift[7:0] [4:0]
      New connections: $flatten\u_fpu.\u_adder.$28\norm_shift[7:0] [7:5] = 3'000
    Consolidated identical input bits for $mux cell $flatten\u_fpu.\u_adder.$procmux$3218:
      Old ports: A=5'00000, B=5'10000, Y=$auto$wreduce.cc:461:run$6231 [4:0]
      New ports: A=1'0, B=1'1, Y=$auto$wreduce.cc:461:run$6231 [4]
      New connections: $auto$wreduce.cc:461:run$6231 [3:0] = 4'0000
    Consolidated identical input bits for $mux cell $flatten\u_fpu.\u_adder.$procmux$3471:
      Old ports: A={ 4'0000 $auto$wreduce.cc:461:run$6232 [3:0] }, B=8'00001001, Y=$flatten\u_fpu.\u_adder.$20\norm_shift[7:0]
      New ports: A=$auto$wreduce.cc:461:run$6232 [3:0], B=4'1001, Y=$flatten\u_fpu.\u_adder.$20\norm_shift[7:0] [3:0]
      New connections: $flatten\u_fpu.\u_adder.$20\norm_shift[7:0] [7:4] = 4'0000
    Consolidated identical input bits for $mux cell $flatten\u_fpu.\u_div.$procmux$1114:
      Old ports: A=96'0xxxxxxxxxxxxxxxxxxxxxxxxxxxxxxxxxxxxxxxxxxxxxxxxxxxxxxxxxxxxxxxxxxxxxxxxxxxxxxxxxxxxxxxxxxxxxxx, B={ $flatten\u_fpu.\u_div.$add$../../rtl/div_unit.sv:205$990_Y [95:48] 48'x }, Y=$flatten\u_fpu.\u_div.$procmux$1114_Y
      New ports: A=48'0xxxxxxxxxxxxxxxxxxxxxxxxxxxxxxxxxxxxxxxxxxxxxxx, B=$flatten\u_fpu.\u_div.$add$../../rtl/div_unit.sv:205$990_Y [95:48], Y=$flatten\u_fpu.\u_div.$procmux$1114_Y [95:48]
      New connections: $flatten\u_fpu.\u_div.$procmux$1114_Y [47:0] = 48'x
    Consolidated identical input bits for $mux cell $flatten\u_fpu.\u_div.$procmux$1119:
      Old ports: A={ \u_fpu.u_div.P_sub [95:48] \u_fpu.u_div.P [46:0] 1'0 }, B={ \u_fpu.u_div.P_add [95:48] \u_fpu.u_div.P [46:0] 1'0 }, Y=$flatten\u_fpu.\u_div.$procmux$1119_Y
      New ports: A=\u_fpu.u_div.P_sub [95:48], B=\u_fpu.u_div.P_add [95:48], Y=$flatten\u_fpu.\u_div.$procmux$1119_Y [95:48]
      New connections: $flatten\u_fpu.\u_div.$procmux$1119_Y [47:0] = { \u_fpu.u_div.P [46:0] 1'0 }
    Consolidated identical input bits for $mux cell $flatten\u_fpu.\u_div.$procmux$1150:
      Old ports: A=3'010, B=3'100, Y=$flatten\u_fpu.\u_div.$3\next_state[2:0]
      New ports: A=2'01, B=2'10, Y=$flatten\u_fpu.\u_div.$3\next_state[2:0] [2:1]
      New connections: $flatten\u_fpu.\u_div.$3\next_state[2:0] [0] = 1'0
    Consolidated identical input bits for $mux cell $flatten\u_fpu.\u_div_assemble.$procmux$1765:
      Old ports: A={ 2'00 $auto$wreduce.cc:461:run$6241 [5:0] }, B=8'00101110, Y=$flatten\u_fpu.\u_div_assemble.$4\msb_pos[7:0]
      New ports: A=$auto$wreduce.cc:461:run$6241 [5:0], B=6'101110, Y=$flatten\u_fpu.\u_div_assemble.$4\msb_pos[7:0] [5:0]
      New connections: $flatten\u_fpu.\u_div_assemble.$4\msb_pos[7:0] [7:6] = 2'00
    Consolidated identical input bits for $mux cell $flatten\u_fpu.\u_div_assemble.$procmux$1774:
      Old ports: A=6'000000, B=6'101111, Y=$auto$wreduce.cc:461:run$6241 [5:0]
      New ports: A=1'0, B=1'1, Y=$auto$wreduce.cc:461:run$6241 [0]
      New connections: $auto$wreduce.cc:461:run$6241 [5:1] = { $auto$wreduce.cc:461:run$6241 [0] 1'0 $auto$wreduce.cc:461:run$6241 [0] $auto$wreduce.cc:461:run$6241 [0] $auto$wreduce.cc:461:run$6241 [0] }
    Consolidated identical input bits for $mux cell $flatten\u_fpu.\u_div_setup.$procmux$1882:
      Old ports: A={ 1'1 \stim_reg[0] [22:0] 24'000000000000000000000000 }, B=48'000000000000000000000000000000000000000000000000, Y=$flatten\u_fpu.\u_div_setup.$5\dividend[47:0]
      New ports: A={ 1'1 \stim_reg[0] [22:0] }, B=24'000000000000000000000000, Y=$flatten\u_fpu.\u_div_setup.$5\dividend[47:0] [47:24]
      New connections: $flatten\u_fpu.\u_div_setup.$5\dividend[47:0] [23:0] = 24'000000000000000000000000
    Consolidated identical input bits for $mux cell $flatten\u_fpu.\u_float_to_int_signed.$procmux$2222:
      Old ports: A=8'11111111, B=8'00000000, Y=$auto$wreduce.cc:461:run$6253 [7:0]
      New ports: A=1'1, B=1'0, Y=$auto$wreduce.cc:461:run$6253 [0]
      New connections: $auto$wreduce.cc:461:run$6253 [7:1] = { $auto$wreduce.cc:461:run$6253 [0] $auto$wreduce.cc:461:run$6253 [0] $auto$wreduce.cc:461:run$6253 [0] $auto$wreduce.cc:461:run$6253 [0] $auto$wreduce.cc:461:run$6253 [0] $auto$wreduce.cc:461:run$6253 [0] $auto$wreduce.cc:461:run$6253 [0] }
    Consolidated identical input bits for $mux cell $flatten\u_fpu.\u_fma_madd.\u_mul.$procmux$2755:
      Old ports: A={ $auto$wreduce.cc:461:run$6273 [31] 31'1111111100000000000000000000000 }, B=2143289344, Y=$flatten\u_fpu.\u_fma_madd.\u_mul.$5\result[31:0]
      New ports: A={ $auto$wreduce.cc:461:run$6273 [31] 1'0 }, B=2'01, Y={ $flatten\u_fpu.\u_fma_madd.\u_mul.$5\result[31:0] [31] $flatten\u_fpu.\u_fma_madd.\u_mul.$5\result[31:0] [22] }
      New connections: { $flatten\u_fpu.\u_fma_madd.\u_mul.$5\result[31:0] [30:23] $flatten\u_fpu.\u_fma_madd.\u_mul.$5\result[31:0] [21:0] } = 30'111111110000000000000000000000
    Consolidated identical input bits for $mux cell $flatten\u_fpu.\u_fma_madd.\u_mul.$procmux$2821:
      Old ports: A={ $auto$wreduce.cc:461:run$6273 [31] 31'1111111100000000000000000000000 }, B=2143289344, Y=$flatten\u_fpu.\u_fma_madd.\u_mul.$3\result[31:0]
      New ports: A={ $auto$wreduce.cc:461:run$6273 [31] 1'0 }, B=2'01, Y={ $flatten\u_fpu.\u_fma_madd.\u_mul.$3\result[31:0] [31] $flatten\u_fpu.\u_fma_madd.\u_mul.$3\result[31:0] [22] }
      New connections: { $flatten\u_fpu.\u_fma_madd.\u_mul.$3\result[31:0] [30:23] $flatten\u_fpu.\u_fma_madd.\u_mul.$3\result[31:0] [21:0] } = 30'111111110000000000000000000000
    Consolidated identical input bits for $mux cell $flatten\u_fpu.\u_fma_nmadd.\u_add.$procmux$3182:
      Old ports: A={ 3'000 $auto$wreduce.cc:461:run$6270 [4:0] }, B=8'00010001, Y=$flatten\u_fpu.\u_fma_madd.\u_add.$28\norm_shift[7:0]
      New ports: A=$auto$wreduce.cc:461:run$6270 [4:0], B=5'10001, Y=$flatten\u_fpu.\u_fma_madd.\u_add.$28\norm_shift[7:0] [4:0]
      New connections: $flatten\u_fpu.\u_fma_madd.\u_add.$28\norm_shift[7:0] [7:5] = 3'000
    Consolidated identical input bits for $mux cell $flatten\u_fpu.\u_fma_nmadd.\u_add.$procmux$3218:
      Old ports: A=5'00000, B=5'10000, Y=$auto$wreduce.cc:461:run$6270 [4:0]
      New ports: A=1'0, B=1'1, Y=$auto$wreduce.cc:461:run$6270 [4]
      New connections: $auto$wreduce.cc:461:run$6270 [3:0] = 4'0000
    Consolidated identical input bits for $mux cell $flatten\u_fpu.\u_fma_nmadd.\u_add.$procmux$3471:
      Old ports: A={ 4'0000 $auto$wreduce.cc:461:run$6271 [3:0] }, B=8'00001001, Y=$flatten\u_fpu.\u_fma_madd.\u_add.$20\norm_shift[7:0]
      New ports: A=$auto$wreduce.cc:461:run$6271 [3:0], B=4'1001, Y=$flatten\u_fpu.\u_fma_madd.\u_add.$20\norm_shift[7:0] [3:0]
      New connections: $flatten\u_fpu.\u_fma_madd.\u_add.$20\norm_shift[7:0] [7:4] = 4'0000
    Consolidated identical input bits for $mux cell $flatten\u_fpu.\u_fma_nmadd.\u_add.$procmux$3507:
      Old ports: A=4'0000, B=4'1000, Y=$auto$wreduce.cc:461:run$6271 [3:0]
      New ports: A=1'0, B=1'1, Y=$auto$wreduce.cc:461:run$6271 [3]
      New connections: $auto$wreduce.cc:461:run$6271 [2:0] = 3'000
    Consolidated identical input bits for $mux cell $flatten\u_fpu.\u_fma_nmadd.\u_add.$procmux$3807:
      Old ports: A={ 7'0000000 $auto$wreduce.cc:461:run$6272 [0] }, B=8'00000010, Y=$flatten\u_fpu.\u_fma_madd.\u_add.$12\norm_shift[7:0]
      New ports: A={ 1'0 $auto$wreduce.cc:461:run$6272 [0] }, B=2'10, Y=$flatten\u_fpu.\u_fma_madd.\u_add.$12\norm_shift[7:0] [1:0]
      New connections: $flatten\u_fpu.\u_fma_madd.\u_add.$12\norm_shift[7:0] [7:2] = 6'000000
    Consolidated identical input bits for $mux cell $flatten\u_fpu.\u_int_to_float_signed.$procmux$2437:
      Old ports: A={ 3'000 $flatten\u_fpu.\u_int_to_float_signed.$2\msb_pos[7:0] [4:0] }, B=8'00011110, Y=$flatten\u_fpu.\u_int_to_float_signed.$3\msb_pos[7:0]
      New ports: A=$flatten\u_fpu.\u_int_to_float_signed.$2\msb_pos[7:0] [4:0], B=5'11110, Y=$flatten\u_fpu.\u_int_to_float_signed.$3\msb_pos[7:0] [4:0]
      New connections: $flatten\u_fpu.\u_int_to_float_signed.$3\msb_pos[7:0] [7:5] = 3'000
    Consolidated identical input bits for $mux cell $flatten\u_fpu.\u_int_to_float_signed.$procmux$2443:
      Old ports: A=5'00000, B=5'11111, Y=$flatten\u_fpu.\u_int_to_float_signed.$2\msb_pos[7:0] [4:0]
      New ports: A=1'0, B=1'1, Y=$flatten\u_fpu.\u_int_to_float_signed.$2\msb_pos[7:0] [0]
      New connections: $flatten\u_fpu.\u_int_to_float_signed.$2\msb_pos[7:0] [4:1] = { $flatten\u_fpu.\u_int_to_float_signed.$2\msb_pos[7:0] [0] $flatten\u_fpu.\u_int_to_float_signed.$2\msb_pos[7:0] [0] $flatten\u_fpu.\u_int_to_float_signed.$2\msb_pos[7:0] [0] $flatten\u_fpu.\u_int_to_float_signed.$2\msb_pos[7:0] [0] }
    Consolidated identical input bits for $mux cell $flatten\u_fpu.\u_int_to_float_unsigned.$procmux$2437:
      Old ports: A={ 3'000 $flatten\u_fpu.\u_int_to_float_unsigned.$2\msb_pos[7:0] [4:0] }, B=8'00011110, Y=$flatten\u_fpu.\u_int_to_float_unsigned.$3\msb_pos[7:0]
      New ports: A=$flatten\u_fpu.\u_int_to_float_unsigned.$2\msb_pos[7:0] [4:0], B=5'11110, Y=$flatten\u_fpu.\u_int_to_float_unsigned.$3\msb_pos[7:0] [4:0]
      New connections: $flatten\u_fpu.\u_int_to_float_unsigned.$3\msb_pos[7:0] [7:5] = 3'000
    Consolidated identical input bits for $mux cell $flatten\u_fpu.\u_int_to_float_unsigned.$procmux$2443:
      Old ports: A=5'00000, B=5'11111, Y=$flatten\u_fpu.\u_int_to_float_unsigned.$2\msb_pos[7:0] [4:0]
      New ports: A=1'0, B=1'1, Y=$flatten\u_fpu.\u_int_to_float_unsigned.$2\msb_pos[7:0] [0]
      New connections: $flatten\u_fpu.\u_int_to_float_unsigned.$2\msb_pos[7:0] [4:1] = { $flatten\u_fpu.\u_int_to_float_unsigned.$2\msb_pos[7:0] [0] $flatten\u_fpu.\u_int_to_float_unsigned.$2\msb_pos[7:0] [0] $flatten\u_fpu.\u_int_to_float_unsigned.$2\msb_pos[7:0] [0] $flatten\u_fpu.\u_int_to_float_unsigned.$2\msb_pos[7:0] [0] }
    Consolidated identical input bits for $mux cell $flatten\u_fpu.\u_subtractor.$procmux$3507:
      Old ports: A=4'0000, B=4'1000, Y=$auto$wreduce.cc:461:run$6232 [3:0]
      New ports: A=1'0, B=1'1, Y=$auto$wreduce.cc:461:run$6232 [3]
      New connections: $auto$wreduce.cc:461:run$6232 [2:0] = 3'000
    Consolidated identical input bits for $mux cell $flatten\u_fpu.\u_subtractor.$procmux$3807:
      Old ports: A={ 7'0000000 $auto$wreduce.cc:461:run$6233 [0] }, B=8'00000010, Y=$flatten\u_fpu.\u_adder.$12\norm_shift[7:0]
      New ports: A={ 1'0 $auto$wreduce.cc:461:run$6233 [0] }, B=2'10, Y=$flatten\u_fpu.\u_adder.$12\norm_shift[7:0] [1:0]
      New connections: $flatten\u_fpu.\u_adder.$12\norm_shift[7:0] [7:2] = 6'000000
  Optimizing cells in module \synth_harness.
    Consolidated identical input bits for $mux cell $auto$share.cc:660:make_supercell$6388:
      Old ports: A=$auto$share.cc:657:make_supercell$6371, B={ 1'1 \stim_reg[0] [22:0] }, Y=$auto$share.cc:657:make_supercell$6386
      New ports: A=$auto$share.cc:657:make_supercell$6371 [22:0], B=\stim_reg[0] [22:0], Y=$auto$share.cc:657:make_supercell$6386 [22:0]
      New connections: $auto$share.cc:657:make_supercell$6386 [23] = 1'1
    Consolidated identical input bits for $mux cell $auto$share.cc:661:make_supercell$6424:
      Old ports: A=$auto$share.cc:658:make_supercell$6412, B={ $flatten\u_fpu.\u_int_to_float_unsigned.$sub$../../rtl/fpu_int_to_float.sv:55$343_Y [31] $flatten\u_fpu.\u_int_to_float_unsigned.$sub$../../rtl/fpu_int_to_float.sv:55$343_Y [31] $flatten\u_fpu.\u_int_to_float_unsigned.$sub$../../rtl/fpu_int_to_float.sv:55$343_Y [31] $flatten\u_fpu.\u_int_to_float_unsigned.$sub$../../rtl/fpu_int_to_float.sv:55$343_Y [31] $flatten\u_fpu.\u_int_to_float_unsigned.$sub$../../rtl/fpu_int_to_float.sv:55$343_Y [31] $flatten\u_fpu.\u_int_to_float_unsigned.$sub$../../rtl/fpu_int_to_float.sv:55$343_Y [31] $flatten\u_fpu.\u_int_to_float_unsigned.$sub$../../rtl/fpu_int_to_float.sv:55$343_Y [31] $flatten\u_fpu.\u_int_to_float_unsigned.$sub$../../rtl/fpu_int_to_float.sv:55$343_Y [31] $flatten\u_fpu.\u_int_to_float_unsigned.$sub$../../rtl/fpu_int_to_float.sv:55$343_Y [31] $flatten\u_fpu.\u_int_to_float_unsigned.$sub$../../rtl/fpu_int_to_float.sv:55$343_Y [31] $flatten\u_fpu.\u_int_to_float_unsigned.$sub$../../rtl/fpu_int_to_float.sv:55$343_Y [31] $flatten\u_fpu.\u_int_to_float_unsigned.$sub$../../rtl/fpu_int_to_float.sv:55$343_Y [31] $flatten\u_fpu.\u_int_to_float_unsigned.$sub$../../rtl/fpu_int_to_float.sv:55$343_Y [31] $flatten\u_fpu.\u_int_to_float_unsigned.$sub$../../rtl/fpu_int_to_float.sv:55$343_Y [31] $flatten\u_fpu.\u_int_to_float_unsigned.$sub$../../rtl/fpu_int_to_float.sv:55$343_Y [31] $flatten\u_fpu.\u_int_to_float_unsigned.$sub$../../rtl/fpu_int_to_float.sv:55$343_Y [31] $flatten\u_fpu.\u_int_to_float_unsigned.$sub$../../rtl/fpu_int_to_float.sv:55$343_Y [31] $flatten\u_fpu.\u_int_to_float_unsigned.$sub$../../rtl/fpu_int_to_float.sv:55$343_Y [31] $flatten\u_fpu.\u_int_to_float_unsigned.$sub$../../rtl/fpu_int_to_float.sv:55$343_Y [31] $flatten\u_fpu.\u_int_to_float_unsigned.$sub$../../rtl/fpu_int_to_float.sv:55$343_Y [31] $flatten\u_fpu.\u_int_to_float_unsigned.$sub$../../rtl/fpu_int_to_float.sv:55$343_Y [31] $flatten\u_fpu.\u_int_to_float_unsigned.$sub$../../rtl/fpu_int_to_float.sv:55$343_Y [31] $flatten\u_fpu.\u_int_to_float_unsigned.$sub$../../rtl/fpu_int_to_float.sv:55$343_Y [31] $flatten\u_fpu.\u_int_to_float_unsigned.$sub$../../rtl/fpu_int_to_float.sv:55$343_Y [31] $flatten\u_fpu.\u_int_to_float_unsigned.$sub$../../rtl/fpu_int_to_float.sv:55$343_Y [7:3] $auto$rtlil.cc:2401:Not$6814 $auto$rtlil.cc:2401:Not$6812 $auto$rtlil.cc:2401:Not$6810 }, Y=$auto$share.cc:658:make_supercell$6422
      New ports: A=$auto$share.cc:658:make_supercell$6412 [9:0], B={ $flatten\u_fpu.\u_int_to_float_unsigned.$sub$../../rtl/fpu_int_to_float.sv:55$343_Y [31] $flatten\u_fpu.\u_int_to_float_unsigned.$sub$../../rtl/fpu_int_to_float.sv:55$343_Y [31] $flatten\u_fpu.\u_int_to_float_unsigned.$sub$../../rtl/fpu_int_to_float.sv:55$343_Y [7:3] $auto$rtlil.cc:2401:Not$6814 $auto$rtlil.cc:2401:Not$6812 $auto$rtlil.cc:2401:Not$6810 }, Y=$auto$share.cc:658:make_supercell$6422 [9:0]
      New connections: $auto$share.cc:658:make_supercell$6422 [31:10] = { $auto$share.cc:658:make_supercell$6422 [9] $auto$share.cc:658:make_supercell$6422 [9] $auto$share.cc:658:make_supercell$6422 [9] $auto$share.cc:658:make_supercell$6422 [9] $auto$share.cc:658:make_supercell$6422 [9] $auto$share.cc:658:make_supercell$6422 [9] $auto$share.cc:658:make_supercell$6422 [9] $auto$share.cc:658:make_supercell$6422 [9] $auto$share.cc:658:make_supercell$6422 [9] $auto$share.cc:658:make_supercell$6422 [9] $auto$share.cc:658:make_supercell$6422 [9] $auto$share.cc:658:make_supercell$6422 [9] $auto$share.cc:658:make_supercell$6422 [9] $auto$share.cc:658:make_supercell$6422 [9] $auto$share.cc:658:make_supercell$6422 [9] $auto$share.cc:658:make_supercell$6422 [9] $auto$share.cc:658:make_supercell$6422 [9] $auto$share.cc:658:make_supercell$6422 [9] $auto$share.cc:658:make_supercell$6422 [9] $auto$share.cc:658:make_supercell$6422 [9] $auto$share.cc:658:make_supercell$6422 [9] $auto$share.cc:658:make_supercell$6422 [9] }
    Consolidated identical input bits for $mux cell $flatten\u_fpu.$procmux$5693:
      Old ports: A=4'0000, B=$auto$wreduce.cc:461:run$6204 [3:0], Y=\fflags [3:0]
      New ports: A=2'00, B=$auto$wreduce.cc:461:run$6204 [3:2], Y=\fflags [3:2]
      New connections: \fflags [1:0] = 2'00
    Consolidated identical input bits for $mux cell $flatten\u_fpu.$procmux$5796:
      Old ports: A=$auto$wreduce.cc:461:run$6223 [6:0], B={ 1'0 $auto$wreduce.cc:461:run$6222 [5:0] }, Y=$auto$wreduce.cc:461:run$6217 [6:0]
      New ports: A={ $auto$wreduce.cc:461:run$6223 [6] 2'00 $auto$wreduce.cc:461:run$6223 [1] }, B={ 1'0 $auto$wreduce.cc:461:run$6222 [5] $auto$wreduce.cc:461:run$6222 [2] 1'0 }, Y={ $auto$wreduce.cc:461:run$6217 [6:5] $auto$wreduce.cc:461:run$6217 [2:1] }
      New connections: { $auto$wreduce.cc:461:run$6217 [4:3] $auto$wreduce.cc:461:run$6217 [0] } = 3'000
    Consolidated identical input bits for $mux cell $flatten\u_fpu.\u_adder.$procmux$3146:
      Old ports: A=$flatten\u_fpu.\u_adder.$28\norm_shift[7:0], B=8'00010010, Y=$flatten\u_fpu.\u_adder.$29\norm_shift[7:0]
      New ports: A=$flatten\u_fpu.\u_adder.$28\norm_shift[7:0] [4:0], B=5'10010, Y=$flatten\u_fpu.\u_adder.$29\norm_shift[7:0] [4:0]
      New connections: $flatten\u_fpu.\u_adder.$29\norm_shift[7:0] [7:5] = 3'000
    Consolidated identical input bits for $mux cell $flatten\u_fpu.\u_adder.$procmux$3182:
      Old ports: A=$auto$wreduce.cc:461:run$6231 [4:0], B=5'10001, Y=$flatten\u_fpu.\u_adder.$28\norm_shift[7:0] [4:0]
      New ports: A={ $auto$wreduce.cc:461:run$6231 [4] 1'0 }, B=2'11, Y={ $flatten\u_fpu.\u_adder.$28\norm_shift[7:0] [4] $flatten\u_fpu.\u_adder.$28\norm_shift[7:0] [0] }
      New connections: $flatten\u_fpu.\u_adder.$28\norm_shift[7:0] [3:1] = 3'000
    Consolidated identical input bits for $mux cell $flatten\u_fpu.\u_adder.$procmux$3435:
      Old ports: A=$flatten\u_fpu.\u_adder.$20\norm_shift[7:0], B=8'00001010, Y=$flatten\u_fpu.\u_adder.$21\norm_shift[7:0]
      New ports: A=$flatten\u_fpu.\u_adder.$20\norm_shift[7:0] [3:0], B=4'1010, Y=$flatten\u_fpu.\u_adder.$21\norm_shift[7:0] [3:0]
      New connections: $flatten\u_fpu.\u_adder.$21\norm_shift[7:0] [7:4] = 4'0000
    Consolidated identical input bits for $mux cell $flatten\u_fpu.\u_adder.$procmux$3471:
      Old ports: A=$auto$wreduce.cc:461:run$6232 [3:0], B=4'1001, Y=$flatten\u_fpu.\u_adder.$20\norm_shift[7:0] [3:0]
      New ports: A={ $auto$wreduce.cc:461:run$6232 [3] 1'0 }, B=2'11, Y={ $flatten\u_fpu.\u_adder.$20\norm_shift[7:0] [3] $flatten\u_fpu.\u_adder.$20\norm_shift[7:0] [0] }
      New connections: $flatten\u_fpu.\u_adder.$20\norm_shift[7:0] [2:1] = 2'00
    Consolidated identical input bits for $mux cell $flatten\u_fpu.\u_adder.$procmux$3774:
      Old ports: A=$flatten\u_fpu.\u_adder.$12\norm_shift[7:0], B=8'00000011, Y=$flatten\u_fpu.\u_adder.$13\norm_shift[7:0]
      New ports: A=$flatten\u_fpu.\u_adder.$12\norm_shift[7:0] [1:0], B=2'11, Y=$flatten\u_fpu.\u_adder.$13\norm_shift[7:0] [1:0]
      New connections: $flatten\u_fpu.\u_adder.$13\norm_shift[7:0] [7:2] = 6'000000
    Consolidated identical input bits for $mux cell $flatten\u_fpu.\u_div_assemble.$procmux$1756:
      Old ports: A=$flatten\u_fpu.\u_div_assemble.$4\msb_pos[7:0], B=8'00101101, Y=$flatten\u_fpu.\u_div_assemble.$5\msb_pos[7:0]
      New ports: A=$flatten\u_fpu.\u_div_assemble.$4\msb_pos[7:0] [5:0], B=6'101101, Y=$flatten\u_fpu.\u_div_assemble.$5\msb_pos[7:0] [5:0]
      New connections: $flatten\u_fpu.\u_div_assemble.$5\msb_pos[7:0] [7:6] = 2'00
    Consolidated identical input bits for $mux cell $flatten\u_fpu.\u_div_assemble.$procmux$1765:
      Old ports: A=$auto$wreduce.cc:461:run$6241 [5:0], B=6'101110, Y=$flatten\u_fpu.\u_div_assemble.$4\msb_pos[7:0] [5:0]
      New ports: A={ $auto$wreduce.cc:461:run$6241 [0] $auto$wreduce.cc:461:run$6241 [0] }, B=2'10, Y=$flatten\u_fpu.\u_div_assemble.$4\msb_pos[7:0] [1:0]
      New connections: $flatten\u_fpu.\u_div_assemble.$4\msb_pos[7:0] [5:2] = { $flatten\u_fpu.\u_div_assemble.$4\msb_pos[7:0] [1] 1'0 $flatten\u_fpu.\u_div_assemble.$4\msb_pos[7:0] [1] $flatten\u_fpu.\u_div_assemble.$4\msb_pos[7:0] [1] }
    Consolidated identical input bits for $mux cell $flatten\u_fpu.\u_div_setup.$procmux$1933:
      Old ports: A=$flatten\u_fpu.\u_div_setup.$5\dividend[47:0], B=48'000000000000000000000000000000000000000000000000, Y=$flatten\u_fpu.\u_div_setup.$4\dividend[47:0]
      New ports: A=$flatten\u_fpu.\u_div_setup.$5\dividend[47:0] [47:24], B=24'000000000000000000000000, Y=$flatten\u_fpu.\u_div_setup.$4\dividend[47:0] [47:24]
      New connections: $flatten\u_fpu.\u_div_setup.$4\dividend[47:0] [23:0] = 24'000000000000000000000000
    Consolidated identical input bits for $mux cell $flatten\u_fpu.\u_float_to_int_signed.$procmux$2231:
      Old ports: A=$auto$wreduce.cc:461:run$6253 [7:0], B=8'11111111, Y=$auto$wreduce.cc:461:run$6252 [7:0]
      New ports: A=$auto$wreduce.cc:461:run$6253 [0], B=1'1, Y=$auto$wreduce.cc:461:run$6252 [0]
      New connections: $auto$wreduce.cc:461:run$6252 [7:1] = { $auto$wreduce.cc:461:run$6252 [0] $auto$wreduce.cc:461:run$6252 [0] $auto$wreduce.cc:461:run$6252 [0] $auto$wreduce.cc:461:run$6252 [0] $auto$wreduce.cc:461:run$6252 [0] $auto$wreduce.cc:461:run$6252 [0] $auto$wreduce.cc:461:run$6252 [0] }
    Consolidated identical input bits for $mux cell $flatten\u_fpu.\u_fma_nmadd.\u_add.$procmux$3146:
      Old ports: A=$flatten\u_fpu.\u_fma_madd.\u_add.$28\norm_shift[7:0], B=8'00010010, Y=$flatten\u_fpu.\u_fma_madd.\u_add.$29\norm_shift[7:0]
      New ports: A=$flatten\u_fpu.\u_fma_madd.\u_add.$28\norm_shift[7:0] [4:0], B=5'10010, Y=$flatten\u_fpu.\u_fma_madd.\u_add.$29\norm_shift[7:0] [4:0]
      New connections: $flatten\u_fpu.\u_fma_madd.\u_add.$29\norm_shift[7:0] [7:5] = 3'000
    Consolidated identical input bits for $mux cell $flatten\u_fpu.\u_fma_nmadd.\u_add.$procmux$3182:
      Old ports: A=$auto$wreduce.cc:461:run$6270 [4:0], B=5'10001, Y=$flatten\u_fpu.\u_fma_madd.\u_add.$28\norm_shift[7:0] [4:0]
      New ports: A={ $auto$wreduce.cc:461:run$6270 [4] 1'0 }, B=2'11, Y={ $flatten\u_fpu.\u_fma_madd.\u_add.$28\norm_shift[7:0] [4] $flatten\u_fpu.\u_fma_madd.\u_add.$28\norm_shift[7:0] [0] }
      New connections: $flatten\u_fpu.\u_fma_madd.\u_add.$28\norm_shift[7:0] [3:1] = 3'000
    Consolidated identical input bits for $mux cell $flatten\u_fpu.\u_fma_nmadd.\u_add.$procmux$3435:
      Old ports: A=$flatten\u_fpu.\u_fma_madd.\u_add.$20\norm_shift[7:0], B=8'00001010, Y=$flatten\u_fpu.\u_fma_madd.\u_add.$21\norm_shift[7:0]
      New ports: A=$flatten\u_fpu.\u_fma_madd.\u_add.$20\norm_shift[7:0] [3:0], B=4'1010, Y=$flatten\u_fpu.\u_fma_madd.\u_add.$21\norm_shift[7:0] [3:0]
      New connections: $flatten\u_fpu.\u_fma_madd.\u_add.$21\norm_shift[7:0] [7:4] = 4'0000
    Consolidated identical input bits for $mux cell $flatten\u_fpu.\u_fma_nmadd.\u_add.$procmux$3471:
      Old ports: A=$auto$wreduce.cc:461:run$6271 [3:0], B=4'1001, Y=$flatten\u_fpu.\u_fma_madd.\u_add.$20\norm_shift[7:0] [3:0]
      New ports: A={ $auto$wreduce.cc:461:run$6271 [3] 1'0 }, B=2'11, Y={ $flatten\u_fpu.\u_fma_madd.\u_add.$20\norm_shift[7:0] [3] $flatten\u_fpu.\u_fma_madd.\u_add.$20\norm_shift[7:0] [0] }
      New connections: $flatten\u_fpu.\u_fma_madd.\u_add.$20\norm_shift[7:0] [2:1] = 2'00
    Consolidated identical input bits for $mux cell $flatten\u_fpu.\u_fma_nmadd.\u_add.$procmux$3774:
      Old ports: A=$flatten\u_fpu.\u_fma_madd.\u_add.$12\norm_shift[7:0], B=8'00000011, Y=$flatten\u_fpu.\u_fma_madd.\u_add.$13\norm_shift[7:0]
      New ports: A=$flatten\u_fpu.\u_fma_madd.\u_add.$12\norm_shift[7:0] [1:0], B=2'11, Y=$flatten\u_fpu.\u_fma_madd.\u_add.$13\norm_shift[7:0] [1:0]
      New connections: $flatten\u_fpu.\u_fma_madd.\u_add.$13\norm_shift[7:0] [7:2] = 6'000000
    Consolidated identical input bits for $mux cell $flatten\u_fpu.\u_int_to_float_signed.$procmux$2431:
      Old ports: A=$flatten\u_fpu.\u_int_to_float_signed.$3\msb_pos[7:0], B=8'00011101, Y=$flatten\u_fpu.\u_int_to_float_signed.$4\msb_pos[7:0]
      New ports: A=$flatten\u_fpu.\u_int_to_float_signed.$3\msb_pos[7:0] [4:0], B=5'11101, Y=$flatten\u_fpu.\u_int_to_float_signed.$4\msb_pos[7:0] [4:0]
      New connections: $flatten\u_fpu.\u_int_to_float_signed.$4\msb_pos[7:0] [7:5] = 3'000
    Consolidated identical input bits for $mux cell $flatten\u_fpu.\u_int_to_float_signed.$procmux$2437:
      Old ports: A=$flatten\u_fpu.\u_int_to_float_signed.$2\msb_pos[7:0] [4:0], B=5'11110, Y=$flatten\u_fpu.\u_int_to_float_signed.$3\msb_pos[7:0] [4:0]
      New ports: A={ $flatten\u_fpu.\u_int_to_float_signed.$2\msb_pos[7:0] [0] $flatten\u_fpu.\u_int_to_float_signed.$2\msb_pos[7:0] [0] }, B=2'10, Y=$flatten\u_fpu.\u_int_to_float_signed.$3\msb_pos[7:0] [1:0]
      New connections: $flatten\u_fpu.\u_int_to_float_signed.$3\msb_pos[7:0] [4:2] = { $flatten\u_fpu.\u_int_to_float_signed.$3\msb_pos[7:0] [1] $flatten\u_fpu.\u_int_to_float_signed.$3\msb_pos[7:0] [1] $flatten\u_fpu.\u_int_to_float_signed.$3\msb_pos[7:0] [1] }
    Consolidated identical input bits for $mux cell $flatten\u_fpu.\u_int_to_float_unsigned.$procmux$2431:
      Old ports: A=$flatten\u_fpu.\u_int_to_float_unsigned.$3\msb_pos[7:0], B=8'00011101, Y=$flatten\u_fpu.\u_int_to_float_unsigned.$4\msb_pos[7:0]
      New ports: A=$flatten\u_fpu.\u_int_to_float_unsigned.$3\msb_pos[7:0] [4:0], B=5'11101, Y=$flatten\u_fpu.\u_int_to_float_unsigned.$4\msb_pos[7:0] [4:0]
      New connections: $flatten\u_fpu.\u_int_to_float_unsigned.$4\msb_pos[7:0] [7:5] = 3'000
    Consolidated identical input bits for $mux cell $flatten\u_fpu.\u_int_to_float_unsigned.$procmux$2437:
      Old ports: A=$flatten\u_fpu.\u_int_to_float_unsigned.$2\msb_pos[7:0] [4:0], B=5'11110, Y=$flatten\u_fpu.\u_int_to_float_unsigned.$3\msb_pos[7:0] [4:0]
      New ports: A={ $flatten\u_fpu.\u_int_to_float_unsigned.$2\msb_pos[7:0] [0] $flatten\u_fpu.\u_int_to_float_unsigned.$2\msb_pos[7:0] [0] }, B=2'10, Y=$flatten\u_fpu.\u_int_to_float_unsigned.$3\msb_pos[7:0] [1:0]
      New connections: $flatten\u_fpu.\u_int_to_float_unsigned.$3\msb_pos[7:0] [4:2] = { $flatten\u_fpu.\u_int_to_float_unsigned.$3\msb_pos[7:0] [1] $flatten\u_fpu.\u_int_to_float_unsigned.$3\msb_pos[7:0] [1] $flatten\u_fpu.\u_int_to_float_unsigned.$3\msb_pos[7:0] [1] }
  Optimizing cells in module \synth_harness.
    Consolidated identical input bits for $mux cell $auto$share.cc:660:make_supercell$6403:
      Old ports: A=$auto$share.cc:657:make_supercell$6386, B={ 1'1 \stim_reg[1] [22:0] }, Y=$auto$share.cc:657:make_supercell$6401
      New ports: A=$auto$share.cc:657:make_supercell$6386 [22:0], B=\stim_reg[1] [22:0], Y=$auto$share.cc:657:make_supercell$6401 [22:0]
      New connections: $auto$share.cc:657:make_supercell$6401 [23] = 1'1
    Consolidated identical input bits for $mux cell $flatten\u_fpu.$procmux$5709:
      Old ports: A=$auto$wreduce.cc:461:run$6217 [6:0], B={ 2'00 $auto$wreduce.cc:461:run$6221 [4:0] }, Y=$auto$wreduce.cc:461:run$6215 [6:0]
      New ports: A={ $auto$wreduce.cc:461:run$6217 [6:5] 2'00 $auto$wreduce.cc:461:run$6217 [2:1] }, B={ 2'00 $auto$wreduce.cc:461:run$6221 [4:3] 2'00 }, Y=$auto$wreduce.cc:461:run$6215 [6:1]
      New connections: $auto$wreduce.cc:461:run$6215 [0] = 1'0
    Consolidated identical input bits for $mux cell $flatten\u_fpu.\u_adder.$procmux$3146:
      Old ports: A=$flatten\u_fpu.\u_adder.$28\norm_shift[7:0] [4:0], B=5'10010, Y=$flatten\u_fpu.\u_adder.$29\norm_shift[7:0] [4:0]
      New ports: A={ $flatten\u_fpu.\u_adder.$28\norm_shift[7:0] [4] 1'0 $flatten\u_fpu.\u_adder.$28\norm_shift[7:0] [0] }, B=3'110, Y={ $flatten\u_fpu.\u_adder.$29\norm_shift[7:0] [4] $flatten\u_fpu.\u_adder.$29\norm_shift[7:0] [1:0] }
      New connections: $flatten\u_fpu.\u_adder.$29\norm_shift[7:0] [3:2] = 2'00
    Consolidated identical input bits for $mux cell $flatten\u_fpu.\u_adder.$procmux$3399:
      Old ports: A=$flatten\u_fpu.\u_adder.$21\norm_shift[7:0], B=8'00001011, Y=$flatten\u_fpu.\u_adder.$22\norm_shift[7:0]
      New ports: A=$flatten\u_fpu.\u_adder.$21\norm_shift[7:0] [3:0], B=4'1011, Y=$flatten\u_fpu.\u_adder.$22\norm_shift[7:0] [3:0]
      New connections: $flatten\u_fpu.\u_adder.$22\norm_shift[7:0] [7:4] = 4'0000
    Consolidated identical input bits for $mux cell $flatten\u_fpu.\u_adder.$procmux$3435:
      Old ports: A=$flatten\u_fpu.\u_adder.$20\norm_shift[7:0] [3:0], B=4'1010, Y=$flatten\u_fpu.\u_adder.$21\norm_shift[7:0] [3:0]
      New ports: A={ $flatten\u_fpu.\u_adder.$20\norm_shift[7:0] [3] 1'0 $flatten\u_fpu.\u_adder.$20\norm_shift[7:0] [0] }, B=3'110, Y={ $flatten\u_fpu.\u_adder.$21\norm_shift[7:0] [3] $flatten\u_fpu.\u_adder.$21\norm_shift[7:0] [1:0] }
      New connections: $flatten\u_fpu.\u_adder.$21\norm_shift[7:0] [2] = 1'0
    Consolidated identical input bits for $mux cell $flatten\u_fpu.\u_adder.$procmux$3741:
      Old ports: A=$flatten\u_fpu.\u_adder.$13\norm_shift[7:0], B=8'00000100, Y=$flatten\u_fpu.\u_adder.$14\norm_shift[7:0]
      New ports: A={ 1'0 $flatten\u_fpu.\u_adder.$13\norm_shift[7:0] [1:0] }, B=3'100, Y=$flatten\u_fpu.\u_adder.$14\norm_shift[7:0] [2:0]
      New connections: $flatten\u_fpu.\u_adder.$14\norm_shift[7:0] [7:3] = 5'00000
    Consolidated identical input bits for $mux cell $flatten\u_fpu.\u_div_assemble.$procmux$1747:
      Old ports: A=$flatten\u_fpu.\u_div_assemble.$5\msb_pos[7:0], B=8'00101100, Y=$flatten\u_fpu.\u_div_assemble.$6\msb_pos[7:0]
      New ports: A=$flatten\u_fpu.\u_div_assemble.$5\msb_pos[7:0] [5:0], B=6'101100, Y=$flatten\u_fpu.\u_div_assemble.$6\msb_pos[7:0] [5:0]
      New connections: $flatten\u_fpu.\u_div_assemble.$6\msb_pos[7:0] [7:6] = 2'00
    Consolidated identical input bits for $mux cell $flatten\u_fpu.\u_div_assemble.$procmux$1756:
      Old ports: A=$flatten\u_fpu.\u_div_assemble.$4\msb_pos[7:0] [5:0], B=6'101101, Y=$flatten\u_fpu.\u_div_assemble.$5\msb_pos[7:0] [5:0]
      New ports: A={ $flatten\u_fpu.\u_div_assemble.$4\msb_pos[7:0] [1] $flatten\u_fpu.\u_div_assemble.$4\msb_pos[7:0] [1:0] }, B=3'101, Y=$flatten\u_fpu.\u_div_assemble.$5\msb_pos[7:0] [2:0]
      New connections: $flatten\u_fpu.\u_div_assemble.$5\msb_pos[7:0] [5:3] = { $flatten\u_fpu.\u_div_assemble.$5\msb_pos[7:0] [2] 1'0 $flatten\u_fpu.\u_div_assemble.$5\msb_pos[7:0] [2] }
    Consolidated identical input bits for $mux cell $flatten\u_fpu.\u_div_setup.$procmux$1984:
      Old ports: A=$flatten\u_fpu.\u_div_setup.$4\dividend[47:0], B=48'000000000000000000000000000000000000000000000000, Y=$flatten\u_fpu.\u_div_setup.$3\dividend[47:0]
      New ports: A=$flatten\u_fpu.\u_div_setup.$4\dividend[47:0] [47:24], B=24'000000000000000000000000, Y=$flatten\u_fpu.\u_div_setup.$3\dividend[47:0] [47:24]
      New connections: $flatten\u_fpu.\u_div_setup.$3\dividend[47:0] [23:0] = 24'000000000000000000000000
    Consolidated identical input bits for $mux cell $flatten\u_fpu.\u_fma_nmadd.\u_add.$procmux$3110:
      Old ports: A=$flatten\u_fpu.\u_fma_madd.\u_add.$29\norm_shift[7:0], B=8'00010011, Y=$flatten\u_fpu.\u_fma_madd.\u_add.$30\norm_shift[7:0]
      New ports: A=$flatten\u_fpu.\u_fma_madd.\u_add.$29\norm_shift[7:0] [4:0], B=5'10011, Y=$flatten\u_fpu.\u_fma_madd.\u_add.$30\norm_shift[7:0] [4:0]
      New connections: $flatten\u_fpu.\u_fma_madd.\u_add.$30\norm_shift[7:0] [7:5] = 3'000
    Consolidated identical input bits for $mux cell $flatten\u_fpu.\u_fma_nmadd.\u_add.$procmux$3146:
      Old ports: A=$flatten\u_fpu.\u_fma_madd.\u_add.$28\norm_shift[7:0] [4:0], B=5'10010, Y=$flatten\u_fpu.\u_fma_madd.\u_add.$29\norm_shift[7:0] [4:0]
      New ports: A={ $flatten\u_fpu.\u_fma_madd.\u_add.$28\norm_shift[7:0] [4] 1'0 $flatten\u_fpu.\u_fma_madd.\u_add.$28\norm_shift[7:0] [0] }, B=3'110, Y={ $flatten\u_fpu.\u_fma_madd.\u_add.$29\norm_shift[7:0] [4] $flatten\u_fpu.\u_fma_madd.\u_add.$29\norm_shift[7:0] [1:0] }
      New connections: $flatten\u_fpu.\u_fma_madd.\u_add.$29\norm_shift[7:0] [3:2] = 2'00
    Consolidated identical input bits for $mux cell $flatten\u_fpu.\u_fma_nmadd.\u_add.$procmux$3399:
      Old ports: A=$flatten\u_fpu.\u_fma_madd.\u_add.$21\norm_shift[7:0], B=8'00001011, Y=$flatten\u_fpu.\u_fma_madd.\u_add.$22\norm_shift[7:0]
      New ports: A=$flatten\u_fpu.\u_fma_madd.\u_add.$21\norm_shift[7:0] [3:0], B=4'1011, Y=$flatten\u_fpu.\u_fma_madd.\u_add.$22\norm_shift[7:0] [3:0]
      New connections: $flatten\u_fpu.\u_fma_madd.\u_add.$22\norm_shift[7:0] [7:4] = 4'0000
    Consolidated identical input bits for $mux cell $flatten\u_fpu.\u_fma_nmadd.\u_add.$procmux$3435:
      Old ports: A=$flatten\u_fpu.\u_fma_madd.\u_add.$20\norm_shift[7:0] [3:0], B=4'1010, Y=$flatten\u_fpu.\u_fma_madd.\u_add.$21\norm_shift[7:0] [3:0]
      New ports: A={ $flatten\u_fpu.\u_fma_madd.\u_add.$20\norm_shift[7:0] [3] 1'0 $flatten\u_fpu.\u_fma_madd.\u_add.$20\norm_shift[7:0] [0] }, B=3'110, Y={ $flatten\u_fpu.\u_fma_madd.\u_add.$21\norm_shift[7:0] [3] $flatten\u_fpu.\u_fma_madd.\u_add.$21\norm_shift[7:0] [1:0] }
      New connections: $flatten\u_fpu.\u_fma_madd.\u_add.$21\norm_shift[7:0] [2] = 1'0
    Consolidated identical input bits for $mux cell $flatten\u_fpu.\u_fma_nmadd.\u_add.$procmux$3741:
      Old ports: A=$flatten\u_fpu.\u_fma_madd.\u_add.$13\norm_shift[7:0], B=8'00000100, Y=$flatten\u_fpu.\u_fma_madd.\u_add.$14\norm_shift[7:0]
      New ports: A={ 1'0 $flatten\u_fpu.\u_fma_madd.\u_add.$13\norm_shift[7:0] [1:0] }, B=3'100, Y=$flatten\u_fpu.\u_fma_madd.\u_add.$14\norm_shift[7:0] [2:0]
      New connections: $flatten\u_fpu.\u_fma_madd.\u_add.$14\norm_shift[7:0] [7:3] = 5'00000
    Consolidated identical input bits for $mux cell $flatten\u_fpu.\u_int_to_float_signed.$procmux$2425:
      Old ports: A=$flatten\u_fpu.\u_int_to_float_signed.$4\msb_pos[7:0], B=8'00011100, Y=$flatten\u_fpu.\u_int_to_float_signed.$5\msb_pos[7:0]
      New ports: A=$flatten\u_fpu.\u_int_to_float_signed.$4\msb_pos[7:0] [4:0], B=5'11100, Y=$flatten\u_fpu.\u_int_to_float_signed.$5\msb_pos[7:0] [4:0]
      New connections: $flatten\u_fpu.\u_int_to_float_signed.$5\msb_pos[7:0] [7:5] = 3'000
    Consolidated identical input bits for $mux cell $flatten\u_fpu.\u_int_to_float_signed.$procmux$2431:
      Old ports: A=$flatten\u_fpu.\u_int_to_float_signed.$3\msb_pos[7:0] [4:0], B=5'11101, Y=$flatten\u_fpu.\u_int_to_float_signed.$4\msb_pos[7:0] [4:0]
      New ports: A={ $flatten\u_fpu.\u_int_to_float_signed.$3\msb_pos[7:0] [1] $flatten\u_fpu.\u_int_to_float_signed.$3\msb_pos[7:0] [1:0] }, B=3'101, Y=$flatten\u_fpu.\u_int_to_float_signed.$4\msb_pos[7:0] [2:0]
      New connections: $flatten\u_fpu.\u_int_to_float_signed.$4\msb_pos[7:0] [4:3] = { $flatten\u_fpu.\u_int_to_float_signed.$4\msb_pos[7:0] [2] $flatten\u_fpu.\u_int_to_float_signed.$4\msb_pos[7:0] [2] }
    Consolidated identical input bits for $mux cell $flatten\u_fpu.\u_int_to_float_unsigned.$procmux$2425:
      Old ports: A=$flatten\u_fpu.\u_int_to_float_unsigned.$4\msb_pos[7:0], B=8'00011100, Y=$flatten\u_fpu.\u_int_to_float_unsigned.$5\msb_pos[7:0]
      New ports: A=$flatten\u_fpu.\u_int_to_float_unsigned.$4\msb_pos[7:0] [4:0], B=5'11100, Y=$flatten\u_fpu.\u_int_to_float_unsigned.$5\msb_pos[7:0] [4:0]
      New connections: $flatten\u_fpu.\u_int_to_float_unsigned.$5\msb_pos[7:0] [7:5] = 3'000
    Consolidated identical input bits for $mux cell $flatten\u_fpu.\u_int_to_float_unsigned.$procmux$2431:
      Old ports: A=$flatten\u_fpu.\u_int_to_float_unsigned.$3\msb_pos[7:0] [4:0], B=5'11101, Y=$flatten\u_fpu.\u_int_to_float_unsigned.$4\msb_pos[7:0] [4:0]
      New ports: A={ $flatten\u_fpu.\u_int_to_float_unsigned.$3\msb_pos[7:0] [1] $flatten\u_fpu.\u_int_to_float_unsigned.$3\msb_pos[7:0] [1:0] }, B=3'101, Y=$flatten\u_fpu.\u_int_to_float_unsigned.$4\msb_pos[7:0] [2:0]
      New connections: $flatten\u_fpu.\u_int_to_float_unsigned.$4\msb_pos[7:0] [4:3] = { $flatten\u_fpu.\u_int_to_float_unsigned.$4\msb_pos[7:0] [2] $flatten\u_fpu.\u_int_to_float_unsigned.$4\msb_pos[7:0] [2] }
    Consolidated identical input bits for $mux cell $flatten\u_fpu.\u_subtractor.$procmux$3110:
      Old ports: A=$flatten\u_fpu.\u_adder.$29\norm_shift[7:0], B=8'00010011, Y=$flatten\u_fpu.\u_adder.$30\norm_shift[7:0]
      New ports: A=$flatten\u_fpu.\u_adder.$29\norm_shift[7:0] [4:0], B=5'10011, Y=$flatten\u_fpu.\u_adder.$30\norm_shift[7:0] [4:0]
      New connections: $flatten\u_fpu.\u_adder.$30\norm_shift[7:0] [7:5] = 3'000
  Optimizing cells in module \synth_harness.
    Consolidated identical input bits for $mux cell $flatten\u_fpu.\u_adder.$procmux$3399:
      Old ports: A=$flatten\u_fpu.\u_adder.$21\norm_shift[7:0] [3:0], B=4'1011, Y=$flatten\u_fpu.\u_adder.$22\norm_shift[7:0] [3:0]
      New ports: A={ $flatten\u_fpu.\u_adder.$21\norm_shift[7:0] [3] $flatten\u_fpu.\u_adder.$21\norm_shift[7:0] [1:0] }, B=3'111, Y={ $flatten\u_fpu.\u_adder.$22\norm_shift[7:0] [3] $flatten\u_fpu.\u_adder.$22\norm_shift[7:0] [1:0] }
      New connections: $flatten\u_fpu.\u_adder.$22\norm_shift[7:0] [2] = 1'0
    Consolidated identical input bits for $mux cell $flatten\u_fpu.\u_div_assemble.$procmux$1738:
      Old ports: A=$flatten\u_fpu.\u_div_assemble.$6\msb_pos[7:0], B=8'00101011, Y=$flatten\u_fpu.\u_div_assemble.$7\msb_pos[7:0]
      New ports: A=$flatten\u_fpu.\u_div_assemble.$6\msb_pos[7:0] [5:0], B=6'101011, Y=$flatten\u_fpu.\u_div_assemble.$7\msb_pos[7:0] [5:0]
      New connections: $flatten\u_fpu.\u_div_assemble.$7\msb_pos[7:0] [7:6] = 2'00
    Consolidated identical input bits for $mux cell $flatten\u_fpu.\u_div_assemble.$procmux$1747:
      Old ports: A=$flatten\u_fpu.\u_div_assemble.$5\msb_pos[7:0] [5:0], B=6'101100, Y=$flatten\u_fpu.\u_div_assemble.$6\msb_pos[7:0] [5:0]
      New ports: A=$flatten\u_fpu.\u_div_assemble.$5\msb_pos[7:0] [2:0], B=3'100, Y=$flatten\u_fpu.\u_div_assemble.$6\msb_pos[7:0] [2:0]
      New connections: $flatten\u_fpu.\u_div_assemble.$6\msb_pos[7:0] [5:3] = { $flatten\u_fpu.\u_div_assemble.$6\msb_pos[7:0] [2] 1'0 $flatten\u_fpu.\u_div_assemble.$6\msb_pos[7:0] [2] }
    Consolidated identical input bits for $mux cell $flatten\u_fpu.\u_div_setup.$procmux$2026:
      Old ports: A=$flatten\u_fpu.\u_div_setup.$3\dividend[47:0], B=48'000000000000000000000000000000000000000000000000, Y=$flatten\u_fpu.\u_div_setup.$2\dividend[47:0]
      New ports: A=$flatten\u_fpu.\u_div_setup.$3\dividend[47:0] [47:24], B=24'000000000000000000000000, Y=$flatten\u_fpu.\u_div_setup.$2\dividend[47:0] [47:24]
      New connections: $flatten\u_fpu.\u_div_setup.$2\dividend[47:0] [23:0] = 24'000000000000000000000000
    Consolidated identical input bits for $mux cell $flatten\u_fpu.\u_fma_msub.\u_add.$procmux$3074:
      Old ports: A=$flatten\u_fpu.\u_fma_madd.\u_add.$30\norm_shift[7:0], B=8'00010100, Y=$flatten\u_fpu.\u_fma_madd.\u_add.$31\norm_shift[7:0]
      New ports: A=$flatten\u_fpu.\u_fma_madd.\u_add.$30\norm_shift[7:0] [4:0], B=5'10100, Y=$flatten\u_fpu.\u_fma_madd.\u_add.$31\norm_shift[7:0] [4:0]
      New connections: $flatten\u_fpu.\u_fma_madd.\u_add.$31\norm_shift[7:0] [7:5] = 3'000
    Consolidated identical input bits for $mux cell $flatten\u_fpu.\u_fma_nmadd.\u_add.$procmux$3110:
      Old ports: A=$flatten\u_fpu.\u_fma_madd.\u_add.$29\norm_shift[7:0] [4:0], B=5'10011, Y=$flatten\u_fpu.\u_fma_madd.\u_add.$30\norm_shift[7:0] [4:0]
      New ports: A={ $flatten\u_fpu.\u_fma_madd.\u_add.$29\norm_shift[7:0] [4] $flatten\u_fpu.\u_fma_madd.\u_add.$29\norm_shift[7:0] [1:0] }, B=3'111, Y={ $flatten\u_fpu.\u_fma_madd.\u_add.$30\norm_shift[7:0] [4] $flatten\u_fpu.\u_fma_madd.\u_add.$30\norm_shift[7:0] [1:0] }
      New connections: $flatten\u_fpu.\u_fma_madd.\u_add.$30\norm_shift[7:0] [3:2] = 2'00
    Consolidated identical input bits for $mux cell $flatten\u_fpu.\u_fma_nmadd.\u_add.$procmux$3363:
      Old ports: A=$flatten\u_fpu.\u_fma_madd.\u_add.$22\norm_shift[7:0], B=8'00001100, Y=$flatten\u_fpu.\u_fma_madd.\u_add.$23\norm_shift[7:0]
      New ports: A=$flatten\u_fpu.\u_fma_madd.\u_add.$22\norm_shift[7:0] [3:0], B=4'1100, Y=$flatten\u_fpu.\u_fma_madd.\u_add.$23\norm_shift[7:0] [3:0]
      New connections: $flatten\u_fpu.\u_fma_madd.\u_add.$23\norm_shift[7:0] [7:4] = 4'0000
    Consolidated identical input bits for $mux cell $flatten\u_fpu.\u_fma_nmadd.\u_add.$procmux$3399:
      Old ports: A=$flatten\u_fpu.\u_fma_madd.\u_add.$21\norm_shift[7:0] [3:0], B=4'1011, Y=$flatten\u_fpu.\u_fma_madd.\u_add.$22\norm_shift[7:0] [3:0]
      New ports: A={ $flatten\u_fpu.\u_fma_madd.\u_add.$21\norm_shift[7:0] [3] $flatten\u_fpu.\u_fma_madd.\u_add.$21\norm_shift[7:0] [1:0] }, B=3'111, Y={ $flatten\u_fpu.\u_fma_madd.\u_add.$22\norm_shift[7:0] [3] $flatten\u_fpu.\u_fma_madd.\u_add.$22\norm_shift[7:0] [1:0] }
      New connections: $flatten\u_fpu.\u_fma_madd.\u_add.$22\norm_shift[7:0] [2] = 1'0
    Consolidated identical input bits for $mux cell $flatten\u_fpu.\u_fma_nmadd.\u_add.$procmux$3708:
      Old ports: A=$flatten\u_fpu.\u_fma_madd.\u_add.$14\norm_shift[7:0], B=8'00000101, Y=$flatten\u_fpu.\u_fma_madd.\u_add.$15\norm_shift[7:0]
      New ports: A=$flatten\u_fpu.\u_fma_madd.\u_add.$14\norm_shift[7:0] [2:0], B=3'101, Y=$flatten\u_fpu.\u_fma_madd.\u_add.$15\norm_shift[7:0] [2:0]
      New connections: $flatten\u_fpu.\u_fma_madd.\u_add.$15\norm_shift[7:0] [7:3] = 5'00000
    Consolidated identical input bits for $mux cell $flatten\u_fpu.\u_int_to_float_signed.$procmux$2419:
      Old ports: A=$flatten\u_fpu.\u_int_to_float_signed.$5\msb_pos[7:0], B=8'00011011, Y=$flatten\u_fpu.\u_int_to_float_signed.$6\msb_pos[7:0]
      New ports: A=$flatten\u_fpu.\u_int_to_float_signed.$5\msb_pos[7:0] [4:0], B=5'11011, Y=$flatten\u_fpu.\u_int_to_float_signed.$6\msb_pos[7:0] [4:0]
      New connections: $flatten\u_fpu.\u_int_to_float_signed.$6\msb_pos[7:0] [7:5] = 3'000
    Consolidated identical input bits for $mux cell $flatten\u_fpu.\u_int_to_float_signed.$procmux$2425:
      Old ports: A=$flatten\u_fpu.\u_int_to_float_signed.$4\msb_pos[7:0] [4:0], B=5'11100, Y=$flatten\u_fpu.\u_int_to_float_signed.$5\msb_pos[7:0] [4:0]
      New ports: A=$flatten\u_fpu.\u_int_to_float_signed.$4\msb_pos[7:0] [2:0], B=3'100, Y=$flatten\u_fpu.\u_int_to_float_signed.$5\msb_pos[7:0] [2:0]
      New connections: $flatten\u_fpu.\u_int_to_float_signed.$5\msb_pos[7:0] [4:3] = { $flatten\u_fpu.\u_int_to_float_signed.$5\msb_pos[7:0] [2] $flatten\u_fpu.\u_int_to_float_signed.$5\msb_pos[7:0] [2] }
    Consolidated identical input bits for $mux cell $flatten\u_fpu.\u_int_to_float_unsigned.$procmux$2419:
      Old ports: A=$flatten\u_fpu.\u_int_to_float_unsigned.$5\msb_pos[7:0], B=8'00011011, Y=$flatten\u_fpu.\u_int_to_float_unsigned.$6\msb_pos[7:0]
      New ports: A=$flatten\u_fpu.\u_int_to_float_unsigned.$5\msb_pos[7:0] [4:0], B=5'11011, Y=$flatten\u_fpu.\u_int_to_float_unsigned.$6\msb_pos[7:0] [4:0]
      New connections: $flatten\u_fpu.\u_int_to_float_unsigned.$6\msb_pos[7:0] [7:5] = 3'000
    Consolidated identical input bits for $mux cell $flatten\u_fpu.\u_int_to_float_unsigned.$procmux$2425:
      Old ports: A=$flatten\u_fpu.\u_int_to_float_unsigned.$4\msb_pos[7:0] [4:0], B=5'11100, Y=$flatten\u_fpu.\u_int_to_float_unsigned.$5\msb_pos[7:0] [4:0]
      New ports: A=$flatten\u_fpu.\u_int_to_float_unsigned.$4\msb_pos[7:0] [2:0], B=3'100, Y=$flatten\u_fpu.\u_int_to_float_unsigned.$5\msb_pos[7:0] [2:0]
      New connections: $flatten\u_fpu.\u_int_to_float_unsigned.$5\msb_pos[7:0] [4:3] = { $flatten\u_fpu.\u_int_to_float_unsigned.$5\msb_pos[7:0] [2] $flatten\u_fpu.\u_int_to_float_unsigned.$5\msb_pos[7:0] [2] }
    Consolidated identical input bits for $mux cell $flatten\u_fpu.\u_subtractor.$procmux$3074:
      Old ports: A=$flatten\u_fpu.\u_adder.$30\norm_shift[7:0], B=8'00010100, Y=$flatten\u_fpu.\u_adder.$31\norm_shift[7:0]
      New ports: A=$flatten\u_fpu.\u_adder.$30\norm_shift[7:0] [4:0], B=5'10100, Y=$flatten\u_fpu.\u_adder.$31\norm_shift[7:0] [4:0]
      New connections: $flatten\u_fpu.\u_adder.$31\norm_shift[7:0] [7:5] = 3'000
    Consolidated identical input bits for $mux cell $flatten\u_fpu.\u_subtractor.$procmux$3110:
      Old ports: A=$flatten\u_fpu.\u_adder.$29\norm_shift[7:0] [4:0], B=5'10011, Y=$flatten\u_fpu.\u_adder.$30\norm_shift[7:0] [4:0]
      New ports: A={ $flatten\u_fpu.\u_adder.$29\norm_shift[7:0] [4] $flatten\u_fpu.\u_adder.$29\norm_shift[7:0] [1:0] }, B=3'111, Y={ $flatten\u_fpu.\u_adder.$30\norm_shift[7:0] [4] $flatten\u_fpu.\u_adder.$30\norm_shift[7:0] [1:0] }
      New connections: $flatten\u_fpu.\u_adder.$30\norm_shift[7:0] [3:2] = 2'00
    Consolidated identical input bits for $mux cell $flatten\u_fpu.\u_subtractor.$procmux$3363:
      Old ports: A=$flatten\u_fpu.\u_adder.$22\norm_shift[7:0], B=8'00001100, Y=$flatten\u_fpu.\u_adder.$23\norm_shift[7:0]
      New ports: A=$flatten\u_fpu.\u_adder.$22\norm_shift[7:0] [3:0], B=4'1100, Y=$flatten\u_fpu.\u_adder.$23\norm_shift[7:0] [3:0]
      New connections: $flatten\u_fpu.\u_adder.$23\norm_shift[7:0] [7:4] = 4'0000
    Consolidated identical input bits for $mux cell $flatten\u_fpu.\u_subtractor.$procmux$3708:
      Old ports: A=$flatten\u_fpu.\u_adder.$14\norm_shift[7:0], B=8'00000101, Y=$flatten\u_fpu.\u_adder.$15\norm_shift[7:0]
      New ports: A=$flatten\u_fpu.\u_adder.$14\norm_shift[7:0] [2:0], B=3'101, Y=$flatten\u_fpu.\u_adder.$15\norm_shift[7:0] [2:0]
      New connections: $flatten\u_fpu.\u_adder.$15\norm_shift[7:0] [7:3] = 5'00000
  Optimizing cells in module \synth_harness.
    Consolidated identical input bits for $mux cell $flatten\u_fpu.\u_div_assemble.$procmux$1729:
      Old ports: A=$flatten\u_fpu.\u_div_assemble.$7\msb_pos[7:0], B=8'00101010, Y=$flatten\u_fpu.\u_div_assemble.$8\msb_pos[7:0]
      New ports: A=$flatten\u_fpu.\u_div_assemble.$7\msb_pos[7:0] [5:0], B=6'101010, Y=$flatten\u_fpu.\u_div_assemble.$8\msb_pos[7:0] [5:0]
      New connections: $flatten\u_fpu.\u_div_assemble.$8\msb_pos[7:0] [7:6] = 2'00
    Consolidated identical input bits for $mux cell $flatten\u_fpu.\u_div_assemble.$procmux$1738:
      Old ports: A=$flatten\u_fpu.\u_div_assemble.$6\msb_pos[7:0] [5:0], B=6'101011, Y=$flatten\u_fpu.\u_div_assemble.$7\msb_pos[7:0] [5:0]
      New ports: A={ $flatten\u_fpu.\u_div_assemble.$6\msb_pos[7:0] [2] $flatten\u_fpu.\u_div_assemble.$6\msb_pos[7:0] [2:0] }, B=4'1011, Y=$flatten\u_fpu.\u_div_assemble.$7\msb_pos[7:0] [3:0]
      New connections: $flatten\u_fpu.\u_div_assemble.$7\msb_pos[7:0] [5:4] = { $flatten\u_fpu.\u_div_assemble.$7\msb_pos[7:0] [3] 1'0 }
    Consolidated identical input bits for $mux cell $flatten\u_fpu.\u_div_setup.$procmux$2041:
      Old ports: A=$flatten\u_fpu.\u_div_setup.$2\dividend[47:0], B=48'000000000000000000000000000000000000000000000000, Y=\u_fpu.u_div.abs_dividend
      New ports: A=$flatten\u_fpu.\u_div_setup.$2\dividend[47:0] [47:24], B=24'000000000000000000000000, Y=\u_fpu.u_div.abs_dividend [47:24]
      New connections: \u_fpu.u_div.abs_dividend [23:0] = 24'000000000000000000000000
    Consolidated identical input bits for $mux cell $flatten\u_fpu.\u_fma_msub.\u_add.$procmux$3074:
      Old ports: A=$flatten\u_fpu.\u_fma_madd.\u_add.$30\norm_shift[7:0] [4:0], B=5'10100, Y=$flatten\u_fpu.\u_fma_madd.\u_add.$31\norm_shift[7:0] [4:0]
      New ports: A={ $flatten\u_fpu.\u_fma_madd.\u_add.$30\norm_shift[7:0] [4] 1'0 $flatten\u_fpu.\u_fma_madd.\u_add.$30\norm_shift[7:0] [1:0] }, B=4'1100, Y={ $flatten\u_fpu.\u_fma_madd.\u_add.$31\norm_shift[7:0] [4] $flatten\u_fpu.\u_fma_madd.\u_add.$31\norm_shift[7:0] [2:0] }
      New connections: $flatten\u_fpu.\u_fma_madd.\u_add.$31\norm_shift[7:0] [3] = 1'0
    Consolidated identical input bits for $mux cell $flatten\u_fpu.\u_fma_nmadd.\u_add.$procmux$3327:
      Old ports: A=$flatten\u_fpu.\u_fma_madd.\u_add.$23\norm_shift[7:0], B=8'00001101, Y=$flatten\u_fpu.\u_fma_madd.\u_add.$24\norm_shift[7:0]
      New ports: A=$flatten\u_fpu.\u_fma_madd.\u_add.$23\norm_shift[7:0] [3:0], B=4'1101, Y=$flatten\u_fpu.\u_fma_madd.\u_add.$24\norm_shift[7:0] [3:0]
      New connections: $flatten\u_fpu.\u_fma_madd.\u_add.$24\norm_shift[7:0] [7:4] = 4'0000
    Consolidated identical input bits for $mux cell $flatten\u_fpu.\u_fma_nmadd.\u_add.$procmux$3675:
      Old ports: A=$flatten\u_fpu.\u_fma_madd.\u_add.$15\norm_shift[7:0], B=8'00000110, Y=$flatten\u_fpu.\u_fma_madd.\u_add.$16\norm_shift[7:0]
      New ports: A=$flatten\u_fpu.\u_fma_madd.\u_add.$15\norm_shift[7:0] [2:0], B=3'110, Y=$flatten\u_fpu.\u_fma_madd.\u_add.$16\norm_shift[7:0] [2:0]
      New connections: $flatten\u_fpu.\u_fma_madd.\u_add.$16\norm_shift[7:0] [7:3] = 5'00000
    Consolidated identical input bits for $mux cell $flatten\u_fpu.\u_fma_nmsub.\u_add.$procmux$3038:
      Old ports: A=$flatten\u_fpu.\u_fma_madd.\u_add.$31\norm_shift[7:0], B=8'00010101, Y=$flatten\u_fpu.\u_fma_madd.\u_add.$32\norm_shift[7:0]
      New ports: A=$flatten\u_fpu.\u_fma_madd.\u_add.$31\norm_shift[7:0] [4:0], B=5'10101, Y=$flatten\u_fpu.\u_fma_madd.\u_add.$32\norm_shift[7:0] [4:0]
      New connections: $flatten\u_fpu.\u_fma_madd.\u_add.$32\norm_shift[7:0] [7:5] = 3'000
    Consolidated identical input bits for $mux cell $flatten\u_fpu.\u_int_to_float_signed.$procmux$2413:
      Old ports: A=$flatten\u_fpu.\u_int_to_float_signed.$6\msb_pos[7:0], B=8'00011010, Y=$flatten\u_fpu.\u_int_to_float_signed.$7\msb_pos[7:0]
      New ports: A=$flatten\u_fpu.\u_int_to_float_signed.$6\msb_pos[7:0] [4:0], B=5'11010, Y=$flatten\u_fpu.\u_int_to_float_signed.$7\msb_pos[7:0] [4:0]
      New connections: $flatten\u_fpu.\u_int_to_float_signed.$7\msb_pos[7:0] [7:5] = 3'000
    Consolidated identical input bits for $mux cell $flatten\u_fpu.\u_int_to_float_signed.$procmux$2419:
      Old ports: A=$flatten\u_fpu.\u_int_to_float_signed.$5\msb_pos[7:0] [4:0], B=5'11011, Y=$flatten\u_fpu.\u_int_to_float_signed.$6\msb_pos[7:0] [4:0]
      New ports: A={ $flatten\u_fpu.\u_int_to_float_signed.$5\msb_pos[7:0] [2] $flatten\u_fpu.\u_int_to_float_signed.$5\msb_pos[7:0] [2:0] }, B=4'1011, Y=$flatten\u_fpu.\u_int_to_float_signed.$6\msb_pos[7:0] [3:0]
      New connections: $flatten\u_fpu.\u_int_to_float_signed.$6\msb_pos[7:0] [4] = $flatten\u_fpu.\u_int_to_float_signed.$6\msb_pos[7:0] [3]
    Consolidated identical input bits for $mux cell $flatten\u_fpu.\u_int_to_float_unsigned.$procmux$2413:
      Old ports: A=$flatten\u_fpu.\u_int_to_float_unsigned.$6\msb_pos[7:0], B=8'00011010, Y=$flatten\u_fpu.\u_int_to_float_unsigned.$7\msb_pos[7:0]
      New ports: A=$flatten\u_fpu.\u_int_to_float_unsigned.$6\msb_pos[7:0] [4:0], B=5'11010, Y=$flatten\u_fpu.\u_int_to_float_unsigned.$7\msb_pos[7:0] [4:0]
      New connections: $flatten\u_fpu.\u_int_to_float_unsigned.$7\msb_pos[7:0] [7:5] = 3'000
    Consolidated identical input bits for $mux cell $flatten\u_fpu.\u_int_to_float_unsigned.$procmux$2419:
      Old ports: A=$flatten\u_fpu.\u_int_to_float_unsigned.$5\msb_pos[7:0] [4:0], B=5'11011, Y=$flatten\u_fpu.\u_int_to_float_unsigned.$6\msb_pos[7:0] [4:0]
      New ports: A={ $flatten\u_fpu.\u_int_to_float_unsigned.$5\msb_pos[7:0] [2] $flatten\u_fpu.\u_int_to_float_unsigned.$5\msb_pos[7:0] [2:0] }, B=4'1011, Y=$flatten\u_fpu.\u_int_to_float_unsigned.$6\msb_pos[7:0] [3:0]
      New connections: $flatten\u_fpu.\u_int_to_float_unsigned.$6\msb_pos[7:0] [4] = $flatten\u_fpu.\u_int_to_float_unsigned.$6\msb_pos[7:0] [3]
    Consolidated identical input bits for $mux cell $flatten\u_fpu.\u_subtractor.$procmux$3038:
      Old ports: A=$flatten\u_fpu.\u_adder.$31\norm_shift[7:0], B=8'00010101, Y=$flatten\u_fpu.\u_adder.$32\norm_shift[7:0]
      New ports: A=$flatten\u_fpu.\u_adder.$31\norm_shift[7:0] [4:0], B=5'10101, Y=$flatten\u_fpu.\u_adder.$32\norm_shift[7:0] [4:0]
      New connections: $flatten\u_fpu.\u_adder.$32\norm_shift[7:0] [7:5] = 3'000
    Consolidated identical input bits for $mux cell $flatten\u_fpu.\u_subtractor.$procmux$3074:
      Old ports: A=$flatten\u_fpu.\u_adder.$30\norm_shift[7:0] [4:0], B=5'10100, Y=$flatten\u_fpu.\u_adder.$31\norm_shift[7:0] [4:0]
      New ports: A={ $flatten\u_fpu.\u_adder.$30\norm_shift[7:0] [4] 1'0 $flatten\u_fpu.\u_adder.$30\norm_shift[7:0] [1:0] }, B=4'1100, Y={ $flatten\u_fpu.\u_adder.$31\norm_shift[7:0] [4] $flatten\u_fpu.\u_adder.$31\norm_shift[7:0] [2:0] }
      New connections: $flatten\u_fpu.\u_adder.$31\norm_shift[7:0] [3] = 1'0
    Consolidated identical input bits for $mux cell $flatten\u_fpu.\u_subtractor.$procmux$3327:
      Old ports: A=$flatten\u_fpu.\u_adder.$23\norm_shift[7:0], B=8'00001101, Y=$flatten\u_fpu.\u_adder.$24\norm_shift[7:0]
      New ports: A=$flatten\u_fpu.\u_adder.$23\norm_shift[7:0] [3:0], B=4'1101, Y=$flatten\u_fpu.\u_adder.$24\norm_shift[7:0] [3:0]
      New connections: $flatten\u_fpu.\u_adder.$24\norm_shift[7:0] [7:4] = 4'0000
    Consolidated identical input bits for $mux cell $flatten\u_fpu.\u_subtractor.$procmux$3675:
      Old ports: A=$flatten\u_fpu.\u_adder.$15\norm_shift[7:0], B=8'00000110, Y=$flatten\u_fpu.\u_adder.$16\norm_shift[7:0]
      New ports: A=$flatten\u_fpu.\u_adder.$15\norm_shift[7:0] [2:0], B=3'110, Y=$flatten\u_fpu.\u_adder.$16\norm_shift[7:0] [2:0]
      New connections: $flatten\u_fpu.\u_adder.$16\norm_shift[7:0] [7:3] = 5'00000
  Optimizing cells in module \synth_harness.
    Consolidated identical input bits for $mux cell $flatten\u_fpu.\u_div_assemble.$procmux$1720:
      Old ports: A=$flatten\u_fpu.\u_div_assemble.$8\msb_pos[7:0], B=8'00101001, Y=$flatten\u_fpu.\u_div_assemble.$9\msb_pos[7:0]
      New ports: A=$flatten\u_fpu.\u_div_assemble.$8\msb_pos[7:0] [5:0], B=6'101001, Y=$flatten\u_fpu.\u_div_assemble.$9\msb_pos[7:0] [5:0]
      New connections: $flatten\u_fpu.\u_div_assemble.$9\msb_pos[7:0] [7:6] = 2'00
    Consolidated identical input bits for $mux cell $flatten\u_fpu.\u_div_assemble.$procmux$1729:
      Old ports: A=$flatten\u_fpu.\u_div_assemble.$7\msb_pos[7:0] [5:0], B=6'101010, Y=$flatten\u_fpu.\u_div_assemble.$8\msb_pos[7:0] [5:0]
      New ports: A=$flatten\u_fpu.\u_div_assemble.$7\msb_pos[7:0] [3:0], B=4'1010, Y=$flatten\u_fpu.\u_div_assemble.$8\msb_pos[7:0] [3:0]
      New connections: $flatten\u_fpu.\u_div_assemble.$8\msb_pos[7:0] [5:4] = { $flatten\u_fpu.\u_div_assemble.$8\msb_pos[7:0] [3] 1'0 }
    Consolidated identical input bits for $mux cell $flatten\u_fpu.\u_fma_msub.\u_add.$procmux$3291:
      Old ports: A=$flatten\u_fpu.\u_fma_madd.\u_add.$24\norm_shift[7:0], B=8'00001110, Y=$flatten\u_fpu.\u_fma_madd.\u_add.$25\norm_shift[7:0]
      New ports: A=$flatten\u_fpu.\u_fma_madd.\u_add.$24\norm_shift[7:0] [3:0], B=4'1110, Y=$flatten\u_fpu.\u_fma_madd.\u_add.$25\norm_shift[7:0] [3:0]
      New connections: $flatten\u_fpu.\u_fma_madd.\u_add.$25\norm_shift[7:0] [7:4] = 4'0000
    Consolidated identical input bits for $mux cell $flatten\u_fpu.\u_fma_nmadd.\u_add.$procmux$3642:
      Old ports: A=$flatten\u_fpu.\u_fma_madd.\u_add.$16\norm_shift[7:0], B=8'00000111, Y=$flatten\u_fpu.\u_fma_madd.\u_add.$17\norm_shift[7:0]
      New ports: A=$flatten\u_fpu.\u_fma_madd.\u_add.$16\norm_shift[7:0] [2:0], B=3'111, Y=$flatten\u_fpu.\u_fma_madd.\u_add.$17\norm_shift[7:0] [2:0]
      New connections: $flatten\u_fpu.\u_fma_madd.\u_add.$17\norm_shift[7:0] [7:3] = 5'00000
    Consolidated identical input bits for $mux cell $flatten\u_fpu.\u_fma_nmsub.\u_add.$procmux$3002:
      Old ports: A=$flatten\u_fpu.\u_fma_madd.\u_add.$32\norm_shift[7:0], B=8'00010110, Y=$flatten\u_fpu.\u_fma_madd.\u_add.$33\norm_shift[7:0]
      New ports: A=$flatten\u_fpu.\u_fma_madd.\u_add.$32\norm_shift[7:0] [4:0], B=5'10110, Y=$flatten\u_fpu.\u_fma_madd.\u_add.$33\norm_shift[7:0] [4:0]
      New connections: $flatten\u_fpu.\u_fma_madd.\u_add.$33\norm_shift[7:0] [7:5] = 3'000
    Consolidated identical input bits for $mux cell $flatten\u_fpu.\u_fma_nmsub.\u_add.$procmux$3038:
      Old ports: A=$flatten\u_fpu.\u_fma_madd.\u_add.$31\norm_shift[7:0] [4:0], B=5'10101, Y=$flatten\u_fpu.\u_fma_madd.\u_add.$32\norm_shift[7:0] [4:0]
      New ports: A={ $flatten\u_fpu.\u_fma_madd.\u_add.$31\norm_shift[7:0] [4] $flatten\u_fpu.\u_fma_madd.\u_add.$31\norm_shift[7:0] [2:0] }, B=4'1101, Y={ $flatten\u_fpu.\u_fma_madd.\u_add.$32\norm_shift[7:0] [4] $flatten\u_fpu.\u_fma_madd.\u_add.$32\norm_shift[7:0] [2:0] }
      New connections: $flatten\u_fpu.\u_fma_madd.\u_add.$32\norm_shift[7:0] [3] = 1'0
    Consolidated identical input bits for $mux cell $flatten\u_fpu.\u_int_to_float_signed.$procmux$2407:
      Old ports: A=$flatten\u_fpu.\u_int_to_float_signed.$7\msb_pos[7:0], B=8'00011001, Y=$flatten\u_fpu.\u_int_to_float_signed.$8\msb_pos[7:0]
      New ports: A=$flatten\u_fpu.\u_int_to_float_signed.$7\msb_pos[7:0] [4:0], B=5'11001, Y=$flatten\u_fpu.\u_int_to_float_signed.$8\msb_pos[7:0] [4:0]
      New connections: $flatten\u_fpu.\u_int_to_float_signed.$8\msb_pos[7:0] [7:5] = 3'000
    Consolidated identical input bits for $mux cell $flatten\u_fpu.\u_int_to_float_signed.$procmux$2413:
      Old ports: A=$flatten\u_fpu.\u_int_to_float_signed.$6\msb_pos[7:0] [4:0], B=5'11010, Y=$flatten\u_fpu.\u_int_to_float_signed.$7\msb_pos[7:0] [4:0]
      New ports: A=$flatten\u_fpu.\u_int_to_float_signed.$6\msb_pos[7:0] [3:0], B=4'1010, Y=$flatten\u_fpu.\u_int_to_float_signed.$7\msb_pos[7:0] [3:0]
      New connections: $flatten\u_fpu.\u_int_to_float_signed.$7\msb_pos[7:0] [4] = $flatten\u_fpu.\u_int_to_float_signed.$7\msb_pos[7:0] [3]
    Consolidated identical input bits for $mux cell $flatten\u_fpu.\u_int_to_float_unsigned.$procmux$2407:
      Old ports: A=$flatten\u_fpu.\u_int_to_float_unsigned.$7\msb_pos[7:0], B=8'00011001, Y=$flatten\u_fpu.\u_int_to_float_unsigned.$8\msb_pos[7:0]
      New ports: A=$flatten\u_fpu.\u_int_to_float_unsigned.$7\msb_pos[7:0] [4:0], B=5'11001, Y=$flatten\u_fpu.\u_int_to_float_unsigned.$8\msb_pos[7:0] [4:0]
      New connections: $flatten\u_fpu.\u_int_to_float_unsigned.$8\msb_pos[7:0] [7:5] = 3'000
    Consolidated identical input bits for $mux cell $flatten\u_fpu.\u_int_to_float_unsigned.$procmux$2413:
      Old ports: A=$flatten\u_fpu.\u_int_to_float_unsigned.$6\msb_pos[7:0] [4:0], B=5'11010, Y=$flatten\u_fpu.\u_int_to_float_unsigned.$7\msb_pos[7:0] [4:0]
      New ports: A=$flatten\u_fpu.\u_int_to_float_unsigned.$6\msb_pos[7:0] [3:0], B=4'1010, Y=$flatten\u_fpu.\u_int_to_float_unsigned.$7\msb_pos[7:0] [3:0]
      New connections: $flatten\u_fpu.\u_int_to_float_unsigned.$7\msb_pos[7:0] [4] = $flatten\u_fpu.\u_int_to_float_unsigned.$7\msb_pos[7:0] [3]
    Consolidated identical input bits for $mux cell $flatten\u_fpu.\u_subtractor.$procmux$3002:
      Old ports: A=$flatten\u_fpu.\u_adder.$32\norm_shift[7:0], B=8'00010110, Y=$flatten\u_fpu.\u_adder.$33\norm_shift[7:0]
      New ports: A=$flatten\u_fpu.\u_adder.$32\norm_shift[7:0] [4:0], B=5'10110, Y=$flatten\u_fpu.\u_adder.$33\norm_shift[7:0] [4:0]
      New connections: $flatten\u_fpu.\u_adder.$33\norm_shift[7:0] [7:5] = 3'000
    Consolidated identical input bits for $mux cell $flatten\u_fpu.\u_subtractor.$procmux$3038:
      Old ports: A=$flatten\u_fpu.\u_adder.$31\norm_shift[7:0] [4:0], B=5'10101, Y=$flatten\u_fpu.\u_adder.$32\norm_shift[7:0] [4:0]
      New ports: A={ $flatten\u_fpu.\u_adder.$31\norm_shift[7:0] [4] $flatten\u_fpu.\u_adder.$31\norm_shift[7:0] [2:0] }, B=4'1101, Y={ $flatten\u_fpu.\u_adder.$32\norm_shift[7:0] [4] $flatten\u_fpu.\u_adder.$32\norm_shift[7:0] [2:0] }
      New connections: $flatten\u_fpu.\u_adder.$32\norm_shift[7:0] [3] = 1'0
    Consolidated identical input bits for $mux cell $flatten\u_fpu.\u_subtractor.$procmux$3291:
      Old ports: A=$flatten\u_fpu.\u_adder.$24\norm_shift[7:0], B=8'00001110, Y=$flatten\u_fpu.\u_adder.$25\norm_shift[7:0]
      New ports: A=$flatten\u_fpu.\u_adder.$24\norm_shift[7:0] [3:0], B=4'1110, Y=$flatten\u_fpu.\u_adder.$25\norm_shift[7:0] [3:0]
      New connections: $flatten\u_fpu.\u_adder.$25\norm_shift[7:0] [7:4] = 4'0000
    Consolidated identical input bits for $mux cell $flatten\u_fpu.\u_subtractor.$procmux$3642:
      Old ports: A=$flatten\u_fpu.\u_adder.$16\norm_shift[7:0], B=8'00000111, Y=$flatten\u_fpu.\u_adder.$17\norm_shift[7:0]
      New ports: A=$flatten\u_fpu.\u_adder.$16\norm_shift[7:0] [2:0], B=3'111, Y=$flatten\u_fpu.\u_adder.$17\norm_shift[7:0] [2:0]
      New connections: $flatten\u_fpu.\u_adder.$17\norm_shift[7:0] [7:3] = 5'00000
  Optimizing cells in module \synth_harness.
    Consolidated identical input bits for $mux cell $flatten\u_fpu.\u_div_assemble.$procmux$1711:
      Old ports: A=$flatten\u_fpu.\u_div_assemble.$9\msb_pos[7:0], B=8'00101000, Y=$flatten\u_fpu.\u_div_assemble.$10\msb_pos[7:0]
      New ports: A=$flatten\u_fpu.\u_div_assemble.$9\msb_pos[7:0] [5:0], B=6'101000, Y=$flatten\u_fpu.\u_div_assemble.$10\msb_pos[7:0] [5:0]
      New connections: $flatten\u_fpu.\u_div_assemble.$10\msb_pos[7:0] [7:6] = 2'00
    Consolidated identical input bits for $mux cell $flatten\u_fpu.\u_div_assemble.$procmux$1720:
      Old ports: A=$flatten\u_fpu.\u_div_assemble.$8\msb_pos[7:0] [5:0], B=6'101001, Y=$flatten\u_fpu.\u_div_assemble.$9\msb_pos[7:0] [5:0]
      New ports: A=$flatten\u_fpu.\u_div_assemble.$8\msb_pos[7:0] [3:0], B=4'1001, Y=$flatten\u_fpu.\u_div_assemble.$9\msb_pos[7:0] [3:0]
      New connections: $flatten\u_fpu.\u_div_assemble.$9\msb_pos[7:0] [5:4] = { $flatten\u_fpu.\u_div_assemble.$9\msb_pos[7:0] [3] 1'0 }
    Consolidated identical input bits for $mux cell $flatten\u_fpu.\u_fma_nmsub.\u_add.$procmux$2966:
      Old ports: A=$flatten\u_fpu.\u_fma_madd.\u_add.$33\norm_shift[7:0], B=8'00010111, Y=$flatten\u_fpu.\u_fma_madd.\u_add.$34\norm_shift[7:0]
      New ports: A=$flatten\u_fpu.\u_fma_madd.\u_add.$33\norm_shift[7:0] [4:0], B=5'10111, Y=$flatten\u_fpu.\u_fma_madd.\u_add.$34\norm_shift[7:0] [4:0]
      New connections: $flatten\u_fpu.\u_fma_madd.\u_add.$34\norm_shift[7:0] [7:5] = 3'000
    Consolidated identical input bits for $mux cell $flatten\u_fpu.\u_fma_nmsub.\u_add.$procmux$3002:
      Old ports: A=$flatten\u_fpu.\u_fma_madd.\u_add.$32\norm_shift[7:0] [4:0], B=5'10110, Y=$flatten\u_fpu.\u_fma_madd.\u_add.$33\norm_shift[7:0] [4:0]
      New ports: A={ $flatten\u_fpu.\u_fma_madd.\u_add.$32\norm_shift[7:0] [4] $flatten\u_fpu.\u_fma_madd.\u_add.$32\norm_shift[7:0] [2:0] }, B=4'1110, Y={ $flatten\u_fpu.\u_fma_madd.\u_add.$33\norm_shift[7:0] [4] $flatten\u_fpu.\u_fma_madd.\u_add.$33\norm_shift[7:0] [2:0] }
      New connections: $flatten\u_fpu.\u_fma_madd.\u_add.$33\norm_shift[7:0] [3] = 1'0
    Consolidated identical input bits for $mux cell $flatten\u_fpu.\u_fma_nmsub.\u_add.$procmux$3255:
      Old ports: A=$flatten\u_fpu.\u_fma_madd.\u_add.$25\norm_shift[7:0], B=8'00001111, Y=$flatten\u_fpu.\u_fma_madd.\u_add.$26\norm_shift[7:0]
      New ports: A=$flatten\u_fpu.\u_fma_madd.\u_add.$25\norm_shift[7:0] [3:0], B=4'1111, Y=$flatten\u_fpu.\u_fma_madd.\u_add.$26\norm_shift[7:0] [3:0]
      New connections: $flatten\u_fpu.\u_fma_madd.\u_add.$26\norm_shift[7:0] [7:4] = 4'0000
    Consolidated identical input bits for $mux cell $flatten\u_fpu.\u_int_to_float_signed.$procmux$2401:
      Old ports: A=$flatten\u_fpu.\u_int_to_float_signed.$8\msb_pos[7:0], B=8'00011000, Y=$flatten\u_fpu.\u_int_to_float_signed.$9\msb_pos[7:0]
      New ports: A=$flatten\u_fpu.\u_int_to_float_signed.$8\msb_pos[7:0] [4:0], B=5'11000, Y=$flatten\u_fpu.\u_int_to_float_signed.$9\msb_pos[7:0] [4:0]
      New connections: $flatten\u_fpu.\u_int_to_float_signed.$9\msb_pos[7:0] [7:5] = 3'000
    Consolidated identical input bits for $mux cell $flatten\u_fpu.\u_int_to_float_signed.$procmux$2407:
      Old ports: A=$flatten\u_fpu.\u_int_to_float_signed.$7\msb_pos[7:0] [4:0], B=5'11001, Y=$flatten\u_fpu.\u_int_to_float_signed.$8\msb_pos[7:0] [4:0]
      New ports: A=$flatten\u_fpu.\u_int_to_float_signed.$7\msb_pos[7:0] [3:0], B=4'1001, Y=$flatten\u_fpu.\u_int_to_float_signed.$8\msb_pos[7:0] [3:0]
      New connections: $flatten\u_fpu.\u_int_to_float_signed.$8\msb_pos[7:0] [4] = $flatten\u_fpu.\u_int_to_float_signed.$8\msb_pos[7:0] [3]
    Consolidated identical input bits for $mux cell $flatten\u_fpu.\u_int_to_float_unsigned.$procmux$2401:
      Old ports: A=$flatten\u_fpu.\u_int_to_float_unsigned.$8\msb_pos[7:0], B=8'00011000, Y=$flatten\u_fpu.\u_int_to_float_unsigned.$9\msb_pos[7:0]
      New ports: A=$flatten\u_fpu.\u_int_to_float_unsigned.$8\msb_pos[7:0] [4:0], B=5'11000, Y=$flatten\u_fpu.\u_int_to_float_unsigned.$9\msb_pos[7:0] [4:0]
      New connections: $flatten\u_fpu.\u_int_to_float_unsigned.$9\msb_pos[7:0] [7:5] = 3'000
    Consolidated identical input bits for $mux cell $flatten\u_fpu.\u_int_to_float_unsigned.$procmux$2407:
      Old ports: A=$flatten\u_fpu.\u_int_to_float_unsigned.$7\msb_pos[7:0] [4:0], B=5'11001, Y=$flatten\u_fpu.\u_int_to_float_unsigned.$8\msb_pos[7:0] [4:0]
      New ports: A=$flatten\u_fpu.\u_int_to_float_unsigned.$7\msb_pos[7:0] [3:0], B=4'1001, Y=$flatten\u_fpu.\u_int_to_float_unsigned.$8\msb_pos[7:0] [3:0]
      New connections: $flatten\u_fpu.\u_int_to_float_unsigned.$8\msb_pos[7:0] [4] = $flatten\u_fpu.\u_int_to_float_unsigned.$8\msb_pos[7:0] [3]
    Consolidated identical input bits for $mux cell $flatten\u_fpu.\u_subtractor.$procmux$2966:
      Old ports: A=$flatten\u_fpu.\u_adder.$33\norm_shift[7:0], B=8'00010111, Y=$flatten\u_fpu.\u_adder.$34\norm_shift[7:0]
      New ports: A=$flatten\u_fpu.\u_adder.$33\norm_shift[7:0] [4:0], B=5'10111, Y=$flatten\u_fpu.\u_adder.$34\norm_shift[7:0] [4:0]
      New connections: $flatten\u_fpu.\u_adder.$34\norm_shift[7:0] [7:5] = 3'000
    Consolidated identical input bits for $mux cell $flatten\u_fpu.\u_subtractor.$procmux$3002:
      Old ports: A=$flatten\u_fpu.\u_adder.$32\norm_shift[7:0] [4:0], B=5'10110, Y=$flatten\u_fpu.\u_adder.$33\norm_shift[7:0] [4:0]
      New ports: A={ $flatten\u_fpu.\u_adder.$32\norm_shift[7:0] [4] $flatten\u_fpu.\u_adder.$32\norm_shift[7:0] [2:0] }, B=4'1110, Y={ $flatten\u_fpu.\u_adder.$33\norm_shift[7:0] [4] $flatten\u_fpu.\u_adder.$33\norm_shift[7:0] [2:0] }
      New connections: $flatten\u_fpu.\u_adder.$33\norm_shift[7:0] [3] = 1'0
    Consolidated identical input bits for $mux cell $flatten\u_fpu.\u_subtractor.$procmux$3255:
      Old ports: A=$flatten\u_fpu.\u_adder.$25\norm_shift[7:0], B=8'00001111, Y=$flatten\u_fpu.\u_adder.$26\norm_shift[7:0]
      New ports: A=$flatten\u_fpu.\u_adder.$25\norm_shift[7:0] [3:0], B=4'1111, Y=$flatten\u_fpu.\u_adder.$26\norm_shift[7:0] [3:0]
      New connections: $flatten\u_fpu.\u_adder.$26\norm_shift[7:0] [7:4] = 4'0000
  Optimizing cells in module \synth_harness.
    Consolidated identical input bits for $mux cell $flatten\u_fpu.\u_div_assemble.$procmux$1702:
      Old ports: A=$flatten\u_fpu.\u_div_assemble.$10\msb_pos[7:0], B=8'00100111, Y=$flatten\u_fpu.\u_div_assemble.$11\msb_pos[7:0]
      New ports: A=$flatten\u_fpu.\u_div_assemble.$10\msb_pos[7:0] [5:0], B=6'100111, Y=$flatten\u_fpu.\u_div_assemble.$11\msb_pos[7:0] [5:0]
      New connections: $flatten\u_fpu.\u_div_assemble.$11\msb_pos[7:0] [7:6] = 2'00
    Consolidated identical input bits for $mux cell $flatten\u_fpu.\u_div_assemble.$procmux$1711:
      Old ports: A=$flatten\u_fpu.\u_div_assemble.$9\msb_pos[7:0] [5:0], B=6'101000, Y=$flatten\u_fpu.\u_div_assemble.$10\msb_pos[7:0] [5:0]
      New ports: A=$flatten\u_fpu.\u_div_assemble.$9\msb_pos[7:0] [3:0], B=4'1000, Y=$flatten\u_fpu.\u_div_assemble.$10\msb_pos[7:0] [3:0]
      New connections: $flatten\u_fpu.\u_div_assemble.$10\msb_pos[7:0] [5:4] = { $flatten\u_fpu.\u_div_assemble.$10\msb_pos[7:0] [3] 1'0 }
    Consolidated identical input bits for $mux cell $flatten\u_fpu.\u_fma_nmadd.\u_add.$procmux$3575:
      Old ports: A=$flatten\u_fpu.\u_fma_madd.\u_add.$34\norm_shift[7:0], B=$flatten\u_fpu.\u_fma_madd.\u_add.$26\norm_shift[7:0], Y=$flatten\u_fpu.\u_fma_madd.\u_add.$18\norm_shift[7:0]
      New ports: A=$flatten\u_fpu.\u_fma_madd.\u_add.$34\norm_shift[7:0] [4:0], B={ 1'0 $flatten\u_fpu.\u_fma_madd.\u_add.$26\norm_shift[7:0] [3:0] }, Y=$flatten\u_fpu.\u_fma_madd.\u_add.$18\norm_shift[7:0] [4:0]
      New connections: $flatten\u_fpu.\u_fma_madd.\u_add.$18\norm_shift[7:0] [7:5] = 3'000
    Consolidated identical input bits for $mux cell $flatten\u_fpu.\u_fma_nmsub.\u_add.$procmux$2966:
      Old ports: A=$flatten\u_fpu.\u_fma_madd.\u_add.$33\norm_shift[7:0] [4:0], B=5'10111, Y=$flatten\u_fpu.\u_fma_madd.\u_add.$34\norm_shift[7:0] [4:0]
      New ports: A={ $flatten\u_fpu.\u_fma_madd.\u_add.$33\norm_shift[7:0] [4] $flatten\u_fpu.\u_fma_madd.\u_add.$33\norm_shift[7:0] [2:0] }, B=4'1111, Y={ $flatten\u_fpu.\u_fma_madd.\u_add.$34\norm_shift[7:0] [4] $flatten\u_fpu.\u_fma_madd.\u_add.$34\norm_shift[7:0] [2:0] }
      New connections: $flatten\u_fpu.\u_fma_madd.\u_add.$34\norm_shift[7:0] [3] = 1'0
    Consolidated identical input bits for $mux cell $flatten\u_fpu.\u_int_to_float_signed.$procmux$2395:
      Old ports: A=$flatten\u_fpu.\u_int_to_float_signed.$9\msb_pos[7:0], B=8'00010111, Y=$flatten\u_fpu.\u_int_to_float_signed.$10\msb_pos[7:0]
      New ports: A=$flatten\u_fpu.\u_int_to_float_signed.$9\msb_pos[7:0] [4:0], B=5'10111, Y=$flatten\u_fpu.\u_int_to_float_signed.$10\msb_pos[7:0] [4:0]
      New connections: $flatten\u_fpu.\u_int_to_float_signed.$10\msb_pos[7:0] [7:5] = 3'000
    Consolidated identical input bits for $mux cell $flatten\u_fpu.\u_int_to_float_signed.$procmux$2401:
      Old ports: A=$flatten\u_fpu.\u_int_to_float_signed.$8\msb_pos[7:0] [4:0], B=5'11000, Y=$flatten\u_fpu.\u_int_to_float_signed.$9\msb_pos[7:0] [4:0]
      New ports: A=$flatten\u_fpu.\u_int_to_float_signed.$8\msb_pos[7:0] [3:0], B=4'1000, Y=$flatten\u_fpu.\u_int_to_float_signed.$9\msb_pos[7:0] [3:0]
      New connections: $flatten\u_fpu.\u_int_to_float_signed.$9\msb_pos[7:0] [4] = $flatten\u_fpu.\u_int_to_float_signed.$9\msb_pos[7:0] [3]
    Consolidated identical input bits for $mux cell $flatten\u_fpu.\u_int_to_float_unsigned.$procmux$2395:
      Old ports: A=$flatten\u_fpu.\u_int_to_float_unsigned.$9\msb_pos[7:0], B=8'00010111, Y=$flatten\u_fpu.\u_int_to_float_unsigned.$10\msb_pos[7:0]
      New ports: A=$flatten\u_fpu.\u_int_to_float_unsigned.$9\msb_pos[7:0] [4:0], B=5'10111, Y=$flatten\u_fpu.\u_int_to_float_unsigned.$10\msb_pos[7:0] [4:0]
      New connections: $flatten\u_fpu.\u_int_to_float_unsigned.$10\msb_pos[7:0] [7:5] = 3'000
    Consolidated identical input bits for $mux cell $flatten\u_fpu.\u_int_to_float_unsigned.$procmux$2401:
      Old ports: A=$flatten\u_fpu.\u_int_to_float_unsigned.$8\msb_pos[7:0] [4:0], B=5'11000, Y=$flatten\u_fpu.\u_int_to_float_unsigned.$9\msb_pos[7:0] [4:0]
      New ports: A=$flatten\u_fpu.\u_int_to_float_unsigned.$8\msb_pos[7:0] [3:0], B=4'1000, Y=$flatten\u_fpu.\u_int_to_float_unsigned.$9\msb_pos[7:0] [3:0]
      New connections: $flatten\u_fpu.\u_int_to_float_unsigned.$9\msb_pos[7:0] [4] = $flatten\u_fpu.\u_int_to_float_unsigned.$9\msb_pos[7:0] [3]
    Consolidated identical input bits for $mux cell $flatten\u_fpu.\u_subtractor.$procmux$2966:
      Old ports: A=$flatten\u_fpu.\u_adder.$33\norm_shift[7:0] [4:0], B=5'10111, Y=$flatten\u_fpu.\u_adder.$34\norm_shift[7:0] [4:0]
      New ports: A={ $flatten\u_fpu.\u_adder.$33\norm_shift[7:0] [4] $flatten\u_fpu.\u_adder.$33\norm_shift[7:0] [2:0] }, B=4'1111, Y={ $flatten\u_fpu.\u_adder.$34\norm_shift[7:0] [4] $flatten\u_fpu.\u_adder.$34\norm_shift[7:0] [2:0] }
      New connections: $flatten\u_fpu.\u_adder.$34\norm_shift[7:0] [3] = 1'0
    Consolidated identical input bits for $mux cell $flatten\u_fpu.\u_subtractor.$procmux$3575:
      Old ports: A=$flatten\u_fpu.\u_adder.$34\norm_shift[7:0], B=$flatten\u_fpu.\u_adder.$26\norm_shift[7:0], Y=$flatten\u_fpu.\u_adder.$18\norm_shift[7:0]
      New ports: A=$flatten\u_fpu.\u_adder.$34\norm_shift[7:0] [4:0], B={ 1'0 $flatten\u_fpu.\u_adder.$26\norm_shift[7:0] [3:0] }, Y=$flatten\u_fpu.\u_adder.$18\norm_shift[7:0] [4:0]
      New connections: $flatten\u_fpu.\u_adder.$18\norm_shift[7:0] [7:5] = 3'000
  Optimizing cells in module \synth_harness.
    Consolidated identical input bits for $mux cell $flatten\u_fpu.\u_adder.$procmux$3902:
      Old ports: A=$flatten\u_fpu.\u_adder.$18\norm_shift[7:0], B=$flatten\u_fpu.\u_adder.$17\norm_shift[7:0], Y=$flatten\u_fpu.\u_adder.$10\norm_shift[7:0]
      New ports: A=$flatten\u_fpu.\u_adder.$18\norm_shift[7:0] [4:0], B={ 2'00 $flatten\u_fpu.\u_adder.$17\norm_shift[7:0] [2:0] }, Y=$flatten\u_fpu.\u_adder.$10\norm_shift[7:0] [4:0]
      New connections: $flatten\u_fpu.\u_adder.$10\norm_shift[7:0] [7:5] = 3'000
    Consolidated identical input bits for $mux cell $flatten\u_fpu.\u_div_assemble.$procmux$1693:
      Old ports: A=$flatten\u_fpu.\u_div_assemble.$11\msb_pos[7:0], B=8'00100110, Y=$flatten\u_fpu.\u_div_assemble.$12\msb_pos[7:0]
      New ports: A=$flatten\u_fpu.\u_div_assemble.$11\msb_pos[7:0] [5:0], B=6'100110, Y=$flatten\u_fpu.\u_div_assemble.$12\msb_pos[7:0] [5:0]
      New connections: $flatten\u_fpu.\u_div_assemble.$12\msb_pos[7:0] [7:6] = 2'00
    Consolidated identical input bits for $mux cell $flatten\u_fpu.\u_div_assemble.$procmux$1702:
      Old ports: A=$flatten\u_fpu.\u_div_assemble.$10\msb_pos[7:0] [5:0], B=6'100111, Y=$flatten\u_fpu.\u_div_assemble.$11\msb_pos[7:0] [5:0]
      New ports: A={ $flatten\u_fpu.\u_div_assemble.$10\msb_pos[7:0] [3] $flatten\u_fpu.\u_div_assemble.$10\msb_pos[7:0] [3:0] }, B=5'10111, Y={ $flatten\u_fpu.\u_div_assemble.$11\msb_pos[7:0] [5] $flatten\u_fpu.\u_div_assemble.$11\msb_pos[7:0] [3:0] }
      New connections: $flatten\u_fpu.\u_div_assemble.$11\msb_pos[7:0] [4] = 1'0
    Consolidated identical input bits for $mux cell $flatten\u_fpu.\u_fma_nmadd.\u_add.$procmux$3902:
      Old ports: A=$flatten\u_fpu.\u_fma_madd.\u_add.$18\norm_shift[7:0], B=$flatten\u_fpu.\u_fma_madd.\u_add.$17\norm_shift[7:0], Y=$flatten\u_fpu.\u_fma_madd.\u_add.$10\norm_shift[7:0]
      New ports: A=$flatten\u_fpu.\u_fma_madd.\u_add.$18\norm_shift[7:0] [4:0], B={ 2'00 $flatten\u_fpu.\u_fma_madd.\u_add.$17\norm_shift[7:0] [2:0] }, Y=$flatten\u_fpu.\u_fma_madd.\u_add.$10\norm_shift[7:0] [4:0]
      New connections: $flatten\u_fpu.\u_fma_madd.\u_add.$10\norm_shift[7:0] [7:5] = 3'000
    Consolidated identical input bits for $mux cell $flatten\u_fpu.\u_int_to_float_signed.$procmux$2389:
      Old ports: A=$flatten\u_fpu.\u_int_to_float_signed.$10\msb_pos[7:0], B=8'00010110, Y=$flatten\u_fpu.\u_int_to_float_signed.$11\msb_pos[7:0]
      New ports: A=$flatten\u_fpu.\u_int_to_float_signed.$10\msb_pos[7:0] [4:0], B=5'10110, Y=$flatten\u_fpu.\u_int_to_float_signed.$11\msb_pos[7:0] [4:0]
      New connections: $flatten\u_fpu.\u_int_to_float_signed.$11\msb_pos[7:0] [7:5] = 3'000
    Consolidated identical input bits for $mux cell $flatten\u_fpu.\u_int_to_float_unsigned.$procmux$2389:
      Old ports: A=$flatten\u_fpu.\u_int_to_float_unsigned.$10\msb_pos[7:0], B=8'00010110, Y=$flatten\u_fpu.\u_int_to_float_unsigned.$11\msb_pos[7:0]
      New ports: A=$flatten\u_fpu.\u_int_to_float_unsigned.$10\msb_pos[7:0] [4:0], B=5'10110, Y=$flatten\u_fpu.\u_int_to_float_unsigned.$11\msb_pos[7:0] [4:0]
      New connections: $flatten\u_fpu.\u_int_to_float_unsigned.$11\msb_pos[7:0] [7:5] = 3'000
  Optimizing cells in module \synth_harness.
    Consolidated identical input bits for $mux cell $auto$share.cc:661:make_supercell$6315:
      Old ports: A=$flatten\u_fpu.\u_fma_madd.\u_add.$10\norm_shift[7:0], B=$flatten\u_fpu.\u_adder.$10\norm_shift[7:0], Y=$auto$share.cc:658:make_supercell$6313
      New ports: A=$flatten\u_fpu.\u_fma_madd.\u_add.$10\norm_shift[7:0] [4:0], B=$flatten\u_fpu.\u_adder.$10\norm_shift[7:0] [4:0], Y=$auto$share.cc:658:make_supercell$6313 [4:0]
      New connections: $auto$share.cc:658:make_supercell$6313 [7:5] = 3'000
    Consolidated identical input bits for $mux cell $flatten\u_fpu.\u_div_assemble.$procmux$1684:
      Old ports: A=$flatten\u_fpu.\u_div_assemble.$12\msb_pos[7:0], B=8'00100101, Y=$flatten\u_fpu.\u_div_assemble.$13\msb_pos[7:0]
      New ports: A=$flatten\u_fpu.\u_div_assemble.$12\msb_pos[7:0] [5:0], B=6'100101, Y=$flatten\u_fpu.\u_div_assemble.$13\msb_pos[7:0] [5:0]
      New connections: $flatten\u_fpu.\u_div_assemble.$13\msb_pos[7:0] [7:6] = 2'00
    Consolidated identical input bits for $mux cell $flatten\u_fpu.\u_div_assemble.$procmux$1693:
      Old ports: A=$flatten\u_fpu.\u_div_assemble.$11\msb_pos[7:0] [5:0], B=6'100110, Y=$flatten\u_fpu.\u_div_assemble.$12\msb_pos[7:0] [5:0]
      New ports: A={ $flatten\u_fpu.\u_div_assemble.$11\msb_pos[7:0] [5] $flatten\u_fpu.\u_div_assemble.$11\msb_pos[7:0] [3:0] }, B=5'10110, Y={ $flatten\u_fpu.\u_div_assemble.$12\msb_pos[7:0] [5] $flatten\u_fpu.\u_div_assemble.$12\msb_pos[7:0] [3:0] }
      New connections: $flatten\u_fpu.\u_div_assemble.$12\msb_pos[7:0] [4] = 1'0
    Consolidated identical input bits for $mux cell $flatten\u_fpu.\u_int_to_float_signed.$procmux$2383:
      Old ports: A=$flatten\u_fpu.\u_int_to_float_signed.$11\msb_pos[7:0], B=8'00010101, Y=$flatten\u_fpu.\u_int_to_float_signed.$12\msb_pos[7:0]
      New ports: A=$flatten\u_fpu.\u_int_to_float_signed.$11\msb_pos[7:0] [4:0], B=5'10101, Y=$flatten\u_fpu.\u_int_to_float_signed.$12\msb_pos[7:0] [4:0]
      New connections: $flatten\u_fpu.\u_int_to_float_signed.$12\msb_pos[7:0] [7:5] = 3'000
    Consolidated identical input bits for $mux cell $flatten\u_fpu.\u_int_to_float_unsigned.$procmux$2383:
      Old ports: A=$flatten\u_fpu.\u_int_to_float_unsigned.$11\msb_pos[7:0], B=8'00010101, Y=$flatten\u_fpu.\u_int_to_float_unsigned.$12\msb_pos[7:0]
      New ports: A=$flatten\u_fpu.\u_int_to_float_unsigned.$11\msb_pos[7:0] [4:0], B=5'10101, Y=$flatten\u_fpu.\u_int_to_float_unsigned.$12\msb_pos[7:0] [4:0]
      New connections: $flatten\u_fpu.\u_int_to_float_unsigned.$12\msb_pos[7:0] [7:5] = 3'000
  Optimizing cells in module \synth_harness.
    Consolidated identical input bits for $mux cell $auto$share.cc:661:make_supercell$6325:
      Old ports: A=$auto$share.cc:658:make_supercell$6313, B=$flatten\u_fpu.\u_fma_madd.\u_add.$10\norm_shift[7:0], Y=$auto$share.cc:658:make_supercell$6323
      New ports: A=$auto$share.cc:658:make_supercell$6313 [4:0], B=$flatten\u_fpu.\u_fma_madd.\u_add.$10\norm_shift[7:0] [4:0], Y=$auto$share.cc:658:make_supercell$6323 [4:0]
      New connections: $auto$share.cc:658:make_supercell$6323 [7:5] = 3'000
    Consolidated identical input bits for $mux cell $flatten\u_fpu.\u_div_assemble.$procmux$1675:
      Old ports: A=$flatten\u_fpu.\u_div_assemble.$13\msb_pos[7:0], B=8'00100100, Y=$flatten\u_fpu.\u_div_assemble.$14\msb_pos[7:0]
      New ports: A=$flatten\u_fpu.\u_div_assemble.$13\msb_pos[7:0] [5:0], B=6'100100, Y=$flatten\u_fpu.\u_div_assemble.$14\msb_pos[7:0] [5:0]
      New connections: $flatten\u_fpu.\u_div_assemble.$14\msb_pos[7:0] [7:6] = 2'00
    Consolidated identical input bits for $mux cell $flatten\u_fpu.\u_div_assemble.$procmux$1684:
      Old ports: A=$flatten\u_fpu.\u_div_assemble.$12\msb_pos[7:0] [5:0], B=6'100101, Y=$flatten\u_fpu.\u_div_assemble.$13\msb_pos[7:0] [5:0]
      New ports: A={ $flatten\u_fpu.\u_div_assemble.$12\msb_pos[7:0] [5] $flatten\u_fpu.\u_div_assemble.$12\msb_pos[7:0] [3:0] }, B=5'10101, Y={ $flatten\u_fpu.\u_div_assemble.$13\msb_pos[7:0] [5] $flatten\u_fpu.\u_div_assemble.$13\msb_pos[7:0] [3:0] }
      New connections: $flatten\u_fpu.\u_div_assemble.$13\msb_pos[7:0] [4] = 1'0
    Consolidated identical input bits for $mux cell $flatten\u_fpu.\u_int_to_float_signed.$procmux$2377:
      Old ports: A=$flatten\u_fpu.\u_int_to_float_signed.$12\msb_pos[7:0], B=8'00010100, Y=$flatten\u_fpu.\u_int_to_float_signed.$13\msb_pos[7:0]
      New ports: A=$flatten\u_fpu.\u_int_to_float_signed.$12\msb_pos[7:0] [4:0], B=5'10100, Y=$flatten\u_fpu.\u_int_to_float_signed.$13\msb_pos[7:0] [4:0]
      New connections: $flatten\u_fpu.\u_int_to_float_signed.$13\msb_pos[7:0] [7:5] = 3'000
    Consolidated identical input bits for $mux cell $flatten\u_fpu.\u_int_to_float_unsigned.$procmux$2377:
      Old ports: A=$flatten\u_fpu.\u_int_to_float_unsigned.$12\msb_pos[7:0], B=8'00010100, Y=$flatten\u_fpu.\u_int_to_float_unsigned.$13\msb_pos[7:0]
      New ports: A=$flatten\u_fpu.\u_int_to_float_unsigned.$12\msb_pos[7:0] [4:0], B=5'10100, Y=$flatten\u_fpu.\u_int_to_float_unsigned.$13\msb_pos[7:0] [4:0]
      New connections: $flatten\u_fpu.\u_int_to_float_unsigned.$13\msb_pos[7:0] [7:5] = 3'000
  Optimizing cells in module \synth_harness.
    Consolidated identical input bits for $mux cell $auto$share.cc:661:make_supercell$6335:
      Old ports: A=$auto$share.cc:658:make_supercell$6323, B=$flatten\u_fpu.\u_fma_madd.\u_add.$10\norm_shift[7:0], Y=$auto$share.cc:658:make_supercell$6333
      New ports: A=$auto$share.cc:658:make_supercell$6323 [4:0], B=$flatten\u_fpu.\u_fma_madd.\u_add.$10\norm_shift[7:0] [4:0], Y=$auto$share.cc:658:make_supercell$6333 [4:0]
      New connections: $auto$share.cc:658:make_supercell$6333 [7:5] = 3'000
    Consolidated identical input bits for $mux cell $flatten\u_fpu.\u_div_assemble.$procmux$1666:
      Old ports: A=$flatten\u_fpu.\u_div_assemble.$14\msb_pos[7:0], B=8'00100011, Y=$flatten\u_fpu.\u_div_assemble.$15\msb_pos[7:0]
      New ports: A=$flatten\u_fpu.\u_div_assemble.$14\msb_pos[7:0] [5:0], B=6'100011, Y=$flatten\u_fpu.\u_div_assemble.$15\msb_pos[7:0] [5:0]
      New connections: $flatten\u_fpu.\u_div_assemble.$15\msb_pos[7:0] [7:6] = 2'00
    Consolidated identical input bits for $mux cell $flatten\u_fpu.\u_div_assemble.$procmux$1675:
      Old ports: A=$flatten\u_fpu.\u_div_assemble.$13\msb_pos[7:0] [5:0], B=6'100100, Y=$flatten\u_fpu.\u_div_assemble.$14\msb_pos[7:0] [5:0]
      New ports: A={ $flatten\u_fpu.\u_div_assemble.$13\msb_pos[7:0] [5] $flatten\u_fpu.\u_div_assemble.$13\msb_pos[7:0] [3:0] }, B=5'10100, Y={ $flatten\u_fpu.\u_div_assemble.$14\msb_pos[7:0] [5] $flatten\u_fpu.\u_div_assemble.$14\msb_pos[7:0] [3:0] }
      New connections: $flatten\u_fpu.\u_div_assemble.$14\msb_pos[7:0] [4] = 1'0
    Consolidated identical input bits for $mux cell $flatten\u_fpu.\u_int_to_float_signed.$procmux$2371:
      Old ports: A=$flatten\u_fpu.\u_int_to_float_signed.$13\msb_pos[7:0], B=8'00010011, Y=$flatten\u_fpu.\u_int_to_float_signed.$14\msb_pos[7:0]
      New ports: A=$flatten\u_fpu.\u_int_to_float_signed.$13\msb_pos[7:0] [4:0], B=5'10011, Y=$flatten\u_fpu.\u_int_to_float_signed.$14\msb_pos[7:0] [4:0]
      New connections: $flatten\u_fpu.\u_int_to_float_signed.$14\msb_pos[7:0] [7:5] = 3'000
    Consolidated identical input bits for $mux cell $flatten\u_fpu.\u_int_to_float_unsigned.$procmux$2371:
      Old ports: A=$flatten\u_fpu.\u_int_to_float_unsigned.$13\msb_pos[7:0], B=8'00010011, Y=$flatten\u_fpu.\u_int_to_float_unsigned.$14\msb_pos[7:0]
      New ports: A=$flatten\u_fpu.\u_int_to_float_unsigned.$13\msb_pos[7:0] [4:0], B=5'10011, Y=$flatten\u_fpu.\u_int_to_float_unsigned.$14\msb_pos[7:0] [4:0]
      New connections: $flatten\u_fpu.\u_int_to_float_unsigned.$14\msb_pos[7:0] [7:5] = 3'000
  Optimizing cells in module \synth_harness.
    Consolidated identical input bits for $mux cell $auto$share.cc:661:make_supercell$6345:
      Old ports: A=$auto$share.cc:658:make_supercell$6333, B=$flatten\u_fpu.\u_fma_madd.\u_add.$10\norm_shift[7:0], Y=$auto$share.cc:658:make_supercell$6343
      New ports: A=$auto$share.cc:658:make_supercell$6333 [4:0], B=$flatten\u_fpu.\u_fma_madd.\u_add.$10\norm_shift[7:0] [4:0], Y=$auto$share.cc:658:make_supercell$6343 [4:0]
      New connections: $auto$share.cc:658:make_supercell$6343 [7:5] = 3'000
    Consolidated identical input bits for $mux cell $flatten\u_fpu.\u_div_assemble.$procmux$1657:
      Old ports: A=$flatten\u_fpu.\u_div_assemble.$15\msb_pos[7:0], B=8'00100010, Y=$flatten\u_fpu.\u_div_assemble.$16\msb_pos[7:0]
      New ports: A=$flatten\u_fpu.\u_div_assemble.$15\msb_pos[7:0] [5:0], B=6'100010, Y=$flatten\u_fpu.\u_div_assemble.$16\msb_pos[7:0] [5:0]
      New connections: $flatten\u_fpu.\u_div_assemble.$16\msb_pos[7:0] [7:6] = 2'00
    Consolidated identical input bits for $mux cell $flatten\u_fpu.\u_div_assemble.$procmux$1666:
      Old ports: A=$flatten\u_fpu.\u_div_assemble.$14\msb_pos[7:0] [5:0], B=6'100011, Y=$flatten\u_fpu.\u_div_assemble.$15\msb_pos[7:0] [5:0]
      New ports: A={ $flatten\u_fpu.\u_div_assemble.$14\msb_pos[7:0] [5] $flatten\u_fpu.\u_div_assemble.$14\msb_pos[7:0] [3:0] }, B=5'10011, Y={ $flatten\u_fpu.\u_div_assemble.$15\msb_pos[7:0] [5] $flatten\u_fpu.\u_div_assemble.$15\msb_pos[7:0] [3:0] }
      New connections: $flatten\u_fpu.\u_div_assemble.$15\msb_pos[7:0] [4] = 1'0
    Consolidated identical input bits for $mux cell $flatten\u_fpu.\u_int_to_float_signed.$procmux$2365:
      Old ports: A=$flatten\u_fpu.\u_int_to_float_signed.$14\msb_pos[7:0], B=8'00010010, Y=$flatten\u_fpu.\u_int_to_float_signed.$15\msb_pos[7:0]
      New ports: A=$flatten\u_fpu.\u_int_to_float_signed.$14\msb_pos[7:0] [4:0], B=5'10010, Y=$flatten\u_fpu.\u_int_to_float_signed.$15\msb_pos[7:0] [4:0]
      New connections: $flatten\u_fpu.\u_int_to_float_signed.$15\msb_pos[7:0] [7:5] = 3'000
    Consolidated identical input bits for $mux cell $flatten\u_fpu.\u_int_to_float_unsigned.$procmux$2365:
      Old ports: A=$flatten\u_fpu.\u_int_to_float_unsigned.$14\msb_pos[7:0], B=8'00010010, Y=$flatten\u_fpu.\u_int_to_float_unsigned.$15\msb_pos[7:0]
      New ports: A=$flatten\u_fpu.\u_int_to_float_unsigned.$14\msb_pos[7:0] [4:0], B=5'10010, Y=$flatten\u_fpu.\u_int_to_float_unsigned.$15\msb_pos[7:0] [4:0]
      New connections: $flatten\u_fpu.\u_int_to_float_unsigned.$15\msb_pos[7:0] [7:5] = 3'000
  Optimizing cells in module \synth_harness.
    Consolidated identical input bits for $mux cell $auto$share.cc:661:make_supercell$6355:
      Old ports: A=$auto$share.cc:658:make_supercell$6343, B=$flatten\u_fpu.\u_adder.$10\norm_shift[7:0], Y=$auto$share.cc:658:make_supercell$6353
      New ports: A=$auto$share.cc:658:make_supercell$6343 [4:0], B=$flatten\u_fpu.\u_adder.$10\norm_shift[7:0] [4:0], Y=$auto$share.cc:658:make_supercell$6353 [4:0]
      New connections: $auto$share.cc:658:make_supercell$6353 [7:5] = 3'000
    Consolidated identical input bits for $mux cell $flatten\u_fpu.\u_div_assemble.$procmux$1648:
      Old ports: A=$flatten\u_fpu.\u_div_assemble.$16\msb_pos[7:0], B=8'00100001, Y=$flatten\u_fpu.\u_div_assemble.$17\msb_pos[7:0]
      New ports: A=$flatten\u_fpu.\u_div_assemble.$16\msb_pos[7:0] [5:0], B=6'100001, Y=$flatten\u_fpu.\u_div_assemble.$17\msb_pos[7:0] [5:0]
      New connections: $flatten\u_fpu.\u_div_assemble.$17\msb_pos[7:0] [7:6] = 2'00
    Consolidated identical input bits for $mux cell $flatten\u_fpu.\u_div_assemble.$procmux$1657:
      Old ports: A=$flatten\u_fpu.\u_div_assemble.$15\msb_pos[7:0] [5:0], B=6'100010, Y=$flatten\u_fpu.\u_div_assemble.$16\msb_pos[7:0] [5:0]
      New ports: A={ $flatten\u_fpu.\u_div_assemble.$15\msb_pos[7:0] [5] $flatten\u_fpu.\u_div_assemble.$15\msb_pos[7:0] [3:0] }, B=5'10010, Y={ $flatten\u_fpu.\u_div_assemble.$16\msb_pos[7:0] [5] $flatten\u_fpu.\u_div_assemble.$16\msb_pos[7:0] [3:0] }
      New connections: $flatten\u_fpu.\u_div_assemble.$16\msb_pos[7:0] [4] = 1'0
    Consolidated identical input bits for $mux cell $flatten\u_fpu.\u_int_to_float_signed.$procmux$2359:
      Old ports: A=$flatten\u_fpu.\u_int_to_float_signed.$15\msb_pos[7:0], B=8'00010001, Y=$flatten\u_fpu.\u_int_to_float_signed.$16\msb_pos[7:0]
      New ports: A=$flatten\u_fpu.\u_int_to_float_signed.$15\msb_pos[7:0] [4:0], B=5'10001, Y=$flatten\u_fpu.\u_int_to_float_signed.$16\msb_pos[7:0] [4:0]
      New connections: $flatten\u_fpu.\u_int_to_float_signed.$16\msb_pos[7:0] [7:5] = 3'000
    Consolidated identical input bits for $mux cell $flatten\u_fpu.\u_int_to_float_unsigned.$procmux$2359:
      Old ports: A=$flatten\u_fpu.\u_int_to_float_unsigned.$15\msb_pos[7:0], B=8'00010001, Y=$flatten\u_fpu.\u_int_to_float_unsigned.$16\msb_pos[7:0]
      New ports: A=$flatten\u_fpu.\u_int_to_float_unsigned.$15\msb_pos[7:0] [4:0], B=5'10001, Y=$flatten\u_fpu.\u_int_to_float_unsigned.$16\msb_pos[7:0] [4:0]
      New connections: $flatten\u_fpu.\u_int_to_float_unsigned.$16\msb_pos[7:0] [7:5] = 3'000
  Optimizing cells in module \synth_harness.
    Consolidated identical input bits for $mux cell $flatten\u_fpu.\u_div_assemble.$procmux$1639:
      Old ports: A=$flatten\u_fpu.\u_div_assemble.$17\msb_pos[7:0], B=8'00100000, Y=$flatten\u_fpu.\u_div_assemble.$18\msb_pos[7:0]
      New ports: A=$flatten\u_fpu.\u_div_assemble.$17\msb_pos[7:0] [5:0], B=6'100000, Y=$flatten\u_fpu.\u_div_assemble.$18\msb_pos[7:0] [5:0]
      New connections: $flatten\u_fpu.\u_div_assemble.$18\msb_pos[7:0] [7:6] = 2'00
    Consolidated identical input bits for $mux cell $flatten\u_fpu.\u_div_assemble.$procmux$1648:
      Old ports: A=$flatten\u_fpu.\u_div_assemble.$16\msb_pos[7:0] [5:0], B=6'100001, Y=$flatten\u_fpu.\u_div_assemble.$17\msb_pos[7:0] [5:0]
      New ports: A={ $flatten\u_fpu.\u_div_assemble.$16\msb_pos[7:0] [5] $flatten\u_fpu.\u_div_assemble.$16\msb_pos[7:0] [3:0] }, B=5'10001, Y={ $flatten\u_fpu.\u_div_assemble.$17\msb_pos[7:0] [5] $flatten\u_fpu.\u_div_assemble.$17\msb_pos[7:0] [3:0] }
      New connections: $flatten\u_fpu.\u_div_assemble.$17\msb_pos[7:0] [4] = 1'0
    Consolidated identical input bits for $mux cell $flatten\u_fpu.\u_int_to_float_signed.$procmux$2353:
      Old ports: A=$flatten\u_fpu.\u_int_to_float_signed.$16\msb_pos[7:0], B=8'00010000, Y=$flatten\u_fpu.\u_int_to_float_signed.$17\msb_pos[7:0]
      New ports: A=$flatten\u_fpu.\u_int_to_float_signed.$16\msb_pos[7:0] [4:0], B=5'10000, Y=$flatten\u_fpu.\u_int_to_float_signed.$17\msb_pos[7:0] [4:0]
      New connections: $flatten\u_fpu.\u_int_to_float_signed.$17\msb_pos[7:0] [7:5] = 3'000
    Consolidated identical input bits for $mux cell $flatten\u_fpu.\u_int_to_float_unsigned.$procmux$2353:
      Old ports: A=$flatten\u_fpu.\u_int_to_float_unsigned.$16\msb_pos[7:0], B=8'00010000, Y=$flatten\u_fpu.\u_int_to_float_unsigned.$17\msb_pos[7:0]
      New ports: A=$flatten\u_fpu.\u_int_to_float_unsigned.$16\msb_pos[7:0] [4:0], B=5'10000, Y=$flatten\u_fpu.\u_int_to_float_unsigned.$17\msb_pos[7:0] [4:0]
      New connections: $flatten\u_fpu.\u_int_to_float_unsigned.$17\msb_pos[7:0] [7:5] = 3'000
  Optimizing cells in module \synth_harness.
    Consolidated identical input bits for $mux cell $flatten\u_fpu.\u_div_assemble.$procmux$1630:
      Old ports: A=$flatten\u_fpu.\u_div_assemble.$18\msb_pos[7:0], B=8'00011111, Y=$flatten\u_fpu.\u_div_assemble.$19\msb_pos[7:0]
      New ports: A=$flatten\u_fpu.\u_div_assemble.$18\msb_pos[7:0] [5:0], B=6'011111, Y=$flatten\u_fpu.\u_div_assemble.$19\msb_pos[7:0] [5:0]
      New connections: $flatten\u_fpu.\u_div_assemble.$19\msb_pos[7:0] [7:6] = 2'00
    Consolidated identical input bits for $mux cell $flatten\u_fpu.\u_div_assemble.$procmux$1639:
      Old ports: A=$flatten\u_fpu.\u_div_assemble.$17\msb_pos[7:0] [5:0], B=6'100000, Y=$flatten\u_fpu.\u_div_assemble.$18\msb_pos[7:0] [5:0]
      New ports: A={ $flatten\u_fpu.\u_div_assemble.$17\msb_pos[7:0] [5] $flatten\u_fpu.\u_div_assemble.$17\msb_pos[7:0] [3:0] }, B=5'10000, Y={ $flatten\u_fpu.\u_div_assemble.$18\msb_pos[7:0] [5] $flatten\u_fpu.\u_div_assemble.$18\msb_pos[7:0] [3:0] }
      New connections: $flatten\u_fpu.\u_div_assemble.$18\msb_pos[7:0] [4] = 1'0
    Consolidated identical input bits for $mux cell $flatten\u_fpu.\u_int_to_float_signed.$procmux$2347:
      Old ports: A=$flatten\u_fpu.\u_int_to_float_signed.$17\msb_pos[7:0], B=8'00001111, Y=$flatten\u_fpu.\u_int_to_float_signed.$18\msb_pos[7:0]
      New ports: A=$flatten\u_fpu.\u_int_to_float_signed.$17\msb_pos[7:0] [4:0], B=5'01111, Y=$flatten\u_fpu.\u_int_to_float_signed.$18\msb_pos[7:0] [4:0]
      New connections: $flatten\u_fpu.\u_int_to_float_signed.$18\msb_pos[7:0] [7:5] = 3'000
    Consolidated identical input bits for $mux cell $flatten\u_fpu.\u_int_to_float_unsigned.$procmux$2347:
      Old ports: A=$flatten\u_fpu.\u_int_to_float_unsigned.$17\msb_pos[7:0], B=8'00001111, Y=$flatten\u_fpu.\u_int_to_float_unsigned.$18\msb_pos[7:0]
      New ports: A=$flatten\u_fpu.\u_int_to_float_unsigned.$17\msb_pos[7:0] [4:0], B=5'01111, Y=$flatten\u_fpu.\u_int_to_float_unsigned.$18\msb_pos[7:0] [4:0]
      New connections: $flatten\u_fpu.\u_int_to_float_unsigned.$18\msb_pos[7:0] [7:5] = 3'000
  Optimizing cells in module \synth_harness.
    Consolidated identical input bits for $mux cell $flatten\u_fpu.\u_div_assemble.$procmux$1621:
      Old ports: A=$flatten\u_fpu.\u_div_assemble.$19\msb_pos[7:0], B=8'00011110, Y=$flatten\u_fpu.\u_div_assemble.$20\msb_pos[7:0]
      New ports: A=$flatten\u_fpu.\u_div_assemble.$19\msb_pos[7:0] [5:0], B=6'011110, Y=$flatten\u_fpu.\u_div_assemble.$20\msb_pos[7:0] [5:0]
      New connections: $flatten\u_fpu.\u_div_assemble.$20\msb_pos[7:0] [7:6] = 2'00
    Consolidated identical input bits for $mux cell $flatten\u_fpu.\u_int_to_float_signed.$procmux$2341:
      Old ports: A=$flatten\u_fpu.\u_int_to_float_signed.$18\msb_pos[7:0], B=8'00001110, Y=$flatten\u_fpu.\u_int_to_float_signed.$19\msb_pos[7:0]
      New ports: A=$flatten\u_fpu.\u_int_to_float_signed.$18\msb_pos[7:0] [4:0], B=5'01110, Y=$flatten\u_fpu.\u_int_to_float_signed.$19\msb_pos[7:0] [4:0]
      New connections: $flatten\u_fpu.\u_int_to_float_signed.$19\msb_pos[7:0] [7:5] = 3'000
    Consolidated identical input bits for $mux cell $flatten\u_fpu.\u_int_to_float_unsigned.$procmux$2341:
      Old ports: A=$flatten\u_fpu.\u_int_to_float_unsigned.$18\msb_pos[7:0], B=8'00001110, Y=$flatten\u_fpu.\u_int_to_float_unsigned.$19\msb_pos[7:0]
      New ports: A=$flatten\u_fpu.\u_int_to_float_unsigned.$18\msb_pos[7:0] [4:0], B=5'01110, Y=$flatten\u_fpu.\u_int_to_float_unsigned.$19\msb_pos[7:0] [4:0]
      New connections: $flatten\u_fpu.\u_int_to_float_unsigned.$19\msb_pos[7:0] [7:5] = 3'000
  Optimizing cells in module \synth_harness.
    Consolidated identical input bits for $mux cell $flatten\u_fpu.\u_div_assemble.$procmux$1612:
      Old ports: A=$flatten\u_fpu.\u_div_assemble.$20\msb_pos[7:0], B=8'00011101, Y=$flatten\u_fpu.\u_div_assemble.$21\msb_pos[7:0]
      New ports: A=$flatten\u_fpu.\u_div_assemble.$20\msb_pos[7:0] [5:0], B=6'011101, Y=$flatten\u_fpu.\u_div_assemble.$21\msb_pos[7:0] [5:0]
      New connections: $flatten\u_fpu.\u_div_assemble.$21\msb_pos[7:0] [7:6] = 2'00
    Consolidated identical input bits for $mux cell $flatten\u_fpu.\u_int_to_float_signed.$procmux$2335:
      Old ports: A=$flatten\u_fpu.\u_int_to_float_signed.$19\msb_pos[7:0], B=8'00001101, Y=$flatten\u_fpu.\u_int_to_float_signed.$20\msb_pos[7:0]
      New ports: A=$flatten\u_fpu.\u_int_to_float_signed.$19\msb_pos[7:0] [4:0], B=5'01101, Y=$flatten\u_fpu.\u_int_to_float_signed.$20\msb_pos[7:0] [4:0]
      New connections: $flatten\u_fpu.\u_int_to_float_signed.$20\msb_pos[7:0] [7:5] = 3'000
    Consolidated identical input bits for $mux cell $flatten\u_fpu.\u_int_to_float_unsigned.$procmux$2335:
      Old ports: A=$flatten\u_fpu.\u_int_to_float_unsigned.$19\msb_pos[7:0], B=8'00001101, Y=$flatten\u_fpu.\u_int_to_float_unsigned.$20\msb_pos[7:0]
      New ports: A=$flatten\u_fpu.\u_int_to_float_unsigned.$19\msb_pos[7:0] [4:0], B=5'01101, Y=$flatten\u_fpu.\u_int_to_float_unsigned.$20\msb_pos[7:0] [4:0]
      New connections: $flatten\u_fpu.\u_int_to_float_unsigned.$20\msb_pos[7:0] [7:5] = 3'000
  Optimizing cells in module \synth_harness.
    Consolidated identical input bits for $mux cell $flatten\u_fpu.\u_div_assemble.$procmux$1603:
      Old ports: A=$flatten\u_fpu.\u_div_assemble.$21\msb_pos[7:0], B=8'00011100, Y=$flatten\u_fpu.\u_div_assemble.$22\msb_pos[7:0]
      New ports: A=$flatten\u_fpu.\u_div_assemble.$21\msb_pos[7:0] [5:0], B=6'011100, Y=$flatten\u_fpu.\u_div_assemble.$22\msb_pos[7:0] [5:0]
      New connections: $flatten\u_fpu.\u_div_assemble.$22\msb_pos[7:0] [7:6] = 2'00
    Consolidated identical input bits for $mux cell $flatten\u_fpu.\u_int_to_float_signed.$procmux$2329:
      Old ports: A=$flatten\u_fpu.\u_int_to_float_signed.$20\msb_pos[7:0], B=8'00001100, Y=$flatten\u_fpu.\u_int_to_float_signed.$21\msb_pos[7:0]
      New ports: A=$flatten\u_fpu.\u_int_to_float_signed.$20\msb_pos[7:0] [4:0], B=5'01100, Y=$flatten\u_fpu.\u_int_to_float_signed.$21\msb_pos[7:0] [4:0]
      New connections: $flatten\u_fpu.\u_int_to_float_signed.$21\msb_pos[7:0] [7:5] = 3'000
    Consolidated identical input bits for $mux cell $flatten\u_fpu.\u_int_to_float_unsigned.$procmux$2329:
      Old ports: A=$flatten\u_fpu.\u_int_to_float_unsigned.$20\msb_pos[7:0], B=8'00001100, Y=$flatten\u_fpu.\u_int_to_float_unsigned.$21\msb_pos[7:0]
      New ports: A=$flatten\u_fpu.\u_int_to_float_unsigned.$20\msb_pos[7:0] [4:0], B=5'01100, Y=$flatten\u_fpu.\u_int_to_float_unsigned.$21\msb_pos[7:0] [4:0]
      New connections: $flatten\u_fpu.\u_int_to_float_unsigned.$21\msb_pos[7:0] [7:5] = 3'000
  Optimizing cells in module \synth_harness.
    Consolidated identical input bits for $mux cell $flatten\u_fpu.\u_div_assemble.$procmux$1594:
      Old ports: A=$flatten\u_fpu.\u_div_assemble.$22\msb_pos[7:0], B=8'00011011, Y=$flatten\u_fpu.\u_div_assemble.$23\msb_pos[7:0]
      New ports: A=$flatten\u_fpu.\u_div_assemble.$22\msb_pos[7:0] [5:0], B=6'011011, Y=$flatten\u_fpu.\u_div_assemble.$23\msb_pos[7:0] [5:0]
      New connections: $flatten\u_fpu.\u_div_assemble.$23\msb_pos[7:0] [7:6] = 2'00
    Consolidated identical input bits for $mux cell $flatten\u_fpu.\u_int_to_float_signed.$procmux$2323:
      Old ports: A=$flatten\u_fpu.\u_int_to_float_signed.$21\msb_pos[7:0], B=8'00001011, Y=$flatten\u_fpu.\u_int_to_float_signed.$22\msb_pos[7:0]
      New ports: A=$flatten\u_fpu.\u_int_to_float_signed.$21\msb_pos[7:0] [4:0], B=5'01011, Y=$flatten\u_fpu.\u_int_to_float_signed.$22\msb_pos[7:0] [4:0]
      New connections: $flatten\u_fpu.\u_int_to_float_signed.$22\msb_pos[7:0] [7:5] = 3'000
    Consolidated identical input bits for $mux cell $flatten\u_fpu.\u_int_to_float_unsigned.$procmux$2323:
      Old ports: A=$flatten\u_fpu.\u_int_to_float_unsigned.$21\msb_pos[7:0], B=8'00001011, Y=$flatten\u_fpu.\u_int_to_float_unsigned.$22\msb_pos[7:0]
      New ports: A=$flatten\u_fpu.\u_int_to_float_unsigned.$21\msb_pos[7:0] [4:0], B=5'01011, Y=$flatten\u_fpu.\u_int_to_float_unsigned.$22\msb_pos[7:0] [4:0]
      New connections: $flatten\u_fpu.\u_int_to_float_unsigned.$22\msb_pos[7:0] [7:5] = 3'000
  Optimizing cells in module \synth_harness.
    Consolidated identical input bits for $mux cell $flatten\u_fpu.\u_div_assemble.$procmux$1585:
      Old ports: A=$flatten\u_fpu.\u_div_assemble.$23\msb_pos[7:0], B=8'00011010, Y=$flatten\u_fpu.\u_div_assemble.$24\msb_pos[7:0]
      New ports: A=$flatten\u_fpu.\u_div_assemble.$23\msb_pos[7:0] [5:0], B=6'011010, Y=$flatten\u_fpu.\u_div_assemble.$24\msb_pos[7:0] [5:0]
      New connections: $flatten\u_fpu.\u_div_assemble.$24\msb_pos[7:0] [7:6] = 2'00
    Consolidated identical input bits for $mux cell $flatten\u_fpu.\u_int_to_float_signed.$procmux$2317:
      Old ports: A=$flatten\u_fpu.\u_int_to_float_signed.$22\msb_pos[7:0], B=8'00001010, Y=$flatten\u_fpu.\u_int_to_float_signed.$23\msb_pos[7:0]
      New ports: A=$flatten\u_fpu.\u_int_to_float_signed.$22\msb_pos[7:0] [4:0], B=5'01010, Y=$flatten\u_fpu.\u_int_to_float_signed.$23\msb_pos[7:0] [4:0]
      New connections: $flatten\u_fpu.\u_int_to_float_signed.$23\msb_pos[7:0] [7:5] = 3'000
    Consolidated identical input bits for $mux cell $flatten\u_fpu.\u_int_to_float_unsigned.$procmux$2317:
      Old ports: A=$flatten\u_fpu.\u_int_to_float_unsigned.$22\msb_pos[7:0], B=8'00001010, Y=$flatten\u_fpu.\u_int_to_float_unsigned.$23\msb_pos[7:0]
      New ports: A=$flatten\u_fpu.\u_int_to_float_unsigned.$22\msb_pos[7:0] [4:0], B=5'01010, Y=$flatten\u_fpu.\u_int_to_float_unsigned.$23\msb_pos[7:0] [4:0]
      New connections: $flatten\u_fpu.\u_int_to_float_unsigned.$23\msb_pos[7:0] [7:5] = 3'000
  Optimizing cells in module \synth_harness.
    Consolidated identical input bits for $mux cell $flatten\u_fpu.\u_div_assemble.$procmux$1576:
      Old ports: A=$flatten\u_fpu.\u_div_assemble.$24\msb_pos[7:0], B=8'00011001, Y=$flatten\u_fpu.\u_div_assemble.$25\msb_pos[7:0]
      New ports: A=$flatten\u_fpu.\u_div_assemble.$24\msb_pos[7:0] [5:0], B=6'011001, Y=$flatten\u_fpu.\u_div_assemble.$25\msb_pos[7:0] [5:0]
      New connections: $flatten\u_fpu.\u_div_assemble.$25\msb_pos[7:0] [7:6] = 2'00
    Consolidated identical input bits for $mux cell $flatten\u_fpu.\u_int_to_float_signed.$procmux$2311:
      Old ports: A=$flatten\u_fpu.\u_int_to_float_signed.$23\msb_pos[7:0], B=8'00001001, Y=$flatten\u_fpu.\u_int_to_float_signed.$24\msb_pos[7:0]
      New ports: A=$flatten\u_fpu.\u_int_to_float_signed.$23\msb_pos[7:0] [4:0], B=5'01001, Y=$flatten\u_fpu.\u_int_to_float_signed.$24\msb_pos[7:0] [4:0]
      New connections: $flatten\u_fpu.\u_int_to_float_signed.$24\msb_pos[7:0] [7:5] = 3'000
    Consolidated identical input bits for $mux cell $flatten\u_fpu.\u_int_to_float_unsigned.$procmux$2311:
      Old ports: A=$flatten\u_fpu.\u_int_to_float_unsigned.$23\msb_pos[7:0], B=8'00001001, Y=$flatten\u_fpu.\u_int_to_float_unsigned.$24\msb_pos[7:0]
      New ports: A=$flatten\u_fpu.\u_int_to_float_unsigned.$23\msb_pos[7:0] [4:0], B=5'01001, Y=$flatten\u_fpu.\u_int_to_float_unsigned.$24\msb_pos[7:0] [4:0]
      New connections: $flatten\u_fpu.\u_int_to_float_unsigned.$24\msb_pos[7:0] [7:5] = 3'000
  Optimizing cells in module \synth_harness.
    Consolidated identical input bits for $mux cell $flatten\u_fpu.\u_div_assemble.$procmux$1567:
      Old ports: A=$flatten\u_fpu.\u_div_assemble.$25\msb_pos[7:0], B=8'00011000, Y=$flatten\u_fpu.\u_div_assemble.$26\msb_pos[7:0]
      New ports: A=$flatten\u_fpu.\u_div_assemble.$25\msb_pos[7:0] [5:0], B=6'011000, Y=$flatten\u_fpu.\u_div_assemble.$26\msb_pos[7:0] [5:0]
      New connections: $flatten\u_fpu.\u_div_assemble.$26\msb_pos[7:0] [7:6] = 2'00
    Consolidated identical input bits for $mux cell $flatten\u_fpu.\u_int_to_float_signed.$procmux$2305:
      Old ports: A=$flatten\u_fpu.\u_int_to_float_signed.$24\msb_pos[7:0], B=8'00001000, Y=$flatten\u_fpu.\u_int_to_float_signed.$25\msb_pos[7:0]
      New ports: A=$flatten\u_fpu.\u_int_to_float_signed.$24\msb_pos[7:0] [4:0], B=5'01000, Y=$flatten\u_fpu.\u_int_to_float_signed.$25\msb_pos[7:0] [4:0]
      New connections: $flatten\u_fpu.\u_int_to_float_signed.$25\msb_pos[7:0] [7:5] = 3'000
    Consolidated identical input bits for $mux cell $flatten\u_fpu.\u_int_to_float_unsigned.$procmux$2305:
      Old ports: A=$flatten\u_fpu.\u_int_to_float_unsigned.$24\msb_pos[7:0], B=8'00001000, Y=$flatten\u_fpu.\u_int_to_float_unsigned.$25\msb_pos[7:0]
      New ports: A=$flatten\u_fpu.\u_int_to_float_unsigned.$24\msb_pos[7:0] [4:0], B=5'01000, Y=$flatten\u_fpu.\u_int_to_float_unsigned.$25\msb_pos[7:0] [4:0]
      New connections: $flatten\u_fpu.\u_int_to_float_unsigned.$25\msb_pos[7:0] [7:5] = 3'000
  Optimizing cells in module \synth_harness.
    Consolidated identical input bits for $mux cell $flatten\u_fpu.\u_div_assemble.$procmux$1558:
      Old ports: A=$flatten\u_fpu.\u_div_assemble.$26\msb_pos[7:0], B=8'00010111, Y=$flatten\u_fpu.\u_div_assemble.$27\msb_pos[7:0]
      New ports: A=$flatten\u_fpu.\u_div_assemble.$26\msb_pos[7:0] [5:0], B=6'010111, Y=$flatten\u_fpu.\u_div_assemble.$27\msb_pos[7:0] [5:0]
      New connections: $flatten\u_fpu.\u_div_assemble.$27\msb_pos[7:0] [7:6] = 2'00
    Consolidated identical input bits for $mux cell $flatten\u_fpu.\u_int_to_float_signed.$procmux$2299:
      Old ports: A=$flatten\u_fpu.\u_int_to_float_signed.$25\msb_pos[7:0], B=8'00000111, Y=$flatten\u_fpu.\u_int_to_float_signed.$26\msb_pos[7:0]
      New ports: A=$flatten\u_fpu.\u_int_to_float_signed.$25\msb_pos[7:0] [4:0], B=5'00111, Y=$flatten\u_fpu.\u_int_to_float_signed.$26\msb_pos[7:0] [4:0]
      New connections: $flatten\u_fpu.\u_int_to_float_signed.$26\msb_pos[7:0] [7:5] = 3'000
    Consolidated identical input bits for $mux cell $flatten\u_fpu.\u_int_to_float_unsigned.$procmux$2299:
      Old ports: A=$flatten\u_fpu.\u_int_to_float_unsigned.$25\msb_pos[7:0], B=8'00000111, Y=$flatten\u_fpu.\u_int_to_float_unsigned.$26\msb_pos[7:0]
      New ports: A=$flatten\u_fpu.\u_int_to_float_unsigned.$25\msb_pos[7:0] [4:0], B=5'00111, Y=$flatten\u_fpu.\u_int_to_float_unsigned.$26\msb_pos[7:0] [4:0]
      New connections: $flatten\u_fpu.\u_int_to_float_unsigned.$26\msb_pos[7:0] [7:5] = 3'000
  Optimizing cells in module \synth_harness.
    Consolidated identical input bits for $mux cell $flatten\u_fpu.\u_div_assemble.$procmux$1549:
      Old ports: A=$flatten\u_fpu.\u_div_assemble.$27\msb_pos[7:0], B=8'00010110, Y=$flatten\u_fpu.\u_div_assemble.$28\msb_pos[7:0]
      New ports: A=$flatten\u_fpu.\u_div_assemble.$27\msb_pos[7:0] [5:0], B=6'010110, Y=$flatten\u_fpu.\u_div_assemble.$28\msb_pos[7:0] [5:0]
      New connections: $flatten\u_fpu.\u_div_assemble.$28\msb_pos[7:0] [7:6] = 2'00
    Consolidated identical input bits for $mux cell $flatten\u_fpu.\u_int_to_float_signed.$procmux$2293:
      Old ports: A=$flatten\u_fpu.\u_int_to_float_signed.$26\msb_pos[7:0], B=8'00000110, Y=$flatten\u_fpu.\u_int_to_float_signed.$27\msb_pos[7:0]
      New ports: A=$flatten\u_fpu.\u_int_to_float_signed.$26\msb_pos[7:0] [4:0], B=5'00110, Y=$flatten\u_fpu.\u_int_to_float_signed.$27\msb_pos[7:0] [4:0]
      New connections: $flatten\u_fpu.\u_int_to_float_signed.$27\msb_pos[7:0] [7:5] = 3'000
    Consolidated identical input bits for $mux cell $flatten\u_fpu.\u_int_to_float_unsigned.$procmux$2293:
      Old ports: A=$flatten\u_fpu.\u_int_to_float_unsigned.$26\msb_pos[7:0], B=8'00000110, Y=$flatten\u_fpu.\u_int_to_float_unsigned.$27\msb_pos[7:0]
      New ports: A=$flatten\u_fpu.\u_int_to_float_unsigned.$26\msb_pos[7:0] [4:0], B=5'00110, Y=$flatten\u_fpu.\u_int_to_float_unsigned.$27\msb_pos[7:0] [4:0]
      New connections: $flatten\u_fpu.\u_int_to_float_unsigned.$27\msb_pos[7:0] [7:5] = 3'000
  Optimizing cells in module \synth_harness.
    Consolidated identical input bits for $mux cell $flatten\u_fpu.\u_div_assemble.$procmux$1540:
      Old ports: A=$flatten\u_fpu.\u_div_assemble.$28\msb_pos[7:0], B=8'00010101, Y=$flatten\u_fpu.\u_div_assemble.$29\msb_pos[7:0]
      New ports: A=$flatten\u_fpu.\u_div_assemble.$28\msb_pos[7:0] [5:0], B=6'010101, Y=$flatten\u_fpu.\u_div_assemble.$29\msb_pos[7:0] [5:0]
      New connections: $flatten\u_fpu.\u_div_assemble.$29\msb_pos[7:0] [7:6] = 2'00
    Consolidated identical input bits for $mux cell $flatten\u_fpu.\u_int_to_float_signed.$procmux$2287:
      Old ports: A=$flatten\u_fpu.\u_int_to_float_signed.$27\msb_pos[7:0], B=8'00000101, Y=$flatten\u_fpu.\u_int_to_float_signed.$28\msb_pos[7:0]
      New ports: A=$flatten\u_fpu.\u_int_to_float_signed.$27\msb_pos[7:0] [4:0], B=5'00101, Y=$flatten\u_fpu.\u_int_to_float_signed.$28\msb_pos[7:0] [4:0]
      New connections: $flatten\u_fpu.\u_int_to_float_signed.$28\msb_pos[7:0] [7:5] = 3'000
    Consolidated identical input bits for $mux cell $flatten\u_fpu.\u_int_to_float_unsigned.$procmux$2287:
      Old ports: A=$flatten\u_fpu.\u_int_to_float_unsigned.$27\msb_pos[7:0], B=8'00000101, Y=$flatten\u_fpu.\u_int_to_float_unsigned.$28\msb_pos[7:0]
      New ports: A=$flatten\u_fpu.\u_int_to_float_unsigned.$27\msb_pos[7:0] [4:0], B=5'00101, Y=$flatten\u_fpu.\u_int_to_float_unsigned.$28\msb_pos[7:0] [4:0]
      New connections: $flatten\u_fpu.\u_int_to_float_unsigned.$28\msb_pos[7:0] [7:5] = 3'000
  Optimizing cells in module \synth_harness.
    Consolidated identical input bits for $mux cell $flatten\u_fpu.\u_div_assemble.$procmux$1531:
      Old ports: A=$flatten\u_fpu.\u_div_assemble.$29\msb_pos[7:0], B=8'00010100, Y=$flatten\u_fpu.\u_div_assemble.$30\msb_pos[7:0]
      New ports: A=$flatten\u_fpu.\u_div_assemble.$29\msb_pos[7:0] [5:0], B=6'010100, Y=$flatten\u_fpu.\u_div_assemble.$30\msb_pos[7:0] [5:0]
      New connections: $flatten\u_fpu.\u_div_assemble.$30\msb_pos[7:0] [7:6] = 2'00
    Consolidated identical input bits for $mux cell $flatten\u_fpu.\u_int_to_float_signed.$procmux$2281:
      Old ports: A=$flatten\u_fpu.\u_int_to_float_signed.$28\msb_pos[7:0], B=8'00000100, Y=$flatten\u_fpu.\u_int_to_float_signed.$29\msb_pos[7:0]
      New ports: A=$flatten\u_fpu.\u_int_to_float_signed.$28\msb_pos[7:0] [4:0], B=5'00100, Y=$flatten\u_fpu.\u_int_to_float_signed.$29\msb_pos[7:0] [4:0]
      New connections: $flatten\u_fpu.\u_int_to_float_signed.$29\msb_pos[7:0] [7:5] = 3'000
    Consolidated identical input bits for $mux cell $flatten\u_fpu.\u_int_to_float_unsigned.$procmux$2281:
      Old ports: A=$flatten\u_fpu.\u_int_to_float_unsigned.$28\msb_pos[7:0], B=8'00000100, Y=$flatten\u_fpu.\u_int_to_float_unsigned.$29\msb_pos[7:0]
      New ports: A=$flatten\u_fpu.\u_int_to_float_unsigned.$28\msb_pos[7:0] [4:0], B=5'00100, Y=$flatten\u_fpu.\u_int_to_float_unsigned.$29\msb_pos[7:0] [4:0]
      New connections: $flatten\u_fpu.\u_int_to_float_unsigned.$29\msb_pos[7:0] [7:5] = 3'000
  Optimizing cells in module \synth_harness.
    Consolidated identical input bits for $mux cell $flatten\u_fpu.\u_div_assemble.$procmux$1522:
      Old ports: A=$flatten\u_fpu.\u_div_assemble.$30\msb_pos[7:0], B=8'00010011, Y=$flatten\u_fpu.\u_div_assemble.$31\msb_pos[7:0]
      New ports: A=$flatten\u_fpu.\u_div_assemble.$30\msb_pos[7:0] [5:0], B=6'010011, Y=$flatten\u_fpu.\u_div_assemble.$31\msb_pos[7:0] [5:0]
      New connections: $flatten\u_fpu.\u_div_assemble.$31\msb_pos[7:0] [7:6] = 2'00
    Consolidated identical input bits for $mux cell $flatten\u_fpu.\u_int_to_float_signed.$procmux$2275:
      Old ports: A=$flatten\u_fpu.\u_int_to_float_signed.$29\msb_pos[7:0], B=8'00000011, Y=$flatten\u_fpu.\u_int_to_float_signed.$30\msb_pos[7:0]
      New ports: A=$flatten\u_fpu.\u_int_to_float_signed.$29\msb_pos[7:0] [4:0], B=5'00011, Y=$flatten\u_fpu.\u_int_to_float_signed.$30\msb_pos[7:0] [4:0]
      New connections: $flatten\u_fpu.\u_int_to_float_signed.$30\msb_pos[7:0] [7:5] = 3'000
    Consolidated identical input bits for $mux cell $flatten\u_fpu.\u_int_to_float_unsigned.$procmux$2275:
      Old ports: A=$flatten\u_fpu.\u_int_to_float_unsigned.$29\msb_pos[7:0], B=8'00000011, Y=$flatten\u_fpu.\u_int_to_float_unsigned.$30\msb_pos[7:0]
      New ports: A=$flatten\u_fpu.\u_int_to_float_unsigned.$29\msb_pos[7:0] [4:0], B=5'00011, Y=$flatten\u_fpu.\u_int_to_float_unsigned.$30\msb_pos[7:0] [4:0]
      New connections: $flatten\u_fpu.\u_int_to_float_unsigned.$30\msb_pos[7:0] [7:5] = 3'000
  Optimizing cells in module \synth_harness.
    Consolidated identical input bits for $mux cell $flatten\u_fpu.\u_div_assemble.$procmux$1513:
      Old ports: A=$flatten\u_fpu.\u_div_assemble.$31\msb_pos[7:0], B=8'00010010, Y=$flatten\u_fpu.\u_div_assemble.$32\msb_pos[7:0]
      New ports: A=$flatten\u_fpu.\u_div_assemble.$31\msb_pos[7:0] [5:0], B=6'010010, Y=$flatten\u_fpu.\u_div_assemble.$32\msb_pos[7:0] [5:0]
      New connections: $flatten\u_fpu.\u_div_assemble.$32\msb_pos[7:0] [7:6] = 2'00
    Consolidated identical input bits for $mux cell $flatten\u_fpu.\u_int_to_float_signed.$procmux$2269:
      Old ports: A=$flatten\u_fpu.\u_int_to_float_signed.$30\msb_pos[7:0], B=8'00000010, Y=$flatten\u_fpu.\u_int_to_float_signed.$31\msb_pos[7:0]
      New ports: A=$flatten\u_fpu.\u_int_to_float_signed.$30\msb_pos[7:0] [4:0], B=5'00010, Y=$flatten\u_fpu.\u_int_to_float_signed.$31\msb_pos[7:0] [4:0]
      New connections: $flatten\u_fpu.\u_int_to_float_signed.$31\msb_pos[7:0] [7:5] = 3'000
    Consolidated identical input bits for $mux cell $flatten\u_fpu.\u_int_to_float_unsigned.$procmux$2269:
      Old ports: A=$flatten\u_fpu.\u_int_to_float_unsigned.$30\msb_pos[7:0], B=8'00000010, Y=$flatten\u_fpu.\u_int_to_float_unsigned.$31\msb_pos[7:0]
      New ports: A=$flatten\u_fpu.\u_int_to_float_unsigned.$30\msb_pos[7:0] [4:0], B=5'00010, Y=$flatten\u_fpu.\u_int_to_float_unsigned.$31\msb_pos[7:0] [4:0]
      New connections: $flatten\u_fpu.\u_int_to_float_unsigned.$31\msb_pos[7:0] [7:5] = 3'000
  Optimizing cells in module \synth_harness.
    Consolidated identical input bits for $mux cell $flatten\u_fpu.\u_div_assemble.$procmux$1504:
      Old ports: A=$flatten\u_fpu.\u_div_assemble.$32\msb_pos[7:0], B=8'00010001, Y=$flatten\u_fpu.\u_div_assemble.$33\msb_pos[7:0]
      New ports: A=$flatten\u_fpu.\u_div_assemble.$32\msb_pos[7:0] [5:0], B=6'010001, Y=$flatten\u_fpu.\u_div_assemble.$33\msb_pos[7:0] [5:0]
      New connections: $flatten\u_fpu.\u_div_assemble.$33\msb_pos[7:0] [7:6] = 2'00
    Consolidated identical input bits for $mux cell $flatten\u_fpu.\u_int_to_float_signed.$procmux$2263:
      Old ports: A=$flatten\u_fpu.\u_int_to_float_signed.$31\msb_pos[7:0], B=8'00000001, Y=$flatten\u_fpu.\u_int_to_float_signed.$32\msb_pos[7:0]
      New ports: A=$flatten\u_fpu.\u_int_to_float_signed.$31\msb_pos[7:0] [4:0], B=5'00001, Y=$flatten\u_fpu.\u_int_to_float_signed.$32\msb_pos[7:0] [4:0]
      New connections: $flatten\u_fpu.\u_int_to_float_signed.$32\msb_pos[7:0] [7:5] = 3'000
    Consolidated identical input bits for $mux cell $flatten\u_fpu.\u_int_to_float_unsigned.$procmux$2263:
      Old ports: A=$flatten\u_fpu.\u_int_to_float_unsigned.$31\msb_pos[7:0], B=8'00000001, Y=$flatten\u_fpu.\u_int_to_float_unsigned.$32\msb_pos[7:0]
      New ports: A=$flatten\u_fpu.\u_int_to_float_unsigned.$31\msb_pos[7:0] [4:0], B=5'00001, Y=$flatten\u_fpu.\u_int_to_float_unsigned.$32\msb_pos[7:0] [4:0]
      New connections: $flatten\u_fpu.\u_int_to_float_unsigned.$32\msb_pos[7:0] [7:5] = 3'000
  Optimizing cells in module \synth_harness.
    Consolidated identical input bits for $mux cell $flatten\u_fpu.\u_div_assemble.$procmux$1495:
      Old ports: A=$flatten\u_fpu.\u_div_assemble.$33\msb_pos[7:0], B=8'00010000, Y=$flatten\u_fpu.\u_div_assemble.$34\msb_pos[7:0]
      New ports: A=$flatten\u_fpu.\u_div_assemble.$33\msb_pos[7:0] [5:0], B=6'010000, Y=$flatten\u_fpu.\u_div_assemble.$34\msb_pos[7:0] [5:0]
      New connections: $flatten\u_fpu.\u_div_assemble.$34\msb_pos[7:0] [7:6] = 2'00
    Consolidated identical input bits for $mux cell $flatten\u_fpu.\u_int_to_float_signed.$procmux$2257:
      Old ports: A=$flatten\u_fpu.\u_int_to_float_signed.$32\msb_pos[7:0], B=8'00000000, Y={ $flatten\u_fpu.\u_int_to_float_signed.$33\msb_pos[7:0] [7:3] $auto$alumacc.cc:501:replace_alu$6763 [2:0] }
      New ports: A=$flatten\u_fpu.\u_int_to_float_signed.$32\msb_pos[7:0] [4:0], B=5'00000, Y={ $flatten\u_fpu.\u_int_to_float_signed.$33\msb_pos[7:0] [4:3] $auto$alumacc.cc:501:replace_alu$6763 [2:0] }
      New connections: $flatten\u_fpu.\u_int_to_float_signed.$33\msb_pos[7:0] [7:5] = 3'000
    Consolidated identical input bits for $mux cell $flatten\u_fpu.\u_int_to_float_unsigned.$procmux$2257:
      Old ports: A=$flatten\u_fpu.\u_int_to_float_unsigned.$32\msb_pos[7:0], B=8'00000000, Y={ $flatten\u_fpu.\u_int_to_float_unsigned.$33\msb_pos[7:0] [7:3] $auto$alumacc.cc:501:replace_alu$6680 [2:0] }
      New ports: A=$flatten\u_fpu.\u_int_to_float_unsigned.$32\msb_pos[7:0] [4:0], B=5'00000, Y={ $flatten\u_fpu.\u_int_to_float_unsigned.$33\msb_pos[7:0] [4:3] $auto$alumacc.cc:501:replace_alu$6680 [2:0] }
      New connections: $flatten\u_fpu.\u_int_to_float_unsigned.$33\msb_pos[7:0] [7:5] = 3'000
  Optimizing cells in module \synth_harness.
    Consolidated identical input bits for $mux cell $flatten\u_fpu.\u_div_assemble.$procmux$1486:
      Old ports: A=$flatten\u_fpu.\u_div_assemble.$34\msb_pos[7:0], B=8'00001111, Y=$flatten\u_fpu.\u_div_assemble.$35\msb_pos[7:0]
      New ports: A=$flatten\u_fpu.\u_div_assemble.$34\msb_pos[7:0] [5:0], B=6'001111, Y=$flatten\u_fpu.\u_div_assemble.$35\msb_pos[7:0] [5:0]
      New connections: $flatten\u_fpu.\u_div_assemble.$35\msb_pos[7:0] [7:6] = 2'00
  Optimizing cells in module \synth_harness.
    Consolidated identical input bits for $mux cell $flatten\u_fpu.\u_div_assemble.$procmux$1477:
      Old ports: A=$flatten\u_fpu.\u_div_assemble.$35\msb_pos[7:0], B=8'00001110, Y=$flatten\u_fpu.\u_div_assemble.$36\msb_pos[7:0]
      New ports: A=$flatten\u_fpu.\u_div_assemble.$35\msb_pos[7:0] [5:0], B=6'001110, Y=$flatten\u_fpu.\u_div_assemble.$36\msb_pos[7:0] [5:0]
      New connections: $flatten\u_fpu.\u_div_assemble.$36\msb_pos[7:0] [7:6] = 2'00
  Optimizing cells in module \synth_harness.
    Consolidated identical input bits for $mux cell $flatten\u_fpu.\u_div_assemble.$procmux$1468:
      Old ports: A=$flatten\u_fpu.\u_div_assemble.$36\msb_pos[7:0], B=8'00001101, Y=$flatten\u_fpu.\u_div_assemble.$37\msb_pos[7:0]
      New ports: A=$flatten\u_fpu.\u_div_assemble.$36\msb_pos[7:0] [5:0], B=6'001101, Y=$flatten\u_fpu.\u_div_assemble.$37\msb_pos[7:0] [5:0]
      New connections: $flatten\u_fpu.\u_div_assemble.$37\msb_pos[7:0] [7:6] = 2'00
  Optimizing cells in module \synth_harness.
    Consolidated identical input bits for $mux cell $flatten\u_fpu.\u_div_assemble.$procmux$1459:
      Old ports: A=$flatten\u_fpu.\u_div_assemble.$37\msb_pos[7:0], B=8'00001100, Y=$flatten\u_fpu.\u_div_assemble.$38\msb_pos[7:0]
      New ports: A=$flatten\u_fpu.\u_div_assemble.$37\msb_pos[7:0] [5:0], B=6'001100, Y=$flatten\u_fpu.\u_div_assemble.$38\msb_pos[7:0] [5:0]
      New connections: $flatten\u_fpu.\u_div_assemble.$38\msb_pos[7:0] [7:6] = 2'00
  Optimizing cells in module \synth_harness.
    Consolidated identical input bits for $mux cell $flatten\u_fpu.\u_div_assemble.$procmux$1450:
      Old ports: A=$flatten\u_fpu.\u_div_assemble.$38\msb_pos[7:0], B=8'00001011, Y=$flatten\u_fpu.\u_div_assemble.$39\msb_pos[7:0]
      New ports: A=$flatten\u_fpu.\u_div_assemble.$38\msb_pos[7:0] [5:0], B=6'001011, Y=$flatten\u_fpu.\u_div_assemble.$39\msb_pos[7:0] [5:0]
      New connections: $flatten\u_fpu.\u_div_assemble.$39\msb_pos[7:0] [7:6] = 2'00
  Optimizing cells in module \synth_harness.
    Consolidated identical input bits for $mux cell $flatten\u_fpu.\u_div_assemble.$procmux$1441:
      Old ports: A=$flatten\u_fpu.\u_div_assemble.$39\msb_pos[7:0], B=8'00001010, Y=$flatten\u_fpu.\u_div_assemble.$40\msb_pos[7:0]
      New ports: A=$flatten\u_fpu.\u_div_assemble.$39\msb_pos[7:0] [5:0], B=6'001010, Y=$flatten\u_fpu.\u_div_assemble.$40\msb_pos[7:0] [5:0]
      New connections: $flatten\u_fpu.\u_div_assemble.$40\msb_pos[7:0] [7:6] = 2'00
  Optimizing cells in module \synth_harness.
    Consolidated identical input bits for $mux cell $flatten\u_fpu.\u_div_assemble.$procmux$1432:
      Old ports: A=$flatten\u_fpu.\u_div_assemble.$40\msb_pos[7:0], B=8'00001001, Y=$flatten\u_fpu.\u_div_assemble.$41\msb_pos[7:0]
      New ports: A=$flatten\u_fpu.\u_div_assemble.$40\msb_pos[7:0] [5:0], B=6'001001, Y=$flatten\u_fpu.\u_div_assemble.$41\msb_pos[7:0] [5:0]
      New connections: $flatten\u_fpu.\u_div_assemble.$41\msb_pos[7:0] [7:6] = 2'00
  Optimizing cells in module \synth_harness.
    Consolidated identical input bits for $mux cell $flatten\u_fpu.\u_div_assemble.$procmux$1423:
      Old ports: A=$flatten\u_fpu.\u_div_assemble.$41\msb_pos[7:0], B=8'00001000, Y=$flatten\u_fpu.\u_div_assemble.$42\msb_pos[7:0]
      New ports: A=$flatten\u_fpu.\u_div_assemble.$41\msb_pos[7:0] [5:0], B=6'001000, Y=$flatten\u_fpu.\u_div_assemble.$42\msb_pos[7:0] [5:0]
      New connections: $flatten\u_fpu.\u_div_assemble.$42\msb_pos[7:0] [7:6] = 2'00
  Optimizing cells in module \synth_harness.
    Consolidated identical input bits for $mux cell $flatten\u_fpu.\u_div_assemble.$procmux$1414:
      Old ports: A=$flatten\u_fpu.\u_div_assemble.$42\msb_pos[7:0], B=8'00000111, Y=$flatten\u_fpu.\u_div_assemble.$43\msb_pos[7:0]
      New ports: A=$flatten\u_fpu.\u_div_assemble.$42\msb_pos[7:0] [5:0], B=6'000111, Y=$flatten\u_fpu.\u_div_assemble.$43\msb_pos[7:0] [5:0]
      New connections: $flatten\u_fpu.\u_div_assemble.$43\msb_pos[7:0] [7:6] = 2'00
  Optimizing cells in module \synth_harness.
    Consolidated identical input bits for $mux cell $flatten\u_fpu.\u_div_assemble.$procmux$1405:
      Old ports: A=$flatten\u_fpu.\u_div_assemble.$43\msb_pos[7:0], B=8'00000110, Y=$flatten\u_fpu.\u_div_assemble.$44\msb_pos[7:0]
      New ports: A=$flatten\u_fpu.\u_div_assemble.$43\msb_pos[7:0] [5:0], B=6'000110, Y=$flatten\u_fpu.\u_div_assemble.$44\msb_pos[7:0] [5:0]
      New connections: $flatten\u_fpu.\u_div_assemble.$44\msb_pos[7:0] [7:6] = 2'00
  Optimizing cells in module \synth_harness.
    Consolidated identical input bits for $mux cell $flatten\u_fpu.\u_div_assemble.$procmux$1396:
      Old ports: A=$flatten\u_fpu.\u_div_assemble.$44\msb_pos[7:0], B=8'00000101, Y=$flatten\u_fpu.\u_div_assemble.$45\msb_pos[7:0]
      New ports: A=$flatten\u_fpu.\u_div_assemble.$44\msb_pos[7:0] [5:0], B=6'000101, Y=$flatten\u_fpu.\u_div_assemble.$45\msb_pos[7:0] [5:0]
      New connections: $flatten\u_fpu.\u_div_assemble.$45\msb_pos[7:0] [7:6] = 2'00
  Optimizing cells in module \synth_harness.
    Consolidated identical input bits for $mux cell $flatten\u_fpu.\u_div_assemble.$procmux$1387:
      Old ports: A=$flatten\u_fpu.\u_div_assemble.$45\msb_pos[7:0], B=8'00000100, Y=$flatten\u_fpu.\u_div_assemble.$46\msb_pos[7:0]
      New ports: A=$flatten\u_fpu.\u_div_assemble.$45\msb_pos[7:0] [5:0], B=6'000100, Y=$flatten\u_fpu.\u_div_assemble.$46\msb_pos[7:0] [5:0]
      New connections: $flatten\u_fpu.\u_div_assemble.$46\msb_pos[7:0] [7:6] = 2'00
  Optimizing cells in module \synth_harness.
    Consolidated identical input bits for $mux cell $flatten\u_fpu.\u_div_assemble.$procmux$1378:
      Old ports: A=$flatten\u_fpu.\u_div_assemble.$46\msb_pos[7:0], B=8'00000011, Y=$flatten\u_fpu.\u_div_assemble.$47\msb_pos[7:0]
      New ports: A=$flatten\u_fpu.\u_div_assemble.$46\msb_pos[7:0] [5:0], B=6'000011, Y=$flatten\u_fpu.\u_div_assemble.$47\msb_pos[7:0] [5:0]
      New connections: $flatten\u_fpu.\u_div_assemble.$47\msb_pos[7:0] [7:6] = 2'00
  Optimizing cells in module \synth_harness.
    Consolidated identical input bits for $mux cell $flatten\u_fpu.\u_div_assemble.$procmux$1369:
      Old ports: A=$flatten\u_fpu.\u_div_assemble.$47\msb_pos[7:0], B=8'00000010, Y=$flatten\u_fpu.\u_div_assemble.$48\msb_pos[7:0]
      New ports: A=$flatten\u_fpu.\u_div_assemble.$47\msb_pos[7:0] [5:0], B=6'000010, Y=$flatten\u_fpu.\u_div_assemble.$48\msb_pos[7:0] [5:0]
      New connections: $flatten\u_fpu.\u_div_assemble.$48\msb_pos[7:0] [7:6] = 2'00
  Optimizing cells in module \synth_harness.
    Consolidated identical input bits for $mux cell $flatten\u_fpu.\u_div_assemble.$procmux$1360:
      Old ports: A=$flatten\u_fpu.\u_div_assemble.$48\msb_pos[7:0], B=8'00000001, Y=$flatten\u_fpu.\u_div_assemble.$49\msb_pos[7:0]
      New ports: A=$flatten\u_fpu.\u_div_assemble.$48\msb_pos[7:0] [5:0], B=6'000001, Y=$flatten\u_fpu.\u_div_assemble.$49\msb_pos[7:0] [5:0]
      New connections: $flatten\u_fpu.\u_div_assemble.$49\msb_pos[7:0] [7:6] = 2'00
  Optimizing cells in module \synth_harness.
    Consolidated identical input bits for $mux cell $flatten\u_fpu.\u_div_assemble.$procmux$1351:
      Old ports: A=$flatten\u_fpu.\u_div_assemble.$49\msb_pos[7:0], B=8'00000000, Y=$flatten\u_fpu.\u_div_assemble.$50\msb_pos[7:0]
      New ports: A=$flatten\u_fpu.\u_div_assemble.$49\msb_pos[7:0] [5:0], B=6'000000, Y=$flatten\u_fpu.\u_div_assemble.$50\msb_pos[7:0] [5:0]
      New connections: $flatten\u_fpu.\u_div_assemble.$50\msb_pos[7:0] [7:6] = 2'00
  Optimizing cells in module \synth_harness.
Performed a total of 241 changes.

14.29.5. Executing OPT_MERGE pass (detect identical cells).
Finding identical cells in module `\synth_harness'.
<suppressed ~9 debug messages>
Removed a total of 3 cells.

14.29.6. Executing OPT_DFF pass (perform DFF optimizations).

14.29.7. Executing OPT_CLEAN pass (remove unused cells and wires).
Finding unused cells or wires in module \synth_harness..
Removed 0 unused cells and 3 unused wires.
<suppressed ~1 debug messages>

14.29.8. Executing OPT_EXPR pass (perform const folding).
Optimizing module synth_harness.
<suppressed ~150 debug messages>

14.29.9. Rerunning OPT passes. (Maybe there is more to do..)

14.29.10. Executing OPT_MUXTREE pass (detect dead branches in mux trees).
Running muxtree optimizer on module \synth_harness..
  Creating internal representation of mux trees.
  Evaluating internal representation of mux trees.
  Analyzing evaluation results.
Removed 0 multiplexer ports.
<suppressed ~196 debug messages>

14.29.11. Executing OPT_REDUCE pass (consolidate $*mux and $reduce_* inputs).
  Optimizing cells in module \synth_harness.
Performed a total of 0 changes.

14.29.12. Executing OPT_MERGE pass (detect identical cells).
Finding identical cells in module `\synth_harness'.
Removed a total of 0 cells.

14.29.13. Executing OPT_DFF pass (perform DFF optimizations).

14.29.14. Executing OPT_CLEAN pass (remove unused cells and wires).
Finding unused cells or wires in module \synth_harness..
Removed 0 unused cells and 2 unused wires.
<suppressed ~1 debug messages>

14.29.15. Executing OPT_EXPR pass (perform const folding).
Optimizing module synth_harness.

14.29.16. Rerunning OPT passes. (Maybe there is more to do..)

14.29.17. Executing OPT_MUXTREE pass (detect dead branches in mux trees).
Running muxtree optimizer on module \synth_harness..
  Creating internal representation of mux trees.
  Evaluating internal representation of mux trees.
  Analyzing evaluation results.
Removed 0 multiplexer ports.
<suppressed ~196 debug messages>

14.29.18. Executing OPT_REDUCE pass (consolidate $*mux and $reduce_* inputs).
  Optimizing cells in module \synth_harness.
Performed a total of 0 changes.

14.29.19. Executing OPT_MERGE pass (detect identical cells).
Finding identical cells in module `\synth_harness'.
Removed a total of 0 cells.

14.29.20. Executing OPT_DFF pass (perform DFF optimizations).

14.29.21. Executing OPT_CLEAN pass (remove unused cells and wires).
Finding unused cells or wires in module \synth_harness..

14.29.22. Executing OPT_EXPR pass (perform const folding).
Optimizing module synth_harness.

14.29.23. Finished OPT passes. (There is nothing left to do.)

14.30. Executing ICE40_WRAPCARRY pass (wrap carries).

14.31. Executing TECHMAP pass (map to technology primitives).

14.31.1. Executing Verilog-2005 frontend: /usr/bin/../share/yosys/techmap.v
Parsing Verilog input from `/usr/bin/../share/yosys/techmap.v' to AST representation.
Generating RTLIL representation for module `\_90_simplemap_bool_ops'.
Generating RTLIL representation for module `\_90_simplemap_reduce_ops'.
Generating RTLIL representation for module `\_90_simplemap_logic_ops'.
Generating RTLIL representation for module `\_90_simplemap_compare_ops'.
Generating RTLIL representation for module `\_90_simplemap_various'.
Generating RTLIL representation for module `\_90_simplemap_registers'.
Generating RTLIL representation for module `\_90_shift_ops_shr_shl_sshl_sshr'.
Generating RTLIL representation for module `\_90_shift_shiftx'.
Generating RTLIL representation for module `\_90_fa'.
Generating RTLIL representation for module `\_90_lcu'.
Generating RTLIL representation for module `\_90_alu'.
Generating RTLIL representation for module `\_90_macc'.
Generating RTLIL representation for module `\_90_alumacc'.
Generating RTLIL representation for module `\$__div_mod_u'.
Generating RTLIL representation for module `\$__div_mod_trunc'.
Generating RTLIL representation for module `\_90_div'.
Generating RTLIL representation for module `\_90_mod'.
Generating RTLIL representation for module `\$__div_mod_floor'.
Generating RTLIL representation for module `\_90_divfloor'.
Generating RTLIL representation for module `\_90_modfloor'.
Generating RTLIL representation for module `\_90_pow'.
Generating RTLIL representation for module `\_90_pmux'.
Generating RTLIL representation for module `\_90_demux'.
Generating RTLIL representation for module `\_90_lut'.
Successfully finished Verilog frontend.

14.31.2. Executing Verilog-2005 frontend: /usr/bin/../share/yosys/ice40/arith_map.v
Parsing Verilog input from `/usr/bin/../share/yosys/ice40/arith_map.v' to AST representation.
Generating RTLIL representation for module `\_80_ice40_alu'.
Successfully finished Verilog frontend.

14.31.3. Continuing TECHMAP pass.
Using template $paramod$a7a1d5fc4563c49b9a54941942b1beedd64a98db\_80_ice40_alu for cells of type $alu.
Using extmapper simplemap for cells of type $xor.
Using extmapper simplemap for cells of type $not.
Using extmapper simplemap for cells of type $dff.
Using extmapper simplemap for cells of type $adff.
Using extmapper simplemap for cells of type $eq.
Using extmapper simplemap for cells of type $reduce_or.
Using extmapper simplemap for cells of type $reduce_and.
Using extmapper simplemap for cells of type $adffe.
Using extmapper simplemap for cells of type $or.
Using template $paramod$constmap:08ccaf500b733dd14e6df668f058fd7ed6cbca4a$paramod$31ad1be2844c7f9a6ed88c87e6c90082c82326e8\_90_shift_ops_shr_shl_sshl_sshr for cells of type $shl.
Using extmapper maccmap for cells of type $macc.
  add { $flatten\u_fpu.\u_int_to_float_unsigned.$sub$../../rtl/fpu_int_to_float.sv:52$339_Y [31] $flatten\u_fpu.\u_int_to_float_unsigned.$sub$../../rtl/fpu_int_to_float.sv:52$339_Y [31] $flatten\u_fpu.\u_int_to_float_unsigned.$sub$../../rtl/fpu_int_to_float.sv:52$339_Y [31] $flatten\u_fpu.\u_int_to_float_unsigned.$sub$../../rtl/fpu_int_to_float.sv:52$339_Y [31] $flatten\u_fpu.\u_int_to_float_unsigned.$sub$../../rtl/fpu_int_to_float.sv:52$339_Y [31] $flatten\u_fpu.\u_int_to_float_unsigned.$sub$../../rtl/fpu_int_to_float.sv:52$339_Y [31] $flatten\u_fpu.\u_int_to_float_unsigned.$sub$../../rtl/fpu_int_to_float.sv:52$339_Y [31] $flatten\u_fpu.\u_int_to_float_unsigned.$sub$../../rtl/fpu_int_to_float.sv:52$339_Y [31] $flatten\u_fpu.\u_int_to_float_unsigned.$sub$../../rtl/fpu_int_to_float.sv:52$339_Y [31] $flatten\u_fpu.\u_int_to_float_unsigned.$sub$../../rtl/fpu_int_to_float.sv:52$339_Y [31] $flatten\u_fpu.\u_int_to_float_unsigned.$sub$../../rtl/fpu_int_to_float.sv:52$339_Y [31] $flatten\u_fpu.\u_int_to_float_unsigned.$sub$../../rtl/fpu_int_to_float.sv:52$339_Y [31] $flatten\u_fpu.\u_int_to_float_unsigned.$sub$../../rtl/fpu_int_to_float.sv:52$339_Y [31] $flatten\u_fpu.\u_int_to_float_unsigned.$sub$../../rtl/fpu_int_to_float.sv:52$339_Y [31] $flatten\u_fpu.\u_int_to_float_unsigned.$sub$../../rtl/fpu_int_to_float.sv:52$339_Y [31] $flatten\u_fpu.\u_int_to_float_unsigned.$sub$../../rtl/fpu_int_to_float.sv:52$339_Y [31] $flatten\u_fpu.\u_int_to_float_unsigned.$sub$../../rtl/fpu_int_to_float.sv:52$339_Y [31] $flatten\u_fpu.\u_int_to_float_unsigned.$sub$../../rtl/fpu_int_to_float.sv:52$339_Y [31] $flatten\u_fpu.\u_int_to_float_unsigned.$sub$../../rtl/fpu_int_to_float.sv:52$339_Y [31] $flatten\u_fpu.\u_int_to_float_unsigned.$sub$../../rtl/fpu_int_to_float.sv:52$339_Y [31] $flatten\u_fpu.\u_int_to_float_unsigned.$sub$../../rtl/fpu_int_to_float.sv:52$339_Y [31] $flatten\u_fpu.\u_int_to_float_unsigned.$sub$../../rtl/fpu_int_to_float.sv:52$339_Y [31] $flatten\u_fpu.\u_int_to_float_unsigned.$sub$../../rtl/fpu_int_to_float.sv:52$339_Y [31] $flatten\u_fpu.\u_int_to_float_unsigned.$sub$../../rtl/fpu_int_to_float.sv:52$339_Y [31] $flatten\u_fpu.\u_int_to_float_unsigned.$sub$../../rtl/fpu_int_to_float.sv:52$339_Y [7:0] } (32 bits, unsigned)
  add 32'11111111111111111111111111101010 (32 bits, unsigned)
Using template $paramod$constmap:c405201d267c50179e77021e426cb047cc33c577$paramod$532ed33aa48e40f5030f3f04e98e15a19c73fe90\_90_shift_ops_shr_shl_sshl_sshr for cells of type $shr.
Using template $paramod$a1bc51c02ce12ac21eb18988e83292af48ed7d72\_80_ice40_alu for cells of type $alu.
Using template $paramod$constmap:8e0de504ff0564625b7f2e0740876a81a5f51a21$paramod$b0c76e666a5416f404927c8144b94403316fe4e8\_90_shift_ops_shr_shl_sshl_sshr for cells of type $shl.
Using extmapper simplemap for cells of type $reduce_bool.
Using extmapper simplemap for cells of type $ne.
Using template $paramod$d78cca788ba412cf660d1859c68648428b17fe97\_80_ice40_alu for cells of type $alu.
Using extmapper simplemap for cells of type $logic_not.
Using extmapper simplemap for cells of type $logic_and.
Using template $paramod$adbaf76fa5a3091a329503792521395f8ff4d1a4\_90_alu for cells of type $alu.
Using template $paramod$d2fa05d38998afabc6d4f34471305d0af4b8b2df\_80_ice40_alu for cells of type $alu.
Using template $paramod$constmap:ca2717a5b84d4007bbbcf09fb5ee073cb18e2c73$paramod$31a1b73b4d257f2dd8f6e2a32c2b6d2ca936cb03\_90_shift_ops_shr_shl_sshl_sshr for cells of type $shl.
Using template $paramod$fd7bfb1a4f3a7c2ac1a35670d0fa64ccc7b91841\_80_ice40_alu for cells of type $alu.
Using template $paramod$c3cd1564c35d873179656addd6052d7ea8b6d991\_80_ice40_alu for cells of type $alu.
Using template $paramod$fb7f6c42d84fe8fae89a359df55310f1e494c563\_80_ice40_alu for cells of type $alu.
Using template $paramod$8045f2881226ae434b154710c783ad25023f386c\_80_ice40_alu for cells of type $alu.
Using template $paramod$constmap:ca2717a5b84d4007bbbcf09fb5ee073cb18e2c73$paramod$fa8efc2a45a11a666212765a33536c4e6c634bf4\_90_shift_ops_shr_shl_sshl_sshr for cells of type $shr.
Using template $paramod$ebf89ea36a793f0f77858f212141d47c833068ad\_80_ice40_alu for cells of type $alu.
Using template $paramod$32efbfac1c4dc57230cf86180788fdfd12e3b511\_80_ice40_alu for cells of type $alu.
Using template $paramod$e3e34c1532e03e9b06469b7e03caa612c12789cb\_80_ice40_alu for cells of type $alu.
Using template $paramod$644a847493ee52dee6f0db438971133a0eaa5720\_80_ice40_alu for cells of type $alu.
Using template $paramod$d2059c839cbdb4dfb81589fbadbc5cb1a6b28ad1\_90_pmux for cells of type $pmux.
Using template $paramod$d31bf4d7d72e59528d18fbd4f322e9d608532043\_90_pmux for cells of type $pmux.
Using template $paramod$cc48387a3f2cae79a81035f3d5a9b4758cb77854\_80_ice40_alu for cells of type $alu.
Using template $paramod$78464f9f65d57061f7490f3fe5dd257e4a61e2b7\_80_ice40_alu for cells of type $alu.
Using template $paramod$c6baa65225090ac0a120feab1b920965244aa496\_80_ice40_alu for cells of type $alu.
Using extmapper simplemap for cells of type $logic_or.
  add { $flatten\u_fpu.\u_int_to_float_signed.$sub$../../rtl/fpu_int_to_float.sv:52$339_Y [31] $flatten\u_fpu.\u_int_to_float_signed.$sub$../../rtl/fpu_int_to_float.sv:52$339_Y [31] $flatten\u_fpu.\u_int_to_float_signed.$sub$../../rtl/fpu_int_to_float.sv:52$339_Y [31] $flatten\u_fpu.\u_int_to_float_signed.$sub$../../rtl/fpu_int_to_float.sv:52$339_Y [31] $flatten\u_fpu.\u_int_to_float_signed.$sub$../../rtl/fpu_int_to_float.sv:52$339_Y [31] $flatten\u_fpu.\u_int_to_float_signed.$sub$../../rtl/fpu_int_to_float.sv:52$339_Y [31] $flatten\u_fpu.\u_int_to_float_signed.$sub$../../rtl/fpu_int_to_float.sv:52$339_Y [31] $flatten\u_fpu.\u_int_to_float_signed.$sub$../../rtl/fpu_int_to_float.sv:52$339_Y [31] $flatten\u_fpu.\u_int_to_float_signed.$sub$../../rtl/fpu_int_to_float.sv:52$339_Y [31] $flatten\u_fpu.\u_int_to_float_signed.$sub$../../rtl/fpu_int_to_float.sv:52$339_Y [31] $flatten\u_fpu.\u_int_to_float_signed.$sub$../../rtl/fpu_int_to_float.sv:52$339_Y [31] $flatten\u_fpu.\u_int_to_float_signed.$sub$../../rtl/fpu_int_to_float.sv:52$339_Y [31] $flatten\u_fpu.\u_int_to_float_signed.$sub$../../rtl/fpu_int_to_float.sv:52$339_Y [31] $flatten\u_fpu.\u_int_to_float_signed.$sub$../../rtl/fpu_int_to_float.sv:52$339_Y [31] $flatten\u_fpu.\u_int_to_float_signed.$sub$../../rtl/fpu_int_to_float.sv:52$339_Y [31] $flatten\u_fpu.\u_int_to_float_signed.$sub$../../rtl/fpu_int_to_float.sv:52$339_Y [31] $flatten\u_fpu.\u_int_to_float_signed.$sub$../../rtl/fpu_int_to_float.sv:52$339_Y [31] $flatten\u_fpu.\u_int_to_float_signed.$sub$../../rtl/fpu_int_to_float.sv:52$339_Y [31] $flatten\u_fpu.\u_int_to_float_signed.$sub$../../rtl/fpu_int_to_float.sv:52$339_Y [31] $flatten\u_fpu.\u_int_to_float_signed.$sub$../../rtl/fpu_int_to_float.sv:52$339_Y [31] $flatten\u_fpu.\u_int_to_float_signed.$sub$../../rtl/fpu_int_to_float.sv:52$339_Y [31] $flatten\u_fpu.\u_int_to_float_signed.$sub$../../rtl/fpu_int_to_float.sv:52$339_Y [31] $flatten\u_fpu.\u_int_to_float_signed.$sub$../../rtl/fpu_int_to_float.sv:52$339_Y [31] $flatten\u_fpu.\u_int_to_float_signed.$sub$../../rtl/fpu_int_to_float.sv:52$339_Y [31] $flatten\u_fpu.\u_int_to_float_signed.$sub$../../rtl/fpu_int_to_float.sv:52$339_Y [7:0] } (32 bits, unsigned)
  add 32'11111111111111111111111111101010 (32 bits, unsigned)
  add \u_fpu.div_fs1_reg [30:23] (8 bits, unsigned)
  sub \u_fpu.div_fs2_reg [30:23] (8 bits, unsigned)
  add 9'001111111 (9 bits, unsigned)
Using template $paramod$7d345e38ed17d1b9b7ad574498fe053cc5e778a7\_80_ice40_alu for cells of type $alu.
Using template $paramod$003256218b736a5f72fe70a6e5006b2214b99da4\_80_ice40_alu for cells of type $alu.
Using template $paramod$19189243523493d505a4933d1bad417c570ea8a6\_80_ice40_alu for cells of type $alu.
Using template $paramod$1ccbb637dde11fd3085e4d7dcd334d594bbc6dd7\_80_ice40_alu for cells of type $alu.
Using template $paramod$6573161e4b887696395c6f9d98b67a20055df5c9\_80_ice40_alu for cells of type $alu.
Using template $paramod$ddc19d6cd1259a74e0571d2fcb80953748f5032a\_80_ice40_alu for cells of type $alu.
Using template $paramod$constmap:02dfc14be27bb3e3fe02529ad6ccf76660cfbcee$paramod$0e6ec329f234477c644d7b5d91ac94a2e6a42a60\_90_shift_ops_shr_shl_sshl_sshr for cells of type $shr.
Using template $paramod$6f67705c43e5e94c02b6ebb52209ce5aa5ade4c1\_80_ice40_alu for cells of type $alu.
Using template $paramod$53700bbee849b2010ad0b60a61ccd204a10e24ca\_80_ice40_alu for cells of type $alu.
  add { 1'1 \stim_reg[0] [22:0] } * { 1'1 \stim_reg[1] [22:0] } (24x24 bits, unsigned)
Using template $paramod$constmap:1c7a18aaac7e19064d1d8e7838f5d2a5d7cb69ab$paramod$5a062ad318bce0e7b9e05317555f49e91e92a653\_90_shift_shiftx for cells of type $shiftx.
  add \stim_reg[0] [30:23] (8 bits, unsigned)
  add \stim_reg[1] [30:23] (8 bits, unsigned)
  add 9'110000001 (9 bits, unsigned)
Using template $paramod$672a140277c71df8314410f22acc08d55222c3c7\_80_ice40_alu for cells of type $alu.
Using template $paramod$d7387fdb214042e5ef2d69a3f74948694b4bb65e\_90_pmux for cells of type $pmux.
Using template $paramod$75a16668b548c3bac59647e2f0c7dad55b2b94b9\_90_pmux for cells of type $pmux.
Using template $paramod$2407ada40cc3dda6c6015be2b49b748cddb5a800\_90_pmux for cells of type $pmux.
Using template $paramod$fbc7873bff55778c0b3173955b7e4bce1d9d6834\_80_ice40_alu for cells of type $alu.
Using extmapper simplemap for cells of type $and.
Using extmapper simplemap for cells of type $pos.
Using template $paramod\_90_fa\WIDTH=32'00000000000000000000000000001001 for cells of type $fa.
Using template $paramod\_90_fa\WIDTH=32'00000000000000000000000000110000 for cells of type $fa.
Using template $paramod\_90_fa\WIDTH=32'00000000000000000000000000101111 for cells of type $fa.
Using template $paramod$88aad6f8473fb7e4e5fbfb8335ddebad03429eaa\_80_ice40_alu for cells of type $alu.
Using template $paramod\_90_lcu\WIDTH=32'00000000000000000000000000000001 for cells of type $lcu.
No more expansions possible.
<suppressed ~5324 debug messages>

14.32. Executing OPT pass (performing simple optimizations).

14.32.1. Executing OPT_EXPR pass (perform const folding).
Optimizing module synth_harness.
<suppressed ~6308 debug messages>

14.32.2. Executing OPT_MERGE pass (detect identical cells).
Finding identical cells in module `\synth_harness'.
<suppressed ~2322 debug messages>
Removed a total of 774 cells.

14.32.3. Executing OPT_DFF pass (perform DFF optimizations).
Setting constant 0-bit at position 0 on $auto$ff.cc:266:slice$13534 ($_DFFE_PN0P_) from module synth_harness.

14.32.4. Executing OPT_CLEAN pass (remove unused cells and wires).
Finding unused cells or wires in module \synth_harness..
Removed 1181 unused cells and 2076 unused wires.
<suppressed ~1182 debug messages>

14.32.5. Rerunning OPT passes. (Removed registers in this run.)

14.32.6. Executing OPT_EXPR pass (perform const folding).
Optimizing module synth_harness.
<suppressed ~3 debug messages>

14.32.7. Executing OPT_MERGE pass (detect identical cells).
Finding identical cells in module `\synth_harness'.
Removed a total of 0 cells.

14.32.8. Executing OPT_DFF pass (perform DFF optimizations).
Setting constant 0-bit at position 0 on $auto$ff.cc:266:slice$13535 ($_DFFE_PN0P_) from module synth_harness.

14.32.9. Executing OPT_CLEAN pass (remove unused cells and wires).
Finding unused cells or wires in module \synth_harness..

14.32.10. Rerunning OPT passes. (Removed registers in this run.)

14.32.11. Executing OPT_EXPR pass (perform const folding).
Optimizing module synth_harness.
<suppressed ~2 debug messages>

14.32.12. Executing OPT_MERGE pass (detect identical cells).
Finding identical cells in module `\synth_harness'.
Removed a total of 0 cells.

14.32.13. Executing OPT_DFF pass (perform DFF optimizations).
Setting constant 0-bit at position 0 on $auto$ff.cc:266:slice$13536 ($_DFFE_PN0P_) from module synth_harness.

14.32.14. Executing OPT_CLEAN pass (remove unused cells and wires).
Finding unused cells or wires in module \synth_harness..

14.32.15. Rerunning OPT passes. (Removed registers in this run.)

14.32.16. Executing OPT_EXPR pass (perform const folding).
Optimizing module synth_harness.
<suppressed ~2 debug messages>

14.32.17. Executing OPT_MERGE pass (detect identical cells).
Finding identical cells in module `\synth_harness'.
Removed a total of 0 cells.

14.32.18. Executing OPT_DFF pass (perform DFF optimizations).
Setting constant 0-bit at position 0 on $auto$ff.cc:266:slice$13537 ($_DFFE_PN0P_) from module synth_harness.

14.32.19. Executing OPT_CLEAN pass (remove unused cells and wires).
Finding unused cells or wires in module \synth_harness..

14.32.20. Rerunning OPT passes. (Removed registers in this run.)

14.32.21. Executing OPT_EXPR pass (perform const folding).
Optimizing module synth_harness.
<suppressed ~2 debug messages>

14.32.22. Executing OPT_MERGE pass (detect identical cells).
Finding identical cells in module `\synth_harness'.
Removed a total of 0 cells.

14.32.23. Executing OPT_DFF pass (perform DFF optimizations).
Setting constant 0-bit at position 0 on $auto$ff.cc:266:slice$13538 ($_DFFE_PN0P_) from module synth_harness.

14.32.24. Executing OPT_CLEAN pass (remove unused cells and wires).
Finding unused cells or wires in module \synth_harness..

14.32.25. Rerunning OPT passes. (Removed registers in this run.)

14.32.26. Executing OPT_EXPR pass (perform const folding).
Optimizing module synth_harness.
<suppressed ~2 debug messages>

14.32.27. Executing OPT_MERGE pass (detect identical cells).
Finding identical cells in module `\synth_harness'.
Removed a total of 0 cells.

14.32.28. Executing OPT_DFF pass (perform DFF optimizations).
Setting constant 0-bit at position 0 on $auto$ff.cc:266:slice$13539 ($_DFFE_PN0P_) from module synth_harness.

14.32.29. Executing OPT_CLEAN pass (remove unused cells and wires).
Finding unused cells or wires in module \synth_harness..

14.32.30. Rerunning OPT passes. (Removed registers in this run.)

14.32.31. Executing OPT_EXPR pass (perform const folding).
Optimizing module synth_harness.
<suppressed ~2 debug messages>

14.32.32. Executing OPT_MERGE pass (detect identical cells).
Finding identical cells in module `\synth_harness'.
Removed a total of 0 cells.

14.32.33. Executing OPT_DFF pass (perform DFF optimizations).
Setting constant 0-bit at position 0 on $auto$ff.cc:266:slice$13540 ($_DFFE_PN0P_) from module synth_harness.

14.32.34. Executing OPT_CLEAN pass (remove unused cells and wires).
Finding unused cells or wires in module \synth_harness..

14.32.35. Rerunning OPT passes. (Removed registers in this run.)

14.32.36. Executing OPT_EXPR pass (perform const folding).
Optimizing module synth_harness.
<suppressed ~2 debug messages>

14.32.37. Executing OPT_MERGE pass (detect identical cells).
Finding identical cells in module `\synth_harness'.
Removed a total of 0 cells.

14.32.38. Executing OPT_DFF pass (perform DFF optimizations).
Setting constant 0-bit at position 0 on $auto$ff.cc:266:slice$13541 ($_DFFE_PN0P_) from module synth_harness.

14.32.39. Executing OPT_CLEAN pass (remove unused cells and wires).
Finding unused cells or wires in module \synth_harness..

14.32.40. Rerunning OPT passes. (Removed registers in this run.)

14.32.41. Executing OPT_EXPR pass (perform const folding).
Optimizing module synth_harness.
<suppressed ~2 debug messages>

14.32.42. Executing OPT_MERGE pass (detect identical cells).
Finding identical cells in module `\synth_harness'.
Removed a total of 0 cells.

14.32.43. Executing OPT_DFF pass (perform DFF optimizations).
Setting constant 0-bit at position 0 on $auto$ff.cc:266:slice$13542 ($_DFFE_PN0P_) from module synth_harness.

14.32.44. Executing OPT_CLEAN pass (remove unused cells and wires).
Finding unused cells or wires in module \synth_harness..

14.32.45. Rerunning OPT passes. (Removed registers in this run.)

14.32.46. Executing OPT_EXPR pass (perform const folding).
Optimizing module synth_harness.
<suppressed ~2 debug messages>

14.32.47. Executing OPT_MERGE pass (detect identical cells).
Finding identical cells in module `\synth_harness'.
Removed a total of 0 cells.

14.32.48. Executing OPT_DFF pass (perform DFF optimizations).
Setting constant 0-bit at position 0 on $auto$ff.cc:266:slice$13543 ($_DFFE_PN0P_) from module synth_harness.

14.32.49. Executing OPT_CLEAN pass (remove unused cells and wires).
Finding unused cells or wires in module \synth_harness..

14.32.50. Rerunning OPT passes. (Removed registers in this run.)

14.32.51. Executing OPT_EXPR pass (perform const folding).
Optimizing module synth_harness.
<suppressed ~2 debug messages>

14.32.52. Executing OPT_MERGE pass (detect identical cells).
Finding identical cells in module `\synth_harness'.
Removed a total of 0 cells.

14.32.53. Executing OPT_DFF pass (perform DFF optimizations).
Setting constant 0-bit at position 0 on $auto$ff.cc:266:slice$13544 ($_DFFE_PN0P_) from module synth_harness.

14.32.54. Executing OPT_CLEAN pass (remove unused cells and wires).
Finding unused cells or wires in module \synth_harness..

14.32.55. Rerunning OPT passes. (Removed registers in this run.)

14.32.56. Executing OPT_EXPR pass (perform const folding).
Optimizing module synth_harness.
<suppressed ~2 debug messages>

14.32.57. Executing OPT_MERGE pass (detect identical cells).
Finding identical cells in module `\synth_harness'.
Removed a total of 0 cells.

14.32.58. Executing OPT_DFF pass (perform DFF optimizations).
Setting constant 0-bit at position 0 on $auto$ff.cc:266:slice$13545 ($_DFFE_PN0P_) from module synth_harness.

14.32.59. Executing OPT_CLEAN pass (remove unused cells and wires).
Finding unused cells or wires in module \synth_harness..

14.32.60. Rerunning OPT passes. (Removed registers in this run.)

14.32.61. Executing OPT_EXPR pass (perform const folding).
Optimizing module synth_harness.
<suppressed ~2 debug messages>

14.32.62. Executing OPT_MERGE pass (detect identical cells).
Finding identical cells in module `\synth_harness'.
Removed a total of 0 cells.

14.32.63. Executing OPT_DFF pass (perform DFF optimizations).
Setting constant 0-bit at position 0 on $auto$ff.cc:266:slice$13546 ($_DFFE_PN0P_) from module synth_harness.

14.32.64. Executing OPT_CLEAN pass (remove unused cells and wires).
Finding unused cells or wires in module \synth_harness..

14.32.65. Rerunning OPT passes. (Removed registers in this run.)

14.32.66. Executing OPT_EXPR pass (perform const folding).
Optimizing module synth_harness.
<suppressed ~2 debug messages>

14.32.67. Executing OPT_MERGE pass (detect identical cells).
Finding identical cells in module `\synth_harness'.
Removed a total of 0 cells.

14.32.68. Executing OPT_DFF pass (perform DFF optimizations).
Setting constant 0-bit at position 0 on $auto$ff.cc:266:slice$13547 ($_DFFE_PN0P_) from module synth_harness.

14.32.69. Executing OPT_CLEAN pass (remove unused cells and wires).
Finding unused cells or wires in module \synth_harness..

14.32.70. Rerunning OPT passes. (Removed registers in this run.)

14.32.71. Executing OPT_EXPR pass (perform const folding).
Optimizing module synth_harness.
<suppressed ~2 debug messages>

14.32.72. Executing OPT_MERGE pass (detect identical cells).
Finding identical cells in module `\synth_harness'.
Removed a total of 0 cells.

14.32.73. Executing OPT_DFF pass (perform DFF optimizations).
Setting constant 0-bit at position 0 on $auto$ff.cc:266:slice$13548 ($_DFFE_PN0P_) from module synth_harness.

14.32.74. Executing OPT_CLEAN pass (remove unused cells and wires).
Finding unused cells or wires in module \synth_harness..

14.32.75. Rerunning OPT passes. (Removed registers in this run.)

14.32.76. Executing OPT_EXPR pass (perform const folding).
Optimizing module synth_harness.
<suppressed ~2 debug messages>

14.32.77. Executing OPT_MERGE pass (detect identical cells).
Finding identical cells in module `\synth_harness'.
Removed a total of 0 cells.

14.32.78. Executing OPT_DFF pass (perform DFF optimizations).
Setting constant 0-bit at position 0 on $auto$ff.cc:266:slice$13549 ($_DFFE_PN0P_) from module synth_harness.

14.32.79. Executing OPT_CLEAN pass (remove unused cells and wires).
Finding unused cells or wires in module \synth_harness..

14.32.80. Rerunning OPT passes. (Removed registers in this run.)

14.32.81. Executing OPT_EXPR pass (perform const folding).
Optimizing module synth_harness.
<suppressed ~2 debug messages>

14.32.82. Executing OPT_MERGE pass (detect identical cells).
Finding identical cells in module `\synth_harness'.
Removed a total of 0 cells.

14.32.83. Executing OPT_DFF pass (perform DFF optimizations).
Setting constant 0-bit at position 0 on $auto$ff.cc:266:slice$13550 ($_DFFE_PN0P_) from module synth_harness.

14.32.84. Executing OPT_CLEAN pass (remove unused cells and wires).
Finding unused cells or wires in module \synth_harness..

14.32.85. Rerunning OPT passes. (Removed registers in this run.)

14.32.86. Executing OPT_EXPR pass (perform const folding).
Optimizing module synth_harness.
<suppressed ~2 debug messages>

14.32.87. Executing OPT_MERGE pass (detect identical cells).
Finding identical cells in module `\synth_harness'.
Removed a total of 0 cells.

14.32.88. Executing OPT_DFF pass (perform DFF optimizations).
Setting constant 0-bit at position 0 on $auto$ff.cc:266:slice$13551 ($_DFFE_PN0P_) from module synth_harness.

14.32.89. Executing OPT_CLEAN pass (remove unused cells and wires).
Finding unused cells or wires in module \synth_harness..

14.32.90. Rerunning OPT passes. (Removed registers in this run.)

14.32.91. Executing OPT_EXPR pass (perform const folding).
Optimizing module synth_harness.
<suppressed ~2 debug messages>

14.32.92. Executing OPT_MERGE pass (detect identical cells).
Finding identical cells in module `\synth_harness'.
Removed a total of 0 cells.

14.32.93. Executing OPT_DFF pass (perform DFF optimizations).
Setting constant 0-bit at position 0 on $auto$ff.cc:266:slice$13552 ($_DFFE_PN0P_) from module synth_harness.

14.32.94. Executing OPT_CLEAN pass (remove unused cells and wires).
Finding unused cells or wires in module \synth_harness..

14.32.95. Rerunning OPT passes. (Removed registers in this run.)

14.32.96. Executing OPT_EXPR pass (perform const folding).
Optimizing module synth_harness.
<suppressed ~2 debug messages>

14.32.97. Executing OPT_MERGE pass (detect identical cells).
Finding identical cells in module `\synth_harness'.
Removed a total of 0 cells.

14.32.98. Executing OPT_DFF pass (perform DFF optimizations).
Setting constant 0-bit at position 0 on $auto$ff.cc:266:slice$13553 ($_DFFE_PN0P_) from module synth_harness.

14.32.99. Executing OPT_CLEAN pass (remove unused cells and wires).
Finding unused cells or wires in module \synth_harness..

14.32.100. Rerunning OPT passes. (Removed registers in this run.)

14.32.101. Executing OPT_EXPR pass (perform const folding).
Optimizing module synth_harness.
<suppressed ~2 debug messages>

14.32.102. Executing OPT_MERGE pass (detect identical cells).
Finding identical cells in module `\synth_harness'.
Removed a total of 0 cells.

14.32.103. Executing OPT_DFF pass (perform DFF optimizations).
Setting constant 0-bit at position 0 on $auto$ff.cc:266:slice$13554 ($_DFFE_PN0P_) from module synth_harness.

14.32.104. Executing OPT_CLEAN pass (remove unused cells and wires).
Finding unused cells or wires in module \synth_harness..

14.32.105. Rerunning OPT passes. (Removed registers in this run.)

14.32.106. Executing OPT_EXPR pass (perform const folding).
Optimizing module synth_harness.
<suppressed ~2 debug messages>

14.32.107. Executing OPT_MERGE pass (detect identical cells).
Finding identical cells in module `\synth_harness'.
Removed a total of 0 cells.

14.32.108. Executing OPT_DFF pass (perform DFF optimizations).
Setting constant 0-bit at position 0 on $auto$ff.cc:266:slice$13555 ($_DFFE_PN0P_) from module synth_harness.

14.32.109. Executing OPT_CLEAN pass (remove unused cells and wires).
Finding unused cells or wires in module \synth_harness..

14.32.110. Rerunning OPT passes. (Removed registers in this run.)

14.32.111. Executing OPT_EXPR pass (perform const folding).
Optimizing module synth_harness.
<suppressed ~2 debug messages>

14.32.112. Executing OPT_MERGE pass (detect identical cells).
Finding identical cells in module `\synth_harness'.
Removed a total of 0 cells.

14.32.113. Executing OPT_DFF pass (perform DFF optimizations).
Setting constant 0-bit at position 0 on $auto$ff.cc:266:slice$13556 ($_DFFE_PN0P_) from module synth_harness.

14.32.114. Executing OPT_CLEAN pass (remove unused cells and wires).
Finding unused cells or wires in module \synth_harness..

14.32.115. Rerunning OPT passes. (Removed registers in this run.)

14.32.116. Executing OPT_EXPR pass (perform const folding).
Optimizing module synth_harness.
<suppressed ~2 debug messages>

14.32.117. Executing OPT_MERGE pass (detect identical cells).
Finding identical cells in module `\synth_harness'.
Removed a total of 0 cells.

14.32.118. Executing OPT_DFF pass (perform DFF optimizations).
Setting constant 0-bit at position 0 on $auto$ff.cc:266:slice$13557 ($_DFFE_PN0P_) from module synth_harness.

14.32.119. Executing OPT_CLEAN pass (remove unused cells and wires).
Finding unused cells or wires in module \synth_harness..

14.32.120. Rerunning OPT passes. (Removed registers in this run.)

14.32.121. Executing OPT_EXPR pass (perform const folding).
Optimizing module synth_harness.
<suppressed ~1 debug messages>

14.32.122. Executing OPT_MERGE pass (detect identical cells).
Finding identical cells in module `\synth_harness'.
Removed a total of 0 cells.

14.32.123. Executing OPT_DFF pass (perform DFF optimizations).

14.32.124. Executing OPT_CLEAN pass (remove unused cells and wires).
Finding unused cells or wires in module \synth_harness..

14.32.125. Finished fast OPT passes.

14.33. Executing ICE40_OPT pass (performing simple optimizations).

14.33.1. Running ICE40 specific optimizations.
Optimized $__ICE40_CARRY_WRAPPER cell back to logic (without SB_CARRY) synth_harness.$auto$alumacc.cc:485:replace_alu$6487.slice[0].carry: CO=$auto$alumacc.cc:485:replace_alu$6487.BB [0]
Optimized $__ICE40_CARRY_WRAPPER cell back to logic (without SB_CARRY) synth_harness.$auto$alumacc.cc:485:replace_alu$6498.slice[0].carry: CO=$auto$alumacc.cc:485:replace_alu$6498.BB [0]
Optimized $__ICE40_CARRY_WRAPPER cell back to logic (without SB_CARRY) synth_harness.$auto$alumacc.cc:485:replace_alu$6522.slice[0].carry: CO=$auto$alumacc.cc:485:replace_alu$6522.BB [0]
Optimized $__ICE40_CARRY_WRAPPER cell back to logic (without SB_CARRY) synth_harness.$auto$alumacc.cc:485:replace_alu$6540.slice[0].carry: CO=$auto$alumacc.cc:485:replace_alu$6540.BB [0]
Optimized $__ICE40_CARRY_WRAPPER cell back to logic (without SB_CARRY) synth_harness.$auto$alumacc.cc:485:replace_alu$6553.slice[0].carry: CO=$auto$alumacc.cc:485:replace_alu$6540.BB [5]
Optimized $__ICE40_CARRY_WRAPPER cell back to logic (without SB_CARRY) synth_harness.$auto$alumacc.cc:485:replace_alu$6560.slice[0].carry: CO=$auto$alumacc.cc:485:replace_alu$6560.BB [0]
Optimized $__ICE40_CARRY_WRAPPER cell back to logic (without SB_CARRY) synth_harness.$auto$alumacc.cc:485:replace_alu$6573.slice[0].carry: CO=$auto$alumacc.cc:485:replace_alu$6573.BB [0]
Optimized $__ICE40_CARRY_WRAPPER cell back to logic (without SB_CARRY) synth_harness.$auto$alumacc.cc:485:replace_alu$6573.slice[6].carry: CO=$auto$alumacc.cc:485:replace_alu$6573.C [6]
Optimized $__ICE40_CARRY_WRAPPER cell back to logic (without SB_CARRY) synth_harness.$auto$alumacc.cc:485:replace_alu$6573.slice[7].carry: CO=$auto$alumacc.cc:485:replace_alu$6573.C [7]
Optimized $__ICE40_CARRY_WRAPPER cell back to logic (without SB_CARRY) synth_harness.$auto$alumacc.cc:485:replace_alu$6598.slice[0].carry: CO=$auto$alumacc.cc:485:replace_alu$6598.BB [0]
Optimized $__ICE40_CARRY_WRAPPER cell back to logic (without SB_CARRY) synth_harness.$auto$alumacc.cc:485:replace_alu$6609.slice[0].carry: CO=$auto$alumacc.cc:485:replace_alu$6609.BB [0]
Optimized $__ICE40_CARRY_WRAPPER cell back to logic (without SB_CARRY) synth_harness.$auto$alumacc.cc:485:replace_alu$6629.slice[0].carry: CO=\stim_sel [0]
Optimized $__ICE40_CARRY_WRAPPER cell back to logic (without SB_CARRY) synth_harness.$auto$alumacc.cc:485:replace_alu$6632.slice[24].carry: CO=$auto$alumacc.cc:485:replace_alu$6632.C [24]
Optimized $__ICE40_CARRY_WRAPPER cell back to logic (without SB_CARRY) synth_harness.$auto$alumacc.cc:485:replace_alu$6635.slice[24].carry: CO=1'0
Optimized $__ICE40_CARRY_WRAPPER cell back to logic (without SB_CARRY) synth_harness.$auto$alumacc.cc:485:replace_alu$6638.slice[24].carry: CO=$auto$alumacc.cc:485:replace_alu$6638.C [24]
Optimized $__ICE40_CARRY_WRAPPER cell back to logic (without SB_CARRY) synth_harness.$auto$alumacc.cc:485:replace_alu$6664.slice[0].carry: CO=\u_fpu.u_div.iter_count [0]
Optimized $__ICE40_CARRY_WRAPPER cell back to logic (without SB_CARRY) synth_harness.$auto$alumacc.cc:485:replace_alu$6676.slice[0].carry: CO=$auto$alumacc.cc:485:replace_alu$6560.BB [0]
Optimized $__ICE40_CARRY_WRAPPER cell back to logic (without SB_CARRY) synth_harness.$auto$alumacc.cc:485:replace_alu$6679.slice[0].carry: CO=$auto$alumacc.cc:485:replace_alu$6679.BB [0]
Optimized $__ICE40_CARRY_WRAPPER cell back to logic (without SB_CARRY) synth_harness.$auto$alumacc.cc:485:replace_alu$6679.slice[2].carry: CO=$auto$alumacc.cc:485:replace_alu$6679.C [2]
Optimized $__ICE40_CARRY_WRAPPER cell back to logic (without SB_CARRY) synth_harness.$auto$alumacc.cc:485:replace_alu$6679.slice[3].carry: CO=$auto$alumacc.cc:485:replace_alu$6679.C [3]
Optimized $__ICE40_CARRY_WRAPPER cell back to logic (without SB_CARRY) synth_harness.$auto$alumacc.cc:485:replace_alu$6679.slice[4].carry: CO=$auto$alumacc.cc:485:replace_alu$6679.C [4]
Optimized $__ICE40_CARRY_WRAPPER cell back to logic (without SB_CARRY) synth_harness.$auto$alumacc.cc:485:replace_alu$6679.slice[5].carry: CO=$auto$alumacc.cc:485:replace_alu$6679.C [5]
Optimized $__ICE40_CARRY_WRAPPER cell back to logic (without SB_CARRY) synth_harness.$auto$alumacc.cc:485:replace_alu$6688.slice[0].carry: CO=$auto$alumacc.cc:485:replace_alu$6673.B [0]
Optimized $__ICE40_CARRY_WRAPPER cell back to logic (without SB_CARRY) synth_harness.$auto$alumacc.cc:485:replace_alu$6691.slice[0].carry: CO=$auto$alumacc.cc:485:replace_alu$6573.BB [0]
Optimized $__ICE40_CARRY_WRAPPER cell back to logic (without SB_CARRY) synth_harness.$auto$alumacc.cc:485:replace_alu$6691.slice[6].carry: CO=$auto$alumacc.cc:485:replace_alu$6691.C [6]
Optimized $__ICE40_CARRY_WRAPPER cell back to logic (without SB_CARRY) synth_harness.$auto$alumacc.cc:485:replace_alu$6691.slice[7].carry: CO=$auto$alumacc.cc:485:replace_alu$6691.C [7]
Optimized $__ICE40_CARRY_WRAPPER cell back to logic (without SB_CARRY) synth_harness.$auto$alumacc.cc:485:replace_alu$6691.slice[8].carry: CO=$auto$alumacc.cc:485:replace_alu$6691.C [8]
Optimized $__ICE40_CARRY_WRAPPER cell back to logic (without SB_CARRY) synth_harness.$auto$alumacc.cc:485:replace_alu$6697.slice[0].carry: CO=$auto$alumacc.cc:485:replace_alu$6697.BB [0]
Optimized $__ICE40_CARRY_WRAPPER cell back to logic (without SB_CARRY) synth_harness.$auto$alumacc.cc:485:replace_alu$6700.slice[0].carry: CO=\stim_reg[0] [23]
Optimized $__ICE40_CARRY_WRAPPER cell back to logic (without SB_CARRY) synth_harness.$auto$alumacc.cc:485:replace_alu$6700.slice[8].carry: CO=$auto$alumacc.cc:485:replace_alu$6700.C [8]
Optimized $__ICE40_CARRY_WRAPPER cell back to logic (without SB_CARRY) synth_harness.$auto$alumacc.cc:485:replace_alu$6703.slice[0].carry: CO=$auto$alumacc.cc:485:replace_alu$6540.B [0]
Optimized $__ICE40_CARRY_WRAPPER cell back to logic (without SB_CARRY) synth_harness.$auto$alumacc.cc:485:replace_alu$6706.slice[0].carry: CO=$auto$alumacc.cc:485:replace_alu$6540.BB [3]
Optimized $__ICE40_CARRY_WRAPPER cell back to logic (without SB_CARRY) synth_harness.$auto$alumacc.cc:485:replace_alu$6717.slice[24].carry: CO=$auto$alumacc.cc:485:replace_alu$6717.C [24]
Optimized $__ICE40_CARRY_WRAPPER cell back to logic (without SB_CARRY) synth_harness.$auto$alumacc.cc:485:replace_alu$6734.slice[0].carry: CO=$auto$alumacc.cc:485:replace_alu$6734.A [0]
Optimized $__ICE40_CARRY_WRAPPER cell back to logic (without SB_CARRY) synth_harness.$auto$alumacc.cc:485:replace_alu$6734.slice[5].carry: CO=$auto$alumacc.cc:485:replace_alu$6734.C [5]
Optimized $__ICE40_CARRY_WRAPPER cell back to logic (without SB_CARRY) synth_harness.$auto$alumacc.cc:485:replace_alu$6734.slice[6].carry: CO=$auto$alumacc.cc:485:replace_alu$6734.C [6]
Optimized $__ICE40_CARRY_WRAPPER cell back to logic (without SB_CARRY) synth_harness.$auto$alumacc.cc:485:replace_alu$6734.slice[7].carry: CO=$auto$alumacc.cc:485:replace_alu$6734.C [7]
Optimized $__ICE40_CARRY_WRAPPER cell back to logic (without SB_CARRY) synth_harness.$auto$alumacc.cc:485:replace_alu$6734.slice[8].carry: CO=$auto$alumacc.cc:485:replace_alu$6734.C [8]
Optimized $__ICE40_CARRY_WRAPPER cell back to logic (without SB_CARRY) synth_harness.$auto$alumacc.cc:485:replace_alu$6737.slice[0].carry: CO=$auto$alumacc.cc:485:replace_alu$6737.B [0]
Optimized $__ICE40_CARRY_WRAPPER cell back to logic (without SB_CARRY) synth_harness.$auto$alumacc.cc:485:replace_alu$6740.slice[24].carry: CO=$auto$alumacc.cc:485:replace_alu$6740.C [24]
Optimized $__ICE40_CARRY_WRAPPER cell back to logic (without SB_CARRY) synth_harness.$auto$alumacc.cc:485:replace_alu$6753.slice[24].carry: CO=1'0
Optimized $__ICE40_CARRY_WRAPPER cell back to logic (without SB_CARRY) synth_harness.$auto$alumacc.cc:485:replace_alu$6756.slice[0].carry: CO=$auto$alumacc.cc:485:replace_alu$6756.BB [0]
Optimized $__ICE40_CARRY_WRAPPER cell back to logic (without SB_CARRY) synth_harness.$auto$alumacc.cc:485:replace_alu$6759.slice[0].carry: CO=$auto$alumacc.cc:485:replace_alu$6759.A [0]
Optimized $__ICE40_CARRY_WRAPPER cell back to logic (without SB_CARRY) synth_harness.$auto$alumacc.cc:485:replace_alu$6759.slice[5].carry: CO=$auto$alumacc.cc:485:replace_alu$6759.C [5]
Optimized $__ICE40_CARRY_WRAPPER cell back to logic (without SB_CARRY) synth_harness.$auto$alumacc.cc:485:replace_alu$6759.slice[6].carry: CO=$auto$alumacc.cc:485:replace_alu$6759.C [6]
Optimized $__ICE40_CARRY_WRAPPER cell back to logic (without SB_CARRY) synth_harness.$auto$alumacc.cc:485:replace_alu$6759.slice[7].carry: CO=$auto$alumacc.cc:485:replace_alu$6759.C [7]
Optimized $__ICE40_CARRY_WRAPPER cell back to logic (without SB_CARRY) synth_harness.$auto$alumacc.cc:485:replace_alu$6759.slice[8].carry: CO=$auto$alumacc.cc:485:replace_alu$6759.C [8]
Optimized $__ICE40_CARRY_WRAPPER cell back to logic (without SB_CARRY) synth_harness.$auto$alumacc.cc:485:replace_alu$6762.slice[0].carry: CO=$auto$alumacc.cc:485:replace_alu$6759.X [3]
Optimized $__ICE40_CARRY_WRAPPER cell back to logic (without SB_CARRY) synth_harness.$auto$alumacc.cc:485:replace_alu$6762.slice[2].carry: CO=$auto$alumacc.cc:485:replace_alu$6762.C [2]
Optimized $__ICE40_CARRY_WRAPPER cell back to logic (without SB_CARRY) synth_harness.$auto$alumacc.cc:485:replace_alu$6762.slice[3].carry: CO=$auto$alumacc.cc:485:replace_alu$6762.C [3]
Optimized $__ICE40_CARRY_WRAPPER cell back to logic (without SB_CARRY) synth_harness.$auto$alumacc.cc:485:replace_alu$6762.slice[4].carry: CO=$auto$alumacc.cc:485:replace_alu$6762.C [4]
Optimized $__ICE40_CARRY_WRAPPER cell back to logic (without SB_CARRY) synth_harness.$auto$alumacc.cc:485:replace_alu$6762.slice[5].carry: CO=$auto$alumacc.cc:485:replace_alu$6762.C [5]
Optimized $__ICE40_CARRY_WRAPPER cell back to logic (without SB_CARRY) synth_harness.$auto$maccmap.cc:240:synth$14030.slice[0].carry: CO=1'0
Optimized $__ICE40_CARRY_WRAPPER cell back to logic (without SB_CARRY) synth_harness.$auto$maccmap.cc:240:synth$14039.slice[0].carry: CO=1'0
Optimized $__ICE40_CARRY_WRAPPER cell back to logic (without SB_CARRY) synth_harness.$auto$maccmap.cc:240:synth$15757.slice[0].carry: CO=1'0
Optimized $__ICE40_CARRY_WRAPPER cell back to logic (without SB_CARRY) synth_harness.$auto$maccmap.cc:240:synth$16370.slice[0].carry: CO=1'0
Optimized $__ICE40_CARRY_WRAPPER cell back to logic (without SB_CARRY) synth_harness.$auto$maccmap.cc:240:synth$7928.slice[0].carry: CO=1'0

14.33.2. Executing OPT_EXPR pass (perform const folding).
Optimizing module synth_harness.
<suppressed ~229 debug messages>

14.33.3. Executing OPT_MERGE pass (detect identical cells).
Finding identical cells in module `\synth_harness'.
<suppressed ~117 debug messages>
Removed a total of 39 cells.

14.33.4. Executing OPT_DFF pass (perform DFF optimizations).

14.33.5. Executing OPT_CLEAN pass (remove unused cells and wires).
Finding unused cells or wires in module \synth_harness..
Removed 10 unused cells and 15 unused wires.
<suppressed ~11 debug messages>

14.33.6. Rerunning OPT passes. (Removed registers in this run.)

14.33.7. Running ICE40 specific optimizations.
Optimized $__ICE40_CARRY_WRAPPER cell back to logic (without SB_CARRY) synth_harness.$auto$maccmap.cc:240:synth$14030.slice[1].carry: CO=$auto$alumacc.cc:485:replace_alu$6759.Y [1]
Optimized $__ICE40_CARRY_WRAPPER cell back to logic (without SB_CARRY) synth_harness.$auto$maccmap.cc:240:synth$15757.slice[1].carry: CO=1'0
Optimized $__ICE40_CARRY_WRAPPER cell back to logic (without SB_CARRY) synth_harness.$auto$maccmap.cc:240:synth$7928.slice[1].carry: CO=$auto$alumacc.cc:485:replace_alu$6734.Y [1]

14.33.8. Executing OPT_EXPR pass (perform const folding).
Optimizing module synth_harness.
<suppressed ~2 debug messages>

14.33.9. Executing OPT_MERGE pass (detect identical cells).
Finding identical cells in module `\synth_harness'.
Removed a total of 0 cells.

14.33.10. Executing OPT_DFF pass (perform DFF optimizations).

14.33.11. Executing OPT_CLEAN pass (remove unused cells and wires).
Finding unused cells or wires in module \synth_harness..
Removed 2 unused cells and 0 unused wires.
<suppressed ~2 debug messages>

14.33.12. Rerunning OPT passes. (Removed registers in this run.)

14.33.13. Running ICE40 specific optimizations.
Optimized $__ICE40_CARRY_WRAPPER cell back to logic (without SB_CARRY) synth_harness.$auto$maccmap.cc:240:synth$15757.slice[2].carry: CO=1'0

14.33.14. Executing OPT_EXPR pass (perform const folding).
Optimizing module synth_harness.

14.33.15. Executing OPT_MERGE pass (detect identical cells).
Finding identical cells in module `\synth_harness'.
Removed a total of 0 cells.

14.33.16. Executing OPT_DFF pass (perform DFF optimizations).

14.33.17. Executing OPT_CLEAN pass (remove unused cells and wires).
Finding unused cells or wires in module \synth_harness..
Removed 2 unused cells and 0 unused wires.
<suppressed ~2 debug messages>

14.33.18. Rerunning OPT passes. (Removed registers in this run.)

14.33.19. Running ICE40 specific optimizations.
Optimized $__ICE40_CARRY_WRAPPER cell back to logic (without SB_CARRY) synth_harness.$auto$maccmap.cc:240:synth$15757.slice[3].carry: CO=1'0

14.33.20. Executing OPT_EXPR pass (perform const folding).
Optimizing module synth_harness.

14.33.21. Executing OPT_MERGE pass (detect identical cells).
Finding identical cells in module `\synth_harness'.
Removed a total of 0 cells.

14.33.22. Executing OPT_DFF pass (perform DFF optimizations).

14.33.23. Executing OPT_CLEAN pass (remove unused cells and wires).
Finding unused cells or wires in module \synth_harness..
Removed 2 unused cells and 0 unused wires.
<suppressed ~2 debug messages>

14.33.24. Rerunning OPT passes. (Removed registers in this run.)

14.33.25. Running ICE40 specific optimizations.

14.33.26. Executing OPT_EXPR pass (perform const folding).
Optimizing module synth_harness.

14.33.27. Executing OPT_MERGE pass (detect identical cells).
Finding identical cells in module `\synth_harness'.
Removed a total of 0 cells.

14.33.28. Executing OPT_DFF pass (perform DFF optimizations).

14.33.29. Executing OPT_CLEAN pass (remove unused cells and wires).
Finding unused cells or wires in module \synth_harness..

14.33.30. Finished OPT passes. (There is nothing left to do.)

14.34. Executing DFFLEGALIZE pass (convert FFs to types supported by the target).

14.35. Executing TECHMAP pass (map to technology primitives).

14.35.1. Executing Verilog-2005 frontend: /usr/bin/../share/yosys/ice40/ff_map.v
Parsing Verilog input from `/usr/bin/../share/yosys/ice40/ff_map.v' to AST representation.
Generating RTLIL representation for module `\$_DFF_N_'.
Generating RTLIL representation for module `\$_DFF_P_'.
Generating RTLIL representation for module `\$_DFFE_NP_'.
Generating RTLIL representation for module `\$_DFFE_PP_'.
Generating RTLIL representation for module `\$_DFF_NP0_'.
Generating RTLIL representation for module `\$_DFF_NP1_'.
Generating RTLIL representation for module `\$_DFF_PP0_'.
Generating RTLIL representation for module `\$_DFF_PP1_'.
Generating RTLIL representation for module `\$_DFFE_NP0P_'.
Generating RTLIL representation for module `\$_DFFE_NP1P_'.
Generating RTLIL representation for module `\$_DFFE_PP0P_'.
Generating RTLIL representation for module `\$_DFFE_PP1P_'.
Generating RTLIL representation for module `\$_SDFF_NP0_'.
Generating RTLIL representation for module `\$_SDFF_NP1_'.
Generating RTLIL representation for module `\$_SDFF_PP0_'.
Generating RTLIL representation for module `\$_SDFF_PP1_'.
Generating RTLIL representation for module `\$_SDFFCE_NP0P_'.
Generating RTLIL representation for module `\$_SDFFCE_NP1P_'.
Generating RTLIL representation for module `\$_SDFFCE_PP0P_'.
Generating RTLIL representation for module `\$_SDFFCE_PP1P_'.
Successfully finished Verilog frontend.

14.35.2. Continuing TECHMAP pass.
Using template \$_DFF_P_ for cells of type $_DFF_P_.
Using template \$_DFF_PP0_ for cells of type $_DFF_PP0_.
Using template \$_DFFE_PP0P_ for cells of type $_DFFE_PP0P_.
No more expansions possible.
<suppressed ~464 debug messages>

14.36. Executing OPT_EXPR pass (perform const folding).
Optimizing module synth_harness.

14.37. Executing SIMPLEMAP pass (map simple cells to gate primitives).
Mapping synth_harness.$auto$alumacc.cc:485:replace_alu$6629.slice[0].carry ($lut).
Mapping synth_harness.$auto$alumacc.cc:485:replace_alu$6632.slice[24].carry ($lut).
Mapping synth_harness.$auto$alumacc.cc:485:replace_alu$6635.slice[24].carry ($lut).
Mapping synth_harness.$auto$alumacc.cc:485:replace_alu$6638.slice[24].carry ($lut).
Mapping synth_harness.$auto$alumacc.cc:485:replace_alu$6664.slice[0].carry ($lut).
Mapping synth_harness.$auto$alumacc.cc:485:replace_alu$6676.slice[0].carry ($lut).
Mapping synth_harness.$auto$alumacc.cc:485:replace_alu$6679.slice[0].carry ($lut).
Mapping synth_harness.$auto$alumacc.cc:485:replace_alu$6679.slice[2].carry ($lut).
Mapping synth_harness.$auto$alumacc.cc:485:replace_alu$6688.slice[0].carry ($lut).
Mapping synth_harness.$auto$alumacc.cc:485:replace_alu$6691.slice[0].carry ($lut).
Mapping synth_harness.$auto$alumacc.cc:485:replace_alu$6691.slice[6].carry ($lut).
Mapping synth_harness.$auto$alumacc.cc:485:replace_alu$6697.slice[0].carry ($lut).
Mapping synth_harness.$auto$alumacc.cc:485:replace_alu$6700.slice[0].carry ($lut).
Mapping synth_harness.$auto$alumacc.cc:485:replace_alu$6700.slice[8].carry ($lut).
Mapping synth_harness.$auto$alumacc.cc:485:replace_alu$6703.slice[0].carry ($lut).
Mapping synth_harness.$auto$alumacc.cc:485:replace_alu$6706.slice[0].carry ($lut).
Mapping synth_harness.$auto$alumacc.cc:485:replace_alu$6717.slice[24].carry ($lut).
Mapping synth_harness.$auto$alumacc.cc:485:replace_alu$6734.slice[0].carry ($lut).
Mapping synth_harness.$auto$alumacc.cc:485:replace_alu$6734.slice[5].carry ($lut).
Mapping synth_harness.$auto$alumacc.cc:485:replace_alu$6737.slice[0].carry ($lut).
Mapping synth_harness.$auto$alumacc.cc:485:replace_alu$6740.slice[24].carry ($lut).
Mapping synth_harness.$auto$alumacc.cc:485:replace_alu$6753.slice[24].carry ($lut).
Mapping synth_harness.$auto$alumacc.cc:485:replace_alu$6756.slice[0].carry ($lut).
Mapping synth_harness.$auto$alumacc.cc:485:replace_alu$6759.slice[0].carry ($lut).
Mapping synth_harness.$auto$alumacc.cc:485:replace_alu$6759.slice[5].carry ($lut).
Mapping synth_harness.$auto$alumacc.cc:485:replace_alu$6762.slice[0].carry ($lut).
Mapping synth_harness.$auto$alumacc.cc:485:replace_alu$6762.slice[2].carry ($lut).
Mapping synth_harness.$auto$maccmap.cc:240:synth$14030.slice[0].carry ($lut).
Mapping synth_harness.$auto$maccmap.cc:240:synth$14030.slice[1].carry ($lut).
Mapping synth_harness.$auto$maccmap.cc:240:synth$14039.slice[0].carry ($lut).
Mapping synth_harness.$auto$maccmap.cc:240:synth$16370.slice[0].carry ($lut).
Mapping synth_harness.$auto$maccmap.cc:240:synth$7928.slice[0].carry ($lut).
Mapping synth_harness.$auto$maccmap.cc:240:synth$7928.slice[1].carry ($lut).

14.38. Executing ICE40_OPT pass (performing simple optimizations).

14.38.1. Running ICE40 specific optimizations.

14.38.2. Executing OPT_EXPR pass (perform const folding).
Optimizing module synth_harness.
<suppressed ~1442 debug messages>

14.38.3. Executing OPT_MERGE pass (detect identical cells).
Finding identical cells in module `\synth_harness'.
<suppressed ~1371 debug messages>
Removed a total of 457 cells.

14.38.4. Executing OPT_DFF pass (perform DFF optimizations).

14.38.5. Executing OPT_CLEAN pass (remove unused cells and wires).
Finding unused cells or wires in module \synth_harness..
Removed 2 unused cells and 2941 unused wires.
<suppressed ~3 debug messages>

14.38.6. Rerunning OPT passes. (Removed registers in this run.)

14.38.7. Running ICE40 specific optimizations.

14.38.8. Executing OPT_EXPR pass (perform const folding).
Optimizing module synth_harness.

14.38.9. Executing OPT_MERGE pass (detect identical cells).
Finding identical cells in module `\synth_harness'.
Removed a total of 0 cells.

14.38.10. Executing OPT_DFF pass (perform DFF optimizations).

14.38.11. Executing OPT_CLEAN pass (remove unused cells and wires).
Finding unused cells or wires in module \synth_harness..

14.38.12. Finished OPT passes. (There is nothing left to do.)

14.39. Executing TECHMAP pass (map to technology primitives).

14.39.1. Executing Verilog-2005 frontend: /usr/bin/../share/yosys/ice40/latches_map.v
Parsing Verilog input from `/usr/bin/../share/yosys/ice40/latches_map.v' to AST representation.
Generating RTLIL representation for module `\$_DLATCH_N_'.
Generating RTLIL representation for module `\$_DLATCH_P_'.
Successfully finished Verilog frontend.

14.39.2. Continuing TECHMAP pass.
No more expansions possible.
<suppressed ~4 debug messages>

14.40. Executing ABC pass (technology mapping using ABC).

14.40.1. Extracting gate netlist of module `\synth_harness' to `<abc-temp-dir>/input.blif'..
Extracted 10159 gates and 10950 wires to a netlist network with 789 inputs and 728 outputs.

14.40.1.1. Executing ABC.
Running ABC command: "<yosys-exe-dir>/yosys-abc" -s -f <abc-temp-dir>/abc.script 2>&1
ABC: ABC command line: "source <abc-temp-dir>/abc.script".
ABC: 
ABC: + read_blif <abc-temp-dir>/input.blif 
ABC: + read_lut <abc-temp-dir>/lutdefs.txt 
ABC: + strash 
ABC: + &get -n 
ABC: + &fraig -x 
ABC: + &put 
ABC: + scorr 
ABC: Warning: The network is combinational (run "fraig" or "fraig_sweep").
ABC: + dc2 
ABC: + dretime 
ABC: + strash 
ABC: + dch -f 
ABC: + if 
ABC: + mfs2 
ABC: + lutpack -S 1 
ABC: + dress <abc-temp-dir>/input.blif 
ABC: Total number of equiv classes                =    3165.
ABC: Participating nodes from both networks       =    7170.
ABC: Participating nodes from the first network   =    3277. (  80.00 % of nodes)
ABC: Participating nodes from the second network  =    3893. (  95.04 % of nodes)
ABC: Node pairs (any polarity)                    =    3276. (  79.98 % of names can be moved)
ABC: Node pairs (same polarity)                   =    2124. (  51.86 % of names can be moved)
ABC: Total runtime =     0.28 sec
ABC: + write_blif <abc-temp-dir>/output.blif 

14.40.1.2. Re-integrating ABC results.
ABC RESULTS:              $lut cells:     4095
ABC RESULTS:        internal signals:     9433
ABC RESULTS:           input signals:      789
ABC RESULTS:          output signals:      728
Removing temp directory.

14.41. Executing ICE40_WRAPCARRY pass (wrap carries).

14.42. Executing TECHMAP pass (map to technology primitives).

14.42.1. Executing Verilog-2005 frontend: /usr/bin/../share/yosys/ice40/ff_map.v
Parsing Verilog input from `/usr/bin/../share/yosys/ice40/ff_map.v' to AST representation.
Generating RTLIL representation for module `\$_DFF_N_'.
Generating RTLIL representation for module `\$_DFF_P_'.
Generating RTLIL representation for module `\$_DFFE_NP_'.
Generating RTLIL representation for module `\$_DFFE_PP_'.
Generating RTLIL representation for module `\$_DFF_NP0_'.
Generating RTLIL representation for module `\$_DFF_NP1_'.
Generating RTLIL representation for module `\$_DFF_PP0_'.
Generating RTLIL representation for module `\$_DFF_PP1_'.
Generating RTLIL representation for module `\$_DFFE_NP0P_'.
Generating RTLIL representation for module `\$_DFFE_NP1P_'.
Generating RTLIL representation for module `\$_DFFE_PP0P_'.
Generating RTLIL representation for module `\$_DFFE_PP1P_'.
Generating RTLIL representation for module `\$_SDFF_NP0_'.
Generating RTLIL representation for module `\$_SDFF_NP1_'.
Generating RTLIL representation for module `\$_SDFF_PP0_'.
Generating RTLIL representation for module `\$_SDFF_PP1_'.
Generating RTLIL representation for module `\$_SDFFCE_NP0P_'.
Generating RTLIL representation for module `\$_SDFFCE_NP1P_'.
Generating RTLIL representation for module `\$_SDFFCE_PP0P_'.
Generating RTLIL representation for module `\$_SDFFCE_PP1P_'.
Successfully finished Verilog frontend.

14.42.2. Continuing TECHMAP pass.
No more expansions possible.
<suppressed ~22 debug messages>
Removed 277 unused cells and 3305 unused wires.

14.43. Executing OPT_LUT pass (optimize LUTs).
Discovering LUTs.
Number of LUTs:     4562
  1-LUT              275
  2-LUT              610
  3-LUT             1992
  4-LUT             1685
  with \SB_CARRY    (#0)  450
  with \SB_CARRY    (#1)  451

Eliminating LUTs.
Number of LUTs:     4562
  1-LUT              275
  2-LUT              610
  3-LUT             1992
  4-LUT             1685
  with \SB_CARRY    (#0)  450
  with \SB_CARRY    (#1)  451

Combining LUTs.
Number of LUTs:     4535
  1-LUT              271
  2-LUT              594
  3-LUT             1967
  4-LUT             1703
  with \SB_CARRY    (#0)  450
  with \SB_CARRY    (#1)  451

Eliminated 0 LUTs.
Combined 27 LUTs.
<suppressed ~22329 debug messages>

14.44. Executing TECHMAP pass (map to technology primitives).

14.44.1. Executing Verilog-2005 frontend: /usr/bin/../share/yosys/ice40/cells_map.v
Parsing Verilog input from `/usr/bin/../share/yosys/ice40/cells_map.v' to AST representation.
Generating RTLIL representation for module `\$lut'.
Successfully finished Verilog frontend.

14.44.2. Continuing TECHMAP pass.
Using template $paramod$920b342e429905ad61ab7cd3f67ebfaaf1217f0e\$lut for cells of type $lut.
Using template $paramod\$lut\WIDTH=32'00000000000000000000000000000011\LUT=8'00010000 for cells of type $lut.
Using template $paramod\$lut\WIDTH=32'00000000000000000000000000000011\LUT=8'11100000 for cells of type $lut.
Using template $paramod$6e3b22478ca21c5590744f2e30b92938c4d90996\$lut for cells of type $lut.
Using template $paramod$fd1e68d43235621014e35437b4508a97628b7e8f\$lut for cells of type $lut.
Using template $paramod\$lut\WIDTH=32'00000000000000000000000000000011\LUT=8'00011111 for cells of type $lut.
Using template $paramod$272652f6c6fbe9a75eff76e45cc7e2788835518b\$lut for cells of type $lut.
Using template $paramod\$lut\WIDTH=32'00000000000000000000000000000010\LUT=4'0001 for cells of type $lut.
Using template $paramod$d119410bab96963da0139669592048db2c09198b\$lut for cells of type $lut.
Using template $paramod$11ec7271d8e6e5aeaace08c13e4c601f10e31038\$lut for cells of type $lut.
Using template $paramod\$lut\WIDTH=32'00000000000000000000000000000010\LUT=4'1000 for cells of type $lut.
Using template $paramod$608f40069c27841a5b3bdf03643a34bdc8974072\$lut for cells of type $lut.
Using template $paramod$4b2297966ddb718657b80566604f97685ffc0120\$lut for cells of type $lut.
Using template $paramod\$lut\WIDTH=32'00000000000000000000000000000011\LUT=8'01000000 for cells of type $lut.
Using template $paramod\$lut\WIDTH=32'00000000000000000000000000000010\LUT=4'0100 for cells of type $lut.
Using template $paramod$fd904e9e35cfd343a9df248824bd3f1408724879\$lut for cells of type $lut.
Using template $paramod\$lut\WIDTH=32'00000000000000000000000000000001\LUT=2'01 for cells of type $lut.
Using template $paramod\$lut\WIDTH=32'00000000000000000000000000000010\LUT=4'1001 for cells of type $lut.
Using template $paramod\$lut\WIDTH=32'00000000000000000000000000000011\LUT=8'11001010 for cells of type $lut.
Using template $paramod\$lut\WIDTH=32'00000000000000000000000000000011\LUT=8'10000000 for cells of type $lut.
Using template $paramod$6e238df02989b317f10820a22773676e71120644\$lut for cells of type $lut.
Using template $paramod$6d6beead1425af15cf78b27fd9b11b41b5d4bce8\$lut for cells of type $lut.
Using template $paramod\$lut\WIDTH=32'00000000000000000000000000000011\LUT=8'00000111 for cells of type $lut.
Using template $paramod$8c24dc0cdd336b7fb88bbf7eed45cec5cbae862b\$lut for cells of type $lut.
Using template $paramod$a670b08a47dd8a34f954c50cd06e9996d77e8467\$lut for cells of type $lut.
Using template $paramod$a54d8b8d2c90a828ee71c2d82e7e1612992a7ab8\$lut for cells of type $lut.
Using template $paramod$bba54c1ef87367812b4c15f4aed5ac70773df775\$lut for cells of type $lut.
Using template $paramod\$lut\WIDTH=32'00000000000000000000000000000011\LUT=8'01110000 for cells of type $lut.
Using template $paramod$332a399730bfc61adea04021a76b1c4e4030f37d\$lut for cells of type $lut.
Using template $paramod$fb5ee0bdef1c4e74aaf1fd8efae98b46a2f5e564\$lut for cells of type $lut.
Using template $paramod$e5759512db67494ff77fbdfc66dff4006376568f\$lut for cells of type $lut.
Using template $paramod$6b0849254d6c87461fb93e37cc18f089f61eb912\$lut for cells of type $lut.
Using template $paramod\$lut\WIDTH=32'00000000000000000000000000000011\LUT=8'00000001 for cells of type $lut.
Using template $paramod$e0bde73e598487237493c8a43ca52c95a3727354\$lut for cells of type $lut.
Using template $paramod$055b455d86a112f8e156f7933b9de48b1f25f2b4\$lut for cells of type $lut.
Using template $paramod$d6d3aaeac1b9aa2c4b652c48e0deb565040dda72\$lut for cells of type $lut.
Using template $paramod\$lut\WIDTH=32'00000000000000000000000000000010\LUT=4'0110 for cells of type $lut.
Using template $paramod$cb92beff9eab733e7181d891fbc8c3950b9abc0a\$lut for cells of type $lut.
Using template $paramod$78e1751931755f088c8bc676bcbc3bb642c26bfc\$lut for cells of type $lut.
Using template $paramod\$lut\WIDTH=32'00000000000000000000000000000011\LUT=8'01111000 for cells of type $lut.
Using template $paramod$e5cb8e913f4daae476fde2b364998f21967f1f08\$lut for cells of type $lut.
Using template $paramod\$lut\WIDTH=32'00000000000000000000000000000011\LUT=8'01101001 for cells of type $lut.
Using template $paramod\$lut\WIDTH=32'00000000000000000000000000000011\LUT=8'10110010 for cells of type $lut.
Using template $paramod\$lut\WIDTH=32'00000000000000000000000000000011\LUT=8'00101011 for cells of type $lut.
Using template $paramod$4282def8dbd6df3d1248ad282c629bee684502c2\$lut for cells of type $lut.
Using template $paramod$5766b753e513aa2393ffc25ef94ebc79dc098484\$lut for cells of type $lut.
Using template $paramod$d29ed6d1b402d5b181c5f6f130527bac5ccb1da5\$lut for cells of type $lut.
Using template $paramod$d35161d1d7976dcc02e7c7d51172431be85143b4\$lut for cells of type $lut.
Using template $paramod$ff7561cfb7d3ae7112e6974b98c96c3d891737ce\$lut for cells of type $lut.
Using template $paramod$e7a90351bef2453943e3a44fd59d48e9e04bb087\$lut for cells of type $lut.
Using template $paramod\$lut\WIDTH=32'00000000000000000000000000000010\LUT=4'1110 for cells of type $lut.
Using template $paramod$571404c0889eaf57f492cb5e37f8acb5df5852f9\$lut for cells of type $lut.
Using template $paramod$98d40e23bb57d56e14345fb0942003de3e361f25\$lut for cells of type $lut.
Using template $paramod$658b9ed803f0d3d335616d3858b53e0a2522f1e8\$lut for cells of type $lut.
Using template $paramod$deba17538f4cd4af4a7f03bc51507e8ef8b1d7d8\$lut for cells of type $lut.
Using template $paramod$82b4a585d1edcb5c6e755dc9bd3392228a1c1304\$lut for cells of type $lut.
Using template $paramod\$lut\WIDTH=32'00000000000000000000000000000011\LUT=8'10010110 for cells of type $lut.
Using template $paramod$6f625205336ac6ce7b8747324becdbce1049bc9c\$lut for cells of type $lut.
Using template $paramod\$lut\WIDTH=32'00000000000000000000000000000011\LUT=8'00010111 for cells of type $lut.
Using template $paramod$fa2fce62041fc97c70fbdbb9d981be41f1b3c2f1\$lut for cells of type $lut.
Using template $paramod$4adb41216162ad4c68ce9ea5c48385c753262ac3\$lut for cells of type $lut.
Using template $paramod\$lut\WIDTH=32'00000000000000000000000000000011\LUT=8'01110001 for cells of type $lut.
Using template $paramod$3f0549729b9cf7d6fa6533d688d092bceca9764e\$lut for cells of type $lut.
Using template $paramod\$lut\WIDTH=32'00000000000000000000000000000011\LUT=8'11010100 for cells of type $lut.
Using template $paramod$c93083768903e88c37e0c9b82fead370b0886961\$lut for cells of type $lut.
Using template $paramod$7d3cbfc289ec00e0691f33de08826f2254fca668\$lut for cells of type $lut.
Using template $paramod$e49f6e3576ef1a6d2f58c54414dbb786af8cc869\$lut for cells of type $lut.
Using template $paramod$2d07c1a6c53c7b878509360922c4fa5ebedc3011\$lut for cells of type $lut.
Using template $paramod$df196ed0a1da5c4a58c5e08a1dac304fd3fccaab\$lut for cells of type $lut.
Using template $paramod$b0aafa1ed7962f74d0dc4f92cc7d277a26f8f1a2\$lut for cells of type $lut.
Using template $paramod\$lut\WIDTH=32'00000000000000000000000000000011\LUT=8'10110000 for cells of type $lut.
Using template $paramod$9b2a235b71197211341028b71d3bf4a68e17ea7a\$lut for cells of type $lut.
Using template $paramod$4256c04bb9e86f873ba2a112f005a99a8ed41d05\$lut for cells of type $lut.
Using template $paramod$f3e1547c4b47e64c590e75cf09078b2507c8cc75\$lut for cells of type $lut.
Using template $paramod$c5f3c57a6d466a2f42208bafb8985b96ce884440\$lut for cells of type $lut.
Using template $paramod$973818279bc95792902f3c09371fd2407d04a2a5\$lut for cells of type $lut.
Using template $paramod$f54c0ffd7b041ca43eac7710ab19c0666d826c22\$lut for cells of type $lut.
Using template $paramod$e2e4d79bec18c28fa313e8bd8f4df6f8a38115b2\$lut for cells of type $lut.
Using template $paramod$b297295e19b03521716155b85537bbe86d6a9ae6\$lut for cells of type $lut.
Using template $paramod$c4a97cf0b46779df8741d618ac94cb76d112af85\$lut for cells of type $lut.
Using template $paramod$ed10455c824c2a3761aabdeb1e31dad905f66e6e\$lut for cells of type $lut.
Using template $paramod$aff3a645bb9f572421a4f0f49cf8987ceb4bcdc5\$lut for cells of type $lut.
Using template $paramod$2ea69c779d6c1b79ac5a87b0d1523c67d5628dba\$lut for cells of type $lut.
Using template $paramod$4da2782c2e024b3eded45331a6607870b9d0254f\$lut for cells of type $lut.
Using template $paramod$50b99034fbf984a51c265442496081454147f31e\$lut for cells of type $lut.
Using template $paramod\$lut\WIDTH=32'00000000000000000000000000000011\LUT=8'00010100 for cells of type $lut.
Using template $paramod$ecf9cac817e9cbb222dc9e58a122faf05f34c860\$lut for cells of type $lut.
Using template $paramod$1f3b67373a23476b64a6ed61bde9dbe9df1086de\$lut for cells of type $lut.
Using template $paramod\$lut\WIDTH=32'00000000000000000000000000000011\LUT=8'00111010 for cells of type $lut.
Using template $paramod\$lut\WIDTH=32'00000000000000000000000000000011\LUT=8'01011100 for cells of type $lut.
Using template $paramod$680fd8d179aaa2b94b3b7c0dab400ac18bb55c38\$lut for cells of type $lut.
Using template $paramod$50666a8f9d622ca1f027a4587dfd5f2a7d8810c9\$lut for cells of type $lut.
Using template $paramod$c24ed72ebb67e9ead6029e42e909ef7fc0abbb11\$lut for cells of type $lut.
Using template $paramod$ab2a0e40f059a1b02be99afabe16fa27dd5f64c0\$lut for cells of type $lut.
Using template $paramod$38f9bf4dd2329347b8471f0a98443dd323386889\$lut for cells of type $lut.
Using template $paramod$8b24407096beec47292ddeb1567a058197a320b9\$lut for cells of type $lut.
Using template $paramod$cd6c4b4da6d8737b72fd2dc8f5d83d8967445809\$lut for cells of type $lut.
Using template $paramod$ad3a97108c9f4d10f8acfa309b668b9455d3d733\$lut for cells of type $lut.
Using template $paramod$19ec49f31a8d230a567aa44ce3ea81a03c101e2b\$lut for cells of type $lut.
Using template $paramod$6f8c8cdc4b3e951baba96b2acd13eabbb5e850fe\$lut for cells of type $lut.
Using template $paramod\$lut\WIDTH=32'00000000000000000000000000000011\LUT=8'00001110 for cells of type $lut.
Using template $paramod$e9c77024ca501b890c641f9c0b10e27242db8730\$lut for cells of type $lut.
Using template $paramod$5c32c59025c0b98f20e63f249d83e7ebb4b085e3\$lut for cells of type $lut.
Using template $paramod$a4df2b5be2b644499880e088a11556935f22b401\$lut for cells of type $lut.
Using template $paramod\$lut\WIDTH=32'00000000000000000000000000000011\LUT=8'00110101 for cells of type $lut.
Using template $paramod$b431bfd938e35871dd0b7668e1503c7e8b9d491c\$lut for cells of type $lut.
Using template $paramod$81d8a60fd95b1a9f9ef71c12a774ae6988cb9fd5\$lut for cells of type $lut.
Using template $paramod$59ad7643a6592a7af331878e9c90559a0d5892f1\$lut for cells of type $lut.
Using template $paramod\$lut\WIDTH=32'00000000000000000000000000000011\LUT=8'11101000 for cells of type $lut.
Using template $paramod$b4d0f4738a5ce50c7f36c2aa2ecc09cfb874f2b6\$lut for cells of type $lut.
Using template $paramod$1bf62ab10e48d71d6497bccacf5c70420c470fe9\$lut for cells of type $lut.
Using template $paramod\$lut\WIDTH=32'00000000000000000000000000000011\LUT=8'10101100 for cells of type $lut.
Using template $paramod$c1a19a87ccbbb03d43a72335db63f692ddf82cc1\$lut for cells of type $lut.
Using template $paramod$45d617c2ce0041e27b541f62b0fc3c3ce441a616\$lut for cells of type $lut.
Using template $paramod\$lut\WIDTH=32'00000000000000000000000000000011\LUT=8'11000101 for cells of type $lut.
Using template $paramod\$lut\WIDTH=32'00000000000000000000000000000011\LUT=8'10100011 for cells of type $lut.
Using template $paramod$4da6fe9957da309dc16b8f31a6b80b19c05c808d\$lut for cells of type $lut.
Using template $paramod\$lut\WIDTH=32'00000000000000000000000000000011\LUT=8'00001101 for cells of type $lut.
Using template $paramod$59c595af41d4a5cce2d588c3a5f1342749ce7a77\$lut for cells of type $lut.
Using template $paramod$ba05b8a1a425003df083aea0e69541f5cbdc68f2\$lut for cells of type $lut.
Using template $paramod\$lut\WIDTH=32'00000000000000000000000000000011\LUT=8'11111000 for cells of type $lut.
Using template $paramod\$lut\WIDTH=32'00000000000000000000000000000011\LUT=8'01010011 for cells of type $lut.
Using template $paramod$88b20fc653908aab5d0e1a4e4d07b8412b532a9b\$lut for cells of type $lut.
Using template $paramod$575b200168b9e109c2ed99df4359056f2c6696ac\$lut for cells of type $lut.
Using template $paramod$cde3aa23c1efa60a470cf0f0281347d6ba585afa\$lut for cells of type $lut.
Using template $paramod$41326ad8644342a66dfb051d050f2b6fbf15015b\$lut for cells of type $lut.
Using template $paramod$179512a187da069f3b79ef6612a41e494e7d54b6\$lut for cells of type $lut.
Using template $paramod$2e7a95e82db1d690ae9ba5d10f68b175fa2cb467\$lut for cells of type $lut.
Using template $paramod$ae9b8abdb4f811ce37985dd5106af9cd21223954\$lut for cells of type $lut.
Using template $paramod\$lut\WIDTH=32'00000000000000000000000000000011\LUT=8'10001111 for cells of type $lut.
Using template $paramod\$lut\WIDTH=32'00000000000000000000000000000011\LUT=8'11101111 for cells of type $lut.
Using template $paramod$7a9d9396461df152f697894fa3b294ad1b285e08\$lut for cells of type $lut.
Using template $paramod$6d23198eb2b8f79a41c7626605a61009695893b1\$lut for cells of type $lut.
Using template $paramod$3039c7f41767c4672f4e3f22ad78f16d42720fbf\$lut for cells of type $lut.
Using template $paramod$94ac66a11090dca84889e55fcf03297912a5b7ec\$lut for cells of type $lut.
Using template $paramod\$lut\WIDTH=32'00000000000000000000000000000011\LUT=8'11010000 for cells of type $lut.
Using template $paramod$2d8ecce5c907513cebcd38ab5efe0fc26fc03464\$lut for cells of type $lut.
Using template $paramod$d6cf0a4b6f6ccd87588da28c41b5b6c258da2509\$lut for cells of type $lut.
Using template $paramod$04b674496422df8889c01c3744b94097628ccfbc\$lut for cells of type $lut.
Using template $paramod$7ea938ba138d4861840be1d72fba17b321428629\$lut for cells of type $lut.
Using template $paramod$b93d1ea7a612a32c185108f67a153d44ffb9aac2\$lut for cells of type $lut.
Using template $paramod\$lut\WIDTH=32'00000000000000000000000000000011\LUT=8'10010000 for cells of type $lut.
Using template $paramod$43779580bfffd5d5a9f321249a174febf1dac288\$lut for cells of type $lut.
Using template $paramod$a15fd389a2f54cb7b94707b25934d226e68d9e2e\$lut for cells of type $lut.
Using template $paramod$703a13a751e631ef123f38f7d2125aeabec0f94c\$lut for cells of type $lut.
Using template $paramod$de3d8c0ac9a85f776878d56395b6e0bf04ae72e7\$lut for cells of type $lut.
Using template $paramod$bdb7f9ed72fd4f5c7ad81c376f2d8a5c72a0098d\$lut for cells of type $lut.
Using template $paramod$ef26adabe6060e01077b576cfe34e95e55a26aef\$lut for cells of type $lut.
Using template $paramod$56c6fc98268f6966dd23dcb4af9b8f5298fa7ead\$lut for cells of type $lut.
Using template $paramod$c2c7fe860c90cfc70af61d39029863cfb8b6f377\$lut for cells of type $lut.
Using template $paramod\$lut\WIDTH=32'00000000000000000000000000000011\LUT=8'01100000 for cells of type $lut.
Using template $paramod$7fcc2f13195f27c397064377984d87a90c06749d\$lut for cells of type $lut.
Using template $paramod$b4f85a6321a00b090afc4e21d68e7b99eb94d149\$lut for cells of type $lut.
Using template $paramod$d9b36ce2fdd8ce897e45d62a5761501fd1d217bc\$lut for cells of type $lut.
Using template $paramod$83ee59f46eb162e73a2d3ee6c047e91158527ba8\$lut for cells of type $lut.
Using template $paramod\$lut\WIDTH=32'00000000000000000000000000000010\LUT=4'1011 for cells of type $lut.
Using template $paramod$b4410865e8124402796f9dfbf73ef8d279fdbd08\$lut for cells of type $lut.
Using template $paramod\$lut\WIDTH=32'00000000000000000000000000000011\LUT=8'01001111 for cells of type $lut.
Using template $paramod\$lut\WIDTH=32'00000000000000000000000000000011\LUT=8'01111111 for cells of type $lut.
Using template $paramod\$lut\WIDTH=32'00000000000000000000000000000011\LUT=8'11110100 for cells of type $lut.
Using template $paramod$e5e9da8fed769f971686eed8c5eea50e61f73aaa\$lut for cells of type $lut.
Using template $paramod$ab8bb87959c5d7cfa27886cee1355b38e054a61a\$lut for cells of type $lut.
Using template $paramod$fceb3a526de44b8f6b38e567360f59f7cf5878fb\$lut for cells of type $lut.
Using template $paramod$99a2a175d178a040bb1ffceb53184fb0f59423c6\$lut for cells of type $lut.
Using template $paramod$ff0c64cf2ab93032ea64188bbf0f42a49b55d26c\$lut for cells of type $lut.
Using template $paramod$a20b0c093af372402eecf32644de5f0208303079\$lut for cells of type $lut.
Using template $paramod$722bfd9af0ae56ca9d1d12a221cb5ede16461f26\$lut for cells of type $lut.
Using template $paramod$b637cf4714c2e93484bb499728e176a6ab69c910\$lut for cells of type $lut.
Using template $paramod$a3cdc1eb771a2c6a16f64da161e11100ac409d2b\$lut for cells of type $lut.
Using template $paramod$ea0faad69a26c91786a25961ea149d0e0961eb1f\$lut for cells of type $lut.
Using template $paramod$6e46ec5a196ba1a24b8e69ab094cadc07c13ac1f\$lut for cells of type $lut.
Using template $paramod$b5f45db524a9189e41f75d5d69a4d025017029b3\$lut for cells of type $lut.
Using template $paramod\$lut\WIDTH=32'00000000000000000000000000000011\LUT=8'10000111 for cells of type $lut.
Using template $paramod$2f99e7dde0142f5eb4336d05fd90a596d3f2e038\$lut for cells of type $lut.
Using template $paramod$a50be0e6fa3a01511bb234559cb74fb8bd3e2061\$lut for cells of type $lut.
Using template $paramod$40882341c54dcd36f630f00dd7e46a35652abd36\$lut for cells of type $lut.
Using template $paramod$044e8b1893c94f717651c5cd428e71c892566f52\$lut for cells of type $lut.
Using template $paramod$162eacaa56f6f80a5a27551a5f2071c174364807\$lut for cells of type $lut.
Using template $paramod$441de597d9318495d3225f370c9f7379b3b0fd0d\$lut for cells of type $lut.
Using template $paramod$a2d691ba21e093558f2a36669ee489fbccffbcd3\$lut for cells of type $lut.
Using template $paramod$20798777255c214e32de3304ce8faa1fdfa2f474\$lut for cells of type $lut.
Using template $paramod$5a621b016c894274d07edef48c49b401a15fd796\$lut for cells of type $lut.
Using template $paramod$a8b2b0f3a3fd7b01c99e8d61bb72f602bd41af54\$lut for cells of type $lut.
Using template $paramod$4cf5305612d86489c1a6171729557670bf08582e\$lut for cells of type $lut.
Using template $paramod$85b779ce5ab505dbf25e5e046fb43ca2b76b878b\$lut for cells of type $lut.
Using template $paramod$d53578aacfd93124244778d88be0e90eb09c1b1b\$lut for cells of type $lut.
Using template $paramod$64669a7e87c28e39425dffff48145545533b4971\$lut for cells of type $lut.
Using template $paramod$048d4aa2263b685fba6c6b0d38f6224df0dc3042\$lut for cells of type $lut.
Using template $paramod$2c4c7dfdf674b9c90d6c2cae622d527a6d7d0c22\$lut for cells of type $lut.
Using template $paramod$df0b68f8e63b2deb6710e23abd8b8ff0796d4897\$lut for cells of type $lut.
Using template $paramod$b82dd4a20dbf0d54061c2335089cd4250464eb8a\$lut for cells of type $lut.
Using template $paramod$85097a2625fa63b3069b815abe1d2abe1ec3ae4f\$lut for cells of type $lut.
Using template $paramod$47cc0e8b2645814a515808371fb5dfded3ecad75\$lut for cells of type $lut.
Using template $paramod$adac5163f2ca606e303e4fcb6e4ac1a8cfe9825d\$lut for cells of type $lut.
Using template $paramod$12879138d1e376f344e47ea40be66b776233be75\$lut for cells of type $lut.
Using template $paramod$baa939b0bd5b3e0c8760492528669bd58f640542\$lut for cells of type $lut.
Using template $paramod$bb4fff1cc3b827238aa40993cafede1c5beecbe3\$lut for cells of type $lut.
Using template $paramod$774861bf9b1885d60265e6ddea1c95a32f095489\$lut for cells of type $lut.
Using template $paramod$d2e6d37235ab843778c678747f5760d5e87de899\$lut for cells of type $lut.
Using template $paramod$0d2be417e00bb621114e2dd0dde47369e23b9e47\$lut for cells of type $lut.
Using template $paramod$279a8d961e6b2ded8450bee8ed637cb9efa31f02\$lut for cells of type $lut.
Using template $paramod$b22e1de0c50840dcbbf24001663ffaaba9d5d7b8\$lut for cells of type $lut.
Using template $paramod$02fbd2dfd8b419c0d6fd5205680ad063cd40eac8\$lut for cells of type $lut.
Using template $paramod$25ce03f90631e67c5e443b0900c3d90fee95a96b\$lut for cells of type $lut.
Using template $paramod$d990503bd4013812de761df73674b53eeb4f2408\$lut for cells of type $lut.
Using template $paramod$2bdfdda73873e8931790d872b72220895e67fee5\$lut for cells of type $lut.
Using template $paramod$f9b715fbf1040e81e900b2461c2390d17ed5e988\$lut for cells of type $lut.
Using template $paramod$c5b694ec89d7629b942ccf6a9be1d39e24f8edec\$lut for cells of type $lut.
Using template $paramod$933f4f3e373a784da64d137def3625bdd36d1695\$lut for cells of type $lut.
Using template $paramod$2b9a3c94c7c8039de86b0db266c956ec6484a95e\$lut for cells of type $lut.
Using template $paramod$314fe9458b07176c4d2c8c59533027c4c55155b5\$lut for cells of type $lut.
Using template $paramod$cd05f04889088c47a0a5abae8c2d644fd314805e\$lut for cells of type $lut.
Using template $paramod$f63fe32f78d5f3c5de711945c592c8c5ec2303ae\$lut for cells of type $lut.
Using template $paramod$6dd8f32de9794a5c27338e5e046a946eeb051c37\$lut for cells of type $lut.
Using template $paramod$7aa1530f859884130d901245c5b12941a2230df2\$lut for cells of type $lut.
Using template $paramod$aa569d89e9c8462354297a37f09bc519483c7133\$lut for cells of type $lut.
Using template $paramod$5898ae4e52b22eca363a418fa94151158a507d30\$lut for cells of type $lut.
Using template $paramod$4fd565752dde8246b1e223575112d58b4d6acc77\$lut for cells of type $lut.
Using template $paramod$2d6fae636640ca92cde9fb82060ffcee093de506\$lut for cells of type $lut.
Using template $paramod$cc14edb43bcbbd83b718cef08414cb23048bb6d0\$lut for cells of type $lut.
Using template $paramod$ae93f704140d3bfd22c46f899eab0552790ced99\$lut for cells of type $lut.
Using template $paramod$359fe4e746656bf9c72aecaff84fc7bdea9f55a5\$lut for cells of type $lut.
Using template $paramod$9d707d218adbd63b6f9a0c79d7ee037306fb6296\$lut for cells of type $lut.
Using template $paramod$65f1ff7be04d4e6845f52e26be882f3e1d48a59a\$lut for cells of type $lut.
No more expansions possible.
<suppressed ~7450 debug messages>
Removed 0 unused cells and 10689 unused wires.

14.45. Executing AUTONAME pass.
Renamed 505072 objects in module synth_harness (389 iterations).
<suppressed ~7529 debug messages>

14.46. Executing HIERARCHY pass (managing design hierarchy).

14.46.1. Analyzing design hierarchy..
Top module:  \synth_harness

14.46.2. Analyzing design hierarchy..
Top module:  \synth_harness
Removed 0 unused modules.

14.47. Printing statistics.

=== synth_harness ===

   Number of wires:               2171
   Number of wire bits:          12958
   Number of public wires:        2171
   Number of public wire bits:   12958
   Number of memories:               0
   Number of memory bits:            0
   Number of processes:              0
   Number of cells:               5578
     SB_CARRY                      601
     SB_DFF                         10
     SB_DFFER                      171
     SB_DFFR                       261
     SB_LUT4                      4535

14.48. Executing CHECK pass (checking for obvious problems).
Checking module synth_harness...
Found and reported 0 problems.

14.49. Executing JSON backend.

Warnings: 1 unique messages, 2 total
End of script. Logfile hash: bd48bad8e6, CPU: user 45.58s system 0.46s, MEM: 975.73 MB peak
Yosys 0.33 (git sha1 2584903a060)
Time spent: 31% 1x share (15 sec), 25% 69x opt_expr (12 sec), ...
