
 /----------------------------------------------------------------------------\
 |                                                                            |
 |  yosys -- Yosys Open SYnthesis Suite                                       |
 |                                                                            |
 |  Copyright (C) 2012 - 2020  Claire Xenia Wolf <claire@yosyshq.com>         |
 |                                                                            |
 |  Permission to use, copy, modify, and/or distribute this software for any  |
 |  purpose with or without fee is hereby granted, provided that the above    |
 |  copyright notice and this permission notice appear in all copies.         |
 |                                                                            |
 |  THE SOFTWARE IS PROVIDED "AS IS" AND THE AUTHOR DISCLAIMS ALL WARRANTIES  |
 |  WITH REGARD TO THIS SOFTWARE INCLUDING ALL IMPLIED WARRANTIES OF          |
 |  MERCHANTABILITY AND FITNESS. IN NO EVENT SHALL THE AUTHOR BE LIABLE FOR   |
 |  ANY SPECIAL, DIRECT, INDIRECT, OR CONSEQUENTIAL DAMAGES OR ANY DAMAGES    |
 |  WHATSOEVER RESULTING FROM LOSS OF USE, DATA OR PROFITS, WHETHER IN AN     |
 |  ACTION OF CONTRACT, NEGLIGENCE OR OTHER TORTIOUS ACTION, ARISING OUT OF   |
 |  OR IN CONNECTION WITH THE USE OR PERFORMANCE OF THIS SOFTWARE.            |
 |                                                                            |
 \----------------------------------------------------------------------------/

 Yosys 0.33 (git sha1 2584903a060)


-- Running command `read_verilog -sv -DSYNTH_FPU_DIV_ASSEMBLE synth_harness.sv ../../rtl/fpu_div_assemble.sv; synth_ice40 -top synth_harness -json build/fpu_div_assemble.json' --

1. Executing Verilog-2005 frontend: synth_harness.sv
Parsing SystemVerilog input from `synth_harness.sv' to AST representation.
Generating RTLIL representation for module `\synth_harness'.
Warning: Replacing memory \stim_reg with list of registers. See synth_harness.sv:32
Successfully finished Verilog frontend.

2. Executing Verilog-2005 frontend: ../../rtl/fpu_div_assemble.sv
Parsing SystemVerilog input from `../../rtl/fpu_div_assemble.sv' to AST representation.
Generating RTLIL representation for module `\fpu_div_assemble'.
Successfully finished Verilog frontend.

3. Executing SYNTH_ICE40 pass.

3.1. Executing Verilog-2005 frontend: /usr/bin/../share/yosys/ice40/cells_sim.v
Parsing Verilog input from `/usr/bin/../share/yosys/ice40/cells_sim.v' to AST representation.
Generating RTLIL representation for module `\SB_IO'.
Generating RTLIL representation for module `\SB_GB_IO'.
Generating RTLIL representation for module `\SB_GB'.
Generating RTLIL representation for module `\SB_LUT4'.
Generating RTLIL representation for module `\SB_CARRY'.
Generating RTLIL representation for module `\SB_DFF'.
Generating RTLIL representation for module `\SB_DFFE'.
Generating RTLIL representation for module `\SB_DFFSR'.
Generating RTLIL representation for module `\SB_DFFR'.
Generating RTLIL representation for module `\SB_DFFSS'.
Generating RTLIL representation for module `\SB_DFFS'.
Generating RTLIL representation for module `\SB_DFFESR'.
Generating RTLIL representation for module `\SB_DFFER'.
Generating RTLIL representation for module `\SB_DFFESS'.
Generating RTLIL representation for module `\SB_DFFES'.
Generating RTLIL representation for module `\SB_DFFN'.
Generating RTLIL representation for module `\SB_DFFNE'.
Generating RTLIL representation for module `\SB_DFFNSR'.
Generating RTLIL representation for module `\SB_DFFNR'.
Generating RTLIL representation for module `\SB_DFFNSS'.
Generating RTLIL representation for module `\SB_DFFNS'.
Generating RTLIL representation for module `\SB_DFFNESR'.
Generating RTLIL representation for module `\SB_DFFNER'.
Generating RTLIL representation for module `\SB_DFFNESS'.
Generating RTLIL representation for module `\SB_DFFNES'.
Generating RTLIL representation for module `\SB_RAM40_4K'.
Generating RTLIL representation for module `\SB_RAM40_4KNR'.
Generating RTLIL representation for module `\SB_RAM40_4KNW'.
Generating RTLIL representation for module `\SB_RAM40_4KNRNW'.
Generating RTLIL representation for module `\ICESTORM_LC'.
Generating RTLIL representation for module `\SB_PLL40_CORE'.
Generating RTLIL representation for module `\SB_PLL40_PAD'.
Generating RTLIL representation for module `\SB_PLL40_2_PAD'.
Generating RTLIL representation for module `\SB_PLL40_2F_CORE'.
Generating RTLIL representation for module `\SB_PLL40_2F_PAD'.
Generating RTLIL representation for module `\SB_WARMBOOT'.
Generating RTLIL representation for module `\SB_SPRAM256KA'.
Generating RTLIL representation for module `\SB_HFOSC'.
Generating RTLIL representation for module `\SB_LFOSC'.
Generating RTLIL representation for module `\SB_RGBA_DRV'.
Generating RTLIL representation for module `\SB_LED_DRV_CUR'.
Generating RTLIL representation for module `\SB_RGB_DRV'.
Generating RTLIL representation for module `\SB_I2C'.
Generating RTLIL representation for module `\SB_SPI'.
Generating RTLIL representation for module `\SB_LEDDA_IP'.
Generating RTLIL representation for module `\SB_FILTER_50NS'.
Generating RTLIL representation for module `\SB_IO_I3C'.
Generating RTLIL representation for module `\SB_IO_OD'.
Generating RTLIL representation for module `\SB_MAC16'.
Generating RTLIL representation for module `\ICESTORM_RAM'.
Successfully finished Verilog frontend.

3.2. Executing HIERARCHY pass (managing design hierarchy).

3.2.1. Analyzing design hierarchy..
Top module:  \synth_harness
Used module:     \fpu_div_assemble
Reprocessing module synth_harness because instantiated module fpu_div_assemble has become available.
Generating RTLIL representation for module `\synth_harness'.
Warning: Replacing memory \stim_reg with list of registers. See synth_harness.sv:32

3.2.2. Analyzing design hierarchy..
Top module:  \synth_harness
Used module:     \fpu_div_assemble

3.2.3. Analyzing design hierarchy..
Top module:  \synth_harness
Used module:     \fpu_div_assemble
Removed 0 unused modules.

3.3. Executing PROC pass (convert processes to netlists).

3.3.1. Executing PROC_CLEAN pass (remove empty switches from decision trees).
Cleaned up 0 empty switches.

3.3.2. Executing PROC_RMDEAD pass (remove dead branches from decision trees).
Marked 1 switch rules as full_case in process $proc$synth_harness.sv:29$519 in module synth_harness.
Marked 1 switch rules as full_case in process $proc$/usr/bin/../share/yosys/ice40/cells_sim.v:1414$375 in module SB_DFFNES.
Marked 1 switch rules as full_case in process $proc$/usr/bin/../share/yosys/ice40/cells_sim.v:1353$368 in module SB_DFFNESS.
Marked 1 switch rules as full_case in process $proc$/usr/bin/../share/yosys/ice40/cells_sim.v:1273$364 in module SB_DFFNER.
Marked 1 switch rules as full_case in process $proc$/usr/bin/../share/yosys/ice40/cells_sim.v:1212$357 in module SB_DFFNESR.
Marked 1 switch rules as full_case in process $proc$/usr/bin/../share/yosys/ice40/cells_sim.v:1138$354 in module SB_DFFNS.
Marked 1 switch rules as full_case in process $proc$/usr/bin/../share/yosys/ice40/cells_sim.v:1088$351 in module SB_DFFNSS.
Marked 1 switch rules as full_case in process $proc$/usr/bin/../share/yosys/ice40/cells_sim.v:1017$348 in module SB_DFFNR.
Marked 1 switch rules as full_case in process $proc$/usr/bin/../share/yosys/ice40/cells_sim.v:967$345 in module SB_DFFNSR.
Marked 1 switch rules as full_case in process $proc$/usr/bin/../share/yosys/ice40/cells_sim.v:803$337 in module SB_DFFES.
Marked 1 switch rules as full_case in process $proc$/usr/bin/../share/yosys/ice40/cells_sim.v:742$330 in module SB_DFFESS.
Marked 1 switch rules as full_case in process $proc$/usr/bin/../share/yosys/ice40/cells_sim.v:662$326 in module SB_DFFER.
Marked 1 switch rules as full_case in process $proc$/usr/bin/../share/yosys/ice40/cells_sim.v:601$319 in module SB_DFFESR.
Marked 1 switch rules as full_case in process $proc$/usr/bin/../share/yosys/ice40/cells_sim.v:527$316 in module SB_DFFS.
Marked 1 switch rules as full_case in process $proc$/usr/bin/../share/yosys/ice40/cells_sim.v:477$313 in module SB_DFFSS.
Marked 1 switch rules as full_case in process $proc$/usr/bin/../share/yosys/ice40/cells_sim.v:406$310 in module SB_DFFR.
Marked 1 switch rules as full_case in process $proc$/usr/bin/../share/yosys/ice40/cells_sim.v:356$307 in module SB_DFFSR.
Marked 56 switch rules as full_case in process $proc$../../rtl/fpu_div_assemble.sv:0$18 in module fpu_div_assemble.
Removed a total of 0 dead cases.

3.3.3. Executing PROC_PRUNE pass (remove redundant assignments in processes).
Removed 17 redundant assignments.
Promoted 39 assignments to connections.

3.3.4. Executing PROC_INIT pass (extract init attributes).
Found init rule in `\SB_DFFNES.$proc$/usr/bin/../share/yosys/ice40/cells_sim.v:0$378'.
  Set init value: \Q = 1'0
Found init rule in `\SB_DFFNESS.$proc$/usr/bin/../share/yosys/ice40/cells_sim.v:0$374'.
  Set init value: \Q = 1'0
Found init rule in `\SB_DFFNER.$proc$/usr/bin/../share/yosys/ice40/cells_sim.v:0$367'.
  Set init value: \Q = 1'0
Found init rule in `\SB_DFFNESR.$proc$/usr/bin/../share/yosys/ice40/cells_sim.v:0$363'.
  Set init value: \Q = 1'0
Found init rule in `\SB_DFFNS.$proc$/usr/bin/../share/yosys/ice40/cells_sim.v:0$356'.
  Set init value: \Q = 1'0
Found init rule in `\SB_DFFNSS.$proc$/usr/bin/../share/yosys/ice40/cells_sim.v:0$353'.
  Set init value: \Q = 1'0
Found init rule in `\SB_DFFNR.$proc$/usr/bin/../share/yosys/ice40/cells_sim.v:0$350'.
  Set init value: \Q = 1'0
Found init rule in `\SB_DFFNSR.$proc$/usr/bin/../share/yosys/ice40/cells_sim.v:0$347'.
  Set init value: \Q = 1'0
Found init rule in `\SB_DFFNE.$proc$/usr/bin/../share/yosys/ice40/cells_sim.v:0$344'.
  Set init value: \Q = 1'0
Found init rule in `\SB_DFFN.$proc$/usr/bin/../share/yosys/ice40/cells_sim.v:0$342'.
  Set init value: \Q = 1'0
Found init rule in `\SB_DFFES.$proc$/usr/bin/../share/yosys/ice40/cells_sim.v:0$340'.
  Set init value: \Q = 1'0
Found init rule in `\SB_DFFESS.$proc$/usr/bin/../share/yosys/ice40/cells_sim.v:0$336'.
  Set init value: \Q = 1'0
Found init rule in `\SB_DFFER.$proc$/usr/bin/../share/yosys/ice40/cells_sim.v:0$329'.
  Set init value: \Q = 1'0
Found init rule in `\SB_DFFESR.$proc$/usr/bin/../share/yosys/ice40/cells_sim.v:0$325'.
  Set init value: \Q = 1'0
Found init rule in `\SB_DFFS.$proc$/usr/bin/../share/yosys/ice40/cells_sim.v:0$318'.
  Set init value: \Q = 1'0
Found init rule in `\SB_DFFSS.$proc$/usr/bin/../share/yosys/ice40/cells_sim.v:0$315'.
  Set init value: \Q = 1'0
Found init rule in `\SB_DFFR.$proc$/usr/bin/../share/yosys/ice40/cells_sim.v:0$312'.
  Set init value: \Q = 1'0
Found init rule in `\SB_DFFSR.$proc$/usr/bin/../share/yosys/ice40/cells_sim.v:0$309'.
  Set init value: \Q = 1'0
Found init rule in `\SB_DFFE.$proc$/usr/bin/../share/yosys/ice40/cells_sim.v:0$306'.
  Set init value: \Q = 1'0
Found init rule in `\SB_DFF.$proc$/usr/bin/../share/yosys/ice40/cells_sim.v:0$304'.
  Set init value: \Q = 1'0

3.3.5. Executing PROC_ARST pass (detect async resets in processes).
Found async reset \rst_n in `\synth_harness.$proc$synth_harness.sv:29$519'.
Found async reset \S in `\SB_DFFNES.$proc$/usr/bin/../share/yosys/ice40/cells_sim.v:1414$375'.
Found async reset \R in `\SB_DFFNER.$proc$/usr/bin/../share/yosys/ice40/cells_sim.v:1273$364'.
Found async reset \S in `\SB_DFFNS.$proc$/usr/bin/../share/yosys/ice40/cells_sim.v:1138$354'.
Found async reset \R in `\SB_DFFNR.$proc$/usr/bin/../share/yosys/ice40/cells_sim.v:1017$348'.
Found async reset \S in `\SB_DFFES.$proc$/usr/bin/../share/yosys/ice40/cells_sim.v:803$337'.
Found async reset \R in `\SB_DFFER.$proc$/usr/bin/../share/yosys/ice40/cells_sim.v:662$326'.
Found async reset \S in `\SB_DFFS.$proc$/usr/bin/../share/yosys/ice40/cells_sim.v:527$316'.
Found async reset \R in `\SB_DFFR.$proc$/usr/bin/../share/yosys/ice40/cells_sim.v:406$310'.

3.3.6. Executing PROC_ROM pass (convert switches to ROMs).
Converted 0 switches.
<suppressed ~74 debug messages>

3.3.7. Executing PROC_MUX pass (convert decision trees to multiplexers).
Creating decoders for process `\synth_harness.$proc$synth_harness.sv:364$527'.
Creating decoders for process `\synth_harness.$proc$synth_harness.sv:29$519'.
     1/11: $0\stim_sel[4:0]
     2/11: $1$fordecl_block$3.i[31:0]$524
     3/11: $0\stim_reg[7][31:0]
     4/11: $0\stim_reg[6][31:0]
     5/11: $0\stim_reg[5][31:0]
     6/11: $0\stim_reg[4][31:0]
     7/11: $0\stim_reg[3][31:0]
     8/11: $0\stim_reg[2][31:0]
     9/11: $0\stim_reg[1][31:0]
    10/11: $0\stim_reg[0][31:0]
    11/11: $1$fordecl_block$1.i[31:0]$523
Creating decoders for process `\synth_harness.$proc$synth_harness.sv:18$518'.
Creating decoders for process `\SB_DFFNES.$proc$/usr/bin/../share/yosys/ice40/cells_sim.v:0$378'.
Creating decoders for process `\SB_DFFNES.$proc$/usr/bin/../share/yosys/ice40/cells_sim.v:1414$375'.
     1/1: $0\Q[0:0]
Creating decoders for process `\SB_DFFNESS.$proc$/usr/bin/../share/yosys/ice40/cells_sim.v:0$374'.
Creating decoders for process `\SB_DFFNESS.$proc$/usr/bin/../share/yosys/ice40/cells_sim.v:1353$368'.
     1/1: $0\Q[0:0]
Creating decoders for process `\SB_DFFNER.$proc$/usr/bin/../share/yosys/ice40/cells_sim.v:0$367'.
Creating decoders for process `\SB_DFFNER.$proc$/usr/bin/../share/yosys/ice40/cells_sim.v:1273$364'.
     1/1: $0\Q[0:0]
Creating decoders for process `\SB_DFFNESR.$proc$/usr/bin/../share/yosys/ice40/cells_sim.v:0$363'.
Creating decoders for process `\SB_DFFNESR.$proc$/usr/bin/../share/yosys/ice40/cells_sim.v:1212$357'.
     1/1: $0\Q[0:0]
Creating decoders for process `\SB_DFFNS.$proc$/usr/bin/../share/yosys/ice40/cells_sim.v:0$356'.
Creating decoders for process `\SB_DFFNS.$proc$/usr/bin/../share/yosys/ice40/cells_sim.v:1138$354'.
     1/1: $0\Q[0:0]
Creating decoders for process `\SB_DFFNSS.$proc$/usr/bin/../share/yosys/ice40/cells_sim.v:0$353'.
Creating decoders for process `\SB_DFFNSS.$proc$/usr/bin/../share/yosys/ice40/cells_sim.v:1088$351'.
     1/1: $0\Q[0:0]
Creating decoders for process `\SB_DFFNR.$proc$/usr/bin/../share/yosys/ice40/cells_sim.v:0$350'.
Creating decoders for process `\SB_DFFNR.$proc$/usr/bin/../share/yosys/ice40/cells_sim.v:1017$348'.
     1/1: $0\Q[0:0]
Creating decoders for process `\SB_DFFNSR.$proc$/usr/bin/../share/yosys/ice40/cells_sim.v:0$347'.
Creating decoders for process `\SB_DFFNSR.$proc$/usr/bin/../share/yosys/ice40/cells_sim.v:967$345'.
     1/1: $0\Q[0:0]
Creating decoders for process `\SB_DFFNE.$proc$/usr/bin/../share/yosys/ice40/cells_sim.v:0$344'.
Creating decoders for process `\SB_DFFNE.$proc$/usr/bin/../share/yosys/ice40/cells_sim.v:922$343'.
     1/1: $0\Q[0:0]
Creating decoders for process `\SB_DFFN.$proc$/usr/bin/../share/yosys/ice40/cells_sim.v:0$342'.
Creating decoders for process `\SB_DFFN.$proc$/usr/bin/../share/yosys/ice40/cells_sim.v:882$341'.
Creating decoders for process `\SB_DFFES.$proc$/usr/bin/../share/yosys/ice40/cells_sim.v:0$340'.
Creating decoders for process `\SB_DFFES.$proc$/usr/bin/../share/yosys/ice40/cells_sim.v:803$337'.
     1/1: $0\Q[0:0]
Creating decoders for process `\SB_DFFESS.$proc$/usr/bin/../share/yosys/ice40/cells_sim.v:0$336'.
Creating decoders for process `\SB_DFFESS.$proc$/usr/bin/../share/yosys/ice40/cells_sim.v:742$330'.
     1/1: $0\Q[0:0]
Creating decoders for process `\SB_DFFER.$proc$/usr/bin/../share/yosys/ice40/cells_sim.v:0$329'.
Creating decoders for process `\SB_DFFER.$proc$/usr/bin/../share/yosys/ice40/cells_sim.v:662$326'.
     1/1: $0\Q[0:0]
Creating decoders for process `\SB_DFFESR.$proc$/usr/bin/../share/yosys/ice40/cells_sim.v:0$325'.
Creating decoders for process `\SB_DFFESR.$proc$/usr/bin/../share/yosys/ice40/cells_sim.v:601$319'.
     1/1: $0\Q[0:0]
Creating decoders for process `\SB_DFFS.$proc$/usr/bin/../share/yosys/ice40/cells_sim.v:0$318'.
Creating decoders for process `\SB_DFFS.$proc$/usr/bin/../share/yosys/ice40/cells_sim.v:527$316'.
     1/1: $0\Q[0:0]
Creating decoders for process `\SB_DFFSS.$proc$/usr/bin/../share/yosys/ice40/cells_sim.v:0$315'.
Creating decoders for process `\SB_DFFSS.$proc$/usr/bin/../share/yosys/ice40/cells_sim.v:477$313'.
     1/1: $0\Q[0:0]
Creating decoders for process `\SB_DFFR.$proc$/usr/bin/../share/yosys/ice40/cells_sim.v:0$312'.
Creating decoders for process `\SB_DFFR.$proc$/usr/bin/../share/yosys/ice40/cells_sim.v:406$310'.
     1/1: $0\Q[0:0]
Creating decoders for process `\SB_DFFSR.$proc$/usr/bin/../share/yosys/ice40/cells_sim.v:0$309'.
Creating decoders for process `\SB_DFFSR.$proc$/usr/bin/../share/yosys/ice40/cells_sim.v:356$307'.
     1/1: $0\Q[0:0]
Creating decoders for process `\SB_DFFE.$proc$/usr/bin/../share/yosys/ice40/cells_sim.v:0$306'.
Creating decoders for process `\SB_DFFE.$proc$/usr/bin/../share/yosys/ice40/cells_sim.v:311$305'.
     1/1: $0\Q[0:0]
Creating decoders for process `\SB_DFF.$proc$/usr/bin/../share/yosys/ice40/cells_sim.v:0$304'.
Creating decoders for process `\SB_DFF.$proc$/usr/bin/../share/yosys/ice40/cells_sim.v:271$303'.
Creating decoders for process `\fpu_div_assemble.$proc$../../rtl/fpu_div_assemble.sv:0$18'.
     1/76: $3\result[31:0]
     2/76: $3\result_exp[7:0]
     3/76: $2\result[31:0]
     4/76: $2\flags[2:2]
     5/76: $2\result_exp[7:0]
     6/76: $1\result[31:0]
     7/76: $1\result_exp[7:0]
     8/76: $1\flags[2:2]
     9/76: $5\result_exp_wide[8:0]
    10/76: $5\normalized_quotient[47:0]
    11/76: $4\result_exp_wide[8:0]
    12/76: $4\normalized_quotient[47:0]
    13/76: $3\result_mant[22:0]
    14/76: $3\normalized_quotient[47:0]
    15/76: $3\result_exp_wide[8:0]
    16/76: $3\shift[8:0]
    17/76: $50\msb_pos[7:0]
    18/76: $49\msb_pos[7:0]
    19/76: $48\msb_pos[7:0]
    20/76: $47\msb_pos[7:0]
    21/76: $46\msb_pos[7:0]
    22/76: $45\msb_pos[7:0]
    23/76: $44\msb_pos[7:0]
    24/76: $43\msb_pos[7:0]
    25/76: $42\msb_pos[7:0]
    26/76: $41\msb_pos[7:0]
    27/76: $40\msb_pos[7:0]
    28/76: $39\msb_pos[7:0]
    29/76: $38\msb_pos[7:0]
    30/76: $37\msb_pos[7:0]
    31/76: $36\msb_pos[7:0]
    32/76: $35\msb_pos[7:0]
    33/76: $34\msb_pos[7:0]
    34/76: $33\msb_pos[7:0]
    35/76: $32\msb_pos[7:0]
    36/76: $31\msb_pos[7:0]
    37/76: $30\msb_pos[7:0]
    38/76: $29\msb_pos[7:0]
    39/76: $28\msb_pos[7:0]
    40/76: $27\msb_pos[7:0]
    41/76: $26\msb_pos[7:0]
    42/76: $25\msb_pos[7:0]
    43/76: $24\msb_pos[7:0]
    44/76: $23\msb_pos[7:0]
    45/76: $22\msb_pos[7:0]
    46/76: $21\msb_pos[7:0]
    47/76: $20\msb_pos[7:0]
    48/76: $19\msb_pos[7:0]
    49/76: $18\msb_pos[7:0]
    50/76: $17\msb_pos[7:0]
    51/76: $16\msb_pos[7:0]
    52/76: $15\msb_pos[7:0]
    53/76: $14\msb_pos[7:0]
    54/76: $13\msb_pos[7:0]
    55/76: $12\msb_pos[7:0]
    56/76: $11\msb_pos[7:0]
    57/76: $10\msb_pos[7:0]
    58/76: $9\msb_pos[7:0]
    59/76: $8\msb_pos[7:0]
    60/76: $7\msb_pos[7:0]
    61/76: $6\msb_pos[7:0]
    62/76: $5\msb_pos[7:0]
    63/76: $4\msb_pos[7:0]
    64/76: $3\msb_pos[7:0]
    65/76: $2\result_exp_wide[8:0]
    66/76: $2\result_mant[22:0]
    67/76: $2$fordecl_block$16.i[31:0]$24
    68/76: $2\shift[8:0]
    69/76: $2\msb_pos[7:0]
    70/76: $2\normalized_quotient[47:0]
    71/76: $1\result_mant[22:0]
    72/76: $1$fordecl_block$16.i[31:0]$23
    73/76: $1\shift[8:0]
    74/76: $1\msb_pos[7:0]
    75/76: $1\normalized_quotient[47:0]
    76/76: $1\result_exp_wide[8:0]

3.3.8. Executing PROC_DLATCH pass (convert process syncs to latches).
No latch inferred for signal `\fpu_div_assemble.\result' from process `\fpu_div_assemble.$proc$../../rtl/fpu_div_assemble.sv:0$18'.
No latch inferred for signal `\fpu_div_assemble.\flags' from process `\fpu_div_assemble.$proc$../../rtl/fpu_div_assemble.sv:0$18'.
No latch inferred for signal `\fpu_div_assemble.\result_sign' from process `\fpu_div_assemble.$proc$../../rtl/fpu_div_assemble.sv:0$18'.
No latch inferred for signal `\fpu_div_assemble.\result_exp_wide' from process `\fpu_div_assemble.$proc$../../rtl/fpu_div_assemble.sv:0$18'.
No latch inferred for signal `\fpu_div_assemble.\result_exp' from process `\fpu_div_assemble.$proc$../../rtl/fpu_div_assemble.sv:0$18'.
No latch inferred for signal `\fpu_div_assemble.\quotient' from process `\fpu_div_assemble.$proc$../../rtl/fpu_div_assemble.sv:0$18'.
No latch inferred for signal `\fpu_div_assemble.\result_mant' from process `\fpu_div_assemble.$proc$../../rtl/fpu_div_assemble.sv:0$18'.
No latch inferred for signal `\fpu_div_assemble.\normalized_quotient' from process `\fpu_div_assemble.$proc$../../rtl/fpu_div_assemble.sv:0$18'.
No latch inferred for signal `\fpu_div_assemble.\msb_pos' from process `\fpu_div_assemble.$proc$../../rtl/fpu_div_assemble.sv:0$18'.
No latch inferred for signal `\fpu_div_assemble.\shift' from process `\fpu_div_assemble.$proc$../../rtl/fpu_div_assemble.sv:0$18'.
No latch inferred for signal `\fpu_div_assemble.$fordecl_block$16.i' from process `\fpu_div_assemble.$proc$../../rtl/fpu_div_assemble.sv:0$18'.

3.3.9. Executing PROC_DFF pass (convert process syncs to FFs).
Creating register for signal `\synth_harness.\result_reg' using process `\synth_harness.$proc$synth_harness.sv:364$527'.
  created $dff cell `$procdff$1194' with positive edge clock.
Creating register for signal `\synth_harness.\stim_sel' using process `\synth_harness.$proc$synth_harness.sv:29$519'.
  created $adff cell `$procdff$1195' with positive edge clock and negative level reset.
Creating register for signal `\synth_harness.$fordecl_block$1.i' using process `\synth_harness.$proc$synth_harness.sv:29$519'.
  created $adff cell `$procdff$1196' with positive edge clock and negative level reset.
Creating register for signal `\synth_harness.$fordecl_block$3.i' using process `\synth_harness.$proc$synth_harness.sv:29$519'.
  created $dff cell `$procdff$1199' with positive edge clock.
Creating register for signal `\synth_harness.\stim_reg[0]' using process `\synth_harness.$proc$synth_harness.sv:29$519'.
  created $adff cell `$procdff$1200' with positive edge clock and negative level reset.
Creating register for signal `\synth_harness.\stim_reg[1]' using process `\synth_harness.$proc$synth_harness.sv:29$519'.
  created $adff cell `$procdff$1201' with positive edge clock and negative level reset.
Creating register for signal `\synth_harness.\stim_reg[2]' using process `\synth_harness.$proc$synth_harness.sv:29$519'.
  created $adff cell `$procdff$1202' with positive edge clock and negative level reset.
Creating register for signal `\synth_harness.\stim_reg[3]' using process `\synth_harness.$proc$synth_harness.sv:29$519'.
  created $adff cell `$procdff$1203' with positive edge clock and negative level reset.
Creating register for signal `\synth_harness.\stim_reg[4]' using process `\synth_harness.$proc$synth_harness.sv:29$519'.
  created $adff cell `$procdff$1204' with positive edge clock and negative level reset.
Creating register for signal `\synth_harness.\stim_reg[5]' using process `\synth_harness.$proc$synth_harness.sv:29$519'.
  created $adff cell `$procdff$1205' with positive edge clock and negative level reset.
Creating register for signal `\synth_harness.\stim_reg[6]' using process `\synth_harness.$proc$synth_harness.sv:29$519'.
  created $adff cell `$procdff$1206' with positive edge clock and negative level reset.
Creating register for signal `\synth_harness.\stim_reg[7]' using process `\synth_harness.$proc$synth_harness.sv:29$519'.
  created $adff cell `$procdff$1207' with positive edge clock and negative level reset.
Creating register for signal `\synth_harness.\rst_n_sync1' using process `\synth_harness.$proc$synth_harness.sv:18$518'.
  created $dff cell `$procdff$1208' with positive edge clock.
Creating register for signal `\synth_harness.\rst_n_sync2' using process `\synth_harness.$proc$synth_harness.sv:18$518'.
  created $dff cell `$procdff$1209' with positive edge clock.
Creating register for signal `\SB_DFFNES.\Q' using process `\SB_DFFNES.$proc$/usr/bin/../share/yosys/ice40/cells_sim.v:1414$375'.
  created $adff cell `$procdff$1210' with negative edge clock and positive level reset.
Creating register for signal `\SB_DFFNESS.\Q' using process `\SB_DFFNESS.$proc$/usr/bin/../share/yosys/ice40/cells_sim.v:1353$368'.
  created $dff cell `$procdff$1211' with negative edge clock.
Creating register for signal `\SB_DFFNER.\Q' using process `\SB_DFFNER.$proc$/usr/bin/../share/yosys/ice40/cells_sim.v:1273$364'.
  created $adff cell `$procdff$1212' with negative edge clock and positive level reset.
Creating register for signal `\SB_DFFNESR.\Q' using process `\SB_DFFNESR.$proc$/usr/bin/../share/yosys/ice40/cells_sim.v:1212$357'.
  created $dff cell `$procdff$1213' with negative edge clock.
Creating register for signal `\SB_DFFNS.\Q' using process `\SB_DFFNS.$proc$/usr/bin/../share/yosys/ice40/cells_sim.v:1138$354'.
  created $adff cell `$procdff$1214' with negative edge clock and positive level reset.
Creating register for signal `\SB_DFFNSS.\Q' using process `\SB_DFFNSS.$proc$/usr/bin/../share/yosys/ice40/cells_sim.v:1088$351'.
  created $dff cell `$procdff$1215' with negative edge clock.
Creating register for signal `\SB_DFFNR.\Q' using process `\SB_DFFNR.$proc$/usr/bin/../share/yosys/ice40/cells_sim.v:1017$348'.
  created $adff cell `$procdff$1216' with negative edge clock and positive level reset.
Creating register for signal `\SB_DFFNSR.\Q' using process `\SB_DFFNSR.$proc$/usr/bin/../share/yosys/ice40/cells_sim.v:967$345'.
  created $dff cell `$procdff$1217' with negative edge clock.
Creating register for signal `\SB_DFFNE.\Q' using process `\SB_DFFNE.$proc$/usr/bin/../share/yosys/ice40/cells_sim.v:922$343'.
  created $dff cell `$procdff$1218' with negative edge clock.
Creating register for signal `\SB_DFFN.\Q' using process `\SB_DFFN.$proc$/usr/bin/../share/yosys/ice40/cells_sim.v:882$341'.
  created $dff cell `$procdff$1219' with negative edge clock.
Creating register for signal `\SB_DFFES.\Q' using process `\SB_DFFES.$proc$/usr/bin/../share/yosys/ice40/cells_sim.v:803$337'.
  created $adff cell `$procdff$1220' with positive edge clock and positive level reset.
Creating register for signal `\SB_DFFESS.\Q' using process `\SB_DFFESS.$proc$/usr/bin/../share/yosys/ice40/cells_sim.v:742$330'.
  created $dff cell `$procdff$1221' with positive edge clock.
Creating register for signal `\SB_DFFER.\Q' using process `\SB_DFFER.$proc$/usr/bin/../share/yosys/ice40/cells_sim.v:662$326'.
  created $adff cell `$procdff$1222' with positive edge clock and positive level reset.
Creating register for signal `\SB_DFFESR.\Q' using process `\SB_DFFESR.$proc$/usr/bin/../share/yosys/ice40/cells_sim.v:601$319'.
  created $dff cell `$procdff$1223' with positive edge clock.
Creating register for signal `\SB_DFFS.\Q' using process `\SB_DFFS.$proc$/usr/bin/../share/yosys/ice40/cells_sim.v:527$316'.
  created $adff cell `$procdff$1224' with positive edge clock and positive level reset.
Creating register for signal `\SB_DFFSS.\Q' using process `\SB_DFFSS.$proc$/usr/bin/../share/yosys/ice40/cells_sim.v:477$313'.
  created $dff cell `$procdff$1225' with positive edge clock.
Creating register for signal `\SB_DFFR.\Q' using process `\SB_DFFR.$proc$/usr/bin/../share/yosys/ice40/cells_sim.v:406$310'.
  created $adff cell `$procdff$1226' with positive edge clock and positive level reset.
Creating register for signal `\SB_DFFSR.\Q' using process `\SB_DFFSR.$proc$/usr/bin/../share/yosys/ice40/cells_sim.v:356$307'.
  created $dff cell `$procdff$1227' with positive edge clock.
Creating register for signal `\SB_DFFE.\Q' using process `\SB_DFFE.$proc$/usr/bin/../share/yosys/ice40/cells_sim.v:311$305'.
  created $dff cell `$procdff$1228' with positive edge clock.
Creating register for signal `\SB_DFF.\Q' using process `\SB_DFF.$proc$/usr/bin/../share/yosys/ice40/cells_sim.v:271$303'.
  created $dff cell `$procdff$1229' with positive edge clock.

3.3.10. Executing PROC_MEMWR pass (convert process memory writes to cells).

3.3.11. Executing PROC_CLEAN pass (remove empty switches from decision trees).
Removing empty process `synth_harness.$proc$synth_harness.sv:364$527'.
Removing empty process `synth_harness.$proc$synth_harness.sv:29$519'.
Removing empty process `synth_harness.$proc$synth_harness.sv:18$518'.
Removing empty process `SB_DFFNES.$proc$/usr/bin/../share/yosys/ice40/cells_sim.v:0$378'.
Found and cleaned up 1 empty switch in `\SB_DFFNES.$proc$/usr/bin/../share/yosys/ice40/cells_sim.v:1414$375'.
Removing empty process `SB_DFFNES.$proc$/usr/bin/../share/yosys/ice40/cells_sim.v:1414$375'.
Removing empty process `SB_DFFNESS.$proc$/usr/bin/../share/yosys/ice40/cells_sim.v:0$374'.
Found and cleaned up 2 empty switches in `\SB_DFFNESS.$proc$/usr/bin/../share/yosys/ice40/cells_sim.v:1353$368'.
Removing empty process `SB_DFFNESS.$proc$/usr/bin/../share/yosys/ice40/cells_sim.v:1353$368'.
Removing empty process `SB_DFFNER.$proc$/usr/bin/../share/yosys/ice40/cells_sim.v:0$367'.
Found and cleaned up 1 empty switch in `\SB_DFFNER.$proc$/usr/bin/../share/yosys/ice40/cells_sim.v:1273$364'.
Removing empty process `SB_DFFNER.$proc$/usr/bin/../share/yosys/ice40/cells_sim.v:1273$364'.
Removing empty process `SB_DFFNESR.$proc$/usr/bin/../share/yosys/ice40/cells_sim.v:0$363'.
Found and cleaned up 2 empty switches in `\SB_DFFNESR.$proc$/usr/bin/../share/yosys/ice40/cells_sim.v:1212$357'.
Removing empty process `SB_DFFNESR.$proc$/usr/bin/../share/yosys/ice40/cells_sim.v:1212$357'.
Removing empty process `SB_DFFNS.$proc$/usr/bin/../share/yosys/ice40/cells_sim.v:0$356'.
Removing empty process `SB_DFFNS.$proc$/usr/bin/../share/yosys/ice40/cells_sim.v:1138$354'.
Removing empty process `SB_DFFNSS.$proc$/usr/bin/../share/yosys/ice40/cells_sim.v:0$353'.
Found and cleaned up 1 empty switch in `\SB_DFFNSS.$proc$/usr/bin/../share/yosys/ice40/cells_sim.v:1088$351'.
Removing empty process `SB_DFFNSS.$proc$/usr/bin/../share/yosys/ice40/cells_sim.v:1088$351'.
Removing empty process `SB_DFFNR.$proc$/usr/bin/../share/yosys/ice40/cells_sim.v:0$350'.
Removing empty process `SB_DFFNR.$proc$/usr/bin/../share/yosys/ice40/cells_sim.v:1017$348'.
Removing empty process `SB_DFFNSR.$proc$/usr/bin/../share/yosys/ice40/cells_sim.v:0$347'.
Found and cleaned up 1 empty switch in `\SB_DFFNSR.$proc$/usr/bin/../share/yosys/ice40/cells_sim.v:967$345'.
Removing empty process `SB_DFFNSR.$proc$/usr/bin/../share/yosys/ice40/cells_sim.v:967$345'.
Removing empty process `SB_DFFNE.$proc$/usr/bin/../share/yosys/ice40/cells_sim.v:0$344'.
Found and cleaned up 1 empty switch in `\SB_DFFNE.$proc$/usr/bin/../share/yosys/ice40/cells_sim.v:922$343'.
Removing empty process `SB_DFFNE.$proc$/usr/bin/../share/yosys/ice40/cells_sim.v:922$343'.
Removing empty process `SB_DFFN.$proc$/usr/bin/../share/yosys/ice40/cells_sim.v:0$342'.
Removing empty process `SB_DFFN.$proc$/usr/bin/../share/yosys/ice40/cells_sim.v:882$341'.
Removing empty process `SB_DFFES.$proc$/usr/bin/../share/yosys/ice40/cells_sim.v:0$340'.
Found and cleaned up 1 empty switch in `\SB_DFFES.$proc$/usr/bin/../share/yosys/ice40/cells_sim.v:803$337'.
Removing empty process `SB_DFFES.$proc$/usr/bin/../share/yosys/ice40/cells_sim.v:803$337'.
Removing empty process `SB_DFFESS.$proc$/usr/bin/../share/yosys/ice40/cells_sim.v:0$336'.
Found and cleaned up 2 empty switches in `\SB_DFFESS.$proc$/usr/bin/../share/yosys/ice40/cells_sim.v:742$330'.
Removing empty process `SB_DFFESS.$proc$/usr/bin/../share/yosys/ice40/cells_sim.v:742$330'.
Removing empty process `SB_DFFER.$proc$/usr/bin/../share/yosys/ice40/cells_sim.v:0$329'.
Found and cleaned up 1 empty switch in `\SB_DFFER.$proc$/usr/bin/../share/yosys/ice40/cells_sim.v:662$326'.
Removing empty process `SB_DFFER.$proc$/usr/bin/../share/yosys/ice40/cells_sim.v:662$326'.
Removing empty process `SB_DFFESR.$proc$/usr/bin/../share/yosys/ice40/cells_sim.v:0$325'.
Found and cleaned up 2 empty switches in `\SB_DFFESR.$proc$/usr/bin/../share/yosys/ice40/cells_sim.v:601$319'.
Removing empty process `SB_DFFESR.$proc$/usr/bin/../share/yosys/ice40/cells_sim.v:601$319'.
Removing empty process `SB_DFFS.$proc$/usr/bin/../share/yosys/ice40/cells_sim.v:0$318'.
Removing empty process `SB_DFFS.$proc$/usr/bin/../share/yosys/ice40/cells_sim.v:527$316'.
Removing empty process `SB_DFFSS.$proc$/usr/bin/../share/yosys/ice40/cells_sim.v:0$315'.
Found and cleaned up 1 empty switch in `\SB_DFFSS.$proc$/usr/bin/../share/yosys/ice40/cells_sim.v:477$313'.
Removing empty process `SB_DFFSS.$proc$/usr/bin/../share/yosys/ice40/cells_sim.v:477$313'.
Removing empty process `SB_DFFR.$proc$/usr/bin/../share/yosys/ice40/cells_sim.v:0$312'.
Removing empty process `SB_DFFR.$proc$/usr/bin/../share/yosys/ice40/cells_sim.v:406$310'.
Removing empty process `SB_DFFSR.$proc$/usr/bin/../share/yosys/ice40/cells_sim.v:0$309'.
Found and cleaned up 1 empty switch in `\SB_DFFSR.$proc$/usr/bin/../share/yosys/ice40/cells_sim.v:356$307'.
Removing empty process `SB_DFFSR.$proc$/usr/bin/../share/yosys/ice40/cells_sim.v:356$307'.
Removing empty process `SB_DFFE.$proc$/usr/bin/../share/yosys/ice40/cells_sim.v:0$306'.
Found and cleaned up 1 empty switch in `\SB_DFFE.$proc$/usr/bin/../share/yosys/ice40/cells_sim.v:311$305'.
Removing empty process `SB_DFFE.$proc$/usr/bin/../share/yosys/ice40/cells_sim.v:311$305'.
Removing empty process `SB_DFF.$proc$/usr/bin/../share/yosys/ice40/cells_sim.v:0$304'.
Removing empty process `SB_DFF.$proc$/usr/bin/../share/yosys/ice40/cells_sim.v:271$303'.
Found and cleaned up 56 empty switches in `\fpu_div_assemble.$proc$../../rtl/fpu_div_assemble.sv:0$18'.
Removing empty process `fpu_div_assemble.$proc$../../rtl/fpu_div_assemble.sv:0$18'.
Cleaned up 74 empty switches.

3.3.12. Executing OPT_EXPR pass (perform const folding).
Optimizing module synth_harness.
<suppressed ~1 debug messages>
Optimizing module fpu_div_assemble.
<suppressed ~50 debug messages>

3.4. Executing FLATTEN pass (flatten design).
Deleting now unused module fpu_div_assemble.
<suppressed ~1 debug messages>

3.5. Executing TRIBUF pass.

3.6. Executing DEMINOUT pass (demote inout ports to input or output).

3.7. Executing OPT_EXPR pass (perform const folding).
Optimizing module synth_harness.

3.8. Executing OPT_CLEAN pass (remove unused cells and wires).
Finding unused cells or wires in module \synth_harness..
Removed 30 unused cells and 356 unused wires.
<suppressed ~36 debug messages>

3.9. Executing CHECK pass (checking for obvious problems).
Checking module synth_harness...
Found and reported 0 problems.

3.10. Executing OPT pass (performing simple optimizations).

3.10.1. Executing OPT_EXPR pass (perform const folding).
Optimizing module synth_harness.

3.10.2. Executing OPT_MERGE pass (detect identical cells).
Finding identical cells in module `\synth_harness'.
<suppressed ~3 debug messages>
Removed a total of 1 cells.

3.10.3. Executing OPT_MUXTREE pass (detect dead branches in mux trees).
Running muxtree optimizer on module \synth_harness..
  Creating internal representation of mux trees.
  Evaluating internal representation of mux trees.
      Replacing known input bits on port A of cell $flatten\u_fpu_div_assemble.$procmux$635: { \stim_reg[2] [15:0] \stim_reg[3] } -> { \stim_reg[2] [15:0] \stim_reg[3] [31:25] 2'00 \stim_reg[3] [22:0] }
  Analyzing evaluation results.
    dead port 1/2 on $mux $flatten\u_fpu_div_assemble.$procmux$1144.
    dead port 1/2 on $mux $flatten\u_fpu_div_assemble.$procmux$1150.
    dead port 1/2 on $mux $flatten\u_fpu_div_assemble.$procmux$577.
    dead port 1/2 on $mux $flatten\u_fpu_div_assemble.$procmux$580.
    dead port 1/2 on $mux $flatten\u_fpu_div_assemble.$procmux$595.
    dead port 1/2 on $mux $flatten\u_fpu_div_assemble.$procmux$601.
    dead port 1/2 on $mux $flatten\u_fpu_div_assemble.$procmux$623.
    dead port 2/2 on $mux $flatten\u_fpu_div_assemble.$procmux$625.
    dead port 1/2 on $mux $flatten\u_fpu_div_assemble.$procmux$628.
    dead port 1/2 on $mux $flatten\u_fpu_div_assemble.$procmux$631.
    dead port 1/2 on $mux $flatten\u_fpu_div_assemble.$procmux$638.
    dead port 2/2 on $mux $flatten\u_fpu_div_assemble.$procmux$640.
    dead port 1/2 on $mux $flatten\u_fpu_div_assemble.$procmux$643.
    dead port 1/2 on $mux $flatten\u_fpu_div_assemble.$procmux$646.
    dead port 2/2 on $mux $flatten\u_fpu_div_assemble.$procmux$652.
    dead port 1/2 on $mux $flatten\u_fpu_div_assemble.$procmux$655.
    dead port 1/2 on $mux $flatten\u_fpu_div_assemble.$procmux$658.
    dead port 2/2 on $mux $flatten\u_fpu_div_assemble.$procmux$664.
    dead port 1/2 on $mux $flatten\u_fpu_div_assemble.$procmux$667.
    dead port 1/2 on $mux $flatten\u_fpu_div_assemble.$procmux$670.
    dead port 1/2 on $mux $flatten\u_fpu_div_assemble.$procmux$676.
    dead port 1/2 on $mux $flatten\u_fpu_div_assemble.$procmux$679.
    dead port 1/2 on $mux $flatten\u_fpu_div_assemble.$procmux$694.
    dead port 1/2 on $mux $flatten\u_fpu_div_assemble.$procmux$697.
Removed 24 multiplexer ports.
<suppressed ~51 debug messages>

3.10.4. Executing OPT_REDUCE pass (consolidate $*mux and $reduce_* inputs).
  Optimizing cells in module \synth_harness.
Performed a total of 0 changes.

3.10.5. Executing OPT_MERGE pass (detect identical cells).
Finding identical cells in module `\synth_harness'.
Removed a total of 0 cells.

3.10.6. Executing OPT_DFF pass (perform DFF optimizations).

3.10.7. Executing OPT_CLEAN pass (remove unused cells and wires).
Finding unused cells or wires in module \synth_harness..
Removed 0 unused cells and 25 unused wires.
<suppressed ~1 debug messages>

3.10.8. Executing OPT_EXPR pass (perform const folding).
Optimizing module synth_harness.

3.10.9. Rerunning OPT passes. (Maybe there is more to do..)

3.10.10. Executing OPT_MUXTREE pass (detect dead branches in mux trees).
Running muxtree optimizer on module \synth_harness..
  Creating internal representation of mux trees.
  Evaluating internal representation of mux trees.
  Analyzing evaluation results.
Removed 0 multiplexer ports.
<suppressed ~51 debug messages>

3.10.11. Executing OPT_REDUCE pass (consolidate $*mux and $reduce_* inputs).
  Optimizing cells in module \synth_harness.
Performed a total of 0 changes.

3.10.12. Executing OPT_MERGE pass (detect identical cells).
Finding identical cells in module `\synth_harness'.
Removed a total of 0 cells.

3.10.13. Executing OPT_DFF pass (perform DFF optimizations).

3.10.14. Executing OPT_CLEAN pass (remove unused cells and wires).
Finding unused cells or wires in module \synth_harness..

3.10.15. Executing OPT_EXPR pass (perform const folding).
Optimizing module synth_harness.

3.10.16. Finished OPT passes. (There is nothing left to do.)

3.11. Executing FSM pass (extract and optimize FSM).

3.11.1. Executing FSM_DETECT pass (finding FSMs in design).

3.11.2. Executing FSM_EXTRACT pass (extracting FSM from design).

3.11.3. Executing FSM_OPT pass (simple optimizations of FSMs).

3.11.4. Executing OPT_CLEAN pass (remove unused cells and wires).
Finding unused cells or wires in module \synth_harness..

3.11.5. Executing FSM_OPT pass (simple optimizations of FSMs).

3.11.6. Executing FSM_RECODE pass (re-assigning FSM state encoding).

3.11.7. Executing FSM_INFO pass (dumping all available information on FSM cells).

3.11.8. Executing FSM_MAP pass (mapping FSMs to basic logic).

3.12. Executing OPT pass (performing simple optimizations).

3.12.1. Executing OPT_EXPR pass (perform const folding).
Optimizing module synth_harness.

3.12.2. Executing OPT_MERGE pass (detect identical cells).
Finding identical cells in module `\synth_harness'.
Removed a total of 0 cells.

3.12.3. Executing OPT_MUXTREE pass (detect dead branches in mux trees).
Running muxtree optimizer on module \synth_harness..
  Creating internal representation of mux trees.
  Evaluating internal representation of mux trees.
  Analyzing evaluation results.
Removed 0 multiplexer ports.
<suppressed ~51 debug messages>

3.12.4. Executing OPT_REDUCE pass (consolidate $*mux and $reduce_* inputs).
  Optimizing cells in module \synth_harness.
Performed a total of 0 changes.

3.12.5. Executing OPT_MERGE pass (detect identical cells).
Finding identical cells in module `\synth_harness'.
Removed a total of 0 cells.

3.12.6. Executing OPT_DFF pass (perform DFF optimizations).

3.12.7. Executing OPT_CLEAN pass (remove unused cells and wires).
Finding unused cells or wires in module \synth_harness..

3.12.8. Executing OPT_EXPR pass (perform const folding).
Optimizing module synth_harness.

3.12.9. Finished OPT passes. (There is nothing left to do.)

3.13. Executing WREDUCE pass (reducing word size of cells).
Removed top 29 bits (of 32) from port B of cell synth_harness.$xor$synth_harness.sv:365$528 ($xor).
Removed top 24 bits (of 32) from FF cell synth_harness.$procdff$1194 ($dff).
Removed top 2 bits (of 8) from mux cell synth_harness.$flatten\u_fpu_div_assemble.$procmux$1132 ($mux).
Removed top 24 bits (of 48) from mux cell synth_harness.$flatten\u_fpu_div_assemble.$procmux$662 ($mux).
Removed top 24 bits (of 48) from mux cell synth_harness.$flatten\u_fpu_div_assemble.$procmux$635 ($mux).
Removed top 1 bits (of 32) from mux cell synth_harness.$flatten\u_fpu_div_assemble.$procmux$574 ($mux).
Removed top 24 bits (of 32) from port B of cell synth_harness.$flatten\u_fpu_div_assemble.$ge$../../rtl/fpu_div_assemble.sv:74$133 ($ge).
Removed top 24 bits (of 48) from port Y of cell synth_harness.$flatten\u_fpu_div_assemble.$shr$../../rtl/fpu_div_assemble.sv:60$129 ($shr).
Removed top 31 bits (of 32) from port B of cell synth_harness.$flatten\u_fpu_div_assemble.$lt$../../rtl/fpu_div_assemble.sv:59$127 ($lt).
Removed top 24 bits (of 48) from port Y of cell synth_harness.$flatten\u_fpu_div_assemble.$shl$../../rtl/fpu_div_assemble.sv:57$125 ($shl).
Removed top 31 bits (of 32) from port B of cell synth_harness.$flatten\u_fpu_div_assemble.$gt$../../rtl/fpu_div_assemble.sv:56$124 ($gt).
Removed top 4 bits (of 9) from port A of cell synth_harness.$flatten\u_fpu_div_assemble.$sub$../../rtl/fpu_div_assemble.sv:54$123 ($sub).
Removed top 1 bits (of 9) from port B of cell synth_harness.$flatten\u_fpu_div_assemble.$sub$../../rtl/fpu_div_assemble.sv:54$123 ($sub).
Removed top 31 bits (of 32) from port B of cell synth_harness.$flatten\u_fpu_div_assemble.$gt$../../rtl/fpu_div_assemble.sv:53$122 ($gt).
Removed top 8 bits (of 9) from port B of cell synth_harness.$flatten\u_fpu_div_assemble.$sub$../../rtl/fpu_div_assemble.sv:44$25 ($sub).
Removed top 2 bits (of 9) from port B of cell synth_harness.$flatten\u_fpu_div_assemble.$add$../../rtl/fpu_div_assemble.sv:34$22 ($add).
Removed top 1 bits (of 9) from port A of cell synth_harness.$flatten\u_fpu_div_assemble.$sub$../../rtl/fpu_div_assemble.sv:34$21 ($sub).
Removed top 1 bits (of 9) from port B of cell synth_harness.$flatten\u_fpu_div_assemble.$sub$../../rtl/fpu_div_assemble.sv:34$21 ($sub).
Removed top 24 bits (of 32) from port Y of cell synth_harness.$xor$synth_harness.sv:365$528 ($xor).
Removed top 24 bits (of 32) from port A of cell synth_harness.$xor$synth_harness.sv:365$528 ($xor).
Removed top 24 bits (of 32) from mux cell synth_harness.$flatten\u_fpu_div_assemble.$procmux$610 ($mux).
Removed top 24 bits (of 32) from mux cell synth_harness.$flatten\u_fpu_div_assemble.$procmux$592 ($mux).
Removed cell synth_harness.$flatten\u_fpu_div_assemble.$xor$../../rtl/fpu_div_assemble.sv:33$20 ($xor).
Removed top 23 bits (of 31) from mux cell synth_harness.$flatten\u_fpu_div_assemble.$procmux$574 ($mux).
Removed top 15 bits (of 23) from mux cell synth_harness.$flatten\u_fpu_div_assemble.$procmux$1177 ($mux).
Removed top 15 bits (of 23) from mux cell synth_harness.$flatten\u_fpu_div_assemble.$procmux$1147 ($mux).
Removed top 15 bits (of 23) from mux cell synth_harness.$flatten\u_fpu_div_assemble.$procmux$673 ($mux).
Removed top 15 bits (of 24) from mux cell synth_harness.$flatten\u_fpu_div_assemble.$procmux$662 ($mux).
Removed top 15 bits (of 24) from mux cell synth_harness.$flatten\u_fpu_div_assemble.$procmux$635 ($mux).
Removed top 15 bits (of 24) from port Y of cell synth_harness.$flatten\u_fpu_div_assemble.$shl$../../rtl/fpu_div_assemble.sv:57$125 ($shl).
Removed top 15 bits (of 24) from port Y of cell synth_harness.$flatten\u_fpu_div_assemble.$shr$../../rtl/fpu_div_assemble.sv:60$129 ($shr).
Removed top 24 bits (of 32) from wire synth_harness.$0\result_reg[31:0].
Removed top 24 bits (of 32) from wire synth_harness.$flatten\u_fpu_div_assemble.$2\result[31:0].
Removed top 15 bits (of 23) from wire synth_harness.$flatten\u_fpu_div_assemble.$2\result_mant[22:0].
Removed top 24 bits (of 32) from wire synth_harness.$flatten\u_fpu_div_assemble.$3\result[31:0].
Removed top 15 bits (of 23) from wire synth_harness.$flatten\u_fpu_div_assemble.$3\result_mant[22:0].
Removed top 39 bits (of 48) from wire synth_harness.$flatten\u_fpu_div_assemble.$4\normalized_quotient[47:0].
Removed top 39 bits (of 48) from wire synth_harness.$flatten\u_fpu_div_assemble.$5\normalized_quotient[47:0].
Removed top 3 bits (of 8) from wire synth_harness.$flatten\u_fpu_div_assemble.$procmux$709_Y.
Removed top 39 bits (of 48) from wire synth_harness.$flatten\u_fpu_div_assemble.$shl$../../rtl/fpu_div_assemble.sv:57$125_Y.
Removed top 1 bits (of 9) from wire synth_harness.$flatten\u_fpu_div_assemble.$sub$../../rtl/fpu_div_assemble.sv:44$25_Y.
Removed top 1 bits (of 9) from wire synth_harness.$flatten\u_fpu_div_assemble.$sub$../../rtl/fpu_div_assemble.sv:54$123_Y.
Removed top 2 bits (of 5) from wire synth_harness.div_flags.
Removed top 24 bits (of 32) from wire synth_harness.div_result.

3.14. Executing PEEPOPT pass (run peephole optimizers).

3.15. Executing OPT_CLEAN pass (remove unused cells and wires).
Finding unused cells or wires in module \synth_harness..
Removed 0 unused cells and 13 unused wires.
<suppressed ~1 debug messages>

3.16. Executing SHARE pass (SAT-based resource sharing).
Found 2 cells in module synth_harness that may be considered for resource sharing.
  Analyzing resource sharing options for $flatten\u_fpu_div_assemble.$shr$../../rtl/fpu_div_assemble.sv:60$129 ($shr):
    Found 1 activation_patterns using ctrl signal { $flatten\u_fpu_div_assemble.$gt$../../rtl/fpu_div_assemble.sv:53$122_Y $flatten\u_fpu_div_assemble.$gt$../../rtl/fpu_div_assemble.sv:56$124_Y $flatten\u_fpu_div_assemble.$lt$../../rtl/fpu_div_assemble.sv:59$127_Y $flatten\u_fpu_div_assemble.$logic_and$../../rtl/fpu_div_assemble.sv:71$132_Y $flatten\u_fpu_div_assemble.$ge$../../rtl/fpu_div_assemble.sv:74$133_Y $flatten\u_fpu_div_assemble.$eq$../../rtl/fpu_div_assemble.sv:78$134_Y \stim_reg[3] [24:23] }.
    No candidates found.
  Analyzing resource sharing options for $flatten\u_fpu_div_assemble.$shl$../../rtl/fpu_div_assemble.sv:57$125 ($shl):
    Found 1 activation_patterns using ctrl signal { $flatten\u_fpu_div_assemble.$gt$../../rtl/fpu_div_assemble.sv:53$122_Y $flatten\u_fpu_div_assemble.$gt$../../rtl/fpu_div_assemble.sv:56$124_Y $flatten\u_fpu_div_assemble.$logic_and$../../rtl/fpu_div_assemble.sv:71$132_Y $flatten\u_fpu_div_assemble.$ge$../../rtl/fpu_div_assemble.sv:74$133_Y $flatten\u_fpu_div_assemble.$eq$../../rtl/fpu_div_assemble.sv:78$134_Y \stim_reg[3] [24:23] }.
    No candidates found.

3.17. Executing TECHMAP pass (map to technology primitives).

3.17.1. Executing Verilog-2005 frontend: /usr/bin/../share/yosys/cmp2lut.v
Parsing Verilog input from `/usr/bin/../share/yosys/cmp2lut.v' to AST representation.
Generating RTLIL representation for module `\_90_lut_cmp_'.
Successfully finished Verilog frontend.

3.17.2. Continuing TECHMAP pass.
No more expansions possible.
<suppressed ~114 debug messages>

3.18. Executing OPT_EXPR pass (perform const folding).
Optimizing module synth_harness.

3.19. Executing OPT_CLEAN pass (remove unused cells and wires).
Finding unused cells or wires in module \synth_harness..

3.20. Executing ALUMACC pass (create $alu and $macc cells).
Extracting $alu and $macc cells in module synth_harness:
  creating $macc model for $flatten\u_fpu_div_assemble.$add$../../rtl/fpu_div_assemble.sv:34$22 ($add).
  creating $macc model for $flatten\u_fpu_div_assemble.$add$../../rtl/fpu_div_assemble.sv:61$131 ($add).
  creating $macc model for $flatten\u_fpu_div_assemble.$neg$../../rtl/fpu_div_assemble.sv:60$128 ($neg).
  creating $macc model for $flatten\u_fpu_div_assemble.$sub$../../rtl/fpu_div_assemble.sv:34$21 ($sub).
  creating $macc model for $flatten\u_fpu_div_assemble.$sub$../../rtl/fpu_div_assemble.sv:44$25 ($sub).
  creating $macc model for $flatten\u_fpu_div_assemble.$sub$../../rtl/fpu_div_assemble.sv:54$123 ($sub).
  creating $macc model for $flatten\u_fpu_div_assemble.$sub$../../rtl/fpu_div_assemble.sv:58$126 ($sub).
  merging $macc model for $flatten\u_fpu_div_assemble.$sub$../../rtl/fpu_div_assemble.sv:34$21 into $flatten\u_fpu_div_assemble.$add$../../rtl/fpu_div_assemble.sv:34$22.
  creating $alu model for $macc $flatten\u_fpu_div_assemble.$sub$../../rtl/fpu_div_assemble.sv:54$123.
  creating $alu model for $macc $flatten\u_fpu_div_assemble.$sub$../../rtl/fpu_div_assemble.sv:44$25.
  creating $alu model for $macc $flatten\u_fpu_div_assemble.$sub$../../rtl/fpu_div_assemble.sv:58$126.
  creating $alu model for $macc $flatten\u_fpu_div_assemble.$neg$../../rtl/fpu_div_assemble.sv:60$128.
  creating $alu model for $macc $flatten\u_fpu_div_assemble.$add$../../rtl/fpu_div_assemble.sv:61$131.
  creating $macc cell for $flatten\u_fpu_div_assemble.$add$../../rtl/fpu_div_assemble.sv:34$22: $auto$alumacc.cc:365:replace_macc$1246
  creating $alu model for $flatten\u_fpu_div_assemble.$ge$../../rtl/fpu_div_assemble.sv:74$133 ($ge): new $alu
  creating $alu model for $flatten\u_fpu_div_assemble.$gt$../../rtl/fpu_div_assemble.sv:53$122 ($gt): new $alu
  creating $alu model for $flatten\u_fpu_div_assemble.$gt$../../rtl/fpu_div_assemble.sv:56$124 ($gt): new $alu
  creating $alu model for $flatten\u_fpu_div_assemble.$lt$../../rtl/fpu_div_assemble.sv:59$127 ($lt): merged with $flatten\u_fpu_div_assemble.$gt$../../rtl/fpu_div_assemble.sv:56$124.
  creating $alu cell for $flatten\u_fpu_div_assemble.$gt$../../rtl/fpu_div_assemble.sv:56$124, $flatten\u_fpu_div_assemble.$lt$../../rtl/fpu_div_assemble.sv:59$127: $auto$alumacc.cc:485:replace_alu$1250
  creating $alu cell for $flatten\u_fpu_div_assemble.$gt$../../rtl/fpu_div_assemble.sv:53$122: $auto$alumacc.cc:485:replace_alu$1263
  creating $alu cell for $flatten\u_fpu_div_assemble.$ge$../../rtl/fpu_div_assemble.sv:74$133: $auto$alumacc.cc:485:replace_alu$1268
  creating $alu cell for $flatten\u_fpu_div_assemble.$add$../../rtl/fpu_div_assemble.sv:61$131: $auto$alumacc.cc:485:replace_alu$1277
  creating $alu cell for $flatten\u_fpu_div_assemble.$neg$../../rtl/fpu_div_assemble.sv:60$128: $auto$alumacc.cc:485:replace_alu$1280
  creating $alu cell for $flatten\u_fpu_div_assemble.$sub$../../rtl/fpu_div_assemble.sv:58$126: $auto$alumacc.cc:485:replace_alu$1283
  creating $alu cell for $flatten\u_fpu_div_assemble.$sub$../../rtl/fpu_div_assemble.sv:44$25: $auto$alumacc.cc:485:replace_alu$1286
  creating $alu cell for $flatten\u_fpu_div_assemble.$sub$../../rtl/fpu_div_assemble.sv:54$123: $auto$alumacc.cc:485:replace_alu$1289
  created 8 $alu and 1 $macc cells.

3.21. Executing OPT pass (performing simple optimizations).

3.21.1. Executing OPT_EXPR pass (perform const folding).
Optimizing module synth_harness.
<suppressed ~4 debug messages>

3.21.2. Executing OPT_MERGE pass (detect identical cells).
Finding identical cells in module `\synth_harness'.
Removed a total of 0 cells.

3.21.3. Executing OPT_MUXTREE pass (detect dead branches in mux trees).
Running muxtree optimizer on module \synth_harness..
  Creating internal representation of mux trees.
  Evaluating internal representation of mux trees.
  Analyzing evaluation results.
Removed 0 multiplexer ports.
<suppressed ~51 debug messages>

3.21.4. Executing OPT_REDUCE pass (consolidate $*mux and $reduce_* inputs).
  Optimizing cells in module \synth_harness.
Performed a total of 0 changes.

3.21.5. Executing OPT_MERGE pass (detect identical cells).
Finding identical cells in module `\synth_harness'.
Removed a total of 0 cells.

3.21.6. Executing OPT_DFF pass (perform DFF optimizations).

3.21.7. Executing OPT_CLEAN pass (remove unused cells and wires).
Finding unused cells or wires in module \synth_harness..
Removed 3 unused cells and 7 unused wires.
<suppressed ~4 debug messages>

3.21.8. Executing OPT_EXPR pass (perform const folding).
Optimizing module synth_harness.

3.21.9. Rerunning OPT passes. (Maybe there is more to do..)

3.21.10. Executing OPT_MUXTREE pass (detect dead branches in mux trees).
Running muxtree optimizer on module \synth_harness..
  Creating internal representation of mux trees.
  Evaluating internal representation of mux trees.
  Analyzing evaluation results.
Removed 0 multiplexer ports.
<suppressed ~51 debug messages>

3.21.11. Executing OPT_REDUCE pass (consolidate $*mux and $reduce_* inputs).
  Optimizing cells in module \synth_harness.
Performed a total of 0 changes.

3.21.12. Executing OPT_MERGE pass (detect identical cells).
Finding identical cells in module `\synth_harness'.
Removed a total of 0 cells.

3.21.13. Executing OPT_DFF pass (perform DFF optimizations).

3.21.14. Executing OPT_CLEAN pass (remove unused cells and wires).
Finding unused cells or wires in module \synth_harness..

3.21.15. Executing OPT_EXPR pass (perform const folding).
Optimizing module synth_harness.

3.21.16. Finished OPT passes. (There is nothing left to do.)

3.22. Executing MEMORY pass.

3.22.1. Executing OPT_MEM pass (optimize memories).
Performed a total of 0 transformations.

3.22.2. Executing OPT_MEM_PRIORITY pass (removing unnecessary memory write priority relations).
Performed a total of 0 transformations.

3.22.3. Executing OPT_MEM_FEEDBACK pass (finding memory read-to-write feedback paths).

3.22.4. Executing MEMORY_BMUX2ROM pass (converting muxes to ROMs).

3.22.5. Executing MEMORY_DFF pass (merging $dff cells to $memrd).

3.22.6. Executing OPT_CLEAN pass (remove unused cells and wires).
Finding unused cells or wires in module \synth_harness..

3.22.7. Executing MEMORY_SHARE pass (consolidating $memrd/$memwr cells).

3.22.8. Executing OPT_MEM_WIDEN pass (optimize memories where all ports are wide).
Performed a total of 0 transformations.

3.22.9. Executing OPT_CLEAN pass (remove unused cells and wires).
Finding unused cells or wires in module \synth_harness..

3.22.10. Executing MEMORY_COLLECT pass (generating $mem cells).

3.23. Executing OPT_CLEAN pass (remove unused cells and wires).
Finding unused cells or wires in module \synth_harness..

3.24. Executing MEMORY_LIBMAP pass (mapping memories to cells).

3.25. Executing TECHMAP pass (map to technology primitives).

3.25.1. Executing Verilog-2005 frontend: /usr/bin/../share/yosys/ice40/brams_map.v
Parsing Verilog input from `/usr/bin/../share/yosys/ice40/brams_map.v' to AST representation.
Generating RTLIL representation for module `\$__ICE40_RAM4K_'.
Successfully finished Verilog frontend.

3.25.2. Executing Verilog-2005 frontend: /usr/bin/../share/yosys/ice40/spram_map.v
Parsing Verilog input from `/usr/bin/../share/yosys/ice40/spram_map.v' to AST representation.
Generating RTLIL representation for module `\$__ICE40_SPRAM_'.
Successfully finished Verilog frontend.

3.25.3. Continuing TECHMAP pass.
No more expansions possible.
<suppressed ~4 debug messages>

3.26. Executing ICE40_BRAMINIT pass.

3.27. Executing OPT pass (performing simple optimizations).

3.27.1. Executing OPT_EXPR pass (perform const folding).
Optimizing module synth_harness.
<suppressed ~123 debug messages>

3.27.2. Executing OPT_MERGE pass (detect identical cells).
Finding identical cells in module `\synth_harness'.
Removed a total of 0 cells.

3.27.3. Executing OPT_DFF pass (perform DFF optimizations).

3.27.4. Executing OPT_CLEAN pass (remove unused cells and wires).
Finding unused cells or wires in module \synth_harness..
Removed 8 unused cells and 107 unused wires.
<suppressed ~9 debug messages>

3.27.5. Finished fast OPT passes.

3.28. Executing MEMORY_MAP pass (converting memories to logic and flip-flops).

3.29. Executing OPT pass (performing simple optimizations).

3.29.1. Executing OPT_EXPR pass (perform const folding).
Optimizing module synth_harness.

3.29.2. Executing OPT_MERGE pass (detect identical cells).
Finding identical cells in module `\synth_harness'.
Removed a total of 0 cells.

3.29.3. Executing OPT_MUXTREE pass (detect dead branches in mux trees).
Running muxtree optimizer on module \synth_harness..
  Creating internal representation of mux trees.
  Evaluating internal representation of mux trees.
  Analyzing evaluation results.
Removed 0 multiplexer ports.
<suppressed ~51 debug messages>

3.29.4. Executing OPT_REDUCE pass (consolidate $*mux and $reduce_* inputs).
  Optimizing cells in module \synth_harness.
    Consolidated identical input bits for $mux cell $flatten\u_fpu_div_assemble.$procmux$1123:
      Old ports: A={ 2'00 $flatten\u_fpu_div_assemble.$3\msb_pos[7:0] [5:0] }, B=8'00101110, Y=$flatten\u_fpu_div_assemble.$4\msb_pos[7:0]
      New ports: A=$flatten\u_fpu_div_assemble.$3\msb_pos[7:0] [5:0], B=6'101110, Y=$flatten\u_fpu_div_assemble.$4\msb_pos[7:0] [5:0]
      New connections: $flatten\u_fpu_div_assemble.$4\msb_pos[7:0] [7:6] = 2'00
    Consolidated identical input bits for $mux cell $flatten\u_fpu_div_assemble.$procmux$1132:
      Old ports: A=6'000000, B=6'101111, Y=$flatten\u_fpu_div_assemble.$3\msb_pos[7:0] [5:0]
      New ports: A=1'0, B=1'1, Y=$flatten\u_fpu_div_assemble.$3\msb_pos[7:0] [0]
      New connections: $flatten\u_fpu_div_assemble.$3\msb_pos[7:0] [5:1] = { $flatten\u_fpu_div_assemble.$3\msb_pos[7:0] [0] 1'0 $flatten\u_fpu_div_assemble.$3\msb_pos[7:0] [0] $flatten\u_fpu_div_assemble.$3\msb_pos[7:0] [0] $flatten\u_fpu_div_assemble.$3\msb_pos[7:0] [0] }
  Optimizing cells in module \synth_harness.
    Consolidated identical input bits for $mux cell $flatten\u_fpu_div_assemble.$procmux$1114:
      Old ports: A=$flatten\u_fpu_div_assemble.$4\msb_pos[7:0], B=8'00101101, Y=$flatten\u_fpu_div_assemble.$5\msb_pos[7:0]
      New ports: A=$flatten\u_fpu_div_assemble.$4\msb_pos[7:0] [5:0], B=6'101101, Y=$flatten\u_fpu_div_assemble.$5\msb_pos[7:0] [5:0]
      New connections: $flatten\u_fpu_div_assemble.$5\msb_pos[7:0] [7:6] = 2'00
    Consolidated identical input bits for $mux cell $flatten\u_fpu_div_assemble.$procmux$1123:
      Old ports: A=$flatten\u_fpu_div_assemble.$3\msb_pos[7:0] [5:0], B=6'101110, Y=$flatten\u_fpu_div_assemble.$4\msb_pos[7:0] [5:0]
      New ports: A={ $flatten\u_fpu_div_assemble.$3\msb_pos[7:0] [0] $flatten\u_fpu_div_assemble.$3\msb_pos[7:0] [0] }, B=2'10, Y=$flatten\u_fpu_div_assemble.$4\msb_pos[7:0] [1:0]
      New connections: $flatten\u_fpu_div_assemble.$4\msb_pos[7:0] [5:2] = { $flatten\u_fpu_div_assemble.$4\msb_pos[7:0] [1] 1'0 $flatten\u_fpu_div_assemble.$4\msb_pos[7:0] [1] $flatten\u_fpu_div_assemble.$4\msb_pos[7:0] [1] }
  Optimizing cells in module \synth_harness.
    Consolidated identical input bits for $mux cell $flatten\u_fpu_div_assemble.$procmux$1105:
      Old ports: A=$flatten\u_fpu_div_assemble.$5\msb_pos[7:0], B=8'00101100, Y=$flatten\u_fpu_div_assemble.$6\msb_pos[7:0]
      New ports: A=$flatten\u_fpu_div_assemble.$5\msb_pos[7:0] [5:0], B=6'101100, Y=$flatten\u_fpu_div_assemble.$6\msb_pos[7:0] [5:0]
      New connections: $flatten\u_fpu_div_assemble.$6\msb_pos[7:0] [7:6] = 2'00
    Consolidated identical input bits for $mux cell $flatten\u_fpu_div_assemble.$procmux$1114:
      Old ports: A=$flatten\u_fpu_div_assemble.$4\msb_pos[7:0] [5:0], B=6'101101, Y=$flatten\u_fpu_div_assemble.$5\msb_pos[7:0] [5:0]
      New ports: A={ $flatten\u_fpu_div_assemble.$4\msb_pos[7:0] [1] $flatten\u_fpu_div_assemble.$4\msb_pos[7:0] [1:0] }, B=3'101, Y=$flatten\u_fpu_div_assemble.$5\msb_pos[7:0] [2:0]
      New connections: $flatten\u_fpu_div_assemble.$5\msb_pos[7:0] [5:3] = { $flatten\u_fpu_div_assemble.$5\msb_pos[7:0] [2] 1'0 $flatten\u_fpu_div_assemble.$5\msb_pos[7:0] [2] }
  Optimizing cells in module \synth_harness.
    Consolidated identical input bits for $mux cell $flatten\u_fpu_div_assemble.$procmux$1096:
      Old ports: A=$flatten\u_fpu_div_assemble.$6\msb_pos[7:0], B=8'00101011, Y=$flatten\u_fpu_div_assemble.$7\msb_pos[7:0]
      New ports: A=$flatten\u_fpu_div_assemble.$6\msb_pos[7:0] [5:0], B=6'101011, Y=$flatten\u_fpu_div_assemble.$7\msb_pos[7:0] [5:0]
      New connections: $flatten\u_fpu_div_assemble.$7\msb_pos[7:0] [7:6] = 2'00
    Consolidated identical input bits for $mux cell $flatten\u_fpu_div_assemble.$procmux$1105:
      Old ports: A=$flatten\u_fpu_div_assemble.$5\msb_pos[7:0] [5:0], B=6'101100, Y=$flatten\u_fpu_div_assemble.$6\msb_pos[7:0] [5:0]
      New ports: A=$flatten\u_fpu_div_assemble.$5\msb_pos[7:0] [2:0], B=3'100, Y=$flatten\u_fpu_div_assemble.$6\msb_pos[7:0] [2:0]
      New connections: $flatten\u_fpu_div_assemble.$6\msb_pos[7:0] [5:3] = { $flatten\u_fpu_div_assemble.$6\msb_pos[7:0] [2] 1'0 $flatten\u_fpu_div_assemble.$6\msb_pos[7:0] [2] }
  Optimizing cells in module \synth_harness.
    Consolidated identical input bits for $mux cell $flatten\u_fpu_div_assemble.$procmux$1087:
      Old ports: A=$flatten\u_fpu_div_assemble.$7\msb_pos[7:0], B=8'00101010, Y=$flatten\u_fpu_div_assemble.$8\msb_pos[7:0]
      New ports: A=$flatten\u_fpu_div_assemble.$7\msb_pos[7:0] [5:0], B=6'101010, Y=$flatten\u_fpu_div_assemble.$8\msb_pos[7:0] [5:0]
      New connections: $flatten\u_fpu_div_assemble.$8\msb_pos[7:0] [7:6] = 2'00
    Consolidated identical input bits for $mux cell $flatten\u_fpu_div_assemble.$procmux$1096:
      Old ports: A=$flatten\u_fpu_div_assemble.$6\msb_pos[7:0] [5:0], B=6'101011, Y=$flatten\u_fpu_div_assemble.$7\msb_pos[7:0] [5:0]
      New ports: A={ $flatten\u_fpu_div_assemble.$6\msb_pos[7:0] [2] $flatten\u_fpu_div_assemble.$6\msb_pos[7:0] [2:0] }, B=4'1011, Y=$flatten\u_fpu_div_assemble.$7\msb_pos[7:0] [3:0]
      New connections: $flatten\u_fpu_div_assemble.$7\msb_pos[7:0] [5:4] = { $flatten\u_fpu_div_assemble.$7\msb_pos[7:0] [3] 1'0 }
  Optimizing cells in module \synth_harness.
    Consolidated identical input bits for $mux cell $flatten\u_fpu_div_assemble.$procmux$1078:
      Old ports: A=$flatten\u_fpu_div_assemble.$8\msb_pos[7:0], B=8'00101001, Y=$flatten\u_fpu_div_assemble.$9\msb_pos[7:0]
      New ports: A=$flatten\u_fpu_div_assemble.$8\msb_pos[7:0] [5:0], B=6'101001, Y=$flatten\u_fpu_div_assemble.$9\msb_pos[7:0] [5:0]
      New connections: $flatten\u_fpu_div_assemble.$9\msb_pos[7:0] [7:6] = 2'00
    Consolidated identical input bits for $mux cell $flatten\u_fpu_div_assemble.$procmux$1087:
      Old ports: A=$flatten\u_fpu_div_assemble.$7\msb_pos[7:0] [5:0], B=6'101010, Y=$flatten\u_fpu_div_assemble.$8\msb_pos[7:0] [5:0]
      New ports: A=$flatten\u_fpu_div_assemble.$7\msb_pos[7:0] [3:0], B=4'1010, Y=$flatten\u_fpu_div_assemble.$8\msb_pos[7:0] [3:0]
      New connections: $flatten\u_fpu_div_assemble.$8\msb_pos[7:0] [5:4] = { $flatten\u_fpu_div_assemble.$8\msb_pos[7:0] [3] 1'0 }
  Optimizing cells in module \synth_harness.
    Consolidated identical input bits for $mux cell $flatten\u_fpu_div_assemble.$procmux$1069:
      Old ports: A=$flatten\u_fpu_div_assemble.$9\msb_pos[7:0], B=8'00101000, Y=$flatten\u_fpu_div_assemble.$10\msb_pos[7:0]
      New ports: A=$flatten\u_fpu_div_assemble.$9\msb_pos[7:0] [5:0], B=6'101000, Y=$flatten\u_fpu_div_assemble.$10\msb_pos[7:0] [5:0]
      New connections: $flatten\u_fpu_div_assemble.$10\msb_pos[7:0] [7:6] = 2'00
    Consolidated identical input bits for $mux cell $flatten\u_fpu_div_assemble.$procmux$1078:
      Old ports: A=$flatten\u_fpu_div_assemble.$8\msb_pos[7:0] [5:0], B=6'101001, Y=$flatten\u_fpu_div_assemble.$9\msb_pos[7:0] [5:0]
      New ports: A=$flatten\u_fpu_div_assemble.$8\msb_pos[7:0] [3:0], B=4'1001, Y=$flatten\u_fpu_div_assemble.$9\msb_pos[7:0] [3:0]
      New connections: $flatten\u_fpu_div_assemble.$9\msb_pos[7:0] [5:4] = { $flatten\u_fpu_div_assemble.$9\msb_pos[7:0] [3] 1'0 }
  Optimizing cells in module \synth_harness.
    Consolidated identical input bits for $mux cell $flatten\u_fpu_div_assemble.$procmux$1060:
      Old ports: A=$flatten\u_fpu_div_assemble.$10\msb_pos[7:0], B=8'00100111, Y=$flatten\u_fpu_div_assemble.$11\msb_pos[7:0]
      New ports: A=$flatten\u_fpu_div_assemble.$10\msb_pos[7:0] [5:0], B=6'100111, Y=$flatten\u_fpu_div_assemble.$11\msb_pos[7:0] [5:0]
      New connections: $flatten\u_fpu_div_assemble.$11\msb_pos[7:0] [7:6] = 2'00
    Consolidated identical input bits for $mux cell $flatten\u_fpu_div_assemble.$procmux$1069:
      Old ports: A=$flatten\u_fpu_div_assemble.$9\msb_pos[7:0] [5:0], B=6'101000, Y=$flatten\u_fpu_div_assemble.$10\msb_pos[7:0] [5:0]
      New ports: A=$flatten\u_fpu_div_assemble.$9\msb_pos[7:0] [3:0], B=4'1000, Y=$flatten\u_fpu_div_assemble.$10\msb_pos[7:0] [3:0]
      New connections: $flatten\u_fpu_div_assemble.$10\msb_pos[7:0] [5:4] = { $flatten\u_fpu_div_assemble.$10\msb_pos[7:0] [3] 1'0 }
  Optimizing cells in module \synth_harness.
    Consolidated identical input bits for $mux cell $flatten\u_fpu_div_assemble.$procmux$1051:
      Old ports: A=$flatten\u_fpu_div_assemble.$11\msb_pos[7:0], B=8'00100110, Y=$flatten\u_fpu_div_assemble.$12\msb_pos[7:0]
      New ports: A=$flatten\u_fpu_div_assemble.$11\msb_pos[7:0] [5:0], B=6'100110, Y=$flatten\u_fpu_div_assemble.$12\msb_pos[7:0] [5:0]
      New connections: $flatten\u_fpu_div_assemble.$12\msb_pos[7:0] [7:6] = 2'00
    Consolidated identical input bits for $mux cell $flatten\u_fpu_div_assemble.$procmux$1060:
      Old ports: A=$flatten\u_fpu_div_assemble.$10\msb_pos[7:0] [5:0], B=6'100111, Y=$flatten\u_fpu_div_assemble.$11\msb_pos[7:0] [5:0]
      New ports: A={ $flatten\u_fpu_div_assemble.$10\msb_pos[7:0] [3] $flatten\u_fpu_div_assemble.$10\msb_pos[7:0] [3:0] }, B=5'10111, Y={ $flatten\u_fpu_div_assemble.$11\msb_pos[7:0] [5] $flatten\u_fpu_div_assemble.$11\msb_pos[7:0] [3:0] }
      New connections: $flatten\u_fpu_div_assemble.$11\msb_pos[7:0] [4] = 1'0
  Optimizing cells in module \synth_harness.
    Consolidated identical input bits for $mux cell $flatten\u_fpu_div_assemble.$procmux$1042:
      Old ports: A=$flatten\u_fpu_div_assemble.$12\msb_pos[7:0], B=8'00100101, Y=$flatten\u_fpu_div_assemble.$13\msb_pos[7:0]
      New ports: A=$flatten\u_fpu_div_assemble.$12\msb_pos[7:0] [5:0], B=6'100101, Y=$flatten\u_fpu_div_assemble.$13\msb_pos[7:0] [5:0]
      New connections: $flatten\u_fpu_div_assemble.$13\msb_pos[7:0] [7:6] = 2'00
    Consolidated identical input bits for $mux cell $flatten\u_fpu_div_assemble.$procmux$1051:
      Old ports: A=$flatten\u_fpu_div_assemble.$11\msb_pos[7:0] [5:0], B=6'100110, Y=$flatten\u_fpu_div_assemble.$12\msb_pos[7:0] [5:0]
      New ports: A={ $flatten\u_fpu_div_assemble.$11\msb_pos[7:0] [5] $flatten\u_fpu_div_assemble.$11\msb_pos[7:0] [3:0] }, B=5'10110, Y={ $flatten\u_fpu_div_assemble.$12\msb_pos[7:0] [5] $flatten\u_fpu_div_assemble.$12\msb_pos[7:0] [3:0] }
      New connections: $flatten\u_fpu_div_assemble.$12\msb_pos[7:0] [4] = 1'0
  Optimizing cells in module \synth_harness.
    Consolidated identical input bits for $mux cell $flatten\u_fpu_div_assemble.$procmux$1033:
      Old ports: A=$flatten\u_fpu_div_assemble.$13\msb_pos[7:0], B=8'00100100, Y=$flatten\u_fpu_div_assemble.$14\msb_pos[7:0]
      New ports: A=$flatten\u_fpu_div_assemble.$13\msb_pos[7:0] [5:0], B=6'100100, Y=$flatten\u_fpu_div_assemble.$14\msb_pos[7:0] [5:0]
      New connections: $flatten\u_fpu_div_assemble.$14\msb_pos[7:0] [7:6] = 2'00
    Consolidated identical input bits for $mux cell $flatten\u_fpu_div_assemble.$procmux$1042:
      Old ports: A=$flatten\u_fpu_div_assemble.$12\msb_pos[7:0] [5:0], B=6'100101, Y=$flatten\u_fpu_div_assemble.$13\msb_pos[7:0] [5:0]
      New ports: A={ $flatten\u_fpu_div_assemble.$12\msb_pos[7:0] [5] $flatten\u_fpu_div_assemble.$12\msb_pos[7:0] [3:0] }, B=5'10101, Y={ $flatten\u_fpu_div_assemble.$13\msb_pos[7:0] [5] $flatten\u_fpu_div_assemble.$13\msb_pos[7:0] [3:0] }
      New connections: $flatten\u_fpu_div_assemble.$13\msb_pos[7:0] [4] = 1'0
  Optimizing cells in module \synth_harness.
    Consolidated identical input bits for $mux cell $flatten\u_fpu_div_assemble.$procmux$1024:
      Old ports: A=$flatten\u_fpu_div_assemble.$14\msb_pos[7:0], B=8'00100011, Y=$flatten\u_fpu_div_assemble.$15\msb_pos[7:0]
      New ports: A=$flatten\u_fpu_div_assemble.$14\msb_pos[7:0] [5:0], B=6'100011, Y=$flatten\u_fpu_div_assemble.$15\msb_pos[7:0] [5:0]
      New connections: $flatten\u_fpu_div_assemble.$15\msb_pos[7:0] [7:6] = 2'00
    Consolidated identical input bits for $mux cell $flatten\u_fpu_div_assemble.$procmux$1033:
      Old ports: A=$flatten\u_fpu_div_assemble.$13\msb_pos[7:0] [5:0], B=6'100100, Y=$flatten\u_fpu_div_assemble.$14\msb_pos[7:0] [5:0]
      New ports: A={ $flatten\u_fpu_div_assemble.$13\msb_pos[7:0] [5] $flatten\u_fpu_div_assemble.$13\msb_pos[7:0] [3:0] }, B=5'10100, Y={ $flatten\u_fpu_div_assemble.$14\msb_pos[7:0] [5] $flatten\u_fpu_div_assemble.$14\msb_pos[7:0] [3:0] }
      New connections: $flatten\u_fpu_div_assemble.$14\msb_pos[7:0] [4] = 1'0
  Optimizing cells in module \synth_harness.
    Consolidated identical input bits for $mux cell $flatten\u_fpu_div_assemble.$procmux$1015:
      Old ports: A=$flatten\u_fpu_div_assemble.$15\msb_pos[7:0], B=8'00100010, Y=$flatten\u_fpu_div_assemble.$16\msb_pos[7:0]
      New ports: A=$flatten\u_fpu_div_assemble.$15\msb_pos[7:0] [5:0], B=6'100010, Y=$flatten\u_fpu_div_assemble.$16\msb_pos[7:0] [5:0]
      New connections: $flatten\u_fpu_div_assemble.$16\msb_pos[7:0] [7:6] = 2'00
    Consolidated identical input bits for $mux cell $flatten\u_fpu_div_assemble.$procmux$1024:
      Old ports: A=$flatten\u_fpu_div_assemble.$14\msb_pos[7:0] [5:0], B=6'100011, Y=$flatten\u_fpu_div_assemble.$15\msb_pos[7:0] [5:0]
      New ports: A={ $flatten\u_fpu_div_assemble.$14\msb_pos[7:0] [5] $flatten\u_fpu_div_assemble.$14\msb_pos[7:0] [3:0] }, B=5'10011, Y={ $flatten\u_fpu_div_assemble.$15\msb_pos[7:0] [5] $flatten\u_fpu_div_assemble.$15\msb_pos[7:0] [3:0] }
      New connections: $flatten\u_fpu_div_assemble.$15\msb_pos[7:0] [4] = 1'0
  Optimizing cells in module \synth_harness.
    Consolidated identical input bits for $mux cell $flatten\u_fpu_div_assemble.$procmux$1006:
      Old ports: A=$flatten\u_fpu_div_assemble.$16\msb_pos[7:0], B=8'00100001, Y=$flatten\u_fpu_div_assemble.$17\msb_pos[7:0]
      New ports: A=$flatten\u_fpu_div_assemble.$16\msb_pos[7:0] [5:0], B=6'100001, Y=$flatten\u_fpu_div_assemble.$17\msb_pos[7:0] [5:0]
      New connections: $flatten\u_fpu_div_assemble.$17\msb_pos[7:0] [7:6] = 2'00
    Consolidated identical input bits for $mux cell $flatten\u_fpu_div_assemble.$procmux$1015:
      Old ports: A=$flatten\u_fpu_div_assemble.$15\msb_pos[7:0] [5:0], B=6'100010, Y=$flatten\u_fpu_div_assemble.$16\msb_pos[7:0] [5:0]
      New ports: A={ $flatten\u_fpu_div_assemble.$15\msb_pos[7:0] [5] $flatten\u_fpu_div_assemble.$15\msb_pos[7:0] [3:0] }, B=5'10010, Y={ $flatten\u_fpu_div_assemble.$16\msb_pos[7:0] [5] $flatten\u_fpu_div_assemble.$16\msb_pos[7:0] [3:0] }
      New connections: $flatten\u_fpu_div_assemble.$16\msb_pos[7:0] [4] = 1'0
  Optimizing cells in module \synth_harness.
    Consolidated identical input bits for $mux cell $flatten\u_fpu_div_assemble.$procmux$1006:
      Old ports: A=$flatten\u_fpu_div_assemble.$16\msb_pos[7:0] [5:0], B=6'100001, Y=$flatten\u_fpu_div_assemble.$17\msb_pos[7:0] [5:0]
      New ports: A={ $flatten\u_fpu_div_assemble.$16\msb_pos[7:0] [5] $flatten\u_fpu_div_assemble.$16\msb_pos[7:0] [3:0] }, B=5'10001, Y={ $flatten\u_fpu_div_assemble.$17\msb_pos[7:0] [5] $flatten\u_fpu_div_assemble.$17\msb_pos[7:0] [3:0] }
      New connections: $flatten\u_fpu_div_assemble.$17\msb_pos[7:0] [4] = 1'0
    Consolidated identical input bits for $mux cell $flatten\u_fpu_div_assemble.$procmux$997:
      Old ports: A=$flatten\u_fpu_div_assemble.$17\msb_pos[7:0], B=8'00100000, Y=$flatten\u_fpu_div_assemble.$18\msb_pos[7:0]
      New ports: A=$flatten\u_fpu_div_assemble.$17\msb_pos[7:0] [5:0], B=6'100000, Y=$flatten\u_fpu_div_assemble.$18\msb_pos[7:0] [5:0]
      New connections: $flatten\u_fpu_div_assemble.$18\msb_pos[7:0] [7:6] = 2'00
  Optimizing cells in module \synth_harness.
    Consolidated identical input bits for $mux cell $flatten\u_fpu_div_assemble.$procmux$988:
      Old ports: A=$flatten\u_fpu_div_assemble.$18\msb_pos[7:0], B=8'00011111, Y=$flatten\u_fpu_div_assemble.$19\msb_pos[7:0]
      New ports: A=$flatten\u_fpu_div_assemble.$18\msb_pos[7:0] [5:0], B=6'011111, Y=$flatten\u_fpu_div_assemble.$19\msb_pos[7:0] [5:0]
      New connections: $flatten\u_fpu_div_assemble.$19\msb_pos[7:0] [7:6] = 2'00
    Consolidated identical input bits for $mux cell $flatten\u_fpu_div_assemble.$procmux$997:
      Old ports: A=$flatten\u_fpu_div_assemble.$17\msb_pos[7:0] [5:0], B=6'100000, Y=$flatten\u_fpu_div_assemble.$18\msb_pos[7:0] [5:0]
      New ports: A={ $flatten\u_fpu_div_assemble.$17\msb_pos[7:0] [5] $flatten\u_fpu_div_assemble.$17\msb_pos[7:0] [3:0] }, B=5'10000, Y={ $flatten\u_fpu_div_assemble.$18\msb_pos[7:0] [5] $flatten\u_fpu_div_assemble.$18\msb_pos[7:0] [3:0] }
      New connections: $flatten\u_fpu_div_assemble.$18\msb_pos[7:0] [4] = 1'0
  Optimizing cells in module \synth_harness.
    Consolidated identical input bits for $mux cell $flatten\u_fpu_div_assemble.$procmux$979:
      Old ports: A=$flatten\u_fpu_div_assemble.$19\msb_pos[7:0], B=8'00011110, Y=$flatten\u_fpu_div_assemble.$20\msb_pos[7:0]
      New ports: A=$flatten\u_fpu_div_assemble.$19\msb_pos[7:0] [5:0], B=6'011110, Y=$flatten\u_fpu_div_assemble.$20\msb_pos[7:0] [5:0]
      New connections: $flatten\u_fpu_div_assemble.$20\msb_pos[7:0] [7:6] = 2'00
  Optimizing cells in module \synth_harness.
    Consolidated identical input bits for $mux cell $flatten\u_fpu_div_assemble.$procmux$970:
      Old ports: A=$flatten\u_fpu_div_assemble.$20\msb_pos[7:0], B=8'00011101, Y=$flatten\u_fpu_div_assemble.$21\msb_pos[7:0]
      New ports: A=$flatten\u_fpu_div_assemble.$20\msb_pos[7:0] [5:0], B=6'011101, Y=$flatten\u_fpu_div_assemble.$21\msb_pos[7:0] [5:0]
      New connections: $flatten\u_fpu_div_assemble.$21\msb_pos[7:0] [7:6] = 2'00
  Optimizing cells in module \synth_harness.
    Consolidated identical input bits for $mux cell $flatten\u_fpu_div_assemble.$procmux$961:
      Old ports: A=$flatten\u_fpu_div_assemble.$21\msb_pos[7:0], B=8'00011100, Y=$flatten\u_fpu_div_assemble.$22\msb_pos[7:0]
      New ports: A=$flatten\u_fpu_div_assemble.$21\msb_pos[7:0] [5:0], B=6'011100, Y=$flatten\u_fpu_div_assemble.$22\msb_pos[7:0] [5:0]
      New connections: $flatten\u_fpu_div_assemble.$22\msb_pos[7:0] [7:6] = 2'00
  Optimizing cells in module \synth_harness.
    Consolidated identical input bits for $mux cell $flatten\u_fpu_div_assemble.$procmux$952:
      Old ports: A=$flatten\u_fpu_div_assemble.$22\msb_pos[7:0], B=8'00011011, Y=$flatten\u_fpu_div_assemble.$23\msb_pos[7:0]
      New ports: A=$flatten\u_fpu_div_assemble.$22\msb_pos[7:0] [5:0], B=6'011011, Y=$flatten\u_fpu_div_assemble.$23\msb_pos[7:0] [5:0]
      New connections: $flatten\u_fpu_div_assemble.$23\msb_pos[7:0] [7:6] = 2'00
  Optimizing cells in module \synth_harness.
    Consolidated identical input bits for $mux cell $flatten\u_fpu_div_assemble.$procmux$943:
      Old ports: A=$flatten\u_fpu_div_assemble.$23\msb_pos[7:0], B=8'00011010, Y=$flatten\u_fpu_div_assemble.$24\msb_pos[7:0]
      New ports: A=$flatten\u_fpu_div_assemble.$23\msb_pos[7:0] [5:0], B=6'011010, Y=$flatten\u_fpu_div_assemble.$24\msb_pos[7:0] [5:0]
      New connections: $flatten\u_fpu_div_assemble.$24\msb_pos[7:0] [7:6] = 2'00
  Optimizing cells in module \synth_harness.
    Consolidated identical input bits for $mux cell $flatten\u_fpu_div_assemble.$procmux$934:
      Old ports: A=$flatten\u_fpu_div_assemble.$24\msb_pos[7:0], B=8'00011001, Y=$flatten\u_fpu_div_assemble.$25\msb_pos[7:0]
      New ports: A=$flatten\u_fpu_div_assemble.$24\msb_pos[7:0] [5:0], B=6'011001, Y=$flatten\u_fpu_div_assemble.$25\msb_pos[7:0] [5:0]
      New connections: $flatten\u_fpu_div_assemble.$25\msb_pos[7:0] [7:6] = 2'00
  Optimizing cells in module \synth_harness.
    Consolidated identical input bits for $mux cell $flatten\u_fpu_div_assemble.$procmux$925:
      Old ports: A=$flatten\u_fpu_div_assemble.$25\msb_pos[7:0], B=8'00011000, Y=$flatten\u_fpu_div_assemble.$26\msb_pos[7:0]
      New ports: A=$flatten\u_fpu_div_assemble.$25\msb_pos[7:0] [5:0], B=6'011000, Y=$flatten\u_fpu_div_assemble.$26\msb_pos[7:0] [5:0]
      New connections: $flatten\u_fpu_div_assemble.$26\msb_pos[7:0] [7:6] = 2'00
  Optimizing cells in module \synth_harness.
    Consolidated identical input bits for $mux cell $flatten\u_fpu_div_assemble.$procmux$916:
      Old ports: A=$flatten\u_fpu_div_assemble.$26\msb_pos[7:0], B=8'00010111, Y=$flatten\u_fpu_div_assemble.$27\msb_pos[7:0]
      New ports: A=$flatten\u_fpu_div_assemble.$26\msb_pos[7:0] [5:0], B=6'010111, Y=$flatten\u_fpu_div_assemble.$27\msb_pos[7:0] [5:0]
      New connections: $flatten\u_fpu_div_assemble.$27\msb_pos[7:0] [7:6] = 2'00
  Optimizing cells in module \synth_harness.
    Consolidated identical input bits for $mux cell $flatten\u_fpu_div_assemble.$procmux$907:
      Old ports: A=$flatten\u_fpu_div_assemble.$27\msb_pos[7:0], B=8'00010110, Y=$flatten\u_fpu_div_assemble.$28\msb_pos[7:0]
      New ports: A=$flatten\u_fpu_div_assemble.$27\msb_pos[7:0] [5:0], B=6'010110, Y=$flatten\u_fpu_div_assemble.$28\msb_pos[7:0] [5:0]
      New connections: $flatten\u_fpu_div_assemble.$28\msb_pos[7:0] [7:6] = 2'00
  Optimizing cells in module \synth_harness.
    Consolidated identical input bits for $mux cell $flatten\u_fpu_div_assemble.$procmux$898:
      Old ports: A=$flatten\u_fpu_div_assemble.$28\msb_pos[7:0], B=8'00010101, Y=$flatten\u_fpu_div_assemble.$29\msb_pos[7:0]
      New ports: A=$flatten\u_fpu_div_assemble.$28\msb_pos[7:0] [5:0], B=6'010101, Y=$flatten\u_fpu_div_assemble.$29\msb_pos[7:0] [5:0]
      New connections: $flatten\u_fpu_div_assemble.$29\msb_pos[7:0] [7:6] = 2'00
  Optimizing cells in module \synth_harness.
    Consolidated identical input bits for $mux cell $flatten\u_fpu_div_assemble.$procmux$889:
      Old ports: A=$flatten\u_fpu_div_assemble.$29\msb_pos[7:0], B=8'00010100, Y=$flatten\u_fpu_div_assemble.$30\msb_pos[7:0]
      New ports: A=$flatten\u_fpu_div_assemble.$29\msb_pos[7:0] [5:0], B=6'010100, Y=$flatten\u_fpu_div_assemble.$30\msb_pos[7:0] [5:0]
      New connections: $flatten\u_fpu_div_assemble.$30\msb_pos[7:0] [7:6] = 2'00
  Optimizing cells in module \synth_harness.
    Consolidated identical input bits for $mux cell $flatten\u_fpu_div_assemble.$procmux$880:
      Old ports: A=$flatten\u_fpu_div_assemble.$30\msb_pos[7:0], B=8'00010011, Y=$flatten\u_fpu_div_assemble.$31\msb_pos[7:0]
      New ports: A=$flatten\u_fpu_div_assemble.$30\msb_pos[7:0] [5:0], B=6'010011, Y=$flatten\u_fpu_div_assemble.$31\msb_pos[7:0] [5:0]
      New connections: $flatten\u_fpu_div_assemble.$31\msb_pos[7:0] [7:6] = 2'00
  Optimizing cells in module \synth_harness.
    Consolidated identical input bits for $mux cell $flatten\u_fpu_div_assemble.$procmux$871:
      Old ports: A=$flatten\u_fpu_div_assemble.$31\msb_pos[7:0], B=8'00010010, Y=$flatten\u_fpu_div_assemble.$32\msb_pos[7:0]
      New ports: A=$flatten\u_fpu_div_assemble.$31\msb_pos[7:0] [5:0], B=6'010010, Y=$flatten\u_fpu_div_assemble.$32\msb_pos[7:0] [5:0]
      New connections: $flatten\u_fpu_div_assemble.$32\msb_pos[7:0] [7:6] = 2'00
  Optimizing cells in module \synth_harness.
    Consolidated identical input bits for $mux cell $flatten\u_fpu_div_assemble.$procmux$862:
      Old ports: A=$flatten\u_fpu_div_assemble.$32\msb_pos[7:0], B=8'00010001, Y=$flatten\u_fpu_div_assemble.$33\msb_pos[7:0]
      New ports: A=$flatten\u_fpu_div_assemble.$32\msb_pos[7:0] [5:0], B=6'010001, Y=$flatten\u_fpu_div_assemble.$33\msb_pos[7:0] [5:0]
      New connections: $flatten\u_fpu_div_assemble.$33\msb_pos[7:0] [7:6] = 2'00
  Optimizing cells in module \synth_harness.
    Consolidated identical input bits for $mux cell $flatten\u_fpu_div_assemble.$procmux$853:
      Old ports: A=$flatten\u_fpu_div_assemble.$33\msb_pos[7:0], B=8'00010000, Y=$flatten\u_fpu_div_assemble.$34\msb_pos[7:0]
      New ports: A=$flatten\u_fpu_div_assemble.$33\msb_pos[7:0] [5:0], B=6'010000, Y=$flatten\u_fpu_div_assemble.$34\msb_pos[7:0] [5:0]
      New connections: $flatten\u_fpu_div_assemble.$34\msb_pos[7:0] [7:6] = 2'00
  Optimizing cells in module \synth_harness.
    Consolidated identical input bits for $mux cell $flatten\u_fpu_div_assemble.$procmux$844:
      Old ports: A=$flatten\u_fpu_div_assemble.$34\msb_pos[7:0], B=8'00001111, Y=$flatten\u_fpu_div_assemble.$35\msb_pos[7:0]
      New ports: A=$flatten\u_fpu_div_assemble.$34\msb_pos[7:0] [5:0], B=6'001111, Y=$flatten\u_fpu_div_assemble.$35\msb_pos[7:0] [5:0]
      New connections: $flatten\u_fpu_div_assemble.$35\msb_pos[7:0] [7:6] = 2'00
  Optimizing cells in module \synth_harness.
    Consolidated identical input bits for $mux cell $flatten\u_fpu_div_assemble.$procmux$835:
      Old ports: A=$flatten\u_fpu_div_assemble.$35\msb_pos[7:0], B=8'00001110, Y=$flatten\u_fpu_div_assemble.$36\msb_pos[7:0]
      New ports: A=$flatten\u_fpu_div_assemble.$35\msb_pos[7:0] [5:0], B=6'001110, Y=$flatten\u_fpu_div_assemble.$36\msb_pos[7:0] [5:0]
      New connections: $flatten\u_fpu_div_assemble.$36\msb_pos[7:0] [7:6] = 2'00
  Optimizing cells in module \synth_harness.
    Consolidated identical input bits for $mux cell $flatten\u_fpu_div_assemble.$procmux$826:
      Old ports: A=$flatten\u_fpu_div_assemble.$36\msb_pos[7:0], B=8'00001101, Y=$flatten\u_fpu_div_assemble.$37\msb_pos[7:0]
      New ports: A=$flatten\u_fpu_div_assemble.$36\msb_pos[7:0] [5:0], B=6'001101, Y=$flatten\u_fpu_div_assemble.$37\msb_pos[7:0] [5:0]
      New connections: $flatten\u_fpu_div_assemble.$37\msb_pos[7:0] [7:6] = 2'00
  Optimizing cells in module \synth_harness.
    Consolidated identical input bits for $mux cell $flatten\u_fpu_div_assemble.$procmux$817:
      Old ports: A=$flatten\u_fpu_div_assemble.$37\msb_pos[7:0], B=8'00001100, Y=$flatten\u_fpu_div_assemble.$38\msb_pos[7:0]
      New ports: A=$flatten\u_fpu_div_assemble.$37\msb_pos[7:0] [5:0], B=6'001100, Y=$flatten\u_fpu_div_assemble.$38\msb_pos[7:0] [5:0]
      New connections: $flatten\u_fpu_div_assemble.$38\msb_pos[7:0] [7:6] = 2'00
  Optimizing cells in module \synth_harness.
    Consolidated identical input bits for $mux cell $flatten\u_fpu_div_assemble.$procmux$808:
      Old ports: A=$flatten\u_fpu_div_assemble.$38\msb_pos[7:0], B=8'00001011, Y=$flatten\u_fpu_div_assemble.$39\msb_pos[7:0]
      New ports: A=$flatten\u_fpu_div_assemble.$38\msb_pos[7:0] [5:0], B=6'001011, Y=$flatten\u_fpu_div_assemble.$39\msb_pos[7:0] [5:0]
      New connections: $flatten\u_fpu_div_assemble.$39\msb_pos[7:0] [7:6] = 2'00
  Optimizing cells in module \synth_harness.
    Consolidated identical input bits for $mux cell $flatten\u_fpu_div_assemble.$procmux$799:
      Old ports: A=$flatten\u_fpu_div_assemble.$39\msb_pos[7:0], B=8'00001010, Y=$flatten\u_fpu_div_assemble.$40\msb_pos[7:0]
      New ports: A=$flatten\u_fpu_div_assemble.$39\msb_pos[7:0] [5:0], B=6'001010, Y=$flatten\u_fpu_div_assemble.$40\msb_pos[7:0] [5:0]
      New connections: $flatten\u_fpu_div_assemble.$40\msb_pos[7:0] [7:6] = 2'00
  Optimizing cells in module \synth_harness.
    Consolidated identical input bits for $mux cell $flatten\u_fpu_div_assemble.$procmux$790:
      Old ports: A=$flatten\u_fpu_div_assemble.$40\msb_pos[7:0], B=8'00001001, Y=$flatten\u_fpu_div_assemble.$41\msb_pos[7:0]
      New ports: A=$flatten\u_fpu_div_assemble.$40\msb_pos[7:0] [5:0], B=6'001001, Y=$flatten\u_fpu_div_assemble.$41\msb_pos[7:0] [5:0]
      New connections: $flatten\u_fpu_div_assemble.$41\msb_pos[7:0] [7:6] = 2'00
  Optimizing cells in module \synth_harness.
    Consolidated identical input bits for $mux cell $flatten\u_fpu_div_assemble.$procmux$781:
      Old ports: A=$flatten\u_fpu_div_assemble.$41\msb_pos[7:0], B=8'00001000, Y=$flatten\u_fpu_div_assemble.$42\msb_pos[7:0]
      New ports: A=$flatten\u_fpu_div_assemble.$41\msb_pos[7:0] [5:0], B=6'001000, Y=$flatten\u_fpu_div_assemble.$42\msb_pos[7:0] [5:0]
      New connections: $flatten\u_fpu_div_assemble.$42\msb_pos[7:0] [7:6] = 2'00
  Optimizing cells in module \synth_harness.
    Consolidated identical input bits for $mux cell $flatten\u_fpu_div_assemble.$procmux$772:
      Old ports: A=$flatten\u_fpu_div_assemble.$42\msb_pos[7:0], B=8'00000111, Y=$flatten\u_fpu_div_assemble.$43\msb_pos[7:0]
      New ports: A=$flatten\u_fpu_div_assemble.$42\msb_pos[7:0] [5:0], B=6'000111, Y=$flatten\u_fpu_div_assemble.$43\msb_pos[7:0] [5:0]
      New connections: $flatten\u_fpu_div_assemble.$43\msb_pos[7:0] [7:6] = 2'00
  Optimizing cells in module \synth_harness.
    Consolidated identical input bits for $mux cell $flatten\u_fpu_div_assemble.$procmux$763:
      Old ports: A=$flatten\u_fpu_div_assemble.$43\msb_pos[7:0], B=8'00000110, Y=$flatten\u_fpu_div_assemble.$44\msb_pos[7:0]
      New ports: A=$flatten\u_fpu_div_assemble.$43\msb_pos[7:0] [5:0], B=6'000110, Y=$flatten\u_fpu_div_assemble.$44\msb_pos[7:0] [5:0]
      New connections: $flatten\u_fpu_div_assemble.$44\msb_pos[7:0] [7:6] = 2'00
  Optimizing cells in module \synth_harness.
    Consolidated identical input bits for $mux cell $flatten\u_fpu_div_assemble.$procmux$754:
      Old ports: A=$flatten\u_fpu_div_assemble.$44\msb_pos[7:0], B=8'00000101, Y=$flatten\u_fpu_div_assemble.$45\msb_pos[7:0]
      New ports: A=$flatten\u_fpu_div_assemble.$44\msb_pos[7:0] [5:0], B=6'000101, Y=$flatten\u_fpu_div_assemble.$45\msb_pos[7:0] [5:0]
      New connections: $flatten\u_fpu_div_assemble.$45\msb_pos[7:0] [7:6] = 2'00
  Optimizing cells in module \synth_harness.
    Consolidated identical input bits for $mux cell $flatten\u_fpu_div_assemble.$procmux$745:
      Old ports: A=$flatten\u_fpu_div_assemble.$45\msb_pos[7:0], B=8'00000100, Y=$flatten\u_fpu_div_assemble.$46\msb_pos[7:0]
      New ports: A=$flatten\u_fpu_div_assemble.$45\msb_pos[7:0] [5:0], B=6'000100, Y=$flatten\u_fpu_div_assemble.$46\msb_pos[7:0] [5:0]
      New connections: $flatten\u_fpu_div_assemble.$46\msb_pos[7:0] [7:6] = 2'00
  Optimizing cells in module \synth_harness.
    Consolidated identical input bits for $mux cell $flatten\u_fpu_div_assemble.$procmux$736:
      Old ports: A=$flatten\u_fpu_div_assemble.$46\msb_pos[7:0], B=8'00000011, Y=$flatten\u_fpu_div_assemble.$47\msb_pos[7:0]
      New ports: A=$flatten\u_fpu_div_assemble.$46\msb_pos[7:0] [5:0], B=6'000011, Y=$flatten\u_fpu_div_assemble.$47\msb_pos[7:0] [5:0]
      New connections: $flatten\u_fpu_div_assemble.$47\msb_pos[7:0] [7:6] = 2'00
  Optimizing cells in module \synth_harness.
    Consolidated identical input bits for $mux cell $flatten\u_fpu_div_assemble.$procmux$727:
      Old ports: A=$flatten\u_fpu_div_assemble.$47\msb_pos[7:0], B=8'00000010, Y=$flatten\u_fpu_div_assemble.$48\msb_pos[7:0]
      New ports: A=$flatten\u_fpu_div_assemble.$47\msb_pos[7:0] [5:0], B=6'000010, Y=$flatten\u_fpu_div_assemble.$48\msb_pos[7:0] [5:0]
      New connections: $flatten\u_fpu_div_assemble.$48\msb_pos[7:0] [7:6] = 2'00
  Optimizing cells in module \synth_harness.
    Consolidated identical input bits for $mux cell $flatten\u_fpu_div_assemble.$procmux$718:
      Old ports: A=$flatten\u_fpu_div_assemble.$48\msb_pos[7:0], B=8'00000001, Y=$flatten\u_fpu_div_assemble.$49\msb_pos[7:0]
      New ports: A=$flatten\u_fpu_div_assemble.$48\msb_pos[7:0] [5:0], B=6'000001, Y=$flatten\u_fpu_div_assemble.$49\msb_pos[7:0] [5:0]
      New connections: $flatten\u_fpu_div_assemble.$49\msb_pos[7:0] [7:6] = 2'00
  Optimizing cells in module \synth_harness.
    Consolidated identical input bits for $mux cell $flatten\u_fpu_div_assemble.$procmux$709:
      Old ports: A=$flatten\u_fpu_div_assemble.$49\msb_pos[7:0], B=8'00000000, Y=$auto$wreduce.cc:461:run$1239
      New ports: A=$flatten\u_fpu_div_assemble.$49\msb_pos[7:0] [5:0], B=6'000000, Y=$auto$wreduce.cc:461:run$1239 [5:0]
      New connections: $auto$wreduce.cc:461:run$1239 [7:6] = 2'00
  Optimizing cells in module \synth_harness.
Performed a total of 63 changes.

3.29.5. Executing OPT_MERGE pass (detect identical cells).
Finding identical cells in module `\synth_harness'.
Removed a total of 0 cells.

3.29.6. Executing OPT_DFF pass (perform DFF optimizations).
Adding SRST signal on $procdff$1194 ($dff) from module synth_harness (D = { \u_fpu_div_assemble.result_mant [7:3] \u_fpu_div_assemble.result_mant [1:0] }, Q = { \result_reg [7:3] \result_reg [1:0] }, rval = 7'0000000).

3.29.7. Executing OPT_CLEAN pass (remove unused cells and wires).
Finding unused cells or wires in module \synth_harness..

3.29.8. Executing OPT_EXPR pass (perform const folding).
Optimizing module synth_harness.
<suppressed ~47 debug messages>

3.29.9. Rerunning OPT passes. (Maybe there is more to do..)

3.29.10. Executing OPT_MUXTREE pass (detect dead branches in mux trees).
Running muxtree optimizer on module \synth_harness..
  Creating internal representation of mux trees.
  Evaluating internal representation of mux trees.
  Analyzing evaluation results.
Removed 0 multiplexer ports.
<suppressed ~52 debug messages>

3.29.11. Executing OPT_REDUCE pass (consolidate $*mux and $reduce_* inputs).
  Optimizing cells in module \synth_harness.
    New input vector for $reduce_or cell $auto$opt_dff.cc:254:combine_resets$1333: { $flatten\u_fpu_div_assemble.$logic_and$../../rtl/fpu_div_assemble.sv:71$132_Y $flatten\u_fpu_div_assemble.$eq$../../rtl/fpu_div_assemble.sv:78$134_Y $auto$rtlil.cc:2401:Not$1272 $auto$rtlil.cc:2404:ReduceAnd$1274 }
  Optimizing cells in module \synth_harness.
Performed a total of 1 changes.

3.29.12. Executing OPT_MERGE pass (detect identical cells).
Finding identical cells in module `\synth_harness'.
Removed a total of 0 cells.

3.29.13. Executing OPT_DFF pass (perform DFF optimizations).

3.29.14. Executing OPT_CLEAN pass (remove unused cells and wires).
Finding unused cells or wires in module \synth_harness..

3.29.15. Executing OPT_EXPR pass (perform const folding).
Optimizing module synth_harness.

3.29.16. Rerunning OPT passes. (Maybe there is more to do..)

3.29.17. Executing OPT_MUXTREE pass (detect dead branches in mux trees).
Running muxtree optimizer on module \synth_harness..
  Creating internal representation of mux trees.
  Evaluating internal representation of mux trees.
  Analyzing evaluation results.
Removed 0 multiplexer ports.
<suppressed ~52 debug messages>

3.29.18. Executing OPT_REDUCE pass (consolidate $*mux and $reduce_* inputs).
  Optimizing cells in module \synth_harness.
Performed a total of 0 changes.

3.29.19. Executing OPT_MERGE pass (detect identical cells).
Finding identical cells in module `\synth_harness'.
Removed a total of 0 cells.

3.29.20. Executing OPT_DFF pass (perform DFF optimizations).

3.29.21. Executing OPT_CLEAN pass (remove unused cells and wires).
Finding unused cells or wires in module \synth_harness..

3.29.22. Executing OPT_EXPR pass (perform const folding).
Optimizing module synth_harness.

3.29.23. Finished OPT passes. (There is nothing left to do.)

3.30. Executing ICE40_WRAPCARRY pass (wrap carries).

3.31. Executing TECHMAP pass (map to technology primitives).

3.31.1. Executing Verilog-2005 frontend: /usr/bin/../share/yosys/techmap.v
Parsing Verilog input from `/usr/bin/../share/yosys/techmap.v' to AST representation.
Generating RTLIL representation for module `\_90_simplemap_bool_ops'.
Generating RTLIL representation for module `\_90_simplemap_reduce_ops'.
Generating RTLIL representation for module `\_90_simplemap_logic_ops'.
Generating RTLIL representation for module `\_90_simplemap_compare_ops'.
Generating RTLIL representation for module `\_90_simplemap_various'.
Generating RTLIL representation for module `\_90_simplemap_registers'.
Generating RTLIL representation for module `\_90_shift_ops_shr_shl_sshl_sshr'.
Generating RTLIL representation for module `\_90_shift_shiftx'.
Generating RTLIL representation for module `\_90_fa'.
Generating RTLIL representation for module `\_90_lcu'.
Generating RTLIL representation for module `\_90_alu'.
Generating RTLIL representation for module `\_90_macc'.
Generating RTLIL representation for module `\_90_alumacc'.
Generating RTLIL representation for module `\$__div_mod_u'.
Generating RTLIL representation for module `\$__div_mod_trunc'.
Generating RTLIL representation for module `\_90_div'.
Generating RTLIL representation for module `\_90_mod'.
Generating RTLIL representation for module `\$__div_mod_floor'.
Generating RTLIL representation for module `\_90_divfloor'.
Generating RTLIL representation for module `\_90_modfloor'.
Generating RTLIL representation for module `\_90_pow'.
Generating RTLIL representation for module `\_90_pmux'.
Generating RTLIL representation for module `\_90_demux'.
Generating RTLIL representation for module `\_90_lut'.
Successfully finished Verilog frontend.

3.31.2. Executing Verilog-2005 frontend: /usr/bin/../share/yosys/ice40/arith_map.v
Parsing Verilog input from `/usr/bin/../share/yosys/ice40/arith_map.v' to AST representation.
Generating RTLIL representation for module `\_80_ice40_alu'.
Successfully finished Verilog frontend.

3.31.3. Continuing TECHMAP pass.
Using extmapper simplemap for cells of type $not.
Using extmapper simplemap for cells of type $adff.
Using extmapper simplemap for cells of type $dff.
Using extmapper simplemap for cells of type $reduce_or.
Using extmapper simplemap for cells of type $reduce_and.
Using extmapper maccmap for cells of type $macc.
  add \stim_reg[0] [30:23] (8 bits, unsigned)
  sub \stim_reg[1] [30:23] (8 bits, unsigned)
  add 9'001111111 (9 bits, unsigned)
Using template $paramod$d78cca788ba412cf660d1859c68648428b17fe97\_80_ice40_alu for cells of type $alu.
Using template $paramod$003256218b736a5f72fe70a6e5006b2214b99da4\_80_ice40_alu for cells of type $alu.
Using extmapper simplemap for cells of type $xor.
Using extmapper simplemap for cells of type $or.
Using extmapper simplemap for cells of type $mux.
Using extmapper simplemap for cells of type $sdff.
Using extmapper simplemap for cells of type $logic_not.
Using template $paramod$8045f2881226ae434b154710c783ad25023f386c\_80_ice40_alu for cells of type $alu.
Using template $paramod$d2fa05d38998afabc6d4f34471305d0af4b8b2df\_80_ice40_alu for cells of type $alu.
Using extmapper simplemap for cells of type $logic_and.
Using template $paramod$constmap:ca2717a5b84d4007bbbcf09fb5ee073cb18e2c73$paramod$fa8efc2a45a11a666212765a33536c4e6c634bf4\_90_shift_ops_shr_shl_sshl_sshr for cells of type $shr.
Using template $paramod$c3cd1564c35d873179656addd6052d7ea8b6d991\_80_ice40_alu for cells of type $alu.
Using template $paramod$6f67705c43e5e94c02b6ebb52209ce5aa5ade4c1\_80_ice40_alu for cells of type $alu.
Using template $paramod$constmap:ca2717a5b84d4007bbbcf09fb5ee073cb18e2c73$paramod$31a1b73b4d257f2dd8f6e2a32c2b6d2ca936cb03\_90_shift_ops_shr_shl_sshl_sshr for cells of type $shl.
Using template $paramod$adbaf76fa5a3091a329503792521395f8ff4d1a4\_90_alu for cells of type $alu.
Using extmapper simplemap for cells of type $pos.
Using template $paramod\_90_fa\WIDTH=32'00000000000000000000000000001001 for cells of type $fa.
Using extmapper simplemap for cells of type $and.
Using template $paramod\_90_lcu\WIDTH=32'00000000000000000000000000000001 for cells of type $lcu.
No more expansions possible.
<suppressed ~1788 debug messages>

3.32. Executing OPT pass (performing simple optimizations).

3.32.1. Executing OPT_EXPR pass (perform const folding).
Optimizing module synth_harness.
<suppressed ~190 debug messages>

3.32.2. Executing OPT_MERGE pass (detect identical cells).
Finding identical cells in module `\synth_harness'.
<suppressed ~78 debug messages>
Removed a total of 26 cells.

3.32.3. Executing OPT_DFF pass (perform DFF optimizations).

3.32.4. Executing OPT_CLEAN pass (remove unused cells and wires).
Finding unused cells or wires in module \synth_harness..
Removed 86 unused cells and 199 unused wires.
<suppressed ~87 debug messages>

3.32.5. Finished fast OPT passes.

3.33. Executing ICE40_OPT pass (performing simple optimizations).

3.33.1. Running ICE40 specific optimizations.
Optimized $__ICE40_CARRY_WRAPPER cell back to logic (without SB_CARRY) synth_harness.$auto$alumacc.cc:485:replace_alu$1250.slice[0].carry: CO=$auto$alumacc.cc:485:replace_alu$1250.BB [0]
Optimized $__ICE40_CARRY_WRAPPER cell back to logic (without SB_CARRY) synth_harness.$auto$alumacc.cc:485:replace_alu$1263.slice[0].carry: CO=$auto$alumacc.cc:485:replace_alu$1263.BB [0]
Optimized $__ICE40_CARRY_WRAPPER cell back to logic (without SB_CARRY) synth_harness.$auto$alumacc.cc:485:replace_alu$1263.slice[6].carry: CO=$auto$alumacc.cc:485:replace_alu$1263.C [6]
Optimized $__ICE40_CARRY_WRAPPER cell back to logic (without SB_CARRY) synth_harness.$auto$alumacc.cc:485:replace_alu$1263.slice[7].carry: CO=$auto$alumacc.cc:485:replace_alu$1263.C [7]
Optimized $__ICE40_CARRY_WRAPPER cell back to logic (without SB_CARRY) synth_harness.$auto$alumacc.cc:485:replace_alu$1280.slice[0].carry: CO=$auto$alumacc.cc:485:replace_alu$1250.BB [0]
Optimized $__ICE40_CARRY_WRAPPER cell back to logic (without SB_CARRY) synth_harness.$auto$alumacc.cc:485:replace_alu$1286.slice[0].carry: CO=$auto$alumacc.cc:485:replace_alu$1277.A [0]
Optimized $__ICE40_CARRY_WRAPPER cell back to logic (without SB_CARRY) synth_harness.$auto$alumacc.cc:485:replace_alu$1289.slice[0].carry: CO=$auto$alumacc.cc:485:replace_alu$1263.BB [0]
Optimized $__ICE40_CARRY_WRAPPER cell back to logic (without SB_CARRY) synth_harness.$auto$alumacc.cc:485:replace_alu$1289.slice[6].carry: CO=$auto$alumacc.cc:485:replace_alu$1289.C [6]
Optimized $__ICE40_CARRY_WRAPPER cell back to logic (without SB_CARRY) synth_harness.$auto$alumacc.cc:485:replace_alu$1289.slice[7].carry: CO=$auto$alumacc.cc:485:replace_alu$1289.C [7]
Optimized $__ICE40_CARRY_WRAPPER cell back to logic (without SB_CARRY) synth_harness.$auto$alumacc.cc:485:replace_alu$1289.slice[8].carry: CO=$auto$alumacc.cc:485:replace_alu$1289.C [8]
Optimized $__ICE40_CARRY_WRAPPER cell back to logic (without SB_CARRY) synth_harness.$auto$maccmap.cc:240:synth$1706.slice[0].carry: CO=1'0

3.33.2. Executing OPT_EXPR pass (perform const folding).
Optimizing module synth_harness.
<suppressed ~2 debug messages>

3.33.3. Executing OPT_MERGE pass (detect identical cells).
Finding identical cells in module `\synth_harness'.
<suppressed ~21 debug messages>
Removed a total of 7 cells.

3.33.4. Executing OPT_DFF pass (perform DFF optimizations).

3.33.5. Executing OPT_CLEAN pass (remove unused cells and wires).
Finding unused cells or wires in module \synth_harness..
Removed 1 unused cells and 2 unused wires.
<suppressed ~2 debug messages>

3.33.6. Rerunning OPT passes. (Removed registers in this run.)

3.33.7. Running ICE40 specific optimizations.

3.33.8. Executing OPT_EXPR pass (perform const folding).
Optimizing module synth_harness.
<suppressed ~2 debug messages>

3.33.9. Executing OPT_MERGE pass (detect identical cells).
Finding identical cells in module `\synth_harness'.
Removed a total of 0 cells.

3.33.10. Executing OPT_DFF pass (perform DFF optimizations).

3.33.11. Executing OPT_CLEAN pass (remove unused cells and wires).
Finding unused cells or wires in module \synth_harness..

3.33.12. Rerunning OPT passes. (Removed registers in this run.)

3.33.13. Running ICE40 specific optimizations.

3.33.14. Executing OPT_EXPR pass (perform const folding).
Optimizing module synth_harness.

3.33.15. Executing OPT_MERGE pass (detect identical cells).
Finding identical cells in module `\synth_harness'.
Removed a total of 0 cells.

3.33.16. Executing OPT_DFF pass (perform DFF optimizations).

3.33.17. Executing OPT_CLEAN pass (remove unused cells and wires).
Finding unused cells or wires in module \synth_harness..

3.33.18. Finished OPT passes. (There is nothing left to do.)

3.34. Executing DFFLEGALIZE pass (convert FFs to types supported by the target).

3.35. Executing TECHMAP pass (map to technology primitives).

3.35.1. Executing Verilog-2005 frontend: /usr/bin/../share/yosys/ice40/ff_map.v
Parsing Verilog input from `/usr/bin/../share/yosys/ice40/ff_map.v' to AST representation.
Generating RTLIL representation for module `\$_DFF_N_'.
Generating RTLIL representation for module `\$_DFF_P_'.
Generating RTLIL representation for module `\$_DFFE_NP_'.
Generating RTLIL representation for module `\$_DFFE_PP_'.
Generating RTLIL representation for module `\$_DFF_NP0_'.
Generating RTLIL representation for module `\$_DFF_NP1_'.
Generating RTLIL representation for module `\$_DFF_PP0_'.
Generating RTLIL representation for module `\$_DFF_PP1_'.
Generating RTLIL representation for module `\$_DFFE_NP0P_'.
Generating RTLIL representation for module `\$_DFFE_NP1P_'.
Generating RTLIL representation for module `\$_DFFE_PP0P_'.
Generating RTLIL representation for module `\$_DFFE_PP1P_'.
Generating RTLIL representation for module `\$_SDFF_NP0_'.
Generating RTLIL representation for module `\$_SDFF_NP1_'.
Generating RTLIL representation for module `\$_SDFF_PP0_'.
Generating RTLIL representation for module `\$_SDFF_PP1_'.
Generating RTLIL representation for module `\$_SDFFCE_NP0P_'.
Generating RTLIL representation for module `\$_SDFFCE_NP1P_'.
Generating RTLIL representation for module `\$_SDFFCE_PP0P_'.
Generating RTLIL representation for module `\$_SDFFCE_PP1P_'.
Successfully finished Verilog frontend.

3.35.2. Continuing TECHMAP pass.
Using template \$_DFF_PP0_ for cells of type $_DFF_PP0_.
Using template \$_SDFF_PP0_ for cells of type $_SDFF_PP0_.
Using template \$_DFF_P_ for cells of type $_DFF_P_.
No more expansions possible.
<suppressed ~288 debug messages>

3.36. Executing OPT_EXPR pass (perform const folding).
Optimizing module synth_harness.

3.37. Executing SIMPLEMAP pass (map simple cells to gate primitives).
Mapping synth_harness.$auto$alumacc.cc:485:replace_alu$1250.slice[0].carry ($lut).
Mapping synth_harness.$auto$alumacc.cc:485:replace_alu$1263.slice[0].carry ($lut).
Mapping synth_harness.$auto$alumacc.cc:485:replace_alu$1286.slice[0].carry ($lut).
Mapping synth_harness.$auto$alumacc.cc:485:replace_alu$1289.slice[6].carry ($lut).
Mapping synth_harness.$auto$maccmap.cc:240:synth$1706.slice[0].carry ($lut).

3.38. Executing ICE40_OPT pass (performing simple optimizations).

3.38.1. Running ICE40 specific optimizations.

3.38.2. Executing OPT_EXPR pass (perform const folding).
Optimizing module synth_harness.
<suppressed ~185 debug messages>

3.38.3. Executing OPT_MERGE pass (detect identical cells).
Finding identical cells in module `\synth_harness'.
<suppressed ~783 debug messages>
Removed a total of 261 cells.

3.38.4. Executing OPT_DFF pass (perform DFF optimizations).

3.38.5. Executing OPT_CLEAN pass (remove unused cells and wires).
Finding unused cells or wires in module \synth_harness..
Removed 0 unused cells and 1602 unused wires.
<suppressed ~1 debug messages>

3.38.6. Rerunning OPT passes. (Removed registers in this run.)

3.38.7. Running ICE40 specific optimizations.

3.38.8. Executing OPT_EXPR pass (perform const folding).
Optimizing module synth_harness.

3.38.9. Executing OPT_MERGE pass (detect identical cells).
Finding identical cells in module `\synth_harness'.
Removed a total of 0 cells.

3.38.10. Executing OPT_DFF pass (perform DFF optimizations).

3.38.11. Executing OPT_CLEAN pass (remove unused cells and wires).
Finding unused cells or wires in module \synth_harness..

3.38.12. Finished OPT passes. (There is nothing left to do.)

3.39. Executing TECHMAP pass (map to technology primitives).

3.39.1. Executing Verilog-2005 frontend: /usr/bin/../share/yosys/ice40/latches_map.v
Parsing Verilog input from `/usr/bin/../share/yosys/ice40/latches_map.v' to AST representation.
Generating RTLIL representation for module `\$_DLATCH_N_'.
Generating RTLIL representation for module `\$_DLATCH_P_'.
Successfully finished Verilog frontend.

3.39.2. Continuing TECHMAP pass.
No more expansions possible.
<suppressed ~4 debug messages>

3.40. Executing ABC pass (technology mapping using ABC).

3.40.1. Extracting gate netlist of module `\synth_harness' to `<abc-temp-dir>/input.blif'..
Extracted 1035 gates and 1166 wires to a netlist network with 130 inputs and 51 outputs.

3.40.1.1. Executing ABC.
Running ABC command: "<yosys-exe-dir>/yosys-abc" -s -f <abc-temp-dir>/abc.script 2>&1
ABC: ABC command line: "source <abc-temp-dir>/abc.script".
ABC: 
ABC: + read_blif <abc-temp-dir>/input.blif 
ABC: + read_lut <abc-temp-dir>/lutdefs.txt 
ABC: + strash 
ABC: + &get -n 
ABC: + &fraig -x 
ABC: + &put 
ABC: + scorr 
ABC: Warning: The network is combinational (run "fraig" or "fraig_sweep").
ABC: + dc2 
ABC: + dretime 
ABC: + strash 
ABC: + dch -f 
ABC: + if 
ABC: + mfs2 
ABC: + lutpack -S 1 
ABC: + dress <abc-temp-dir>/input.blif 
ABC: Total number of equiv classes                =     289.
ABC: Participating nodes from both networks       =     734.
ABC: Participating nodes from the first network   =     289. (  60.71 % of nodes)
ABC: Participating nodes from the second network  =     445. (  93.49 % of nodes)
ABC: Node pairs (any polarity)                    =     289. (  60.71 % of names can be moved)
ABC: Node pairs (same polarity)                   =     117. (  24.58 % of names can be moved)
ABC: Total runtime =     0.14 sec
ABC: + write_blif <abc-temp-dir>/output.blif 

3.40.1.2. Re-integrating ABC results.
ABC RESULTS:              $lut cells:      475
ABC RESULTS:        internal signals:      985
ABC RESULTS:           input signals:      130
ABC RESULTS:          output signals:       51
Removing temp directory.

3.41. Executing ICE40_WRAPCARRY pass (wrap carries).

3.42. Executing TECHMAP pass (map to technology primitives).

3.42.1. Executing Verilog-2005 frontend: /usr/bin/../share/yosys/ice40/ff_map.v
Parsing Verilog input from `/usr/bin/../share/yosys/ice40/ff_map.v' to AST representation.
Generating RTLIL representation for module `\$_DFF_N_'.
Generating RTLIL representation for module `\$_DFF_P_'.
Generating RTLIL representation for module `\$_DFFE_NP_'.
Generating RTLIL representation for module `\$_DFFE_PP_'.
Generating RTLIL representation for module `\$_DFF_NP0_'.
Generating RTLIL representation for module `\$_DFF_NP1_'.
Generating RTLIL representation for module `\$_DFF_PP0_'.
Generating RTLIL representation for module `\$_DFF_PP1_'.
Generating RTLIL representation for module `\$_DFFE_NP0P_'.
Generating RTLIL representation for module `\$_DFFE_NP1P_'.
Generating RTLIL representation for module `\$_DFFE_PP0P_'.
Generating RTLIL representation for module `\$_DFFE_PP1P_'.
Generating RTLIL representation for module `\$_SDFF_NP0_'.
Generating RTLIL representation for module `\$_SDFF_NP1_'.
Generating RTLIL representation for module `\$_SDFF_PP0_'.
Generating RTLIL representation for module `\$_SDFF_PP1_'.
Generating RTLIL representation for module `\$_SDFFCE_NP0P_'.
Generating RTLIL representation for module `\$_SDFFCE_NP1P_'.
Generating RTLIL representation for module `\$_SDFFCE_PP0P_'.
Generating RTLIL representation for module `\$_SDFFCE_PP1P_'.
Successfully finished Verilog frontend.

3.42.2. Continuing TECHMAP pass.
No more expansions possible.
<suppressed ~22 debug messages>
Removed 17 unused cells and 518 unused wires.

3.43. Executing OPT_LUT pass (optimize LUTs).
Discovering LUTs.
Number of LUTs:      523
  1-LUT               20
  2-LUT              145
  3-LUT              132
  4-LUT              226
  with \SB_CARRY    (#0)   45
  with \SB_CARRY    (#1)   51

Eliminating LUTs.
Number of LUTs:      523
  1-LUT               20
  2-LUT              145
  3-LUT              132
  4-LUT              226
  with \SB_CARRY    (#0)   45
  with \SB_CARRY    (#1)   51

Combining LUTs.
Number of LUTs:      513
  1-LUT               20
  2-LUT              134
  3-LUT              125
  4-LUT              234
  with \SB_CARRY    (#0)   45
  with \SB_CARRY    (#1)   51

Eliminated 0 LUTs.
Combined 10 LUTs.
<suppressed ~3367 debug messages>

3.44. Executing TECHMAP pass (map to technology primitives).

3.44.1. Executing Verilog-2005 frontend: /usr/bin/../share/yosys/ice40/cells_map.v
Parsing Verilog input from `/usr/bin/../share/yosys/ice40/cells_map.v' to AST representation.
Generating RTLIL representation for module `\$lut'.
Successfully finished Verilog frontend.

3.44.2. Continuing TECHMAP pass.
Using template $paramod\$lut\WIDTH=32'00000000000000000000000000000010\LUT=4'1001 for cells of type $lut.
Using template $paramod\$lut\WIDTH=32'00000000000000000000000000000010\LUT=4'0100 for cells of type $lut.
Using template $paramod$fd904e9e35cfd343a9df248824bd3f1408724879\$lut for cells of type $lut.
Using template $paramod\$lut\WIDTH=32'00000000000000000000000000000010\LUT=4'0001 for cells of type $lut.
Using template $paramod$658b9ed803f0d3d335616d3858b53e0a2522f1e8\$lut for cells of type $lut.
Using template $paramod$272652f6c6fbe9a75eff76e45cc7e2788835518b\$lut for cells of type $lut.
Using template $paramod$a670b08a47dd8a34f954c50cd06e9996d77e8467\$lut for cells of type $lut.
Using template $paramod$571404c0889eaf57f492cb5e37f8acb5df5852f9\$lut for cells of type $lut.
Using template $paramod$722bfd9af0ae56ca9d1d12a221cb5ede16461f26\$lut for cells of type $lut.
Using template $paramod$179512a187da069f3b79ef6612a41e494e7d54b6\$lut for cells of type $lut.
Using template $paramod\$lut\WIDTH=32'00000000000000000000000000000010\LUT=4'1000 for cells of type $lut.
Using template $paramod$6e3b22478ca21c5590744f2e30b92938c4d90996\$lut for cells of type $lut.
Using template $paramod\$lut\WIDTH=32'00000000000000000000000000000011\LUT=8'01000000 for cells of type $lut.
Using template $paramod$6e238df02989b317f10820a22773676e71120644\$lut for cells of type $lut.
Using template $paramod\$lut\WIDTH=32'00000000000000000000000000000011\LUT=8'00010000 for cells of type $lut.
Using template $paramod$bba54c1ef87367812b4c15f4aed5ac70773df775\$lut for cells of type $lut.
Using template $paramod\$lut\WIDTH=32'00000000000000000000000000000011\LUT=8'10110000 for cells of type $lut.
Using template $paramod\$lut\WIDTH=32'00000000000000000000000000000011\LUT=8'01110000 for cells of type $lut.
Using template $paramod\$lut\WIDTH=32'00000000000000000000000000000011\LUT=8'10000000 for cells of type $lut.
Using template $paramod$d4fae2c0d9ad2966369cd4e39b81c71bcd1327c9\$lut for cells of type $lut.
Using template $paramod$b297295e19b03521716155b85537bbe86d6a9ae6\$lut for cells of type $lut.
Using template $paramod$b4d0f4738a5ce50c7f36c2aa2ecc09cfb874f2b6\$lut for cells of type $lut.
Using template $paramod\$lut\WIDTH=32'00000000000000000000000000000011\LUT=8'00001011 for cells of type $lut.
Using template $paramod$cde3aa23c1efa60a470cf0f0281347d6ba585afa\$lut for cells of type $lut.
Using template $paramod$314fe9458b07176c4d2c8c59533027c4c55155b5\$lut for cells of type $lut.
Using template $paramod$6d6beead1425af15cf78b27fd9b11b41b5d4bce8\$lut for cells of type $lut.
Using template $paramod$6b0849254d6c87461fb93e37cc18f089f61eb912\$lut for cells of type $lut.
Using template $paramod$5c32c59025c0b98f20e63f249d83e7ebb4b085e3\$lut for cells of type $lut.
Using template $paramod$f3e1547c4b47e64c590e75cf09078b2507c8cc75\$lut for cells of type $lut.
Using template $paramod$4b2297966ddb718657b80566604f97685ffc0120\$lut for cells of type $lut.
Using template $paramod$a15fd389a2f54cb7b94707b25934d226e68d9e2e\$lut for cells of type $lut.
Using template $paramod$e5759512db67494ff77fbdfc66dff4006376568f\$lut for cells of type $lut.
Using template $paramod\$lut\WIDTH=32'00000000000000000000000000000001\LUT=2'01 for cells of type $lut.
Using template $paramod$41326ad8644342a66dfb051d050f2b6fbf15015b\$lut for cells of type $lut.
Using template $paramod$c24ed72ebb67e9ead6029e42e909ef7fc0abbb11\$lut for cells of type $lut.
Using template $paramod\$lut\WIDTH=32'00000000000000000000000000000011\LUT=8'00000001 for cells of type $lut.
Using template $paramod$920b342e429905ad61ab7cd3f67ebfaaf1217f0e\$lut for cells of type $lut.
Using template $paramod$162eacaa56f6f80a5a27551a5f2071c174364807\$lut for cells of type $lut.
Using template $paramod$2d8ecce5c907513cebcd38ab5efe0fc26fc03464\$lut for cells of type $lut.
Using template $paramod\$lut\WIDTH=32'00000000000000000000000000000011\LUT=8'01011100 for cells of type $lut.
Using template $paramod$332a399730bfc61adea04021a76b1c4e4030f37d\$lut for cells of type $lut.
Using template $paramod\$lut\WIDTH=32'00000000000000000000000000000011\LUT=8'10101100 for cells of type $lut.
Using template $paramod\$lut\WIDTH=32'00000000000000000000000000000011\LUT=8'11001010 for cells of type $lut.
Using template $paramod$c1a19a87ccbbb03d43a72335db63f692ddf82cc1\$lut for cells of type $lut.
Using template $paramod$e49f6e3576ef1a6d2f58c54414dbb786af8cc869\$lut for cells of type $lut.
Using template $paramod$973818279bc95792902f3c09371fd2407d04a2a5\$lut for cells of type $lut.
Using template $paramod$45d617c2ce0041e27b541f62b0fc3c3ce441a616\$lut for cells of type $lut.
Using template $paramod$2ea69c779d6c1b79ac5a87b0d1523c67d5628dba\$lut for cells of type $lut.
Using template $paramod\$lut\WIDTH=32'00000000000000000000000000000011\LUT=8'00111010 for cells of type $lut.
Using template $paramod$8b24407096beec47292ddeb1567a058197a320b9\$lut for cells of type $lut.
Using template $paramod$94ac66a11090dca84889e55fcf03297912a5b7ec\$lut for cells of type $lut.
Using template $paramod$933f4f3e373a784da64d137def3625bdd36d1695\$lut for cells of type $lut.
Using template $paramod$19ec49f31a8d230a567aa44ce3ea81a03c101e2b\$lut for cells of type $lut.
Using template $paramod\$lut\WIDTH=32'00000000000000000000000000000011\LUT=8'00110101 for cells of type $lut.
Using template $paramod$e053a22d78e6bd5ea33183ea69976f0db741be0e\$lut for cells of type $lut.
Using template $paramod$2bdfdda73873e8931790d872b72220895e67fee5\$lut for cells of type $lut.
Using template $paramod\$lut\WIDTH=32'00000000000000000000000000000011\LUT=8'00001101 for cells of type $lut.
Using template $paramod$50666a8f9d622ca1f027a4587dfd5f2a7d8810c9\$lut for cells of type $lut.
Using template $paramod$1bf62ab10e48d71d6497bccacf5c70420c470fe9\$lut for cells of type $lut.
Using template $paramod$0de052767abdccc3aefc818722bdc3c7850d25d6\$lut for cells of type $lut.
Using template $paramod$f54c0ffd7b041ca43eac7710ab19c0666d826c22\$lut for cells of type $lut.
Using template $paramod$5766b753e513aa2393ffc25ef94ebc79dc098484\$lut for cells of type $lut.
Using template $paramod\$lut\WIDTH=32'00000000000000000000000000000010\LUT=4'0110 for cells of type $lut.
Using template $paramod$354d71ea7353841e628ca020fcb0e2f39be9c713\$lut for cells of type $lut.
Using template $paramod$20798777255c214e32de3304ce8faa1fdfa2f474\$lut for cells of type $lut.
Using template $paramod$ae9b8abdb4f811ce37985dd5106af9cd21223954\$lut for cells of type $lut.
Using template $paramod$12879138d1e376f344e47ea40be66b776233be75\$lut for cells of type $lut.
Using template $paramod$53ce561f80f32d4298a3beadc88b6c5c78293221\$lut for cells of type $lut.
Using template $paramod$774861bf9b1885d60265e6ddea1c95a32f095489\$lut for cells of type $lut.
Using template $paramod$703a13a751e631ef123f38f7d2125aeabec0f94c\$lut for cells of type $lut.
Using template $paramod$e5e9da8fed769f971686eed8c5eea50e61f73aaa\$lut for cells of type $lut.
Using template $paramod$a50be0e6fa3a01511bb234559cb74fb8bd3e2061\$lut for cells of type $lut.
Using template $paramod$04b674496422df8889c01c3744b94097628ccfbc\$lut for cells of type $lut.
Using template $paramod$2324b0e350424694c2cb686bea5ec83546d3979c\$lut for cells of type $lut.
Using template $paramod$b93d1ea7a612a32c185108f67a153d44ffb9aac2\$lut for cells of type $lut.
Using template $paramod$adac5163f2ca606e303e4fcb6e4ac1a8cfe9825d\$lut for cells of type $lut.
Using template $paramod$fb5ee0bdef1c4e74aaf1fd8efae98b46a2f5e564\$lut for cells of type $lut.
Using template $paramod\$lut\WIDTH=32'00000000000000000000000000000011\LUT=8'11100000 for cells of type $lut.
Using template $paramod\$lut\WIDTH=32'00000000000000000000000000000011\LUT=8'00000111 for cells of type $lut.
Using template $paramod$048d4aa2263b685fba6c6b0d38f6224df0dc3042\$lut for cells of type $lut.
Using template $paramod$df0b68f8e63b2deb6710e23abd8b8ff0796d4897\$lut for cells of type $lut.
Using template $paramod\$lut\WIDTH=32'00000000000000000000000000000011\LUT=8'11110100 for cells of type $lut.
Using template $paramod$38f9bf4dd2329347b8471f0a98443dd323386889\$lut for cells of type $lut.
Using template $paramod\$lut\WIDTH=32'00000000000000000000000000000011\LUT=8'11010000 for cells of type $lut.
Using template $paramod$71d951b20e73043168c1656217d126e617052faa\$lut for cells of type $lut.
Using template $paramod$c5b694ec89d7629b942ccf6a9be1d39e24f8edec\$lut for cells of type $lut.
No more expansions possible.
<suppressed ~1634 debug messages>
Removed 0 unused cells and 1236 unused wires.

3.45. Executing AUTONAME pass.
Renamed 10748 objects in module synth_harness (96 iterations).
<suppressed ~1072 debug messages>

3.46. Executing HIERARCHY pass (managing design hierarchy).

3.46.1. Analyzing design hierarchy..
Top module:  \synth_harness

3.46.2. Analyzing design hierarchy..
Top module:  \synth_harness
Removed 0 unused modules.

3.47. Printing statistics.

=== synth_harness ===

   Number of wires:                263
   Number of wire bits:           1539
   Number of public wires:         263
   Number of public wire bits:    1539
   Number of memories:               0
   Number of memory bits:            0
   Number of processes:              0
   Number of cells:                834
     SB_CARRY                       55
     SB_DFF                          3
     SB_DFFR                       256
     SB_DFFSR                        7
     SB_LUT4                       513

3.48. Executing CHECK pass (checking for obvious problems).
Checking module synth_harness...
Found and reported 0 problems.

3.49. Executing JSON backend.

Warnings: 1 unique messages, 2 total
End of script. Logfile hash: 10e681dbe2, CPU: user 2.70s system 0.02s, MEM: 30.75 MB peak
Yosys 0.33 (git sha1 2584903a060)
Time spent: 19% 1x abc (0 sec), 19% 29x opt_expr (0 sec), ...
