
 /----------------------------------------------------------------------------\
 |                                                                            |
 |  yosys -- Yosys Open SYnthesis Suite                                       |
 |                                                                            |
 |  Copyright (C) 2012 - 2020  Claire Xenia Wolf <claire@yosyshq.com>         |
 |                                                                            |
 |  Permission to use, copy, modify, and/or distribute this software for any  |
 |  purpose with or without fee is hereby granted, provided that the above    |
 |  copyright notice and this permission notice appear in all copies.         |
 |                                                                            |
 |  THE SOFTWARE IS PROVIDED "AS IS" AND THE AUTHOR DISCLAIMS ALL WARRANTIES  |
 |  WITH REGARD TO THIS SOFTWARE INCLUDING ALL IMPLIED WARRANTIES OF          |
 |  MERCHANTABILITY AND FITNESS. IN NO EVENT SHALL THE AUTHOR BE LIABLE FOR   |
 |  ANY SPECIAL, DIRECT, INDIRECT, OR CONSEQUENTIAL DAMAGES OR ANY DAMAGES    |
 |  WHATSOEVER RESULTING FROM LOSS OF USE, DATA OR PROFITS, WHETHER IN AN     |
 |  ACTION OF CONTRACT, NEGLIGENCE OR OTHER TORTIOUS ACTION, ARISING OUT OF   |
 |  OR IN CONNECTION WITH THE USE OR PERFORMANCE OF THIS SOFTWARE.            |
 |                                                                            |
 \----------------------------------------------------------------------------/

 Yosys 0.33 (git sha1 2584903a060)


-- Running command `read_verilog -sv -DSYNTH_FPU_ADDER synth_harness.sv ../../rtl/fpu_adder.sv; synth_ice40 -top synth_harness -json build/fpu_adder.json' --

1. Executing Verilog-2005 frontend: synth_harness.sv
Parsing SystemVerilog input from `synth_harness.sv' to AST representation.
Generating RTLIL representation for module `\synth_harness'.
Warning: Replacing memory \stim_reg with list of registers. See synth_harness.sv:32
Successfully finished Verilog frontend.

2. Executing Verilog-2005 frontend: ../../rtl/fpu_adder.sv
Parsing SystemVerilog input from `../../rtl/fpu_adder.sv' to AST representation.
Generating RTLIL representation for module `\fpu_adder'.
Successfully finished Verilog frontend.

3. Executing SYNTH_ICE40 pass.

3.1. Executing Verilog-2005 frontend: /usr/bin/../share/yosys/ice40/cells_sim.v
Parsing Verilog input from `/usr/bin/../share/yosys/ice40/cells_sim.v' to AST representation.
Generating RTLIL representation for module `\SB_IO'.
Generating RTLIL representation for module `\SB_GB_IO'.
Generating RTLIL representation for module `\SB_GB'.
Generating RTLIL representation for module `\SB_LUT4'.
Generating RTLIL representation for module `\SB_CARRY'.
Generating RTLIL representation for module `\SB_DFF'.
Generating RTLIL representation for module `\SB_DFFE'.
Generating RTLIL representation for module `\SB_DFFSR'.
Generating RTLIL representation for module `\SB_DFFR'.
Generating RTLIL representation for module `\SB_DFFSS'.
Generating RTLIL representation for module `\SB_DFFS'.
Generating RTLIL representation for module `\SB_DFFESR'.
Generating RTLIL representation for module `\SB_DFFER'.
Generating RTLIL representation for module `\SB_DFFESS'.
Generating RTLIL representation for module `\SB_DFFES'.
Generating RTLIL representation for module `\SB_DFFN'.
Generating RTLIL representation for module `\SB_DFFNE'.
Generating RTLIL representation for module `\SB_DFFNSR'.
Generating RTLIL representation for module `\SB_DFFNR'.
Generating RTLIL representation for module `\SB_DFFNSS'.
Generating RTLIL representation for module `\SB_DFFNS'.
Generating RTLIL representation for module `\SB_DFFNESR'.
Generating RTLIL representation for module `\SB_DFFNER'.
Generating RTLIL representation for module `\SB_DFFNESS'.
Generating RTLIL representation for module `\SB_DFFNES'.
Generating RTLIL representation for module `\SB_RAM40_4K'.
Generating RTLIL representation for module `\SB_RAM40_4KNR'.
Generating RTLIL representation for module `\SB_RAM40_4KNW'.
Generating RTLIL representation for module `\SB_RAM40_4KNRNW'.
Generating RTLIL representation for module `\ICESTORM_LC'.
Generating RTLIL representation for module `\SB_PLL40_CORE'.
Generating RTLIL representation for module `\SB_PLL40_PAD'.
Generating RTLIL representation for module `\SB_PLL40_2_PAD'.
Generating RTLIL representation for module `\SB_PLL40_2F_CORE'.
Generating RTLIL representation for module `\SB_PLL40_2F_PAD'.
Generating RTLIL representation for module `\SB_WARMBOOT'.
Generating RTLIL representation for module `\SB_SPRAM256KA'.
Generating RTLIL representation for module `\SB_HFOSC'.
Generating RTLIL representation for module `\SB_LFOSC'.
Generating RTLIL representation for module `\SB_RGBA_DRV'.
Generating RTLIL representation for module `\SB_LED_DRV_CUR'.
Generating RTLIL representation for module `\SB_RGB_DRV'.
Generating RTLIL representation for module `\SB_I2C'.
Generating RTLIL representation for module `\SB_SPI'.
Generating RTLIL representation for module `\SB_LEDDA_IP'.
Generating RTLIL representation for module `\SB_FILTER_50NS'.
Generating RTLIL representation for module `\SB_IO_I3C'.
Generating RTLIL representation for module `\SB_IO_OD'.
Generating RTLIL representation for module `\SB_MAC16'.
Generating RTLIL representation for module `\ICESTORM_RAM'.
Successfully finished Verilog frontend.

3.2. Executing HIERARCHY pass (managing design hierarchy).

3.2.1. Analyzing design hierarchy..
Top module:  \synth_harness
Used module:     \fpu_adder
Reprocessing module synth_harness because instantiated module fpu_adder has become available.
Generating RTLIL representation for module `\synth_harness'.
Warning: Replacing memory \stim_reg with list of registers. See synth_harness.sv:32

3.2.2. Analyzing design hierarchy..
Top module:  \synth_harness
Used module:     \fpu_adder

3.2.3. Analyzing design hierarchy..
Top module:  \synth_harness
Used module:     \fpu_adder
Removed 0 unused modules.

3.3. Executing PROC pass (convert processes to netlists).

3.3.1. Executing PROC_CLEAN pass (remove empty switches from decision trees).
Cleaned up 0 empty switches.

3.3.2. Executing PROC_RMDEAD pass (remove dead branches from decision trees).
Marked 1 switch rules as full_case in process $proc$synth_harness.sv:29$533 in module synth_harness.
Marked 1 switch rules as full_case in process $proc$/usr/bin/../share/yosys/ice40/cells_sim.v:1414$389 in module SB_DFFNES.
Marked 1 switch rules as full_case in process $proc$/usr/bin/../share/yosys/ice40/cells_sim.v:1353$382 in module SB_DFFNESS.
Marked 1 switch rules as full_case in process $proc$/usr/bin/../share/yosys/ice40/cells_sim.v:1273$378 in module SB_DFFNER.
Marked 1 switch rules as full_case in process $proc$/usr/bin/../share/yosys/ice40/cells_sim.v:1212$371 in module SB_DFFNESR.
Marked 1 switch rules as full_case in process $proc$/usr/bin/../share/yosys/ice40/cells_sim.v:1138$368 in module SB_DFFNS.
Marked 1 switch rules as full_case in process $proc$/usr/bin/../share/yosys/ice40/cells_sim.v:1088$365 in module SB_DFFNSS.
Marked 1 switch rules as full_case in process $proc$/usr/bin/../share/yosys/ice40/cells_sim.v:1017$362 in module SB_DFFNR.
Marked 1 switch rules as full_case in process $proc$/usr/bin/../share/yosys/ice40/cells_sim.v:967$359 in module SB_DFFNSR.
Marked 1 switch rules as full_case in process $proc$/usr/bin/../share/yosys/ice40/cells_sim.v:803$351 in module SB_DFFES.
Marked 1 switch rules as full_case in process $proc$/usr/bin/../share/yosys/ice40/cells_sim.v:742$344 in module SB_DFFESS.
Marked 1 switch rules as full_case in process $proc$/usr/bin/../share/yosys/ice40/cells_sim.v:662$340 in module SB_DFFER.
Marked 1 switch rules as full_case in process $proc$/usr/bin/../share/yosys/ice40/cells_sim.v:601$333 in module SB_DFFESR.
Marked 1 switch rules as full_case in process $proc$/usr/bin/../share/yosys/ice40/cells_sim.v:527$330 in module SB_DFFS.
Marked 1 switch rules as full_case in process $proc$/usr/bin/../share/yosys/ice40/cells_sim.v:477$327 in module SB_DFFSS.
Marked 1 switch rules as full_case in process $proc$/usr/bin/../share/yosys/ice40/cells_sim.v:406$324 in module SB_DFFR.
Marked 1 switch rules as full_case in process $proc$/usr/bin/../share/yosys/ice40/cells_sim.v:356$321 in module SB_DFFSR.
Marked 42 switch rules as full_case in process $proc$../../rtl/fpu_adder.sv:0$22 in module fpu_adder.
Removed a total of 0 dead cases.

3.3.3. Executing PROC_PRUNE pass (remove redundant assignments in processes).
Removed 17 redundant assignments.
Promoted 49 assignments to connections.

3.3.4. Executing PROC_INIT pass (extract init attributes).
Found init rule in `\SB_DFFNES.$proc$/usr/bin/../share/yosys/ice40/cells_sim.v:0$392'.
  Set init value: \Q = 1'0
Found init rule in `\SB_DFFNESS.$proc$/usr/bin/../share/yosys/ice40/cells_sim.v:0$388'.
  Set init value: \Q = 1'0
Found init rule in `\SB_DFFNER.$proc$/usr/bin/../share/yosys/ice40/cells_sim.v:0$381'.
  Set init value: \Q = 1'0
Found init rule in `\SB_DFFNESR.$proc$/usr/bin/../share/yosys/ice40/cells_sim.v:0$377'.
  Set init value: \Q = 1'0
Found init rule in `\SB_DFFNS.$proc$/usr/bin/../share/yosys/ice40/cells_sim.v:0$370'.
  Set init value: \Q = 1'0
Found init rule in `\SB_DFFNSS.$proc$/usr/bin/../share/yosys/ice40/cells_sim.v:0$367'.
  Set init value: \Q = 1'0
Found init rule in `\SB_DFFNR.$proc$/usr/bin/../share/yosys/ice40/cells_sim.v:0$364'.
  Set init value: \Q = 1'0
Found init rule in `\SB_DFFNSR.$proc$/usr/bin/../share/yosys/ice40/cells_sim.v:0$361'.
  Set init value: \Q = 1'0
Found init rule in `\SB_DFFNE.$proc$/usr/bin/../share/yosys/ice40/cells_sim.v:0$358'.
  Set init value: \Q = 1'0
Found init rule in `\SB_DFFN.$proc$/usr/bin/../share/yosys/ice40/cells_sim.v:0$356'.
  Set init value: \Q = 1'0
Found init rule in `\SB_DFFES.$proc$/usr/bin/../share/yosys/ice40/cells_sim.v:0$354'.
  Set init value: \Q = 1'0
Found init rule in `\SB_DFFESS.$proc$/usr/bin/../share/yosys/ice40/cells_sim.v:0$350'.
  Set init value: \Q = 1'0
Found init rule in `\SB_DFFER.$proc$/usr/bin/../share/yosys/ice40/cells_sim.v:0$343'.
  Set init value: \Q = 1'0
Found init rule in `\SB_DFFESR.$proc$/usr/bin/../share/yosys/ice40/cells_sim.v:0$339'.
  Set init value: \Q = 1'0
Found init rule in `\SB_DFFS.$proc$/usr/bin/../share/yosys/ice40/cells_sim.v:0$332'.
  Set init value: \Q = 1'0
Found init rule in `\SB_DFFSS.$proc$/usr/bin/../share/yosys/ice40/cells_sim.v:0$329'.
  Set init value: \Q = 1'0
Found init rule in `\SB_DFFR.$proc$/usr/bin/../share/yosys/ice40/cells_sim.v:0$326'.
  Set init value: \Q = 1'0
Found init rule in `\SB_DFFSR.$proc$/usr/bin/../share/yosys/ice40/cells_sim.v:0$323'.
  Set init value: \Q = 1'0
Found init rule in `\SB_DFFE.$proc$/usr/bin/../share/yosys/ice40/cells_sim.v:0$320'.
  Set init value: \Q = 1'0
Found init rule in `\SB_DFF.$proc$/usr/bin/../share/yosys/ice40/cells_sim.v:0$318'.
  Set init value: \Q = 1'0

3.3.5. Executing PROC_ARST pass (detect async resets in processes).
Found async reset \rst_n in `\synth_harness.$proc$synth_harness.sv:29$533'.
Found async reset \S in `\SB_DFFNES.$proc$/usr/bin/../share/yosys/ice40/cells_sim.v:1414$389'.
Found async reset \R in `\SB_DFFNER.$proc$/usr/bin/../share/yosys/ice40/cells_sim.v:1273$378'.
Found async reset \S in `\SB_DFFNS.$proc$/usr/bin/../share/yosys/ice40/cells_sim.v:1138$368'.
Found async reset \R in `\SB_DFFNR.$proc$/usr/bin/../share/yosys/ice40/cells_sim.v:1017$362'.
Found async reset \S in `\SB_DFFES.$proc$/usr/bin/../share/yosys/ice40/cells_sim.v:803$351'.
Found async reset \R in `\SB_DFFER.$proc$/usr/bin/../share/yosys/ice40/cells_sim.v:662$340'.
Found async reset \S in `\SB_DFFS.$proc$/usr/bin/../share/yosys/ice40/cells_sim.v:527$330'.
Found async reset \R in `\SB_DFFR.$proc$/usr/bin/../share/yosys/ice40/cells_sim.v:406$324'.

3.3.6. Executing PROC_ROM pass (convert switches to ROMs).
Converted 0 switches.
<suppressed ~60 debug messages>

3.3.7. Executing PROC_MUX pass (convert decision trees to multiplexers).
Creating decoders for process `\synth_harness.$proc$synth_harness.sv:310$541'.
Creating decoders for process `\synth_harness.$proc$synth_harness.sv:29$533'.
     1/11: $0\stim_sel[4:0]
     2/11: $1$fordecl_block$3.i[31:0]$538
     3/11: $0\stim_reg[7][31:0]
     4/11: $0\stim_reg[6][31:0]
     5/11: $0\stim_reg[5][31:0]
     6/11: $0\stim_reg[4][31:0]
     7/11: $0\stim_reg[3][31:0]
     8/11: $0\stim_reg[2][31:0]
     9/11: $0\stim_reg[1][31:0]
    10/11: $0\stim_reg[0][31:0]
    11/11: $1$fordecl_block$1.i[31:0]$537
Creating decoders for process `\synth_harness.$proc$synth_harness.sv:18$532'.
Creating decoders for process `\SB_DFFNES.$proc$/usr/bin/../share/yosys/ice40/cells_sim.v:0$392'.
Creating decoders for process `\SB_DFFNES.$proc$/usr/bin/../share/yosys/ice40/cells_sim.v:1414$389'.
     1/1: $0\Q[0:0]
Creating decoders for process `\SB_DFFNESS.$proc$/usr/bin/../share/yosys/ice40/cells_sim.v:0$388'.
Creating decoders for process `\SB_DFFNESS.$proc$/usr/bin/../share/yosys/ice40/cells_sim.v:1353$382'.
     1/1: $0\Q[0:0]
Creating decoders for process `\SB_DFFNER.$proc$/usr/bin/../share/yosys/ice40/cells_sim.v:0$381'.
Creating decoders for process `\SB_DFFNER.$proc$/usr/bin/../share/yosys/ice40/cells_sim.v:1273$378'.
     1/1: $0\Q[0:0]
Creating decoders for process `\SB_DFFNESR.$proc$/usr/bin/../share/yosys/ice40/cells_sim.v:0$377'.
Creating decoders for process `\SB_DFFNESR.$proc$/usr/bin/../share/yosys/ice40/cells_sim.v:1212$371'.
     1/1: $0\Q[0:0]
Creating decoders for process `\SB_DFFNS.$proc$/usr/bin/../share/yosys/ice40/cells_sim.v:0$370'.
Creating decoders for process `\SB_DFFNS.$proc$/usr/bin/../share/yosys/ice40/cells_sim.v:1138$368'.
     1/1: $0\Q[0:0]
Creating decoders for process `\SB_DFFNSS.$proc$/usr/bin/../share/yosys/ice40/cells_sim.v:0$367'.
Creating decoders for process `\SB_DFFNSS.$proc$/usr/bin/../share/yosys/ice40/cells_sim.v:1088$365'.
     1/1: $0\Q[0:0]
Creating decoders for process `\SB_DFFNR.$proc$/usr/bin/../share/yosys/ice40/cells_sim.v:0$364'.
Creating decoders for process `\SB_DFFNR.$proc$/usr/bin/../share/yosys/ice40/cells_sim.v:1017$362'.
     1/1: $0\Q[0:0]
Creating decoders for process `\SB_DFFNSR.$proc$/usr/bin/../share/yosys/ice40/cells_sim.v:0$361'.
Creating decoders for process `\SB_DFFNSR.$proc$/usr/bin/../share/yosys/ice40/cells_sim.v:967$359'.
     1/1: $0\Q[0:0]
Creating decoders for process `\SB_DFFNE.$proc$/usr/bin/../share/yosys/ice40/cells_sim.v:0$358'.
Creating decoders for process `\SB_DFFNE.$proc$/usr/bin/../share/yosys/ice40/cells_sim.v:922$357'.
     1/1: $0\Q[0:0]
Creating decoders for process `\SB_DFFN.$proc$/usr/bin/../share/yosys/ice40/cells_sim.v:0$356'.
Creating decoders for process `\SB_DFFN.$proc$/usr/bin/../share/yosys/ice40/cells_sim.v:882$355'.
Creating decoders for process `\SB_DFFES.$proc$/usr/bin/../share/yosys/ice40/cells_sim.v:0$354'.
Creating decoders for process `\SB_DFFES.$proc$/usr/bin/../share/yosys/ice40/cells_sim.v:803$351'.
     1/1: $0\Q[0:0]
Creating decoders for process `\SB_DFFESS.$proc$/usr/bin/../share/yosys/ice40/cells_sim.v:0$350'.
Creating decoders for process `\SB_DFFESS.$proc$/usr/bin/../share/yosys/ice40/cells_sim.v:742$344'.
     1/1: $0\Q[0:0]
Creating decoders for process `\SB_DFFER.$proc$/usr/bin/../share/yosys/ice40/cells_sim.v:0$343'.
Creating decoders for process `\SB_DFFER.$proc$/usr/bin/../share/yosys/ice40/cells_sim.v:662$340'.
     1/1: $0\Q[0:0]
Creating decoders for process `\SB_DFFESR.$proc$/usr/bin/../share/yosys/ice40/cells_sim.v:0$339'.
Creating decoders for process `\SB_DFFESR.$proc$/usr/bin/../share/yosys/ice40/cells_sim.v:601$333'.
     1/1: $0\Q[0:0]
Creating decoders for process `\SB_DFFS.$proc$/usr/bin/../share/yosys/ice40/cells_sim.v:0$332'.
Creating decoders for process `\SB_DFFS.$proc$/usr/bin/../share/yosys/ice40/cells_sim.v:527$330'.
     1/1: $0\Q[0:0]
Creating decoders for process `\SB_DFFSS.$proc$/usr/bin/../share/yosys/ice40/cells_sim.v:0$329'.
Creating decoders for process `\SB_DFFSS.$proc$/usr/bin/../share/yosys/ice40/cells_sim.v:477$327'.
     1/1: $0\Q[0:0]
Creating decoders for process `\SB_DFFR.$proc$/usr/bin/../share/yosys/ice40/cells_sim.v:0$326'.
Creating decoders for process `\SB_DFFR.$proc$/usr/bin/../share/yosys/ice40/cells_sim.v:406$324'.
     1/1: $0\Q[0:0]
Creating decoders for process `\SB_DFFSR.$proc$/usr/bin/../share/yosys/ice40/cells_sim.v:0$323'.
Creating decoders for process `\SB_DFFSR.$proc$/usr/bin/../share/yosys/ice40/cells_sim.v:356$321'.
     1/1: $0\Q[0:0]
Creating decoders for process `\SB_DFFE.$proc$/usr/bin/../share/yosys/ice40/cells_sim.v:0$320'.
Creating decoders for process `\SB_DFFE.$proc$/usr/bin/../share/yosys/ice40/cells_sim.v:311$319'.
     1/1: $0\Q[0:0]
Creating decoders for process `\SB_DFF.$proc$/usr/bin/../share/yosys/ice40/cells_sim.v:0$318'.
Creating decoders for process `\SB_DFF.$proc$/usr/bin/../share/yosys/ice40/cells_sim.v:271$317'.
Creating decoders for process `\fpu_adder.$proc$../../rtl/fpu_adder.sv:0$22'.
     1/153: $8\result[31:0]
     2/153: $12\result_exp[7:0]
     3/153: $12\result_mant[24:0]
     4/153: $34\norm_shift[7:0]
     5/153: $33\norm_shift[7:0]
     6/153: $32\norm_shift[7:0]
     7/153: $31\norm_shift[7:0]
     8/153: $30\norm_shift[7:0]
     9/153: $29\norm_shift[7:0]
    10/153: $28\norm_shift[7:0]
    11/153: $27\norm_shift[7:0]
    12/153: $26\norm_shift[7:0]
    13/153: $25\norm_shift[7:0]
    14/153: $24\norm_shift[7:0]
    15/153: $23\norm_shift[7:0]
    16/153: $22\norm_shift[7:0]
    17/153: $21\norm_shift[7:0]
    18/153: $20\norm_shift[7:0]
    19/153: $19\norm_shift[7:0]
    20/153: $11$fordecl_block$18.i[31:0]$111
    21/153: $18\norm_shift[7:0]
    22/153: $11$fordecl_block$20.i[31:0]$112
    23/153: $17\norm_shift[7:0]
    24/153: $16\norm_shift[7:0]
    25/153: $15\norm_shift[7:0]
    26/153: $14\norm_shift[7:0]
    27/153: $13\norm_shift[7:0]
    28/153: $12\norm_shift[7:0]
    29/153: $11\norm_shift[7:0]
    30/153: $10$fordecl_block$16.i[31:0]$93
    31/153: $10\norm_shift[7:0]
    32/153: $10$fordecl_block$20.i[31:0]$95
    33/153: $10$fordecl_block$18.i[31:0]$94
    34/153: $11\result_mant[24:0]
    35/153: $11\result_exp[7:0]
    36/153: $9$fordecl_block$20.i[31:0]$91
    37/153: $9$fordecl_block$18.i[31:0]$90
    38/153: $9$fordecl_block$16.i[31:0]$89
    39/153: $9\norm_shift[7:0]
    40/153: $8$fordecl_block$20.i[31:0]$87
    41/153: $8$fordecl_block$18.i[31:0]$86
    42/153: $8$fordecl_block$16.i[31:0]$85
    43/153: $8\norm_shift[7:0]
    44/153: $10\result_mant[24:0]
    45/153: $10\result_exp[7:0]
    46/153: $8\result_sign[0:0]
    47/153: $9\result_mant[24:0]
    48/153: $9\result_exp[7:0]
    49/153: $8\result_mant[24:0]
    50/153: $7\result_mant[24:0]
    51/153: $8\result_exp[7:0]
    52/153: $7\result_sign[0:0]
    53/153: $7$fordecl_block$20.i[31:0]$77
    54/153: $7$fordecl_block$18.i[31:0]$76
    55/153: $7$fordecl_block$16.i[31:0]$75
    56/153: $7\norm_shift[7:0]
    57/153: $8\a_mant[23:0]
    58/153: $8\b_mant[23:0]
    59/153: $7\result_exp[7:0]
    60/153: $7\b_mant[23:0]
    61/153: $7\exp_diff[7:0]
    62/153: $7\a_mant[23:0]
    63/153: $7\result[31:0]
    64/153: $6$fordecl_block$20.i[31:0]$65
    65/153: $6$fordecl_block$18.i[31:0]$64
    66/153: $6$fordecl_block$16.i[31:0]$63
    67/153: $6\norm_shift[7:0]
    68/153: $6\exp_diff[7:0]
    69/153: $6\result_mant[24:0]
    70/153: $6\b_mant[23:0]
    71/153: $6\a_mant[23:0]
    72/153: $6\result_exp[7:0]
    73/153: $6\b_exp[7:0]
    74/153: $6\a_exp[7:0]
    75/153: $6\result_sign[0:0]
    76/153: $6\b_sign[0:0]
    77/153: $6\a_sign[0:0]
    78/153: $6\result[31:0]
    79/153: $5$fordecl_block$20.i[31:0]$60
    80/153: $5$fordecl_block$18.i[31:0]$59
    81/153: $5$fordecl_block$16.i[31:0]$58
    82/153: $5\norm_shift[7:0]
    83/153: $5\exp_diff[7:0]
    84/153: $5\result_mant[24:0]
    85/153: $5\b_mant[23:0]
    86/153: $5\a_mant[23:0]
    87/153: $5\result_exp[7:0]
    88/153: $5\b_exp[7:0]
    89/153: $5\a_exp[7:0]
    90/153: $5\result_sign[0:0]
    91/153: $5\b_sign[0:0]
    92/153: $5\a_sign[0:0]
    93/153: $5\result[31:0]
    94/153: $4$fordecl_block$20.i[31:0]$55
    95/153: $4$fordecl_block$18.i[31:0]$54
    96/153: $4$fordecl_block$16.i[31:0]$53
    97/153: $4\norm_shift[7:0]
    98/153: $4\exp_diff[7:0]
    99/153: $4\result_mant[24:0]
   100/153: $4\b_mant[23:0]
   101/153: $4\a_mant[23:0]
   102/153: $4\result_exp[7:0]
   103/153: $4\b_exp[7:0]
   104/153: $4\a_exp[7:0]
   105/153: $4\result_sign[0:0]
   106/153: $4\b_sign[0:0]
   107/153: $4\a_sign[0:0]
   108/153: $4\result[31:0]
   109/153: $3$fordecl_block$20.i[31:0]$52
   110/153: $3$fordecl_block$18.i[31:0]$51
   111/153: $3$fordecl_block$16.i[31:0]$50
   112/153: $3\norm_shift[7:0]
   113/153: $3\exp_diff[7:0]
   114/153: $3\result_mant[24:0]
   115/153: $3\b_mant[23:0]
   116/153: $3\a_mant[23:0]
   117/153: $3\result_exp[7:0]
   118/153: $3\b_exp[7:0]
   119/153: $3\a_exp[7:0]
   120/153: $3\result_sign[0:0]
   121/153: $3\b_sign[0:0]
   122/153: $3\a_sign[0:0]
   123/153: $3\result[31:0]
   124/153: $2\result[31:0]
   125/153: $2$fordecl_block$20.i[31:0]$47
   126/153: $2$fordecl_block$18.i[31:0]$46
   127/153: $2$fordecl_block$16.i[31:0]$45
   128/153: $2\norm_shift[7:0]
   129/153: $2\exp_diff[7:0]
   130/153: $2\result_mant[24:0]
   131/153: $2\b_mant[23:0]
   132/153: $2\a_mant[23:0]
   133/153: $2\result_exp[7:0]
   134/153: $2\b_exp[7:0]
   135/153: $2\a_exp[7:0]
   136/153: $2\result_sign[0:0]
   137/153: $2\b_sign[0:0]
   138/153: $2\a_sign[0:0]
   139/153: $1\result[31:0]
   140/153: $1$fordecl_block$20.i[31:0]$43
   141/153: $1$fordecl_block$18.i[31:0]$42
   142/153: $1$fordecl_block$16.i[31:0]$41
   143/153: $1\norm_shift[7:0]
   144/153: $1\exp_diff[7:0]
   145/153: $1\result_mant[24:0]
   146/153: $1\b_mant[23:0]
   147/153: $1\a_mant[23:0]
   148/153: $1\result_exp[7:0]
   149/153: $1\b_exp[7:0]
   150/153: $1\a_exp[7:0]
   151/153: $1\result_sign[0:0]
   152/153: $1\b_sign[0:0]
   153/153: $1\a_sign[0:0]

3.3.8. Executing PROC_DLATCH pass (convert process syncs to latches).
No latch inferred for signal `\fpu_adder.\result' from process `\fpu_adder.$proc$../../rtl/fpu_adder.sv:0$22'.
No latch inferred for signal `\fpu_adder.\flags' from process `\fpu_adder.$proc$../../rtl/fpu_adder.sv:0$22'.
No latch inferred for signal `\fpu_adder.\a_is_inf' from process `\fpu_adder.$proc$../../rtl/fpu_adder.sv:0$22'.
No latch inferred for signal `\fpu_adder.\b_is_nan' from process `\fpu_adder.$proc$../../rtl/fpu_adder.sv:0$22'.
No latch inferred for signal `\fpu_adder.\a_is_nan' from process `\fpu_adder.$proc$../../rtl/fpu_adder.sv:0$22'.
No latch inferred for signal `\fpu_adder.\b_is_inf' from process `\fpu_adder.$proc$../../rtl/fpu_adder.sv:0$22'.
No latch inferred for signal `\fpu_adder.\a_is_zero' from process `\fpu_adder.$proc$../../rtl/fpu_adder.sv:0$22'.
No latch inferred for signal `\fpu_adder.\b_is_zero' from process `\fpu_adder.$proc$../../rtl/fpu_adder.sv:0$22'.
No latch inferred for signal `\fpu_adder.\a_sign' from process `\fpu_adder.$proc$../../rtl/fpu_adder.sv:0$22'.
No latch inferred for signal `\fpu_adder.\b_sign' from process `\fpu_adder.$proc$../../rtl/fpu_adder.sv:0$22'.
No latch inferred for signal `\fpu_adder.\result_sign' from process `\fpu_adder.$proc$../../rtl/fpu_adder.sv:0$22'.
No latch inferred for signal `\fpu_adder.\a_exp' from process `\fpu_adder.$proc$../../rtl/fpu_adder.sv:0$22'.
No latch inferred for signal `\fpu_adder.\b_exp' from process `\fpu_adder.$proc$../../rtl/fpu_adder.sv:0$22'.
No latch inferred for signal `\fpu_adder.\result_exp' from process `\fpu_adder.$proc$../../rtl/fpu_adder.sv:0$22'.
No latch inferred for signal `\fpu_adder.\a_mant' from process `\fpu_adder.$proc$../../rtl/fpu_adder.sv:0$22'.
No latch inferred for signal `\fpu_adder.\b_mant' from process `\fpu_adder.$proc$../../rtl/fpu_adder.sv:0$22'.
No latch inferred for signal `\fpu_adder.\result_mant' from process `\fpu_adder.$proc$../../rtl/fpu_adder.sv:0$22'.
No latch inferred for signal `\fpu_adder.\exp_diff' from process `\fpu_adder.$proc$../../rtl/fpu_adder.sv:0$22'.
No latch inferred for signal `\fpu_adder.\norm_shift' from process `\fpu_adder.$proc$../../rtl/fpu_adder.sv:0$22'.
No latch inferred for signal `\fpu_adder.$fordecl_block$16.i' from process `\fpu_adder.$proc$../../rtl/fpu_adder.sv:0$22'.
No latch inferred for signal `\fpu_adder.$fordecl_block$18.i' from process `\fpu_adder.$proc$../../rtl/fpu_adder.sv:0$22'.
No latch inferred for signal `\fpu_adder.$fordecl_block$20.i' from process `\fpu_adder.$proc$../../rtl/fpu_adder.sv:0$22'.

3.3.9. Executing PROC_DFF pass (convert process syncs to FFs).
Creating register for signal `\synth_harness.\result_reg' using process `\synth_harness.$proc$synth_harness.sv:310$541'.
  created $dff cell `$procdff$3329' with positive edge clock.
Creating register for signal `\synth_harness.\stim_sel' using process `\synth_harness.$proc$synth_harness.sv:29$533'.
  created $adff cell `$procdff$3330' with positive edge clock and negative level reset.
Creating register for signal `\synth_harness.$fordecl_block$1.i' using process `\synth_harness.$proc$synth_harness.sv:29$533'.
  created $adff cell `$procdff$3331' with positive edge clock and negative level reset.
Creating register for signal `\synth_harness.$fordecl_block$3.i' using process `\synth_harness.$proc$synth_harness.sv:29$533'.
  created $dff cell `$procdff$3334' with positive edge clock.
Creating register for signal `\synth_harness.\stim_reg[0]' using process `\synth_harness.$proc$synth_harness.sv:29$533'.
  created $adff cell `$procdff$3335' with positive edge clock and negative level reset.
Creating register for signal `\synth_harness.\stim_reg[1]' using process `\synth_harness.$proc$synth_harness.sv:29$533'.
  created $adff cell `$procdff$3336' with positive edge clock and negative level reset.
Creating register for signal `\synth_harness.\stim_reg[2]' using process `\synth_harness.$proc$synth_harness.sv:29$533'.
  created $adff cell `$procdff$3337' with positive edge clock and negative level reset.
Creating register for signal `\synth_harness.\stim_reg[3]' using process `\synth_harness.$proc$synth_harness.sv:29$533'.
  created $adff cell `$procdff$3338' with positive edge clock and negative level reset.
Creating register for signal `\synth_harness.\stim_reg[4]' using process `\synth_harness.$proc$synth_harness.sv:29$533'.
  created $adff cell `$procdff$3339' with positive edge clock and negative level reset.
Creating register for signal `\synth_harness.\stim_reg[5]' using process `\synth_harness.$proc$synth_harness.sv:29$533'.
  created $adff cell `$procdff$3340' with positive edge clock and negative level reset.
Creating register for signal `\synth_harness.\stim_reg[6]' using process `\synth_harness.$proc$synth_harness.sv:29$533'.
  created $adff cell `$procdff$3341' with positive edge clock and negative level reset.
Creating register for signal `\synth_harness.\stim_reg[7]' using process `\synth_harness.$proc$synth_harness.sv:29$533'.
  created $adff cell `$procdff$3342' with positive edge clock and negative level reset.
Creating register for signal `\synth_harness.\rst_n_sync1' using process `\synth_harness.$proc$synth_harness.sv:18$532'.
  created $dff cell `$procdff$3343' with positive edge clock.
Creating register for signal `\synth_harness.\rst_n_sync2' using process `\synth_harness.$proc$synth_harness.sv:18$532'.
  created $dff cell `$procdff$3344' with positive edge clock.
Creating register for signal `\SB_DFFNES.\Q' using process `\SB_DFFNES.$proc$/usr/bin/../share/yosys/ice40/cells_sim.v:1414$389'.
  created $adff cell `$procdff$3345' with negative edge clock and positive level reset.
Creating register for signal `\SB_DFFNESS.\Q' using process `\SB_DFFNESS.$proc$/usr/bin/../share/yosys/ice40/cells_sim.v:1353$382'.
  created $dff cell `$procdff$3346' with negative edge clock.
Creating register for signal `\SB_DFFNER.\Q' using process `\SB_DFFNER.$proc$/usr/bin/../share/yosys/ice40/cells_sim.v:1273$378'.
  created $adff cell `$procdff$3347' with negative edge clock and positive level reset.
Creating register for signal `\SB_DFFNESR.\Q' using process `\SB_DFFNESR.$proc$/usr/bin/../share/yosys/ice40/cells_sim.v:1212$371'.
  created $dff cell `$procdff$3348' with negative edge clock.
Creating register for signal `\SB_DFFNS.\Q' using process `\SB_DFFNS.$proc$/usr/bin/../share/yosys/ice40/cells_sim.v:1138$368'.
  created $adff cell `$procdff$3349' with negative edge clock and positive level reset.
Creating register for signal `\SB_DFFNSS.\Q' using process `\SB_DFFNSS.$proc$/usr/bin/../share/yosys/ice40/cells_sim.v:1088$365'.
  created $dff cell `$procdff$3350' with negative edge clock.
Creating register for signal `\SB_DFFNR.\Q' using process `\SB_DFFNR.$proc$/usr/bin/../share/yosys/ice40/cells_sim.v:1017$362'.
  created $adff cell `$procdff$3351' with negative edge clock and positive level reset.
Creating register for signal `\SB_DFFNSR.\Q' using process `\SB_DFFNSR.$proc$/usr/bin/../share/yosys/ice40/cells_sim.v:967$359'.
  created $dff cell `$procdff$3352' with negative edge clock.
Creating register for signal `\SB_DFFNE.\Q' using process `\SB_DFFNE.$proc$/usr/bin/../share/yosys/ice40/cells_sim.v:922$357'.
  created $dff cell `$procdff$3353' with negative edge clock.
Creating register for signal `\SB_DFFN.\Q' using process `\SB_DFFN.$proc$/usr/bin/../share/yosys/ice40/cells_sim.v:882$355'.
  created $dff cell `$procdff$3354' with negative edge clock.
Creating register for signal `\SB_DFFES.\Q' using process `\SB_DFFES.$proc$/usr/bin/../share/yosys/ice40/cells_sim.v:803$351'.
  created $adff cell `$procdff$3355' with positive edge clock and positive level reset.
Creating register for signal `\SB_DFFESS.\Q' using process `\SB_DFFESS.$proc$/usr/bin/../share/yosys/ice40/cells_sim.v:742$344'.
  created $dff cell `$procdff$3356' with positive edge clock.
Creating register for signal `\SB_DFFER.\Q' using process `\SB_DFFER.$proc$/usr/bin/../share/yosys/ice40/cells_sim.v:662$340'.
  created $adff cell `$procdff$3357' with positive edge clock and positive level reset.
Creating register for signal `\SB_DFFESR.\Q' using process `\SB_DFFESR.$proc$/usr/bin/../share/yosys/ice40/cells_sim.v:601$333'.
  created $dff cell `$procdff$3358' with positive edge clock.
Creating register for signal `\SB_DFFS.\Q' using process `\SB_DFFS.$proc$/usr/bin/../share/yosys/ice40/cells_sim.v:527$330'.
  created $adff cell `$procdff$3359' with positive edge clock and positive level reset.
Creating register for signal `\SB_DFFSS.\Q' using process `\SB_DFFSS.$proc$/usr/bin/../share/yosys/ice40/cells_sim.v:477$327'.
  created $dff cell `$procdff$3360' with positive edge clock.
Creating register for signal `\SB_DFFR.\Q' using process `\SB_DFFR.$proc$/usr/bin/../share/yosys/ice40/cells_sim.v:406$324'.
  created $adff cell `$procdff$3361' with positive edge clock and positive level reset.
Creating register for signal `\SB_DFFSR.\Q' using process `\SB_DFFSR.$proc$/usr/bin/../share/yosys/ice40/cells_sim.v:356$321'.
  created $dff cell `$procdff$3362' with positive edge clock.
Creating register for signal `\SB_DFFE.\Q' using process `\SB_DFFE.$proc$/usr/bin/../share/yosys/ice40/cells_sim.v:311$319'.
  created $dff cell `$procdff$3363' with positive edge clock.
Creating register for signal `\SB_DFF.\Q' using process `\SB_DFF.$proc$/usr/bin/../share/yosys/ice40/cells_sim.v:271$317'.
  created $dff cell `$procdff$3364' with positive edge clock.

3.3.10. Executing PROC_MEMWR pass (convert process memory writes to cells).

3.3.11. Executing PROC_CLEAN pass (remove empty switches from decision trees).
Removing empty process `synth_harness.$proc$synth_harness.sv:310$541'.
Removing empty process `synth_harness.$proc$synth_harness.sv:29$533'.
Removing empty process `synth_harness.$proc$synth_harness.sv:18$532'.
Removing empty process `SB_DFFNES.$proc$/usr/bin/../share/yosys/ice40/cells_sim.v:0$392'.
Found and cleaned up 1 empty switch in `\SB_DFFNES.$proc$/usr/bin/../share/yosys/ice40/cells_sim.v:1414$389'.
Removing empty process `SB_DFFNES.$proc$/usr/bin/../share/yosys/ice40/cells_sim.v:1414$389'.
Removing empty process `SB_DFFNESS.$proc$/usr/bin/../share/yosys/ice40/cells_sim.v:0$388'.
Found and cleaned up 2 empty switches in `\SB_DFFNESS.$proc$/usr/bin/../share/yosys/ice40/cells_sim.v:1353$382'.
Removing empty process `SB_DFFNESS.$proc$/usr/bin/../share/yosys/ice40/cells_sim.v:1353$382'.
Removing empty process `SB_DFFNER.$proc$/usr/bin/../share/yosys/ice40/cells_sim.v:0$381'.
Found and cleaned up 1 empty switch in `\SB_DFFNER.$proc$/usr/bin/../share/yosys/ice40/cells_sim.v:1273$378'.
Removing empty process `SB_DFFNER.$proc$/usr/bin/../share/yosys/ice40/cells_sim.v:1273$378'.
Removing empty process `SB_DFFNESR.$proc$/usr/bin/../share/yosys/ice40/cells_sim.v:0$377'.
Found and cleaned up 2 empty switches in `\SB_DFFNESR.$proc$/usr/bin/../share/yosys/ice40/cells_sim.v:1212$371'.
Removing empty process `SB_DFFNESR.$proc$/usr/bin/../share/yosys/ice40/cells_sim.v:1212$371'.
Removing empty process `SB_DFFNS.$proc$/usr/bin/../share/yosys/ice40/cells_sim.v:0$370'.
Removing empty process `SB_DFFNS.$proc$/usr/bin/../share/yosys/ice40/cells_sim.v:1138$368'.
Removing empty process `SB_DFFNSS.$proc$/usr/bin/../share/yosys/ice40/cells_sim.v:0$367'.
Found and cleaned up 1 empty switch in `\SB_DFFNSS.$proc$/usr/bin/../share/yosys/ice40/cells_sim.v:1088$365'.
Removing empty process `SB_DFFNSS.$proc$/usr/bin/../share/yosys/ice40/cells_sim.v:1088$365'.
Removing empty process `SB_DFFNR.$proc$/usr/bin/../share/yosys/ice40/cells_sim.v:0$364'.
Removing empty process `SB_DFFNR.$proc$/usr/bin/../share/yosys/ice40/cells_sim.v:1017$362'.
Removing empty process `SB_DFFNSR.$proc$/usr/bin/../share/yosys/ice40/cells_sim.v:0$361'.
Found and cleaned up 1 empty switch in `\SB_DFFNSR.$proc$/usr/bin/../share/yosys/ice40/cells_sim.v:967$359'.
Removing empty process `SB_DFFNSR.$proc$/usr/bin/../share/yosys/ice40/cells_sim.v:967$359'.
Removing empty process `SB_DFFNE.$proc$/usr/bin/../share/yosys/ice40/cells_sim.v:0$358'.
Found and cleaned up 1 empty switch in `\SB_DFFNE.$proc$/usr/bin/../share/yosys/ice40/cells_sim.v:922$357'.
Removing empty process `SB_DFFNE.$proc$/usr/bin/../share/yosys/ice40/cells_sim.v:922$357'.
Removing empty process `SB_DFFN.$proc$/usr/bin/../share/yosys/ice40/cells_sim.v:0$356'.
Removing empty process `SB_DFFN.$proc$/usr/bin/../share/yosys/ice40/cells_sim.v:882$355'.
Removing empty process `SB_DFFES.$proc$/usr/bin/../share/yosys/ice40/cells_sim.v:0$354'.
Found and cleaned up 1 empty switch in `\SB_DFFES.$proc$/usr/bin/../share/yosys/ice40/cells_sim.v:803$351'.
Removing empty process `SB_DFFES.$proc$/usr/bin/../share/yosys/ice40/cells_sim.v:803$351'.
Removing empty process `SB_DFFESS.$proc$/usr/bin/../share/yosys/ice40/cells_sim.v:0$350'.
Found and cleaned up 2 empty switches in `\SB_DFFESS.$proc$/usr/bin/../share/yosys/ice40/cells_sim.v:742$344'.
Removing empty process `SB_DFFESS.$proc$/usr/bin/../share/yosys/ice40/cells_sim.v:742$344'.
Removing empty process `SB_DFFER.$proc$/usr/bin/../share/yosys/ice40/cells_sim.v:0$343'.
Found and cleaned up 1 empty switch in `\SB_DFFER.$proc$/usr/bin/../share/yosys/ice40/cells_sim.v:662$340'.
Removing empty process `SB_DFFER.$proc$/usr/bin/../share/yosys/ice40/cells_sim.v:662$340'.
Removing empty process `SB_DFFESR.$proc$/usr/bin/../share/yosys/ice40/cells_sim.v:0$339'.
Found and cleaned up 2 empty switches in `\SB_DFFESR.$proc$/usr/bin/../share/yosys/ice40/cells_sim.v:601$333'.
Removing empty process `SB_DFFESR.$proc$/usr/bin/../share/yosys/ice40/cells_sim.v:601$333'.
Removing empty process `SB_DFFS.$proc$/usr/bin/../share/yosys/ice40/cells_sim.v:0$332'.
Removing empty process `SB_DFFS.$proc$/usr/bin/../share/yosys/ice40/cells_sim.v:527$330'.
Removing empty process `SB_DFFSS.$proc$/usr/bin/../share/yosys/ice40/cells_sim.v:0$329'.
Found and cleaned up 1 empty switch in `\SB_DFFSS.$proc$/usr/bin/../share/yosys/ice40/cells_sim.v:477$327'.
Removing empty process `SB_DFFSS.$proc$/usr/bin/../share/yosys/ice40/cells_sim.v:477$327'.
Removing empty process `SB_DFFR.$proc$/usr/bin/../share/yosys/ice40/cells_sim.v:0$326'.
Removing empty process `SB_DFFR.$proc$/usr/bin/../share/yosys/ice40/cells_sim.v:406$324'.
Removing empty process `SB_DFFSR.$proc$/usr/bin/../share/yosys/ice40/cells_sim.v:0$323'.
Found and cleaned up 1 empty switch in `\SB_DFFSR.$proc$/usr/bin/../share/yosys/ice40/cells_sim.v:356$321'.
Removing empty process `SB_DFFSR.$proc$/usr/bin/../share/yosys/ice40/cells_sim.v:356$321'.
Removing empty process `SB_DFFE.$proc$/usr/bin/../share/yosys/ice40/cells_sim.v:0$320'.
Found and cleaned up 1 empty switch in `\SB_DFFE.$proc$/usr/bin/../share/yosys/ice40/cells_sim.v:311$319'.
Removing empty process `SB_DFFE.$proc$/usr/bin/../share/yosys/ice40/cells_sim.v:311$319'.
Removing empty process `SB_DFF.$proc$/usr/bin/../share/yosys/ice40/cells_sim.v:0$318'.
Removing empty process `SB_DFF.$proc$/usr/bin/../share/yosys/ice40/cells_sim.v:271$317'.
Found and cleaned up 42 empty switches in `\fpu_adder.$proc$../../rtl/fpu_adder.sv:0$22'.
Removing empty process `fpu_adder.$proc$../../rtl/fpu_adder.sv:0$22'.
Cleaned up 60 empty switches.

3.3.12. Executing OPT_EXPR pass (perform const folding).
Optimizing module synth_harness.
<suppressed ~1 debug messages>
Optimizing module fpu_adder.
<suppressed ~75 debug messages>

3.4. Executing FLATTEN pass (flatten design).
Deleting now unused module fpu_adder.
<suppressed ~1 debug messages>

3.5. Executing TRIBUF pass.

3.6. Executing DEMINOUT pass (demote inout ports to input or output).

3.7. Executing OPT_EXPR pass (perform const folding).
Optimizing module synth_harness.
<suppressed ~1 debug messages>

3.8. Executing OPT_CLEAN pass (remove unused cells and wires).
Finding unused cells or wires in module \synth_harness..
Removed 454 unused cells and 1592 unused wires.
<suppressed ~466 debug messages>

3.9. Executing CHECK pass (checking for obvious problems).
Checking module synth_harness...
Found and reported 0 problems.

3.10. Executing OPT pass (performing simple optimizations).

3.10.1. Executing OPT_EXPR pass (perform const folding).
Optimizing module synth_harness.

3.10.2. Executing OPT_MERGE pass (detect identical cells).
Finding identical cells in module `\synth_harness'.
<suppressed ~12 debug messages>
Removed a total of 4 cells.

3.10.3. Executing OPT_MUXTREE pass (detect dead branches in mux trees).
Running muxtree optimizer on module \synth_harness..
  Creating internal representation of mux trees.
  Evaluating internal representation of mux trees.
      Replacing known input bits on port A of cell $flatten\u_fpu_adder.$procmux$2074: $flatten\u_fpu_adder.$add$../../rtl/fpu_adder.sv:95$78_Y -> { 1'0 $flatten\u_fpu_adder.$add$../../rtl/fpu_adder.sv:95$78_Y [23:0] }
      Replacing known input bits on port B of cell $flatten\u_fpu_adder.$procmux$2074: { 1'0 $flatten\u_fpu_adder.$add$../../rtl/fpu_adder.sv:95$78_Y [24:1] } -> { 2'01 $flatten\u_fpu_adder.$add$../../rtl/fpu_adder.sv:95$78_Y [23:1] }
      Replacing known input bits on port B of cell $flatten\u_fpu_adder.$procmux$1696: $flatten\u_fpu_adder.$9\result_mant[24:0] -> { $flatten\u_fpu_adder.$9\result_mant[24:0] [24] 1'1 $flatten\u_fpu_adder.$9\result_mant[24:0] [22:0] }
  Analyzing evaluation results.
    dead port 1/2 on $mux $flatten\u_fpu_adder.$procmux$1283.
    dead port 1/2 on $mux $flatten\u_fpu_adder.$procmux$1285.
    dead port 2/2 on $mux $flatten\u_fpu_adder.$procmux$1287.
    dead port 1/2 on $mux $flatten\u_fpu_adder.$procmux$1290.
    dead port 1/2 on $mux $flatten\u_fpu_adder.$procmux$1293.
    dead port 1/2 on $mux $flatten\u_fpu_adder.$procmux$1296.
    dead port 1/2 on $mux $flatten\u_fpu_adder.$procmux$1299.
    dead port 1/2 on $mux $flatten\u_fpu_adder.$procmux$1302.
    dead port 1/2 on $mux $flatten\u_fpu_adder.$procmux$1305.
    dead port 1/2 on $mux $flatten\u_fpu_adder.$procmux$1308.
    dead port 2/2 on $mux $flatten\u_fpu_adder.$procmux$1349.
    dead port 1/2 on $mux $flatten\u_fpu_adder.$procmux$1351.
    dead port 2/2 on $mux $flatten\u_fpu_adder.$procmux$1353.
    dead port 1/2 on $mux $flatten\u_fpu_adder.$procmux$1356.
    dead port 1/2 on $mux $flatten\u_fpu_adder.$procmux$1359.
    dead port 1/2 on $mux $flatten\u_fpu_adder.$procmux$1362.
    dead port 1/2 on $mux $flatten\u_fpu_adder.$procmux$1365.
    dead port 1/2 on $mux $flatten\u_fpu_adder.$procmux$1368.
    dead port 1/2 on $mux $flatten\u_fpu_adder.$procmux$1371.
    dead port 1/2 on $mux $flatten\u_fpu_adder.$procmux$1374.
    dead port 2/2 on $mux $flatten\u_fpu_adder.$procmux$1698.
    dead port 1/2 on $mux $flatten\u_fpu_adder.$procmux$1701.
    dead port 1/2 on $mux $flatten\u_fpu_adder.$procmux$1704.
    dead port 1/2 on $mux $flatten\u_fpu_adder.$procmux$1707.
    dead port 1/2 on $mux $flatten\u_fpu_adder.$procmux$1710.
    dead port 1/2 on $mux $flatten\u_fpu_adder.$procmux$1713.
    dead port 1/2 on $mux $flatten\u_fpu_adder.$procmux$1716.
    dead port 1/2 on $mux $flatten\u_fpu_adder.$procmux$1719.
    dead port 2/2 on $mux $flatten\u_fpu_adder.$procmux$1725.
    dead port 1/2 on $mux $flatten\u_fpu_adder.$procmux$1728.
    dead port 1/2 on $mux $flatten\u_fpu_adder.$procmux$1731.
    dead port 1/2 on $mux $flatten\u_fpu_adder.$procmux$1734.
    dead port 1/2 on $mux $flatten\u_fpu_adder.$procmux$1737.
    dead port 1/2 on $mux $flatten\u_fpu_adder.$procmux$1740.
    dead port 1/2 on $mux $flatten\u_fpu_adder.$procmux$1743.
    dead port 1/2 on $mux $flatten\u_fpu_adder.$procmux$1746.
    dead port 1/2 on $mux $flatten\u_fpu_adder.$procmux$1956.
    dead port 1/2 on $mux $flatten\u_fpu_adder.$procmux$1959.
    dead port 1/2 on $mux $flatten\u_fpu_adder.$procmux$1962.
    dead port 1/2 on $mux $flatten\u_fpu_adder.$procmux$1965.
    dead port 1/2 on $mux $flatten\u_fpu_adder.$procmux$1968.
    dead port 1/2 on $mux $flatten\u_fpu_adder.$procmux$1971.
    dead port 1/2 on $mux $flatten\u_fpu_adder.$procmux$1974.
    dead port 1/2 on $mux $flatten\u_fpu_adder.$procmux$1980.
    dead port 1/2 on $mux $flatten\u_fpu_adder.$procmux$1983.
    dead port 1/2 on $mux $flatten\u_fpu_adder.$procmux$1986.
    dead port 1/2 on $mux $flatten\u_fpu_adder.$procmux$1989.
    dead port 1/2 on $mux $flatten\u_fpu_adder.$procmux$1992.
    dead port 1/2 on $mux $flatten\u_fpu_adder.$procmux$1995.
    dead port 1/2 on $mux $flatten\u_fpu_adder.$procmux$1998.
    dead port 1/2 on $mux $flatten\u_fpu_adder.$procmux$2004.
    dead port 1/2 on $mux $flatten\u_fpu_adder.$procmux$2007.
    dead port 1/2 on $mux $flatten\u_fpu_adder.$procmux$2010.
    dead port 1/2 on $mux $flatten\u_fpu_adder.$procmux$2013.
    dead port 1/2 on $mux $flatten\u_fpu_adder.$procmux$2016.
    dead port 1/2 on $mux $flatten\u_fpu_adder.$procmux$2019.
    dead port 1/2 on $mux $flatten\u_fpu_adder.$procmux$2022.
    dead port 2/2 on $mux $flatten\u_fpu_adder.$procmux$2052.
    dead port 1/2 on $mux $flatten\u_fpu_adder.$procmux$2055.
    dead port 1/2 on $mux $flatten\u_fpu_adder.$procmux$2058.
    dead port 1/2 on $mux $flatten\u_fpu_adder.$procmux$2061.
    dead port 1/2 on $mux $flatten\u_fpu_adder.$procmux$2064.
    dead port 1/2 on $mux $flatten\u_fpu_adder.$procmux$2067.
    dead port 1/2 on $mux $flatten\u_fpu_adder.$procmux$2070.
    dead port 2/2 on $mux $flatten\u_fpu_adder.$procmux$2076.
    dead port 1/2 on $mux $flatten\u_fpu_adder.$procmux$2079.
    dead port 1/2 on $mux $flatten\u_fpu_adder.$procmux$2082.
    dead port 1/2 on $mux $flatten\u_fpu_adder.$procmux$2085.
    dead port 1/2 on $mux $flatten\u_fpu_adder.$procmux$2088.
    dead port 1/2 on $mux $flatten\u_fpu_adder.$procmux$2091.
    dead port 1/2 on $mux $flatten\u_fpu_adder.$procmux$2094.
    dead port 1/2 on $mux $flatten\u_fpu_adder.$procmux$2121.
    dead port 1/2 on $mux $flatten\u_fpu_adder.$procmux$2124.
    dead port 1/2 on $mux $flatten\u_fpu_adder.$procmux$2127.
    dead port 1/2 on $mux $flatten\u_fpu_adder.$procmux$2130.
    dead port 1/2 on $mux $flatten\u_fpu_adder.$procmux$2133.
    dead port 1/2 on $mux $flatten\u_fpu_adder.$procmux$2136.
    dead port 1/2 on $mux $flatten\u_fpu_adder.$procmux$2142.
    dead port 1/2 on $mux $flatten\u_fpu_adder.$procmux$2145.
    dead port 1/2 on $mux $flatten\u_fpu_adder.$procmux$2148.
    dead port 1/2 on $mux $flatten\u_fpu_adder.$procmux$2151.
    dead port 1/2 on $mux $flatten\u_fpu_adder.$procmux$2154.
    dead port 1/2 on $mux $flatten\u_fpu_adder.$procmux$2157.
    dead port 1/2 on $mux $flatten\u_fpu_adder.$procmux$2247.
    dead port 1/2 on $mux $flatten\u_fpu_adder.$procmux$2250.
    dead port 1/2 on $mux $flatten\u_fpu_adder.$procmux$2253.
    dead port 1/2 on $mux $flatten\u_fpu_adder.$procmux$2256.
    dead port 1/2 on $mux $flatten\u_fpu_adder.$procmux$2259.
    dead port 1/2 on $mux $flatten\u_fpu_adder.$procmux$2262.
    dead port 1/2 on $mux $flatten\u_fpu_adder.$procmux$2265.
    dead port 2/2 on $mux $flatten\u_fpu_adder.$procmux$2271.
    dead port 1/2 on $mux $flatten\u_fpu_adder.$procmux$2274.
    dead port 1/2 on $mux $flatten\u_fpu_adder.$procmux$2277.
    dead port 1/2 on $mux $flatten\u_fpu_adder.$procmux$2280.
    dead port 1/2 on $mux $flatten\u_fpu_adder.$procmux$2283.
    dead port 1/2 on $mux $flatten\u_fpu_adder.$procmux$2286.
    dead port 1/2 on $mux $flatten\u_fpu_adder.$procmux$2289.
    dead port 1/2 on $mux $flatten\u_fpu_adder.$procmux$2379.
    dead port 1/2 on $mux $flatten\u_fpu_adder.$procmux$2382.
    dead port 1/2 on $mux $flatten\u_fpu_adder.$procmux$2385.
    dead port 1/2 on $mux $flatten\u_fpu_adder.$procmux$2388.
    dead port 1/2 on $mux $flatten\u_fpu_adder.$procmux$2391.
    dead port 1/2 on $mux $flatten\u_fpu_adder.$procmux$2649.
    dead port 1/2 on $mux $flatten\u_fpu_adder.$procmux$2652.
    dead port 1/2 on $mux $flatten\u_fpu_adder.$procmux$2655.
    dead port 1/2 on $mux $flatten\u_fpu_adder.$procmux$2658.
    dead port 1/2 on $mux $flatten\u_fpu_adder.$procmux$2874.
    dead port 1/2 on $mux $flatten\u_fpu_adder.$procmux$2877.
    dead port 1/2 on $mux $flatten\u_fpu_adder.$procmux$2880.
    dead port 1/2 on $mux $flatten\u_fpu_adder.$procmux$3054.
    dead port 1/2 on $mux $flatten\u_fpu_adder.$procmux$3057.
    dead port 2/2 on $mux $flatten\u_fpu_adder.$procmux$3189.
    dead port 1/2 on $mux $flatten\u_fpu_adder.$procmux$3192.
    dead port 1/2 on $mux $flatten\u_fpu_adder.$procmux$3198.
    dead port 1/2 on $mux $flatten\u_fpu_adder.$procmux$591.
    dead port 1/2 on $mux $flatten\u_fpu_adder.$procmux$594.
    dead port 1/2 on $mux $flatten\u_fpu_adder.$procmux$597.
    dead port 1/2 on $mux $flatten\u_fpu_adder.$procmux$600.
    dead port 1/2 on $mux $flatten\u_fpu_adder.$procmux$603.
    dead port 1/2 on $mux $flatten\u_fpu_adder.$procmux$606.
    dead port 1/2 on $mux $flatten\u_fpu_adder.$procmux$613.
    dead port 2/2 on $mux $flatten\u_fpu_adder.$procmux$615.
    dead port 1/2 on $mux $flatten\u_fpu_adder.$procmux$618.
    dead port 1/2 on $mux $flatten\u_fpu_adder.$procmux$621.
    dead port 1/2 on $mux $flatten\u_fpu_adder.$procmux$624.
    dead port 1/2 on $mux $flatten\u_fpu_adder.$procmux$627.
    dead port 1/2 on $mux $flatten\u_fpu_adder.$procmux$630.
    dead port 1/2 on $mux $flatten\u_fpu_adder.$procmux$633.
    dead port 1/2 on $mux $flatten\u_fpu_adder.$procmux$636.
    dead port 1/2 on $mux $flatten\u_fpu_adder.$procmux$643.
    dead port 2/2 on $mux $flatten\u_fpu_adder.$procmux$645.
    dead port 1/2 on $mux $flatten\u_fpu_adder.$procmux$648.
    dead port 1/2 on $mux $flatten\u_fpu_adder.$procmux$651.
    dead port 1/2 on $mux $flatten\u_fpu_adder.$procmux$654.
    dead port 1/2 on $mux $flatten\u_fpu_adder.$procmux$657.
    dead port 1/2 on $mux $flatten\u_fpu_adder.$procmux$660.
    dead port 1/2 on $mux $flatten\u_fpu_adder.$procmux$663.
    dead port 1/2 on $mux $flatten\u_fpu_adder.$procmux$666.
    dead port 1/2 on $mux $flatten\u_fpu_adder.$procmux$674.
    dead port 1/2 on $mux $flatten\u_fpu_adder.$procmux$677.
    dead port 1/2 on $mux $flatten\u_fpu_adder.$procmux$679.
    dead port 2/2 on $mux $flatten\u_fpu_adder.$procmux$681.
    dead port 1/2 on $mux $flatten\u_fpu_adder.$procmux$684.
    dead port 1/2 on $mux $flatten\u_fpu_adder.$procmux$687.
    dead port 1/2 on $mux $flatten\u_fpu_adder.$procmux$690.
    dead port 1/2 on $mux $flatten\u_fpu_adder.$procmux$693.
    dead port 1/2 on $mux $flatten\u_fpu_adder.$procmux$696.
    dead port 1/2 on $mux $flatten\u_fpu_adder.$procmux$699.
    dead port 1/2 on $mux $flatten\u_fpu_adder.$procmux$702.
    dead port 2/2 on $mux $flatten\u_fpu_adder.$procmux$962.
    dead port 1/2 on $mux $flatten\u_fpu_adder.$procmux$965.
    dead port 1/2 on $mux $flatten\u_fpu_adder.$procmux$967.
    dead port 2/2 on $mux $flatten\u_fpu_adder.$procmux$969.
    dead port 1/2 on $mux $flatten\u_fpu_adder.$procmux$972.
    dead port 1/2 on $mux $flatten\u_fpu_adder.$procmux$975.
    dead port 1/2 on $mux $flatten\u_fpu_adder.$procmux$978.
    dead port 1/2 on $mux $flatten\u_fpu_adder.$procmux$981.
    dead port 1/2 on $mux $flatten\u_fpu_adder.$procmux$984.
    dead port 1/2 on $mux $flatten\u_fpu_adder.$procmux$987.
    dead port 1/2 on $mux $flatten\u_fpu_adder.$procmux$990.
Removed 160 multiplexer ports.
<suppressed ~27 debug messages>

3.10.4. Executing OPT_REDUCE pass (consolidate $*mux and $reduce_* inputs).
  Optimizing cells in module \synth_harness.
Performed a total of 0 changes.

3.10.5. Executing OPT_MERGE pass (detect identical cells).
Finding identical cells in module `\synth_harness'.
<suppressed ~3 debug messages>
Removed a total of 1 cells.

3.10.6. Executing OPT_DFF pass (perform DFF optimizations).

3.10.7. Executing OPT_CLEAN pass (remove unused cells and wires).
Finding unused cells or wires in module \synth_harness..
Removed 0 unused cells and 165 unused wires.
<suppressed ~1 debug messages>

3.10.8. Executing OPT_EXPR pass (perform const folding).
Optimizing module synth_harness.

3.10.9. Rerunning OPT passes. (Maybe there is more to do..)

3.10.10. Executing OPT_MUXTREE pass (detect dead branches in mux trees).
Running muxtree optimizer on module \synth_harness..
  Creating internal representation of mux trees.
  Evaluating internal representation of mux trees.
  Analyzing evaluation results.
Removed 0 multiplexer ports.
<suppressed ~28 debug messages>

3.10.11. Executing OPT_REDUCE pass (consolidate $*mux and $reduce_* inputs).
  Optimizing cells in module \synth_harness.
Performed a total of 0 changes.

3.10.12. Executing OPT_MERGE pass (detect identical cells).
Finding identical cells in module `\synth_harness'.
Removed a total of 0 cells.

3.10.13. Executing OPT_DFF pass (perform DFF optimizations).

3.10.14. Executing OPT_CLEAN pass (remove unused cells and wires).
Finding unused cells or wires in module \synth_harness..

3.10.15. Executing OPT_EXPR pass (perform const folding).
Optimizing module synth_harness.

3.10.16. Finished OPT passes. (There is nothing left to do.)

3.11. Executing FSM pass (extract and optimize FSM).

3.11.1. Executing FSM_DETECT pass (finding FSMs in design).

3.11.2. Executing FSM_EXTRACT pass (extracting FSM from design).

3.11.3. Executing FSM_OPT pass (simple optimizations of FSMs).

3.11.4. Executing OPT_CLEAN pass (remove unused cells and wires).
Finding unused cells or wires in module \synth_harness..

3.11.5. Executing FSM_OPT pass (simple optimizations of FSMs).

3.11.6. Executing FSM_RECODE pass (re-assigning FSM state encoding).

3.11.7. Executing FSM_INFO pass (dumping all available information on FSM cells).

3.11.8. Executing FSM_MAP pass (mapping FSMs to basic logic).

3.12. Executing OPT pass (performing simple optimizations).

3.12.1. Executing OPT_EXPR pass (perform const folding).
Optimizing module synth_harness.

3.12.2. Executing OPT_MERGE pass (detect identical cells).
Finding identical cells in module `\synth_harness'.
Removed a total of 0 cells.

3.12.3. Executing OPT_MUXTREE pass (detect dead branches in mux trees).
Running muxtree optimizer on module \synth_harness..
  Creating internal representation of mux trees.
  Evaluating internal representation of mux trees.
  Analyzing evaluation results.
Removed 0 multiplexer ports.
<suppressed ~28 debug messages>

3.12.4. Executing OPT_REDUCE pass (consolidate $*mux and $reduce_* inputs).
  Optimizing cells in module \synth_harness.
Performed a total of 0 changes.

3.12.5. Executing OPT_MERGE pass (detect identical cells).
Finding identical cells in module `\synth_harness'.
Removed a total of 0 cells.

3.12.6. Executing OPT_DFF pass (perform DFF optimizations).
Adding SRST signal on $procdff$3329 ($dff) from module synth_harness (D = $flatten\u_fpu_adder.$2\result[31:0], Q = \result_reg, rval = 2143289344).

3.12.7. Executing OPT_CLEAN pass (remove unused cells and wires).
Finding unused cells or wires in module \synth_harness..
Removed 1 unused cells and 0 unused wires.
<suppressed ~1 debug messages>

3.12.8. Executing OPT_EXPR pass (perform const folding).
Optimizing module synth_harness.

3.12.9. Rerunning OPT passes. (Maybe there is more to do..)

3.12.10. Executing OPT_MUXTREE pass (detect dead branches in mux trees).
Running muxtree optimizer on module \synth_harness..
  Creating internal representation of mux trees.
  Evaluating internal representation of mux trees.
  Analyzing evaluation results.
Removed 0 multiplexer ports.
<suppressed ~28 debug messages>

3.12.11. Executing OPT_REDUCE pass (consolidate $*mux and $reduce_* inputs).
  Optimizing cells in module \synth_harness.
Performed a total of 0 changes.

3.12.12. Executing OPT_MERGE pass (detect identical cells).
Finding identical cells in module `\synth_harness'.
Removed a total of 0 cells.

3.12.13. Executing OPT_DFF pass (perform DFF optimizations).

3.12.14. Executing OPT_CLEAN pass (remove unused cells and wires).
Finding unused cells or wires in module \synth_harness..

3.12.15. Executing OPT_EXPR pass (perform const folding).
Optimizing module synth_harness.

3.12.16. Finished OPT passes. (There is nothing left to do.)

3.13. Executing WREDUCE pass (reducing word size of cells).
Removed top 24 bits (of 32) from FF cell synth_harness.$auto$ff.cc:266:slice$3367 ($sdff).
Removed top 24 bits (of 32) from mux cell synth_harness.$flatten\u_fpu_adder.$procmux$3195 ($mux).
Removed top 24 bits (of 32) from mux cell synth_harness.$flatten\u_fpu_adder.$procmux$3187 ($mux).
Removed top 24 bits (of 32) from mux cell synth_harness.$flatten\u_fpu_adder.$procmux$3051 ($mux).
Removed top 24 bits (of 32) from mux cell synth_harness.$flatten\u_fpu_adder.$procmux$2871 ($mux).
Removed top 24 bits (of 32) from mux cell synth_harness.$flatten\u_fpu_adder.$procmux$2646 ($mux).
Removed top 24 bits (of 32) from mux cell synth_harness.$flatten\u_fpu_adder.$procmux$2376 ($mux).
Removed top 1 bits (of 25) from mux cell synth_harness.$flatten\u_fpu_adder.$procmux$2074 ($mux).
Removed top 7 bits (of 8) from mux cell synth_harness.$flatten\u_fpu_adder.$procmux$1545 ($mux).
Removed top 4 bits (of 8) from mux cell synth_harness.$flatten\u_fpu_adder.$procmux$1212 ($mux).
Removed top 3 bits (of 8) from mux cell synth_harness.$flatten\u_fpu_adder.$procmux$923 ($mux).
Removed top 24 bits (of 32) from mux cell synth_harness.$flatten\u_fpu_adder.$procmux$588 ($mux).
Removed top 31 bits (of 32) from port B of cell synth_harness.$flatten\u_fpu_adder.$add$../../rtl/fpu_adder.sv:101$80 ($add).
Removed top 24 bits (of 32) from port Y of cell synth_harness.$flatten\u_fpu_adder.$add$../../rtl/fpu_adder.sv:101$80 ($add).
Removed top 27 bits (of 32) from port B of cell synth_harness.$flatten\u_fpu_adder.$lt$../../rtl/fpu_adder.sv:85$72 ($lt).
Removed top 27 bits (of 32) from port B of cell synth_harness.$flatten\u_fpu_adder.$lt$../../rtl/fpu_adder.sv:77$69 ($lt).
Removed cell synth_harness.$flatten\u_fpu_adder.$ternary$../../rtl/fpu_adder.sv:60$57 ($mux).
Removed cell synth_harness.$flatten\u_fpu_adder.$not$../../rtl/fpu_adder.sv:60$56 ($not).
Removed cell synth_harness.$flatten\u_fpu_adder.$procmux$2139 ($mux).
Removed cell synth_harness.$flatten\u_fpu_adder.$procmux$2118 ($mux).
Removed cell synth_harness.$flatten\u_fpu_adder.$procmux$2001 ($mux).
Removed top 24 bits (of 32) from wire synth_harness.$flatten\u_fpu_adder.$2\result[31:0].
Removed top 24 bits (of 32) from wire synth_harness.$flatten\u_fpu_adder.$3\result[31:0].
Removed top 24 bits (of 32) from wire synth_harness.$flatten\u_fpu_adder.$4\result[31:0].
Removed top 24 bits (of 32) from wire synth_harness.$flatten\u_fpu_adder.$5\result[31:0].
Removed top 24 bits (of 32) from wire synth_harness.$flatten\u_fpu_adder.$6\result[31:0].
Removed top 24 bits (of 32) from wire synth_harness.$flatten\u_fpu_adder.$7\result[31:0].
Removed top 24 bits (of 32) from wire synth_harness.$flatten\u_fpu_adder.$8\result[31:0].
Removed top 1 bits (of 25) from wire synth_harness.$flatten\u_fpu_adder.$8\result_mant[24:0].
Removed top 24 bits (of 32) from wire synth_harness.$flatten\u_fpu_adder.$add$../../rtl/fpu_adder.sv:101$80_Y.
Removed top 4 bits (of 8) from wire synth_harness.$flatten\u_fpu_adder.$procmux$1212_Y.
Removed top 1 bits (of 8) from wire synth_harness.$flatten\u_fpu_adder.$procmux$1214_Y.
Removed top 3 bits (of 8) from wire synth_harness.$flatten\u_fpu_adder.$procmux$1217_Y.
Removed top 1 bits (of 8) from wire synth_harness.$flatten\u_fpu_adder.$procmux$1219_Y.
Removed top 3 bits (of 8) from wire synth_harness.$flatten\u_fpu_adder.$procmux$1221_Y.
Removed top 1 bits (of 8) from wire synth_harness.$flatten\u_fpu_adder.$procmux$1224_Y.
Removed top 3 bits (of 8) from wire synth_harness.$flatten\u_fpu_adder.$procmux$1227_Y.
Removed top 1 bits (of 8) from wire synth_harness.$flatten\u_fpu_adder.$procmux$1230_Y.
Removed top 3 bits (of 8) from wire synth_harness.$flatten\u_fpu_adder.$procmux$1233_Y.
Removed top 1 bits (of 8) from wire synth_harness.$flatten\u_fpu_adder.$procmux$1236_Y.
Removed top 3 bits (of 8) from wire synth_harness.$flatten\u_fpu_adder.$procmux$1239_Y.
Removed top 7 bits (of 8) from wire synth_harness.$flatten\u_fpu_adder.$procmux$1545_Y.
Removed top 3 bits (of 8) from wire synth_harness.$flatten\u_fpu_adder.$procmux$707_Y.
Removed top 1 bits (of 8) from wire synth_harness.$flatten\u_fpu_adder.$procmux$710_Y.
Removed top 3 bits (of 8) from wire synth_harness.$flatten\u_fpu_adder.$procmux$713_Y.
Removed top 1 bits (of 8) from wire synth_harness.$flatten\u_fpu_adder.$procmux$715_Y.
Removed top 3 bits (of 8) from wire synth_harness.$flatten\u_fpu_adder.$procmux$717_Y.
Removed top 1 bits (of 8) from wire synth_harness.$flatten\u_fpu_adder.$procmux$720_Y.
Removed top 3 bits (of 8) from wire synth_harness.$flatten\u_fpu_adder.$procmux$723_Y.
Removed top 1 bits (of 8) from wire synth_harness.$flatten\u_fpu_adder.$procmux$726_Y.
Removed top 3 bits (of 8) from wire synth_harness.$flatten\u_fpu_adder.$procmux$729_Y.
Removed top 1 bits (of 8) from wire synth_harness.$flatten\u_fpu_adder.$procmux$732_Y.
Removed top 3 bits (of 8) from wire synth_harness.$flatten\u_fpu_adder.$procmux$735_Y.
Removed top 1 bits (of 8) from wire synth_harness.$flatten\u_fpu_adder.$procmux$743_Y.
Removed top 3 bits (of 8) from wire synth_harness.$flatten\u_fpu_adder.$procmux$746_Y.
Removed top 1 bits (of 8) from wire synth_harness.$flatten\u_fpu_adder.$procmux$749_Y.
Removed top 3 bits (of 8) from wire synth_harness.$flatten\u_fpu_adder.$procmux$751_Y.
Removed top 1 bits (of 8) from wire synth_harness.$flatten\u_fpu_adder.$procmux$753_Y.
Removed top 3 bits (of 8) from wire synth_harness.$flatten\u_fpu_adder.$procmux$756_Y.
Removed top 1 bits (of 8) from wire synth_harness.$flatten\u_fpu_adder.$procmux$759_Y.
Removed top 3 bits (of 8) from wire synth_harness.$flatten\u_fpu_adder.$procmux$762_Y.
Removed top 1 bits (of 8) from wire synth_harness.$flatten\u_fpu_adder.$procmux$765_Y.
Removed top 3 bits (of 8) from wire synth_harness.$flatten\u_fpu_adder.$procmux$768_Y.
Removed top 1 bits (of 8) from wire synth_harness.$flatten\u_fpu_adder.$procmux$771_Y.
Removed top 3 bits (of 8) from wire synth_harness.$flatten\u_fpu_adder.$procmux$779_Y.
Removed top 1 bits (of 8) from wire synth_harness.$flatten\u_fpu_adder.$procmux$782_Y.
Removed top 3 bits (of 8) from wire synth_harness.$flatten\u_fpu_adder.$procmux$785_Y.
Removed top 1 bits (of 8) from wire synth_harness.$flatten\u_fpu_adder.$procmux$787_Y.
Removed top 3 bits (of 8) from wire synth_harness.$flatten\u_fpu_adder.$procmux$789_Y.
Removed top 1 bits (of 8) from wire synth_harness.$flatten\u_fpu_adder.$procmux$792_Y.
Removed top 3 bits (of 8) from wire synth_harness.$flatten\u_fpu_adder.$procmux$795_Y.
Removed top 1 bits (of 8) from wire synth_harness.$flatten\u_fpu_adder.$procmux$798_Y.
Removed top 3 bits (of 8) from wire synth_harness.$flatten\u_fpu_adder.$procmux$801_Y.
Removed top 1 bits (of 8) from wire synth_harness.$flatten\u_fpu_adder.$procmux$804_Y.
Removed top 3 bits (of 8) from wire synth_harness.$flatten\u_fpu_adder.$procmux$807_Y.
Removed top 1 bits (of 8) from wire synth_harness.$flatten\u_fpu_adder.$procmux$815_Y.
Removed top 3 bits (of 8) from wire synth_harness.$flatten\u_fpu_adder.$procmux$818_Y.
Removed top 1 bits (of 8) from wire synth_harness.$flatten\u_fpu_adder.$procmux$821_Y.
Removed top 3 bits (of 8) from wire synth_harness.$flatten\u_fpu_adder.$procmux$823_Y.
Removed top 1 bits (of 8) from wire synth_harness.$flatten\u_fpu_adder.$procmux$825_Y.
Removed top 3 bits (of 8) from wire synth_harness.$flatten\u_fpu_adder.$procmux$828_Y.
Removed top 1 bits (of 8) from wire synth_harness.$flatten\u_fpu_adder.$procmux$831_Y.
Removed top 3 bits (of 8) from wire synth_harness.$flatten\u_fpu_adder.$procmux$834_Y.
Removed top 1 bits (of 8) from wire synth_harness.$flatten\u_fpu_adder.$procmux$837_Y.
Removed top 3 bits (of 8) from wire synth_harness.$flatten\u_fpu_adder.$procmux$840_Y.
Removed top 1 bits (of 8) from wire synth_harness.$flatten\u_fpu_adder.$procmux$843_Y.
Removed top 3 bits (of 8) from wire synth_harness.$flatten\u_fpu_adder.$procmux$851_Y.
Removed top 1 bits (of 8) from wire synth_harness.$flatten\u_fpu_adder.$procmux$854_Y.
Removed top 3 bits (of 8) from wire synth_harness.$flatten\u_fpu_adder.$procmux$857_Y.
Removed top 1 bits (of 8) from wire synth_harness.$flatten\u_fpu_adder.$procmux$859_Y.
Removed top 3 bits (of 8) from wire synth_harness.$flatten\u_fpu_adder.$procmux$861_Y.
Removed top 1 bits (of 8) from wire synth_harness.$flatten\u_fpu_adder.$procmux$864_Y.
Removed top 3 bits (of 8) from wire synth_harness.$flatten\u_fpu_adder.$procmux$867_Y.
Removed top 1 bits (of 8) from wire synth_harness.$flatten\u_fpu_adder.$procmux$870_Y.
Removed top 3 bits (of 8) from wire synth_harness.$flatten\u_fpu_adder.$procmux$873_Y.
Removed top 1 bits (of 8) from wire synth_harness.$flatten\u_fpu_adder.$procmux$876_Y.
Removed top 3 bits (of 8) from wire synth_harness.$flatten\u_fpu_adder.$procmux$879_Y.
Removed top 1 bits (of 8) from wire synth_harness.$flatten\u_fpu_adder.$procmux$887_Y.
Removed top 3 bits (of 8) from wire synth_harness.$flatten\u_fpu_adder.$procmux$890_Y.
Removed top 1 bits (of 8) from wire synth_harness.$flatten\u_fpu_adder.$procmux$893_Y.
Removed top 3 bits (of 8) from wire synth_harness.$flatten\u_fpu_adder.$procmux$895_Y.
Removed top 1 bits (of 8) from wire synth_harness.$flatten\u_fpu_adder.$procmux$897_Y.
Removed top 3 bits (of 8) from wire synth_harness.$flatten\u_fpu_adder.$procmux$900_Y.
Removed top 1 bits (of 8) from wire synth_harness.$flatten\u_fpu_adder.$procmux$903_Y.
Removed top 3 bits (of 8) from wire synth_harness.$flatten\u_fpu_adder.$procmux$906_Y.
Removed top 1 bits (of 8) from wire synth_harness.$flatten\u_fpu_adder.$procmux$909_Y.
Removed top 3 bits (of 8) from wire synth_harness.$flatten\u_fpu_adder.$procmux$912_Y.
Removed top 1 bits (of 8) from wire synth_harness.$flatten\u_fpu_adder.$procmux$915_Y.
Removed top 3 bits (of 8) from wire synth_harness.$flatten\u_fpu_adder.$procmux$923_Y.
Removed top 1 bits (of 8) from wire synth_harness.$flatten\u_fpu_adder.$procmux$926_Y.
Removed top 3 bits (of 8) from wire synth_harness.$flatten\u_fpu_adder.$procmux$929_Y.
Removed top 1 bits (of 8) from wire synth_harness.$flatten\u_fpu_adder.$procmux$931_Y.
Removed top 3 bits (of 8) from wire synth_harness.$flatten\u_fpu_adder.$procmux$933_Y.
Removed top 1 bits (of 8) from wire synth_harness.$flatten\u_fpu_adder.$procmux$936_Y.
Removed top 3 bits (of 8) from wire synth_harness.$flatten\u_fpu_adder.$procmux$939_Y.
Removed top 1 bits (of 8) from wire synth_harness.$flatten\u_fpu_adder.$procmux$942_Y.
Removed top 3 bits (of 8) from wire synth_harness.$flatten\u_fpu_adder.$procmux$945_Y.
Removed top 1 bits (of 8) from wire synth_harness.$flatten\u_fpu_adder.$procmux$948_Y.
Removed top 3 bits (of 8) from wire synth_harness.$flatten\u_fpu_adder.$procmux$951_Y.
Removed top 1 bits (of 8) from wire synth_harness.$flatten\u_fpu_adder.$procmux$996_Y.
Removed top 3 bits (of 8) from wire synth_harness.$flatten\u_fpu_adder.$procmux$998_Y.
Removed top 24 bits (of 32) from wire synth_harness.$flatten\u_fpu_adder.$ternary$../../rtl/fpu_adder.sv:60$57_Y.

3.14. Executing PEEPOPT pass (run peephole optimizers).

3.15. Executing OPT_CLEAN pass (remove unused cells and wires).
Finding unused cells or wires in module \synth_harness..
Removed 6 unused cells and 112 unused wires.
<suppressed ~7 debug messages>

3.16. Executing SHARE pass (SAT-based resource sharing).
Found 3 cells in module synth_harness that may be considered for resource sharing.
  Analyzing resource sharing options for $flatten\u_fpu_adder.$shr$../../rtl/fpu_adder.sv:86$73 ($shr):
    Found 1278 activation_patterns using ctrl signal { \u_fpu_adder.a_is_inf \u_fpu_adder.b_is_inf \u_fpu_adder.a_is_zero \u_fpu_adder.b_is_zero $flatten\u_fpu_adder.$logic_or$../../rtl/fpu_adder.sv:49$40_Y $flatten\u_fpu_adder.$logic_and$../../rtl/fpu_adder.sv:51$44_Y $flatten\u_fpu_adder.$gt$../../rtl/fpu_adder.sv:75$67_Y $flatten\u_fpu_adder.$lt$../../rtl/fpu_adder.sv:85$72_Y $flatten\u_fpu_adder.$eq$../../rtl/fpu_adder.sv:94$74_Y $flatten\u_fpu_adder.$9\result_mant[24:0] [23] $flatten\u_fpu_adder.$ne$../../rtl/fpu_adder.sv:114$84_Y $flatten\u_fpu_adder.$ne$../../rtl/fpu_adder.sv:117$92_Y $flatten\u_fpu_adder.$logic_and$../../rtl/fpu_adder.sv:119$99_Y $flatten\u_fpu_adder.$logic_and$../../rtl/fpu_adder.sv:119$101_Y $flatten\u_fpu_adder.$logic_and$../../rtl/fpu_adder.sv:119$103_Y $flatten\u_fpu_adder.$logic_and$../../rtl/fpu_adder.sv:119$105_Y $flatten\u_fpu_adder.$logic_and$../../rtl/fpu_adder.sv:119$107_Y $flatten\u_fpu_adder.$logic_and$../../rtl/fpu_adder.sv:119$109_Y $flatten\u_fpu_adder.$ne$../../rtl/fpu_adder.sv:123$110_Y $flatten\u_fpu_adder.$logic_and$../../rtl/fpu_adder.sv:125$116_Y $flatten\u_fpu_adder.$logic_and$../../rtl/fpu_adder.sv:125$118_Y $flatten\u_fpu_adder.$logic_and$../../rtl/fpu_adder.sv:125$120_Y $flatten\u_fpu_adder.$logic_and$../../rtl/fpu_adder.sv:125$122_Y $flatten\u_fpu_adder.$logic_and$../../rtl/fpu_adder.sv:125$124_Y $flatten\u_fpu_adder.$logic_and$../../rtl/fpu_adder.sv:125$126_Y $flatten\u_fpu_adder.$logic_and$../../rtl/fpu_adder.sv:125$128_Y $flatten\u_fpu_adder.$logic_and$../../rtl/fpu_adder.sv:131$132_Y $flatten\u_fpu_adder.$logic_and$../../rtl/fpu_adder.sv:131$134_Y $flatten\u_fpu_adder.$logic_and$../../rtl/fpu_adder.sv:131$136_Y $flatten\u_fpu_adder.$logic_and$../../rtl/fpu_adder.sv:131$138_Y $flatten\u_fpu_adder.$logic_and$../../rtl/fpu_adder.sv:131$140_Y $flatten\u_fpu_adder.$logic_and$../../rtl/fpu_adder.sv:131$142_Y $flatten\u_fpu_adder.$logic_and$../../rtl/fpu_adder.sv:131$144_Y $flatten\u_fpu_adder.$le$../../rtl/fpu_adder.sv:138$145_Y $flatten\u_fpu_adder.$eq$../../rtl/fpu_adder.sv:150$148_Y }.
    Found 1 candidates: $flatten\u_fpu_adder.$shr$../../rtl/fpu_adder.sv:78$70
    Analyzing resource sharing with $flatten\u_fpu_adder.$shr$../../rtl/fpu_adder.sv:78$70 ($shr):
      Found 1278 activation_patterns using ctrl signal { \u_fpu_adder.a_is_inf \u_fpu_adder.b_is_inf \u_fpu_adder.a_is_zero \u_fpu_adder.b_is_zero $flatten\u_fpu_adder.$logic_or$../../rtl/fpu_adder.sv:49$40_Y $flatten\u_fpu_adder.$logic_and$../../rtl/fpu_adder.sv:51$44_Y $flatten\u_fpu_adder.$gt$../../rtl/fpu_adder.sv:75$67_Y $flatten\u_fpu_adder.$lt$../../rtl/fpu_adder.sv:77$69_Y $flatten\u_fpu_adder.$eq$../../rtl/fpu_adder.sv:94$74_Y $flatten\u_fpu_adder.$9\result_mant[24:0] [23] $flatten\u_fpu_adder.$ne$../../rtl/fpu_adder.sv:114$84_Y $flatten\u_fpu_adder.$ne$../../rtl/fpu_adder.sv:117$92_Y $flatten\u_fpu_adder.$logic_and$../../rtl/fpu_adder.sv:119$99_Y $flatten\u_fpu_adder.$logic_and$../../rtl/fpu_adder.sv:119$101_Y $flatten\u_fpu_adder.$logic_and$../../rtl/fpu_adder.sv:119$103_Y $flatten\u_fpu_adder.$logic_and$../../rtl/fpu_adder.sv:119$105_Y $flatten\u_fpu_adder.$logic_and$../../rtl/fpu_adder.sv:119$107_Y $flatten\u_fpu_adder.$logic_and$../../rtl/fpu_adder.sv:119$109_Y $flatten\u_fpu_adder.$ne$../../rtl/fpu_adder.sv:123$110_Y $flatten\u_fpu_adder.$logic_and$../../rtl/fpu_adder.sv:125$116_Y $flatten\u_fpu_adder.$logic_and$../../rtl/fpu_adder.sv:125$118_Y $flatten\u_fpu_adder.$logic_and$../../rtl/fpu_adder.sv:125$120_Y $flatten\u_fpu_adder.$logic_and$../../rtl/fpu_adder.sv:125$122_Y $flatten\u_fpu_adder.$logic_and$../../rtl/fpu_adder.sv:125$124_Y $flatten\u_fpu_adder.$logic_and$../../rtl/fpu_adder.sv:125$126_Y $flatten\u_fpu_adder.$logic_and$../../rtl/fpu_adder.sv:125$128_Y $flatten\u_fpu_adder.$logic_and$../../rtl/fpu_adder.sv:131$132_Y $flatten\u_fpu_adder.$logic_and$../../rtl/fpu_adder.sv:131$134_Y $flatten\u_fpu_adder.$logic_and$../../rtl/fpu_adder.sv:131$136_Y $flatten\u_fpu_adder.$logic_and$../../rtl/fpu_adder.sv:131$138_Y $flatten\u_fpu_adder.$logic_and$../../rtl/fpu_adder.sv:131$140_Y $flatten\u_fpu_adder.$logic_and$../../rtl/fpu_adder.sv:131$142_Y $flatten\u_fpu_adder.$logic_and$../../rtl/fpu_adder.sv:131$144_Y $flatten\u_fpu_adder.$le$../../rtl/fpu_adder.sv:138$145_Y $flatten\u_fpu_adder.$eq$../../rtl/fpu_adder.sv:150$148_Y }.
      Forbidden control signals for this pair of cells: { $flatten\u_fpu_adder.$add$../../rtl/fpu_adder.sv:95$78_Y [24] $flatten\u_fpu_adder.$ge$../../rtl/fpu_adder.sv:104$81_Y $flatten\u_fpu_adder.$9\result_mant[24:0] [23:22] $flatten\u_fpu_adder.$9\result_mant[24:0] [15] $flatten\u_fpu_adder.$9\result_mant[24:0] [7] $flatten\u_fpu_adder.$ne$../../rtl/fpu_adder.sv:114$84_Y $flatten\u_fpu_adder.$ne$../../rtl/fpu_adder.sv:117$92_Y $flatten\u_fpu_adder.$logic_and$../../rtl/fpu_adder.sv:119$99_Y $flatten\u_fpu_adder.$logic_and$../../rtl/fpu_adder.sv:119$101_Y $flatten\u_fpu_adder.$logic_and$../../rtl/fpu_adder.sv:119$103_Y $flatten\u_fpu_adder.$logic_and$../../rtl/fpu_adder.sv:119$105_Y $flatten\u_fpu_adder.$logic_and$../../rtl/fpu_adder.sv:119$107_Y $flatten\u_fpu_adder.$logic_and$../../rtl/fpu_adder.sv:119$109_Y $flatten\u_fpu_adder.$ne$../../rtl/fpu_adder.sv:123$110_Y $flatten\u_fpu_adder.$logic_and$../../rtl/fpu_adder.sv:125$116_Y $flatten\u_fpu_adder.$logic_and$../../rtl/fpu_adder.sv:125$118_Y $flatten\u_fpu_adder.$logic_and$../../rtl/fpu_adder.sv:125$120_Y $flatten\u_fpu_adder.$logic_and$../../rtl/fpu_adder.sv:125$122_Y $flatten\u_fpu_adder.$logic_and$../../rtl/fpu_adder.sv:125$124_Y $flatten\u_fpu_adder.$logic_and$../../rtl/fpu_adder.sv:125$126_Y $flatten\u_fpu_adder.$logic_and$../../rtl/fpu_adder.sv:125$128_Y $flatten\u_fpu_adder.$logic_and$../../rtl/fpu_adder.sv:131$132_Y $flatten\u_fpu_adder.$logic_and$../../rtl/fpu_adder.sv:131$134_Y $flatten\u_fpu_adder.$logic_and$../../rtl/fpu_adder.sv:131$136_Y $flatten\u_fpu_adder.$logic_and$../../rtl/fpu_adder.sv:131$138_Y $flatten\u_fpu_adder.$logic_and$../../rtl/fpu_adder.sv:131$140_Y $flatten\u_fpu_adder.$logic_and$../../rtl/fpu_adder.sv:131$142_Y $flatten\u_fpu_adder.$logic_and$../../rtl/fpu_adder.sv:131$144_Y $flatten\u_fpu_adder.$le$../../rtl/fpu_adder.sv:138$145_Y $flatten\u_fpu_adder.$eq$../../rtl/fpu_adder.sv:150$148_Y }
      Activation pattern for cell $flatten\u_fpu_adder.$shr$../../rtl/fpu_adder.sv:86$73: { \u_fpu_adder.a_is_inf \u_fpu_adder.b_is_inf \u_fpu_adder.a_is_zero \u_fpu_adder.b_is_zero $flatten\u_fpu_adder.$logic_or$../../rtl/fpu_adder.sv:49$40_Y $flatten\u_fpu_adder.$logic_and$../../rtl/fpu_adder.sv:51$44_Y $flatten\u_fpu_adder.$gt$../../rtl/fpu_adder.sv:75$67_Y $flatten\u_fpu_adder.$lt$../../rtl/fpu_adder.sv:85$72_Y } = 8'00000001
      Activation pattern for cell $flatten\u_fpu_adder.$shr$../../rtl/fpu_adder.sv:86$73: { \u_fpu_adder.a_is_inf \u_fpu_adder.b_is_inf \u_fpu_adder.a_is_zero \u_fpu_adder.b_is_zero $flatten\u_fpu_adder.$logic_or$../../rtl/fpu_adder.sv:49$40_Y $flatten\u_fpu_adder.$logic_and$../../rtl/fpu_adder.sv:51$44_Y $flatten\u_fpu_adder.$gt$../../rtl/fpu_adder.sv:75$67_Y $flatten\u_fpu_adder.$lt$../../rtl/fpu_adder.sv:85$72_Y $flatten\u_fpu_adder.$eq$../../rtl/fpu_adder.sv:94$74_Y } = 9'000000010
      Activation pattern for cell $flatten\u_fpu_adder.$shr$../../rtl/fpu_adder.sv:78$70: { \u_fpu_adder.a_is_inf \u_fpu_adder.b_is_inf \u_fpu_adder.a_is_zero \u_fpu_adder.b_is_zero $flatten\u_fpu_adder.$logic_or$../../rtl/fpu_adder.sv:49$40_Y $flatten\u_fpu_adder.$logic_and$../../rtl/fpu_adder.sv:51$44_Y $flatten\u_fpu_adder.$gt$../../rtl/fpu_adder.sv:75$67_Y $flatten\u_fpu_adder.$lt$../../rtl/fpu_adder.sv:77$69_Y } = 8'00000011
      Activation pattern for cell $flatten\u_fpu_adder.$shr$../../rtl/fpu_adder.sv:78$70: { \u_fpu_adder.a_is_inf \u_fpu_adder.b_is_inf \u_fpu_adder.a_is_zero \u_fpu_adder.b_is_zero $flatten\u_fpu_adder.$logic_or$../../rtl/fpu_adder.sv:49$40_Y $flatten\u_fpu_adder.$logic_and$../../rtl/fpu_adder.sv:51$44_Y $flatten\u_fpu_adder.$gt$../../rtl/fpu_adder.sv:75$67_Y $flatten\u_fpu_adder.$lt$../../rtl/fpu_adder.sv:77$69_Y $flatten\u_fpu_adder.$eq$../../rtl/fpu_adder.sv:94$74_Y } = 9'000000110
      Size of SAT problem: 0 cells, 471 variables, 1297 clauses
      According to the SAT solver this pair of cells can be shared.
      Activation signal for $flatten\u_fpu_adder.$shr$../../rtl/fpu_adder.sv:86$73: $auto$share.cc:987:make_cell_activation_logic$3472
      New cell: $auto$share.cc:667:make_supercell$3479 ($shr)
  Analyzing resource sharing options for $auto$share.cc:667:make_supercell$3479 ($shr):
    Found 4 activation_patterns using ctrl signal { \u_fpu_adder.a_is_inf \u_fpu_adder.b_is_inf \u_fpu_adder.a_is_zero \u_fpu_adder.b_is_zero $flatten\u_fpu_adder.$logic_or$../../rtl/fpu_adder.sv:49$40_Y $flatten\u_fpu_adder.$logic_and$../../rtl/fpu_adder.sv:51$44_Y $flatten\u_fpu_adder.$gt$../../rtl/fpu_adder.sv:75$67_Y $flatten\u_fpu_adder.$lt$../../rtl/fpu_adder.sv:77$69_Y $flatten\u_fpu_adder.$lt$../../rtl/fpu_adder.sv:85$72_Y $flatten\u_fpu_adder.$eq$../../rtl/fpu_adder.sv:94$74_Y }.
    No candidates found.
  Analyzing resource sharing options for $flatten\u_fpu_adder.$shl$../../rtl/fpu_adder.sv:139$146 ($shl):
    Found 2 activation_patterns using ctrl signal { \u_fpu_adder.a_is_inf \u_fpu_adder.b_is_inf \u_fpu_adder.a_is_zero \u_fpu_adder.b_is_zero $flatten\u_fpu_adder.$logic_or$../../rtl/fpu_adder.sv:49$40_Y $flatten\u_fpu_adder.$logic_and$../../rtl/fpu_adder.sv:51$44_Y $flatten\u_fpu_adder.$eq$../../rtl/fpu_adder.sv:94$74_Y $flatten\u_fpu_adder.$9\result_mant[24:0] [23] $flatten\u_fpu_adder.$ne$../../rtl/fpu_adder.sv:114$84_Y $flatten\u_fpu_adder.$le$../../rtl/fpu_adder.sv:138$145_Y $flatten\u_fpu_adder.$eq$../../rtl/fpu_adder.sv:150$148_Y }.
    No candidates found.
Removing 2 cells in module synth_harness:
  Removing cell $flatten\u_fpu_adder.$shr$../../rtl/fpu_adder.sv:78$70 ($shr).
  Removing cell $flatten\u_fpu_adder.$shr$../../rtl/fpu_adder.sv:86$73 ($shr).

3.17. Executing TECHMAP pass (map to technology primitives).

3.17.1. Executing Verilog-2005 frontend: /usr/bin/../share/yosys/cmp2lut.v
Parsing Verilog input from `/usr/bin/../share/yosys/cmp2lut.v' to AST representation.
Generating RTLIL representation for module `\_90_lut_cmp_'.
Successfully finished Verilog frontend.

3.17.2. Continuing TECHMAP pass.
No more expansions possible.
<suppressed ~114 debug messages>

3.18. Executing OPT_EXPR pass (perform const folding).
Optimizing module synth_harness.

3.19. Executing OPT_CLEAN pass (remove unused cells and wires).
Finding unused cells or wires in module \synth_harness..
Removed 0 unused cells and 2 unused wires.
<suppressed ~3 debug messages>

3.20. Executing ALUMACC pass (create $alu and $macc cells).
Extracting $alu and $macc cells in module synth_harness:
  creating $macc model for $add$synth_harness.sv:41$540 ($add).
  creating $macc model for $flatten\u_fpu_adder.$add$../../rtl/fpu_adder.sv:95$78 ($add).
  creating $macc model for $flatten\u_fpu_adder.$sub$../../rtl/fpu_adder.sv:105$82 ($sub).
  creating $macc model for $flatten\u_fpu_adder.$sub$../../rtl/fpu_adder.sv:108$83 ($sub).
  creating $macc model for $flatten\u_fpu_adder.$sub$../../rtl/fpu_adder.sv:76$68 ($sub).
  creating $macc model for $flatten\u_fpu_adder.$sub$../../rtl/fpu_adder.sv:84$71 ($sub).
  creating $alu model for $macc $flatten\u_fpu_adder.$sub$../../rtl/fpu_adder.sv:84$71.
  creating $alu model for $macc $flatten\u_fpu_adder.$sub$../../rtl/fpu_adder.sv:76$68.
  creating $alu model for $macc $flatten\u_fpu_adder.$sub$../../rtl/fpu_adder.sv:108$83.
  creating $alu model for $macc $flatten\u_fpu_adder.$sub$../../rtl/fpu_adder.sv:105$82.
  creating $alu model for $macc $flatten\u_fpu_adder.$add$../../rtl/fpu_adder.sv:95$78.
  creating $alu model for $macc $add$synth_harness.sv:41$540.
  creating $alu model for $flatten\u_fpu_adder.$ge$../../rtl/fpu_adder.sv:104$81 ($ge): merged with $flatten\u_fpu_adder.$sub$../../rtl/fpu_adder.sv:105$82.
  creating $alu model for $flatten\u_fpu_adder.$gt$../../rtl/fpu_adder.sv:75$67 ($gt): merged with $flatten\u_fpu_adder.$sub$../../rtl/fpu_adder.sv:76$68.
  creating $alu model for $flatten\u_fpu_adder.$le$../../rtl/fpu_adder.sv:138$145 ($le): new $alu
  creating $alu model for $flatten\u_fpu_adder.$lt$../../rtl/fpu_adder.sv:77$69 ($lt): new $alu
  creating $alu model for $flatten\u_fpu_adder.$lt$../../rtl/fpu_adder.sv:85$72 ($lt): new $alu
  creating $alu cell for $flatten\u_fpu_adder.$lt$../../rtl/fpu_adder.sv:85$72: $auto$alumacc.cc:485:replace_alu$3486
  creating $alu cell for $flatten\u_fpu_adder.$lt$../../rtl/fpu_adder.sv:77$69: $auto$alumacc.cc:485:replace_alu$3497
  creating $alu cell for $flatten\u_fpu_adder.$le$../../rtl/fpu_adder.sv:138$145: $auto$alumacc.cc:485:replace_alu$3508
  creating $alu cell for $add$synth_harness.sv:41$540: $auto$alumacc.cc:485:replace_alu$3521
  creating $alu cell for $flatten\u_fpu_adder.$add$../../rtl/fpu_adder.sv:95$78: $auto$alumacc.cc:485:replace_alu$3524
  creating $alu cell for $flatten\u_fpu_adder.$sub$../../rtl/fpu_adder.sv:105$82, $flatten\u_fpu_adder.$ge$../../rtl/fpu_adder.sv:104$81: $auto$alumacc.cc:485:replace_alu$3527
  creating $alu cell for $flatten\u_fpu_adder.$sub$../../rtl/fpu_adder.sv:108$83: $auto$alumacc.cc:485:replace_alu$3540
  creating $alu cell for $flatten\u_fpu_adder.$sub$../../rtl/fpu_adder.sv:76$68, $flatten\u_fpu_adder.$gt$../../rtl/fpu_adder.sv:75$67: $auto$alumacc.cc:485:replace_alu$3543
  creating $alu cell for $flatten\u_fpu_adder.$sub$../../rtl/fpu_adder.sv:84$71: $auto$alumacc.cc:485:replace_alu$3554
  created 9 $alu and 0 $macc cells.

3.21. Executing OPT pass (performing simple optimizations).

3.21.1. Executing OPT_EXPR pass (perform const folding).
Optimizing module synth_harness.
<suppressed ~5 debug messages>

3.21.2. Executing OPT_MERGE pass (detect identical cells).
Finding identical cells in module `\synth_harness'.
Removed a total of 0 cells.

3.21.3. Executing OPT_MUXTREE pass (detect dead branches in mux trees).
Running muxtree optimizer on module \synth_harness..
  Creating internal representation of mux trees.
  Evaluating internal representation of mux trees.
  Analyzing evaluation results.
Removed 0 multiplexer ports.
<suppressed ~29 debug messages>

3.21.4. Executing OPT_REDUCE pass (consolidate $*mux and $reduce_* inputs).
  Optimizing cells in module \synth_harness.
Performed a total of 0 changes.

3.21.5. Executing OPT_MERGE pass (detect identical cells).
Finding identical cells in module `\synth_harness'.
Removed a total of 0 cells.

3.21.6. Executing OPT_DFF pass (perform DFF optimizations).

3.21.7. Executing OPT_CLEAN pass (remove unused cells and wires).
Finding unused cells or wires in module \synth_harness..
Removed 1 unused cells and 6 unused wires.
<suppressed ~2 debug messages>

3.21.8. Executing OPT_EXPR pass (perform const folding).
Optimizing module synth_harness.

3.21.9. Rerunning OPT passes. (Maybe there is more to do..)

3.21.10. Executing OPT_MUXTREE pass (detect dead branches in mux trees).
Running muxtree optimizer on module \synth_harness..
  Creating internal representation of mux trees.
  Evaluating internal representation of mux trees.
  Analyzing evaluation results.
Removed 0 multiplexer ports.
<suppressed ~29 debug messages>

3.21.11. Executing OPT_REDUCE pass (consolidate $*mux and $reduce_* inputs).
  Optimizing cells in module \synth_harness.
Performed a total of 0 changes.

3.21.12. Executing OPT_MERGE pass (detect identical cells).
Finding identical cells in module `\synth_harness'.
Removed a total of 0 cells.

3.21.13. Executing OPT_DFF pass (perform DFF optimizations).

3.21.14. Executing OPT_CLEAN pass (remove unused cells and wires).
Finding unused cells or wires in module \synth_harness..

3.21.15. Executing OPT_EXPR pass (perform const folding).
Optimizing module synth_harness.

3.21.16. Finished OPT passes. (There is nothing left to do.)

3.22. Executing MEMORY pass.

3.22.1. Executing OPT_MEM pass (optimize memories).
Performed a total of 0 transformations.

3.22.2. Executing OPT_MEM_PRIORITY pass (removing unnecessary memory write priority relations).
Performed a total of 0 transformations.

3.22.3. Executing OPT_MEM_FEEDBACK pass (finding memory read-to-write feedback paths).

3.22.4. Executing MEMORY_BMUX2ROM pass (converting muxes to ROMs).

3.22.5. Executing MEMORY_DFF pass (merging $dff cells to $memrd).

3.22.6. Executing OPT_CLEAN pass (remove unused cells and wires).
Finding unused cells or wires in module \synth_harness..

3.22.7. Executing MEMORY_SHARE pass (consolidating $memrd/$memwr cells).

3.22.8. Executing OPT_MEM_WIDEN pass (optimize memories where all ports are wide).
Performed a total of 0 transformations.

3.22.9. Executing OPT_CLEAN pass (remove unused cells and wires).
Finding unused cells or wires in module \synth_harness..

3.22.10. Executing MEMORY_COLLECT pass (generating $mem cells).

3.23. Executing OPT_CLEAN pass (remove unused cells and wires).
Finding unused cells or wires in module \synth_harness..

3.24. Executing MEMORY_LIBMAP pass (mapping memories to cells).

3.25. Executing TECHMAP pass (map to technology primitives).

3.25.1. Executing Verilog-2005 frontend: /usr/bin/../share/yosys/ice40/brams_map.v
Parsing Verilog input from `/usr/bin/../share/yosys/ice40/brams_map.v' to AST representation.
Generating RTLIL representation for module `\$__ICE40_RAM4K_'.
Successfully finished Verilog frontend.

3.25.2. Executing Verilog-2005 frontend: /usr/bin/../share/yosys/ice40/spram_map.v
Parsing Verilog input from `/usr/bin/../share/yosys/ice40/spram_map.v' to AST representation.
Generating RTLIL representation for module `\$__ICE40_SPRAM_'.
Successfully finished Verilog frontend.

3.25.3. Continuing TECHMAP pass.
No more expansions possible.
<suppressed ~4 debug messages>

3.26. Executing ICE40_BRAMINIT pass.

3.27. Executing OPT pass (performing simple optimizations).

3.27.1. Executing OPT_EXPR pass (perform const folding).
Optimizing module synth_harness.
<suppressed ~304 debug messages>

3.27.2. Executing OPT_MERGE pass (detect identical cells).
Finding identical cells in module `\synth_harness'.
Removed a total of 0 cells.

3.27.3. Executing OPT_DFF pass (perform DFF optimizations).

3.27.4. Executing OPT_CLEAN pass (remove unused cells and wires).
Finding unused cells or wires in module \synth_harness..
Removed 0 unused cells and 254 unused wires.
<suppressed ~1 debug messages>

3.27.5. Finished fast OPT passes.

3.28. Executing MEMORY_MAP pass (converting memories to logic and flip-flops).

3.29. Executing OPT pass (performing simple optimizations).

3.29.1. Executing OPT_EXPR pass (perform const folding).
Optimizing module synth_harness.

3.29.2. Executing OPT_MERGE pass (detect identical cells).
Finding identical cells in module `\synth_harness'.
Removed a total of 0 cells.

3.29.3. Executing OPT_MUXTREE pass (detect dead branches in mux trees).
Running muxtree optimizer on module \synth_harness..
  Creating internal representation of mux trees.
  Evaluating internal representation of mux trees.
  Analyzing evaluation results.
Removed 0 multiplexer ports.
<suppressed ~28 debug messages>

3.29.4. Executing OPT_REDUCE pass (consolidate $*mux and $reduce_* inputs).
  Optimizing cells in module \synth_harness.
    Consolidated identical input bits for $mux cell $auto$share.cc:660:make_supercell$3476:
      Old ports: A={ 1'1 \stim_reg[1] [22:0] }, B={ 1'1 \stim_reg[0] [22:0] }, Y=$auto$share.cc:657:make_supercell$3474
      New ports: A=\stim_reg[1] [22:0], B=\stim_reg[0] [22:0], Y=$auto$share.cc:657:make_supercell$3474 [22:0]
      New connections: $auto$share.cc:657:make_supercell$3474 [23] = 1'1
    Consolidated identical input bits for $mux cell $flatten\u_fpu_adder.$procmux$1176:
      Old ports: A={ 4'0000 $auto$wreduce.cc:461:run$3377 [3:0] }, B=8'00001001, Y=$flatten\u_fpu_adder.$20\norm_shift[7:0]
      New ports: A=$auto$wreduce.cc:461:run$3377 [3:0], B=4'1001, Y=$flatten\u_fpu_adder.$20\norm_shift[7:0] [3:0]
      New connections: $flatten\u_fpu_adder.$20\norm_shift[7:0] [7:4] = 4'0000
    Consolidated identical input bits for $mux cell $flatten\u_fpu_adder.$procmux$1212:
      Old ports: A=4'0000, B=4'1000, Y=$auto$wreduce.cc:461:run$3377 [3:0]
      New ports: A=1'0, B=1'1, Y=$auto$wreduce.cc:461:run$3377 [3]
      New connections: $auto$wreduce.cc:461:run$3377 [2:0] = 3'000
    Consolidated identical input bits for $mux cell $flatten\u_fpu_adder.$procmux$1512:
      Old ports: A={ 7'0000000 $auto$wreduce.cc:461:run$3388 [0] }, B=8'00000010, Y=$flatten\u_fpu_adder.$12\norm_shift[7:0]
      New ports: A={ 1'0 $auto$wreduce.cc:461:run$3388 [0] }, B=2'10, Y=$flatten\u_fpu_adder.$12\norm_shift[7:0] [1:0]
      New connections: $flatten\u_fpu_adder.$12\norm_shift[7:0] [7:2] = 6'000000
    Consolidated identical input bits for $mux cell $flatten\u_fpu_adder.$procmux$887:
      Old ports: A={ 3'000 $auto$wreduce.cc:461:run$3455 [4:0] }, B=8'00010001, Y=$auto$wreduce.cc:461:run$3444
      New ports: A=$auto$wreduce.cc:461:run$3455 [4:0], B=5'10001, Y=$auto$wreduce.cc:461:run$3444 [4:0]
      New connections: $auto$wreduce.cc:461:run$3444 [7:5] = 3'000
    Consolidated identical input bits for $mux cell $flatten\u_fpu_adder.$procmux$923:
      Old ports: A=5'00000, B=5'10000, Y=$auto$wreduce.cc:461:run$3455 [4:0]
      New ports: A=1'0, B=1'1, Y=$auto$wreduce.cc:461:run$3455 [4]
      New connections: $auto$wreduce.cc:461:run$3455 [3:0] = 4'0000
  Optimizing cells in module \synth_harness.
    Consolidated identical input bits for $mux cell $flatten\u_fpu_adder.$procmux$1140:
      Old ports: A=$flatten\u_fpu_adder.$20\norm_shift[7:0], B=8'00001010, Y=$flatten\u_fpu_adder.$21\norm_shift[7:0]
      New ports: A=$flatten\u_fpu_adder.$20\norm_shift[7:0] [3:0], B=4'1010, Y=$flatten\u_fpu_adder.$21\norm_shift[7:0] [3:0]
      New connections: $flatten\u_fpu_adder.$21\norm_shift[7:0] [7:4] = 4'0000
    Consolidated identical input bits for $mux cell $flatten\u_fpu_adder.$procmux$1176:
      Old ports: A=$auto$wreduce.cc:461:run$3377 [3:0], B=4'1001, Y=$flatten\u_fpu_adder.$20\norm_shift[7:0] [3:0]
      New ports: A={ $auto$wreduce.cc:461:run$3377 [3] 1'0 }, B=2'11, Y={ $flatten\u_fpu_adder.$20\norm_shift[7:0] [3] $flatten\u_fpu_adder.$20\norm_shift[7:0] [0] }
      New connections: $flatten\u_fpu_adder.$20\norm_shift[7:0] [2:1] = 2'00
    Consolidated identical input bits for $mux cell $flatten\u_fpu_adder.$procmux$1479:
      Old ports: A=$flatten\u_fpu_adder.$12\norm_shift[7:0], B=8'00000011, Y=$flatten\u_fpu_adder.$13\norm_shift[7:0]
      New ports: A=$flatten\u_fpu_adder.$12\norm_shift[7:0] [1:0], B=2'11, Y=$flatten\u_fpu_adder.$13\norm_shift[7:0] [1:0]
      New connections: $flatten\u_fpu_adder.$13\norm_shift[7:0] [7:2] = 6'000000
    Consolidated identical input bits for $mux cell $flatten\u_fpu_adder.$procmux$851:
      Old ports: A=$auto$wreduce.cc:461:run$3444, B=8'00010010, Y=$auto$wreduce.cc:461:run$3433
      New ports: A=$auto$wreduce.cc:461:run$3444 [4:0], B=5'10010, Y=$auto$wreduce.cc:461:run$3433 [4:0]
      New connections: $auto$wreduce.cc:461:run$3433 [7:5] = 3'000
    Consolidated identical input bits for $mux cell $flatten\u_fpu_adder.$procmux$887:
      Old ports: A=$auto$wreduce.cc:461:run$3455 [4:0], B=5'10001, Y=$auto$wreduce.cc:461:run$3444 [4:0]
      New ports: A={ $auto$wreduce.cc:461:run$3455 [4] 1'0 }, B=2'11, Y={ $auto$wreduce.cc:461:run$3444 [4] $auto$wreduce.cc:461:run$3444 [0] }
      New connections: $auto$wreduce.cc:461:run$3444 [3:1] = 3'000
  Optimizing cells in module \synth_harness.
    Consolidated identical input bits for $mux cell $flatten\u_fpu_adder.$procmux$1104:
      Old ports: A=$flatten\u_fpu_adder.$21\norm_shift[7:0], B=8'00001011, Y=$flatten\u_fpu_adder.$22\norm_shift[7:0]
      New ports: A=$flatten\u_fpu_adder.$21\norm_shift[7:0] [3:0], B=4'1011, Y=$flatten\u_fpu_adder.$22\norm_shift[7:0] [3:0]
      New connections: $flatten\u_fpu_adder.$22\norm_shift[7:0] [7:4] = 4'0000
    Consolidated identical input bits for $mux cell $flatten\u_fpu_adder.$procmux$1140:
      Old ports: A=$flatten\u_fpu_adder.$20\norm_shift[7:0] [3:0], B=4'1010, Y=$flatten\u_fpu_adder.$21\norm_shift[7:0] [3:0]
      New ports: A={ $flatten\u_fpu_adder.$20\norm_shift[7:0] [3] 1'0 $flatten\u_fpu_adder.$20\norm_shift[7:0] [0] }, B=3'110, Y={ $flatten\u_fpu_adder.$21\norm_shift[7:0] [3] $flatten\u_fpu_adder.$21\norm_shift[7:0] [1:0] }
      New connections: $flatten\u_fpu_adder.$21\norm_shift[7:0] [2] = 1'0
    Consolidated identical input bits for $mux cell $flatten\u_fpu_adder.$procmux$1446:
      Old ports: A=$flatten\u_fpu_adder.$13\norm_shift[7:0], B=8'00000100, Y=$flatten\u_fpu_adder.$14\norm_shift[7:0]
      New ports: A={ 1'0 $flatten\u_fpu_adder.$13\norm_shift[7:0] [1:0] }, B=3'100, Y=$flatten\u_fpu_adder.$14\norm_shift[7:0] [2:0]
      New connections: $flatten\u_fpu_adder.$14\norm_shift[7:0] [7:3] = 5'00000
    Consolidated identical input bits for $mux cell $flatten\u_fpu_adder.$procmux$815:
      Old ports: A=$auto$wreduce.cc:461:run$3433, B=8'00010011, Y=$auto$wreduce.cc:461:run$3422
      New ports: A=$auto$wreduce.cc:461:run$3433 [4:0], B=5'10011, Y=$auto$wreduce.cc:461:run$3422 [4:0]
      New connections: $auto$wreduce.cc:461:run$3422 [7:5] = 3'000
    Consolidated identical input bits for $mux cell $flatten\u_fpu_adder.$procmux$851:
      Old ports: A=$auto$wreduce.cc:461:run$3444 [4:0], B=5'10010, Y=$auto$wreduce.cc:461:run$3433 [4:0]
      New ports: A={ $auto$wreduce.cc:461:run$3444 [4] 1'0 $auto$wreduce.cc:461:run$3444 [0] }, B=3'110, Y={ $auto$wreduce.cc:461:run$3433 [4] $auto$wreduce.cc:461:run$3433 [1:0] }
      New connections: $auto$wreduce.cc:461:run$3433 [3:2] = 2'00
  Optimizing cells in module \synth_harness.
    Consolidated identical input bits for $mux cell $flatten\u_fpu_adder.$procmux$1068:
      Old ports: A=$flatten\u_fpu_adder.$22\norm_shift[7:0], B=8'00001100, Y=$flatten\u_fpu_adder.$23\norm_shift[7:0]
      New ports: A=$flatten\u_fpu_adder.$22\norm_shift[7:0] [3:0], B=4'1100, Y=$flatten\u_fpu_adder.$23\norm_shift[7:0] [3:0]
      New connections: $flatten\u_fpu_adder.$23\norm_shift[7:0] [7:4] = 4'0000
    Consolidated identical input bits for $mux cell $flatten\u_fpu_adder.$procmux$1104:
      Old ports: A=$flatten\u_fpu_adder.$21\norm_shift[7:0] [3:0], B=4'1011, Y=$flatten\u_fpu_adder.$22\norm_shift[7:0] [3:0]
      New ports: A={ $flatten\u_fpu_adder.$21\norm_shift[7:0] [3] $flatten\u_fpu_adder.$21\norm_shift[7:0] [1:0] }, B=3'111, Y={ $flatten\u_fpu_adder.$22\norm_shift[7:0] [3] $flatten\u_fpu_adder.$22\norm_shift[7:0] [1:0] }
      New connections: $flatten\u_fpu_adder.$22\norm_shift[7:0] [2] = 1'0
    Consolidated identical input bits for $mux cell $flatten\u_fpu_adder.$procmux$1413:
      Old ports: A=$flatten\u_fpu_adder.$14\norm_shift[7:0], B=8'00000101, Y=$flatten\u_fpu_adder.$15\norm_shift[7:0]
      New ports: A=$flatten\u_fpu_adder.$14\norm_shift[7:0] [2:0], B=3'101, Y=$flatten\u_fpu_adder.$15\norm_shift[7:0] [2:0]
      New connections: $flatten\u_fpu_adder.$15\norm_shift[7:0] [7:3] = 5'00000
    Consolidated identical input bits for $mux cell $flatten\u_fpu_adder.$procmux$779:
      Old ports: A=$auto$wreduce.cc:461:run$3422, B=8'00010100, Y=$auto$wreduce.cc:461:run$3411
      New ports: A=$auto$wreduce.cc:461:run$3422 [4:0], B=5'10100, Y=$auto$wreduce.cc:461:run$3411 [4:0]
      New connections: $auto$wreduce.cc:461:run$3411 [7:5] = 3'000
    Consolidated identical input bits for $mux cell $flatten\u_fpu_adder.$procmux$815:
      Old ports: A=$auto$wreduce.cc:461:run$3433 [4:0], B=5'10011, Y=$auto$wreduce.cc:461:run$3422 [4:0]
      New ports: A={ $auto$wreduce.cc:461:run$3433 [4] $auto$wreduce.cc:461:run$3433 [1:0] }, B=3'111, Y={ $auto$wreduce.cc:461:run$3422 [4] $auto$wreduce.cc:461:run$3422 [1:0] }
      New connections: $auto$wreduce.cc:461:run$3422 [3:2] = 2'00
  Optimizing cells in module \synth_harness.
    Consolidated identical input bits for $mux cell $flatten\u_fpu_adder.$procmux$1032:
      Old ports: A=$flatten\u_fpu_adder.$23\norm_shift[7:0], B=8'00001101, Y=$flatten\u_fpu_adder.$24\norm_shift[7:0]
      New ports: A=$flatten\u_fpu_adder.$23\norm_shift[7:0] [3:0], B=4'1101, Y=$flatten\u_fpu_adder.$24\norm_shift[7:0] [3:0]
      New connections: $flatten\u_fpu_adder.$24\norm_shift[7:0] [7:4] = 4'0000
    Consolidated identical input bits for $mux cell $flatten\u_fpu_adder.$procmux$1380:
      Old ports: A=$flatten\u_fpu_adder.$15\norm_shift[7:0], B=8'00000110, Y=$flatten\u_fpu_adder.$16\norm_shift[7:0]
      New ports: A=$flatten\u_fpu_adder.$15\norm_shift[7:0] [2:0], B=3'110, Y=$flatten\u_fpu_adder.$16\norm_shift[7:0] [2:0]
      New connections: $flatten\u_fpu_adder.$16\norm_shift[7:0] [7:3] = 5'00000
    Consolidated identical input bits for $mux cell $flatten\u_fpu_adder.$procmux$743:
      Old ports: A=$auto$wreduce.cc:461:run$3411, B=8'00010101, Y=$auto$wreduce.cc:461:run$3400
      New ports: A=$auto$wreduce.cc:461:run$3411 [4:0], B=5'10101, Y=$auto$wreduce.cc:461:run$3400 [4:0]
      New connections: $auto$wreduce.cc:461:run$3400 [7:5] = 3'000
    Consolidated identical input bits for $mux cell $flatten\u_fpu_adder.$procmux$779:
      Old ports: A=$auto$wreduce.cc:461:run$3422 [4:0], B=5'10100, Y=$auto$wreduce.cc:461:run$3411 [4:0]
      New ports: A={ $auto$wreduce.cc:461:run$3422 [4] 1'0 $auto$wreduce.cc:461:run$3422 [1:0] }, B=4'1100, Y={ $auto$wreduce.cc:461:run$3411 [4] $auto$wreduce.cc:461:run$3411 [2:0] }
      New connections: $auto$wreduce.cc:461:run$3411 [3] = 1'0
  Optimizing cells in module \synth_harness.
    Consolidated identical input bits for $mux cell $flatten\u_fpu_adder.$procmux$1347:
      Old ports: A=$flatten\u_fpu_adder.$16\norm_shift[7:0], B=8'00000111, Y=$flatten\u_fpu_adder.$17\norm_shift[7:0]
      New ports: A=$flatten\u_fpu_adder.$16\norm_shift[7:0] [2:0], B=3'111, Y=$flatten\u_fpu_adder.$17\norm_shift[7:0] [2:0]
      New connections: $flatten\u_fpu_adder.$17\norm_shift[7:0] [7:3] = 5'00000
    Consolidated identical input bits for $mux cell $flatten\u_fpu_adder.$procmux$707:
      Old ports: A=$auto$wreduce.cc:461:run$3400, B=8'00010110, Y=$auto$wreduce.cc:461:run$3389
      New ports: A=$auto$wreduce.cc:461:run$3400 [4:0], B=5'10110, Y=$auto$wreduce.cc:461:run$3389 [4:0]
      New connections: $auto$wreduce.cc:461:run$3389 [7:5] = 3'000
    Consolidated identical input bits for $mux cell $flatten\u_fpu_adder.$procmux$743:
      Old ports: A=$auto$wreduce.cc:461:run$3411 [4:0], B=5'10101, Y=$auto$wreduce.cc:461:run$3400 [4:0]
      New ports: A={ $auto$wreduce.cc:461:run$3411 [4] $auto$wreduce.cc:461:run$3411 [2:0] }, B=4'1101, Y={ $auto$wreduce.cc:461:run$3400 [4] $auto$wreduce.cc:461:run$3400 [2:0] }
      New connections: $auto$wreduce.cc:461:run$3400 [3] = 1'0
    Consolidated identical input bits for $mux cell $flatten\u_fpu_adder.$procmux$996:
      Old ports: A=$flatten\u_fpu_adder.$24\norm_shift[7:0], B=8'00001110, Y=$auto$wreduce.cc:461:run$3466
      New ports: A=$flatten\u_fpu_adder.$24\norm_shift[7:0] [3:0], B=4'1110, Y=$auto$wreduce.cc:461:run$3466 [3:0]
      New connections: $auto$wreduce.cc:461:run$3466 [7:4] = 4'0000
  Optimizing cells in module \synth_harness.
    Consolidated identical input bits for $mux cell $flatten\u_fpu_adder.$procmux$671:
      Old ports: A=$auto$wreduce.cc:461:run$3389, B=8'00010111, Y=$flatten\u_fpu_adder.$34\norm_shift[7:0]
      New ports: A=$auto$wreduce.cc:461:run$3389 [4:0], B=5'10111, Y=$flatten\u_fpu_adder.$34\norm_shift[7:0] [4:0]
      New connections: $flatten\u_fpu_adder.$34\norm_shift[7:0] [7:5] = 3'000
    Consolidated identical input bits for $mux cell $flatten\u_fpu_adder.$procmux$707:
      Old ports: A=$auto$wreduce.cc:461:run$3400 [4:0], B=5'10110, Y=$auto$wreduce.cc:461:run$3389 [4:0]
      New ports: A={ $auto$wreduce.cc:461:run$3400 [4] $auto$wreduce.cc:461:run$3400 [2:0] }, B=4'1110, Y={ $auto$wreduce.cc:461:run$3389 [4] $auto$wreduce.cc:461:run$3389 [2:0] }
      New connections: $auto$wreduce.cc:461:run$3389 [3] = 1'0
    Consolidated identical input bits for $mux cell $flatten\u_fpu_adder.$procmux$960:
      Old ports: A=$auto$wreduce.cc:461:run$3466, B=8'00001111, Y=$flatten\u_fpu_adder.$26\norm_shift[7:0]
      New ports: A=$auto$wreduce.cc:461:run$3466 [3:0], B=4'1111, Y=$flatten\u_fpu_adder.$26\norm_shift[7:0] [3:0]
      New connections: $flatten\u_fpu_adder.$26\norm_shift[7:0] [7:4] = 4'0000
  Optimizing cells in module \synth_harness.
    Consolidated identical input bits for $mux cell $flatten\u_fpu_adder.$procmux$1280:
      Old ports: A=$flatten\u_fpu_adder.$34\norm_shift[7:0], B=$flatten\u_fpu_adder.$26\norm_shift[7:0], Y=$flatten\u_fpu_adder.$18\norm_shift[7:0]
      New ports: A=$flatten\u_fpu_adder.$34\norm_shift[7:0] [4:0], B={ 1'0 $flatten\u_fpu_adder.$26\norm_shift[7:0] [3:0] }, Y=$flatten\u_fpu_adder.$18\norm_shift[7:0] [4:0]
      New connections: $flatten\u_fpu_adder.$18\norm_shift[7:0] [7:5] = 3'000
    Consolidated identical input bits for $mux cell $flatten\u_fpu_adder.$procmux$671:
      Old ports: A=$auto$wreduce.cc:461:run$3389 [4:0], B=5'10111, Y=$flatten\u_fpu_adder.$34\norm_shift[7:0] [4:0]
      New ports: A={ $auto$wreduce.cc:461:run$3389 [4] $auto$wreduce.cc:461:run$3389 [2:0] }, B=4'1111, Y={ $flatten\u_fpu_adder.$34\norm_shift[7:0] [4] $flatten\u_fpu_adder.$34\norm_shift[7:0] [2:0] }
      New connections: $flatten\u_fpu_adder.$34\norm_shift[7:0] [3] = 1'0
  Optimizing cells in module \synth_harness.
    Consolidated identical input bits for $mux cell $flatten\u_fpu_adder.$procmux$1607:
      Old ports: A=$flatten\u_fpu_adder.$18\norm_shift[7:0], B=$flatten\u_fpu_adder.$17\norm_shift[7:0], Y=$flatten\u_fpu_adder.$10\norm_shift[7:0]
      New ports: A=$flatten\u_fpu_adder.$18\norm_shift[7:0] [4:0], B={ 2'00 $flatten\u_fpu_adder.$17\norm_shift[7:0] [2:0] }, Y=$flatten\u_fpu_adder.$10\norm_shift[7:0] [4:0]
      New connections: $flatten\u_fpu_adder.$10\norm_shift[7:0] [7:5] = 3'000
  Optimizing cells in module \synth_harness.
Performed a total of 35 changes.

3.29.5. Executing OPT_MERGE pass (detect identical cells).
Finding identical cells in module `\synth_harness'.
Removed a total of 0 cells.

3.29.6. Executing OPT_DFF pass (perform DFF optimizations).

3.29.7. Executing OPT_CLEAN pass (remove unused cells and wires).
Finding unused cells or wires in module \synth_harness..

3.29.8. Executing OPT_EXPR pass (perform const folding).
Optimizing module synth_harness.
<suppressed ~19 debug messages>

3.29.9. Rerunning OPT passes. (Maybe there is more to do..)

3.29.10. Executing OPT_MUXTREE pass (detect dead branches in mux trees).
Running muxtree optimizer on module \synth_harness..
  Creating internal representation of mux trees.
  Evaluating internal representation of mux trees.
  Analyzing evaluation results.
Removed 0 multiplexer ports.
<suppressed ~28 debug messages>

3.29.11. Executing OPT_REDUCE pass (consolidate $*mux and $reduce_* inputs).
  Optimizing cells in module \synth_harness.
Performed a total of 0 changes.

3.29.12. Executing OPT_MERGE pass (detect identical cells).
Finding identical cells in module `\synth_harness'.
Removed a total of 0 cells.

3.29.13. Executing OPT_DFF pass (perform DFF optimizations).

3.29.14. Executing OPT_CLEAN pass (remove unused cells and wires).
Finding unused cells or wires in module \synth_harness..

3.29.15. Executing OPT_EXPR pass (perform const folding).
Optimizing module synth_harness.

3.29.16. Finished OPT passes. (There is nothing left to do.)

3.30. Executing ICE40_WRAPCARRY pass (wrap carries).

3.31. Executing TECHMAP pass (map to technology primitives).

3.31.1. Executing Verilog-2005 frontend: /usr/bin/../share/yosys/techmap.v
Parsing Verilog input from `/usr/bin/../share/yosys/techmap.v' to AST representation.
Generating RTLIL representation for module `\_90_simplemap_bool_ops'.
Generating RTLIL representation for module `\_90_simplemap_reduce_ops'.
Generating RTLIL representation for module `\_90_simplemap_logic_ops'.
Generating RTLIL representation for module `\_90_simplemap_compare_ops'.
Generating RTLIL representation for module `\_90_simplemap_various'.
Generating RTLIL representation for module `\_90_simplemap_registers'.
Generating RTLIL representation for module `\_90_shift_ops_shr_shl_sshl_sshr'.
Generating RTLIL representation for module `\_90_shift_shiftx'.
Generating RTLIL representation for module `\_90_fa'.
Generating RTLIL representation for module `\_90_lcu'.
Generating RTLIL representation for module `\_90_alu'.
Generating RTLIL representation for module `\_90_macc'.
Generating RTLIL representation for module `\_90_alumacc'.
Generating RTLIL representation for module `\$__div_mod_u'.
Generating RTLIL representation for module `\$__div_mod_trunc'.
Generating RTLIL representation for module `\_90_div'.
Generating RTLIL representation for module `\_90_mod'.
Generating RTLIL representation for module `\$__div_mod_floor'.
Generating RTLIL representation for module `\_90_divfloor'.
Generating RTLIL representation for module `\_90_modfloor'.
Generating RTLIL representation for module `\_90_pow'.
Generating RTLIL representation for module `\_90_pmux'.
Generating RTLIL representation for module `\_90_demux'.
Generating RTLIL representation for module `\_90_lut'.
Successfully finished Verilog frontend.

3.31.2. Executing Verilog-2005 frontend: /usr/bin/../share/yosys/ice40/arith_map.v
Parsing Verilog input from `/usr/bin/../share/yosys/ice40/arith_map.v' to AST representation.
Generating RTLIL representation for module `\_80_ice40_alu'.
Successfully finished Verilog frontend.

3.31.3. Continuing TECHMAP pass.
Using extmapper simplemap for cells of type $not.
Using template $paramod$a7a1d5fc4563c49b9a54941942b1beedd64a98db\_80_ice40_alu for cells of type $alu.
Using extmapper simplemap for cells of type $adff.
Using extmapper simplemap for cells of type $dff.
Using extmapper simplemap for cells of type $eq.
Using extmapper simplemap for cells of type $or.
Using extmapper simplemap for cells of type $reduce_and.
Using extmapper simplemap for cells of type $reduce_or.
Using template $paramod$a1bc51c02ce12ac21eb18988e83292af48ed7d72\_80_ice40_alu for cells of type $alu.
Using template $paramod$cc48387a3f2cae79a81035f3d5a9b4758cb77854\_80_ice40_alu for cells of type $alu.
Using template $paramod$constmap:c405201d267c50179e77021e426cb047cc33c577$paramod$532ed33aa48e40f5030f3f04e98e15a19c73fe90\_90_shift_ops_shr_shl_sshl_sshr for cells of type $shr.
Using extmapper simplemap for cells of type $sdff.
Using extmapper simplemap for cells of type $logic_not.
Using template $paramod$constmap:8e0de504ff0564625b7f2e0740876a81a5f51a21$paramod$b0c76e666a5416f404927c8144b94403316fe4e8\_90_shift_ops_shr_shl_sshl_sshr for cells of type $shl.
Using template $paramod$672a140277c71df8314410f22acc08d55222c3c7\_80_ice40_alu for cells of type $alu.
Using extmapper simplemap for cells of type $logic_and.
Using extmapper simplemap for cells of type $reduce_bool.
Using extmapper simplemap for cells of type $ne.
Using extmapper simplemap for cells of type $xor.
Using extmapper simplemap for cells of type $logic_or.
Using extmapper simplemap for cells of type $pos.
No more expansions possible.
<suppressed ~1127 debug messages>

3.32. Executing OPT pass (performing simple optimizations).

3.32.1. Executing OPT_EXPR pass (perform const folding).
Optimizing module synth_harness.
<suppressed ~252 debug messages>

3.32.2. Executing OPT_MERGE pass (detect identical cells).
Finding identical cells in module `\synth_harness'.
<suppressed ~405 debug messages>
Removed a total of 135 cells.

3.32.3. Executing OPT_DFF pass (perform DFF optimizations).

3.32.4. Executing OPT_CLEAN pass (remove unused cells and wires).
Finding unused cells or wires in module \synth_harness..
Removed 63 unused cells and 219 unused wires.
<suppressed ~64 debug messages>

3.32.5. Finished fast OPT passes.

3.33. Executing ICE40_OPT pass (performing simple optimizations).

3.33.1. Running ICE40 specific optimizations.
Optimized $__ICE40_CARRY_WRAPPER cell back to logic (without SB_CARRY) synth_harness.$auto$alumacc.cc:485:replace_alu$3486.slice[0].carry: CO=$auto$alumacc.cc:485:replace_alu$3486.BB [0]
Optimized $__ICE40_CARRY_WRAPPER cell back to logic (without SB_CARRY) synth_harness.$auto$alumacc.cc:485:replace_alu$3497.slice[0].carry: CO=$auto$alumacc.cc:485:replace_alu$3497.BB [0]
Optimized $__ICE40_CARRY_WRAPPER cell back to logic (without SB_CARRY) synth_harness.$auto$alumacc.cc:485:replace_alu$3521.slice[0].carry: CO=\stim_sel [0]
Optimized $__ICE40_CARRY_WRAPPER cell back to logic (without SB_CARRY) synth_harness.$auto$alumacc.cc:485:replace_alu$3524.slice[24].carry: CO=1'0
Optimized $__ICE40_CARRY_WRAPPER cell back to logic (without SB_CARRY) synth_harness.$auto$alumacc.cc:485:replace_alu$3527.slice[24].carry: CO=$auto$alumacc.cc:485:replace_alu$3527.C [24]
Optimized $__ICE40_CARRY_WRAPPER cell back to logic (without SB_CARRY) synth_harness.$auto$alumacc.cc:485:replace_alu$3540.slice[24].carry: CO=$auto$alumacc.cc:485:replace_alu$3540.C [24]

3.33.2. Executing OPT_EXPR pass (perform const folding).
Optimizing module synth_harness.

3.33.3. Executing OPT_MERGE pass (detect identical cells).
Finding identical cells in module `\synth_harness'.
Removed a total of 0 cells.

3.33.4. Executing OPT_DFF pass (perform DFF optimizations).

3.33.5. Executing OPT_CLEAN pass (remove unused cells and wires).
Finding unused cells or wires in module \synth_harness..
Removed 2 unused cells and 3 unused wires.
<suppressed ~3 debug messages>

3.33.6. Rerunning OPT passes. (Removed registers in this run.)

3.33.7. Running ICE40 specific optimizations.

3.33.8. Executing OPT_EXPR pass (perform const folding).
Optimizing module synth_harness.

3.33.9. Executing OPT_MERGE pass (detect identical cells).
Finding identical cells in module `\synth_harness'.
Removed a total of 0 cells.

3.33.10. Executing OPT_DFF pass (perform DFF optimizations).

3.33.11. Executing OPT_CLEAN pass (remove unused cells and wires).
Finding unused cells or wires in module \synth_harness..

3.33.12. Finished OPT passes. (There is nothing left to do.)

3.34. Executing DFFLEGALIZE pass (convert FFs to types supported by the target).

3.35. Executing TECHMAP pass (map to technology primitives).

3.35.1. Executing Verilog-2005 frontend: /usr/bin/../share/yosys/ice40/ff_map.v
Parsing Verilog input from `/usr/bin/../share/yosys/ice40/ff_map.v' to AST representation.
Generating RTLIL representation for module `\$_DFF_N_'.
Generating RTLIL representation for module `\$_DFF_P_'.
Generating RTLIL representation for module `\$_DFFE_NP_'.
Generating RTLIL representation for module `\$_DFFE_PP_'.
Generating RTLIL representation for module `\$_DFF_NP0_'.
Generating RTLIL representation for module `\$_DFF_NP1_'.
Generating RTLIL representation for module `\$_DFF_PP0_'.
Generating RTLIL representation for module `\$_DFF_PP1_'.
Generating RTLIL representation for module `\$_DFFE_NP0P_'.
Generating RTLIL representation for module `\$_DFFE_NP1P_'.
Generating RTLIL representation for module `\$_DFFE_PP0P_'.
Generating RTLIL representation for module `\$_DFFE_PP1P_'.
Generating RTLIL representation for module `\$_SDFF_NP0_'.
Generating RTLIL representation for module `\$_SDFF_NP1_'.
Generating RTLIL representation for module `\$_SDFF_PP0_'.
Generating RTLIL representation for module `\$_SDFF_PP1_'.
Generating RTLIL representation for module `\$_SDFFCE_NP0P_'.
Generating RTLIL representation for module `\$_SDFFCE_NP1P_'.
Generating RTLIL representation for module `\$_SDFFCE_PP0P_'.
Generating RTLIL representation for module `\$_SDFFCE_PP1P_'.
Successfully finished Verilog frontend.

3.35.2. Continuing TECHMAP pass.
Using template \$_DFF_PP0_ for cells of type $_DFF_PP0_.
Using template \$_DFF_P_ for cells of type $_DFF_P_.
Using template \$_SDFF_PP0_ for cells of type $_SDFF_PP0_.
No more expansions possible.
<suppressed ~293 debug messages>

3.36. Executing OPT_EXPR pass (perform const folding).
Optimizing module synth_harness.

3.37. Executing SIMPLEMAP pass (map simple cells to gate primitives).
Mapping synth_harness.$auto$alumacc.cc:485:replace_alu$3521.slice[0].carry ($lut).
Mapping synth_harness.$auto$alumacc.cc:485:replace_alu$3524.slice[24].carry ($lut).
Mapping synth_harness.$auto$alumacc.cc:485:replace_alu$3527.slice[24].carry ($lut).
Mapping synth_harness.$auto$alumacc.cc:485:replace_alu$3540.slice[24].carry ($lut).

3.38. Executing ICE40_OPT pass (performing simple optimizations).

3.38.1. Running ICE40 specific optimizations.

3.38.2. Executing OPT_EXPR pass (perform const folding).
Optimizing module synth_harness.
<suppressed ~136 debug messages>

3.38.3. Executing OPT_MERGE pass (detect identical cells).
Finding identical cells in module `\synth_harness'.
<suppressed ~783 debug messages>
Removed a total of 261 cells.

3.38.4. Executing OPT_DFF pass (perform DFF optimizations).

3.38.5. Executing OPT_CLEAN pass (remove unused cells and wires).
Finding unused cells or wires in module \synth_harness..
Removed 0 unused cells and 1630 unused wires.
<suppressed ~1 debug messages>

3.38.6. Rerunning OPT passes. (Removed registers in this run.)

3.38.7. Running ICE40 specific optimizations.

3.38.8. Executing OPT_EXPR pass (perform const folding).
Optimizing module synth_harness.

3.38.9. Executing OPT_MERGE pass (detect identical cells).
Finding identical cells in module `\synth_harness'.
Removed a total of 0 cells.

3.38.10. Executing OPT_DFF pass (perform DFF optimizations).

3.38.11. Executing OPT_CLEAN pass (remove unused cells and wires).
Finding unused cells or wires in module \synth_harness..

3.38.12. Finished OPT passes. (There is nothing left to do.)

3.39. Executing TECHMAP pass (map to technology primitives).

3.39.1. Executing Verilog-2005 frontend: /usr/bin/../share/yosys/ice40/latches_map.v
Parsing Verilog input from `/usr/bin/../share/yosys/ice40/latches_map.v' to AST representation.
Generating RTLIL representation for module `\$_DLATCH_N_'.
Generating RTLIL representation for module `\$_DLATCH_P_'.
Successfully finished Verilog frontend.

3.39.2. Continuing TECHMAP pass.
No more expansions possible.
<suppressed ~4 debug messages>

3.40. Executing ABC pass (technology mapping using ABC).

3.40.1. Extracting gate netlist of module `\synth_harness' to `<abc-temp-dir>/input.blif'..
Extracted 1146 gates and 1322 wires to a netlist network with 174 inputs and 165 outputs.

3.40.1.1. Executing ABC.
Running ABC command: "<yosys-exe-dir>/yosys-abc" -s -f <abc-temp-dir>/abc.script 2>&1
ABC: ABC command line: "source <abc-temp-dir>/abc.script".
ABC: 
ABC: + read_blif <abc-temp-dir>/input.blif 
ABC: + read_lut <abc-temp-dir>/lutdefs.txt 
ABC: + strash 
ABC: + &get -n 
ABC: + &fraig -x 
ABC: + &put 
ABC: + scorr 
ABC: Warning: The network is combinational (run "fraig" or "fraig_sweep").
ABC: + dc2 
ABC: + dretime 
ABC: + strash 
ABC: + dch -f 
ABC: + if 
ABC: + mfs2 
ABC: + lutpack -S 1 
ABC: + dress <abc-temp-dir>/input.blif 
ABC: Total number of equiv classes                =     345.
ABC: Participating nodes from both networks       =     843.
ABC: Participating nodes from the first network   =     392. (  74.24 % of nodes)
ABC: Participating nodes from the second network  =     451. (  85.42 % of nodes)
ABC: Node pairs (any polarity)                    =     392. (  74.24 % of names can be moved)
ABC: Node pairs (same polarity)                   =     241. (  45.64 % of names can be moved)
ABC: Total runtime =     0.22 sec
ABC: + write_blif <abc-temp-dir>/output.blif 

3.40.1.2. Re-integrating ABC results.
ABC RESULTS:              $lut cells:      527
ABC RESULTS:        internal signals:      983
ABC RESULTS:           input signals:      174
ABC RESULTS:          output signals:      165
Removing temp directory.

3.41. Executing ICE40_WRAPCARRY pass (wrap carries).

3.42. Executing TECHMAP pass (map to technology primitives).

3.42.1. Executing Verilog-2005 frontend: /usr/bin/../share/yosys/ice40/ff_map.v
Parsing Verilog input from `/usr/bin/../share/yosys/ice40/ff_map.v' to AST representation.
Generating RTLIL representation for module `\$_DFF_N_'.
Generating RTLIL representation for module `\$_DFF_P_'.
Generating RTLIL representation for module `\$_DFFE_NP_'.
Generating RTLIL representation for module `\$_DFFE_PP_'.
Generating RTLIL representation for module `\$_DFF_NP0_'.
Generating RTLIL representation for module `\$_DFF_NP1_'.
Generating RTLIL representation for module `\$_DFF_PP0_'.
Generating RTLIL representation for module `\$_DFF_PP1_'.
Generating RTLIL representation for module `\$_DFFE_NP0P_'.
Generating RTLIL representation for module `\$_DFFE_NP1P_'.
Generating RTLIL representation for module `\$_DFFE_PP0P_'.
Generating RTLIL representation for module `\$_DFFE_PP1P_'.
Generating RTLIL representation for module `\$_SDFF_NP0_'.
Generating RTLIL representation for module `\$_SDFF_NP1_'.
Generating RTLIL representation for module `\$_SDFF_PP0_'.
Generating RTLIL representation for module `\$_SDFF_PP1_'.
Generating RTLIL representation for module `\$_SDFFCE_NP0P_'.
Generating RTLIL representation for module `\$_SDFFCE_NP1P_'.
Generating RTLIL representation for module `\$_SDFFCE_PP0P_'.
Generating RTLIL representation for module `\$_SDFFCE_PP1P_'.
Successfully finished Verilog frontend.

3.42.2. Continuing TECHMAP pass.
No more expansions possible.
<suppressed ~22 debug messages>
Removed 51 unused cells and 551 unused wires.

3.43. Executing OPT_LUT pass (optimize LUTs).
Discovering LUTs.
Number of LUTs:      600
  1-LUT               95
  2-LUT               66
  3-LUT              182
  4-LUT              257
  with \SB_CARRY    (#0)   71
  with \SB_CARRY    (#1)   70

Eliminating LUTs.
Number of LUTs:      600
  1-LUT               95
  2-LUT               66
  3-LUT              182
  4-LUT              257
  with \SB_CARRY    (#0)   71
  with \SB_CARRY    (#1)   70

Combining LUTs.
Number of LUTs:      599
  1-LUT               94
  2-LUT               66
  3-LUT              182
  4-LUT              257
  with \SB_CARRY    (#0)   71
  with \SB_CARRY    (#1)   70

Eliminated 0 LUTs.
Combined 1 LUTs.
<suppressed ~3048 debug messages>

3.44. Executing TECHMAP pass (map to technology primitives).

3.44.1. Executing Verilog-2005 frontend: /usr/bin/../share/yosys/ice40/cells_map.v
Parsing Verilog input from `/usr/bin/../share/yosys/ice40/cells_map.v' to AST representation.
Generating RTLIL representation for module `\$lut'.
Successfully finished Verilog frontend.

3.44.2. Continuing TECHMAP pass.
Using template $paramod$2d07c1a6c53c7b878509360922c4fa5ebedc3011\$lut for cells of type $lut.
Using template $paramod$571404c0889eaf57f492cb5e37f8acb5df5852f9\$lut for cells of type $lut.
Using template $paramod\$lut\WIDTH=32'00000000000000000000000000000010\LUT=4'0100 for cells of type $lut.
Using template $paramod\$lut\WIDTH=32'00000000000000000000000000000001\LUT=2'01 for cells of type $lut.
Using template $paramod$fd904e9e35cfd343a9df248824bd3f1408724879\$lut for cells of type $lut.
Using template $paramod\$lut\WIDTH=32'00000000000000000000000000000010\LUT=4'0001 for cells of type $lut.
Using template $paramod\$lut\WIDTH=32'00000000000000000000000000000011\LUT=8'10000000 for cells of type $lut.
Using template $paramod$658b9ed803f0d3d335616d3858b53e0a2522f1e8\$lut for cells of type $lut.
Using template $paramod\$lut\WIDTH=32'00000000000000000000000000000011\LUT=8'01110000 for cells of type $lut.
Using template $paramod\$lut\WIDTH=32'00000000000000000000000000000010\LUT=4'1000 for cells of type $lut.
Using template $paramod$6e238df02989b317f10820a22773676e71120644\$lut for cells of type $lut.
Using template $paramod$6b0849254d6c87461fb93e37cc18f089f61eb912\$lut for cells of type $lut.
Using template $paramod\$lut\WIDTH=32'00000000000000000000000000000011\LUT=8'00000001 for cells of type $lut.
Using template $paramod$4282def8dbd6df3d1248ad282c629bee684502c2\$lut for cells of type $lut.
Using template $paramod$b93d1ea7a612a32c185108f67a153d44ffb9aac2\$lut for cells of type $lut.
Using template $paramod\$lut\WIDTH=32'00000000000000000000000000000011\LUT=8'00010000 for cells of type $lut.
Using template $paramod\$lut\WIDTH=32'00000000000000000000000000000011\LUT=8'00110101 for cells of type $lut.
Using template $paramod$e2e4d79bec18c28fa313e8bd8f4df6f8a38115b2\$lut for cells of type $lut.
Using template $paramod$aff3a645bb9f572421a4f0f49cf8987ceb4bcdc5\$lut for cells of type $lut.
Using template $paramod$bba54c1ef87367812b4c15f4aed5ac70773df775\$lut for cells of type $lut.
Using template $paramod$8b24407096beec47292ddeb1567a058197a320b9\$lut for cells of type $lut.
Using template $paramod$5c32c59025c0b98f20e63f249d83e7ebb4b085e3\$lut for cells of type $lut.
Using template $paramod$608f40069c27841a5b3bdf03643a34bdc8974072\$lut for cells of type $lut.
Using template $paramod$4da2782c2e024b3eded45331a6607870b9d0254f\$lut for cells of type $lut.
Using template $paramod$4da6fe9957da309dc16b8f31a6b80b19c05c808d\$lut for cells of type $lut.
Using template $paramod\$lut\WIDTH=32'00000000000000000000000000000011\LUT=8'11001010 for cells of type $lut.
Using template $paramod$e49f6e3576ef1a6d2f58c54414dbb786af8cc869\$lut for cells of type $lut.
Using template $paramod$38f9bf4dd2329347b8471f0a98443dd323386889\$lut for cells of type $lut.
Using template $paramod$e5e9da8fed769f971686eed8c5eea50e61f73aaa\$lut for cells of type $lut.
Using template $paramod$ad3a97108c9f4d10f8acfa309b668b9455d3d733\$lut for cells of type $lut.
Using template $paramod$a2d691ba21e093558f2a36669ee489fbccffbcd3\$lut for cells of type $lut.
Using template $paramod\$lut\WIDTH=32'00000000000000000000000000000011\LUT=8'11000101 for cells of type $lut.
Using template $paramod\$lut\WIDTH=32'00000000000000000000000000000011\LUT=8'11100000 for cells of type $lut.
Using template $paramod$f3e1547c4b47e64c590e75cf09078b2507c8cc75\$lut for cells of type $lut.
Using template $paramod$82b4a585d1edcb5c6e755dc9bd3392228a1c1304\$lut for cells of type $lut.
Using template $paramod\$lut\WIDTH=32'00000000000000000000000000000011\LUT=8'00001101 for cells of type $lut.
Using template $paramod\$lut\WIDTH=32'00000000000000000000000000000011\LUT=8'00000111 for cells of type $lut.
Using template $paramod$1bf62ab10e48d71d6497bccacf5c70420c470fe9\$lut for cells of type $lut.
Using template $paramod\$lut\WIDTH=32'00000000000000000000000000000011\LUT=8'10101100 for cells of type $lut.
Using template $paramod$973818279bc95792902f3c09371fd2407d04a2a5\$lut for cells of type $lut.
Using template $paramod$a670b08a47dd8a34f954c50cd06e9996d77e8467\$lut for cells of type $lut.
Using template $paramod\$lut\WIDTH=32'00000000000000000000000000000010\LUT=4'0110 for cells of type $lut.
Using template $paramod$052ca015f1400ebf950f85d5f181f7a5865c336c\$lut for cells of type $lut.
Using template $paramod\$lut\WIDTH=32'00000000000000000000000000000011\LUT=8'10010000 for cells of type $lut.
Using template $paramod$c1a19a87ccbbb03d43a72335db63f692ddf82cc1\$lut for cells of type $lut.
Using template $paramod$272652f6c6fbe9a75eff76e45cc7e2788835518b\$lut for cells of type $lut.
Using template $paramod$2e7a95e82db1d690ae9ba5d10f68b175fa2cb467\$lut for cells of type $lut.
Using template $paramod$d6d3aaeac1b9aa2c4b652c48e0deb565040dda72\$lut for cells of type $lut.
Using template $paramod$e44315cb93753e6b7d65180b5b4aa42ab07bc5a2\$lut for cells of type $lut.
Using template $paramod\$lut\WIDTH=32'00000000000000000000000000000011\LUT=8'10001111 for cells of type $lut.
Using template $paramod\$lut\WIDTH=32'00000000000000000000000000000011\LUT=8'11010000 for cells of type $lut.
Using template $paramod$b4410865e8124402796f9dfbf73ef8d279fdbd08\$lut for cells of type $lut.
Using template $paramod$4b2297966ddb718657b80566604f97685ffc0120\$lut for cells of type $lut.
Using template $paramod$b4d0f4738a5ce50c7f36c2aa2ecc09cfb874f2b6\$lut for cells of type $lut.
Using template $paramod$c5f3c57a6d466a2f42208bafb8985b96ce884440\$lut for cells of type $lut.
Using template $paramod$6d6beead1425af15cf78b27fd9b11b41b5d4bce8\$lut for cells of type $lut.
Using template $paramod$e5759512db67494ff77fbdfc66dff4006376568f\$lut for cells of type $lut.
Using template $paramod\$lut\WIDTH=32'00000000000000000000000000000011\LUT=8'01010011 for cells of type $lut.
Using template $paramod\$lut\WIDTH=32'00000000000000000000000000000011\LUT=8'01000000 for cells of type $lut.
Using template $paramod$11ec7271d8e6e5aeaace08c13e4c601f10e31038\$lut for cells of type $lut.
Using template $paramod$41326ad8644342a66dfb051d050f2b6fbf15015b\$lut for cells of type $lut.
Using template $paramod$fccccf8bb2add7667329c686feec7546eb9a3ae3\$lut for cells of type $lut.
Using template $paramod$81d8a60fd95b1a9f9ef71c12a774ae6988cb9fd5\$lut for cells of type $lut.
Using template $paramod$a3cdc1eb771a2c6a16f64da161e11100ac409d2b\$lut for cells of type $lut.
Using template $paramod\$lut\WIDTH=32'00000000000000000000000000000010\LUT=4'1011 for cells of type $lut.
Using template $paramod\$lut\WIDTH=32'00000000000000000000000000000011\LUT=8'10111111 for cells of type $lut.
Using template $paramod$5cdc22d0bd3ca14398fe93d6a434826313da339f\$lut for cells of type $lut.
Using template $paramod$d3afbb90878580c83bdadaa1b3571bf27380c44c\$lut for cells of type $lut.
Using template $paramod\$lut\WIDTH=32'00000000000000000000000000000011\LUT=8'01100000 for cells of type $lut.
Using template $paramod$85b779ce5ab505dbf25e5e046fb43ca2b76b878b\$lut for cells of type $lut.
Using template $paramod$df0b68f8e63b2deb6710e23abd8b8ff0796d4897\$lut for cells of type $lut.
Using template $paramod$ea0faad69a26c91786a25961ea149d0e0961eb1f\$lut for cells of type $lut.
Using template $paramod\$lut\WIDTH=32'00000000000000000000000000000011\LUT=8'01101001 for cells of type $lut.
Using template $paramod$c24ed72ebb67e9ead6029e42e909ef7fc0abbb11\$lut for cells of type $lut.
Using template $paramod$f54c0ffd7b041ca43eac7710ab19c0666d826c22\$lut for cells of type $lut.
Using template $paramod$933f4f3e373a784da64d137def3625bdd36d1695\$lut for cells of type $lut.
Using template $paramod\$lut\WIDTH=32'00000000000000000000000000000011\LUT=8'01011100 for cells of type $lut.
Using template $paramod$044e8b1893c94f717651c5cd428e71c892566f52\$lut for cells of type $lut.
Using template $paramod\$lut\WIDTH=32'00000000000000000000000000000010\LUT=4'1110 for cells of type $lut.
Using template $paramod$e053a22d78e6bd5ea33183ea69976f0db741be0e\$lut for cells of type $lut.
Using template $paramod$b431bfd938e35871dd0b7668e1503c7e8b9d491c\$lut for cells of type $lut.
Using template $paramod$b297295e19b03521716155b85537bbe86d6a9ae6\$lut for cells of type $lut.
No more expansions possible.
<suppressed ~1668 debug messages>
Removed 0 unused cells and 1365 unused wires.

3.45. Executing AUTONAME pass.
Renamed 22005 objects in module synth_harness (113 iterations).
<suppressed ~1208 debug messages>

3.46. Executing HIERARCHY pass (managing design hierarchy).

3.46.1. Analyzing design hierarchy..
Top module:  \synth_harness

3.46.2. Analyzing design hierarchy..
Top module:  \synth_harness
Removed 0 unused modules.

3.47. Printing statistics.

=== synth_harness ===

   Number of wires:                257
   Number of wire bits:           1579
   Number of public wires:         257
   Number of public wire bits:    1579
   Number of memories:               0
   Number of memory bits:            0
   Number of processes:              0
   Number of cells:                974
     SB_CARRY                      108
     SB_DFF                          2
     SB_DFFR                       257
     SB_DFFSR                        8
     SB_LUT4                       599

3.48. Executing CHECK pass (checking for obvious problems).
Checking module synth_harness...
Found and reported 0 problems.

3.49. Executing JSON backend.

Warnings: 1 unique messages, 2 total
End of script. Logfile hash: 580375552b, CPU: user 3.69s system 0.05s, MEM: 80.78 MB peak
Yosys 0.33 (git sha1 2584903a060)
Time spent: 26% 1x share (1 sec), 18% 1x abc (0 sec), ...
