
 /----------------------------------------------------------------------------\
 |                                                                            |
 |  yosys -- Yosys Open SYnthesis Suite                                       |
 |                                                                            |
 |  Copyright (C) 2012 - 2020  Claire Xenia Wolf <claire@yosyshq.com>         |
 |                                                                            |
 |  Permission to use, copy, modify, and/or distribute this software for any  |
 |  purpose with or without fee is hereby granted, provided that the above    |
 |  copyright notice and this permission notice appear in all copies.         |
 |                                                                            |
 |  THE SOFTWARE IS PROVIDED "AS IS" AND THE AUTHOR DISCLAIMS ALL WARRANTIES  |
 |  WITH REGARD TO THIS SOFTWARE INCLUDING ALL IMPLIED WARRANTIES OF          |
 |  MERCHANTABILITY AND FITNESS. IN NO EVENT SHALL THE AUTHOR BE LIABLE FOR   |
 |  ANY SPECIAL, DIRECT, INDIRECT, OR CONSEQUENTIAL DAMAGES OR ANY DAMAGES    |
 |  WHATSOEVER RESULTING FROM LOSS OF USE, DATA OR PROFITS, WHETHER IN AN     |
 |  ACTION OF CONTRACT, NEGLIGENCE OR OTHER TORTIOUS ACTION, ARISING OUT OF   |
 |  OR IN CONNECTION WITH THE USE OR PERFORMANCE OF THIS SOFTWARE.            |
 |                                                                            |
 \----------------------------------------------------------------------------/

 Yosys 0.33 (git sha1 2584903a060)


-- Running command `read_verilog -sv -DSYNTH_FPU_FMA synth_harness.sv ../../rtl/fpu_fma.sv ../../rtl/fpu_adder.sv ../../rtl/fpu_multiplier.sv; synth_ice40 -top synth_harness -json build/fpu_fma.json' --

1. Executing Verilog-2005 frontend: synth_harness.sv
Parsing SystemVerilog input from `synth_harness.sv' to AST representation.
Generating RTLIL representation for module `\synth_harness'.
Warning: Replacing memory \stim_reg with list of registers. See synth_harness.sv:32
Successfully finished Verilog frontend.

2. Executing Verilog-2005 frontend: ../../rtl/fpu_fma.sv
Parsing SystemVerilog input from `../../rtl/fpu_fma.sv' to AST representation.
Generating RTLIL representation for module `\fpu_fma'.
Successfully finished Verilog frontend.

3. Executing Verilog-2005 frontend: ../../rtl/fpu_adder.sv
Parsing SystemVerilog input from `../../rtl/fpu_adder.sv' to AST representation.
Generating RTLIL representation for module `\fpu_adder'.
Successfully finished Verilog frontend.

4. Executing Verilog-2005 frontend: ../../rtl/fpu_multiplier.sv
Parsing SystemVerilog input from `../../rtl/fpu_multiplier.sv' to AST representation.
Generating RTLIL representation for module `\fpu_multiplier'.
Successfully finished Verilog frontend.

5. Executing SYNTH_ICE40 pass.

5.1. Executing Verilog-2005 frontend: /usr/bin/../share/yosys/ice40/cells_sim.v
Parsing Verilog input from `/usr/bin/../share/yosys/ice40/cells_sim.v' to AST representation.
Generating RTLIL representation for module `\SB_IO'.
Generating RTLIL representation for module `\SB_GB_IO'.
Generating RTLIL representation for module `\SB_GB'.
Generating RTLIL representation for module `\SB_LUT4'.
Generating RTLIL representation for module `\SB_CARRY'.
Generating RTLIL representation for module `\SB_DFF'.
Generating RTLIL representation for module `\SB_DFFE'.
Generating RTLIL representation for module `\SB_DFFSR'.
Generating RTLIL representation for module `\SB_DFFR'.
Generating RTLIL representation for module `\SB_DFFSS'.
Generating RTLIL representation for module `\SB_DFFS'.
Generating RTLIL representation for module `\SB_DFFESR'.
Generating RTLIL representation for module `\SB_DFFER'.
Generating RTLIL representation for module `\SB_DFFESS'.
Generating RTLIL representation for module `\SB_DFFES'.
Generating RTLIL representation for module `\SB_DFFN'.
Generating RTLIL representation for module `\SB_DFFNE'.
Generating RTLIL representation for module `\SB_DFFNSR'.
Generating RTLIL representation for module `\SB_DFFNR'.
Generating RTLIL representation for module `\SB_DFFNSS'.
Generating RTLIL representation for module `\SB_DFFNS'.
Generating RTLIL representation for module `\SB_DFFNESR'.
Generating RTLIL representation for module `\SB_DFFNER'.
Generating RTLIL representation for module `\SB_DFFNESS'.
Generating RTLIL representation for module `\SB_DFFNES'.
Generating RTLIL representation for module `\SB_RAM40_4K'.
Generating RTLIL representation for module `\SB_RAM40_4KNR'.
Generating RTLIL representation for module `\SB_RAM40_4KNW'.
Generating RTLIL representation for module `\SB_RAM40_4KNRNW'.
Generating RTLIL representation for module `\ICESTORM_LC'.
Generating RTLIL representation for module `\SB_PLL40_CORE'.
Generating RTLIL representation for module `\SB_PLL40_PAD'.
Generating RTLIL representation for module `\SB_PLL40_2_PAD'.
Generating RTLIL representation for module `\SB_PLL40_2F_CORE'.
Generating RTLIL representation for module `\SB_PLL40_2F_PAD'.
Generating RTLIL representation for module `\SB_WARMBOOT'.
Generating RTLIL representation for module `\SB_SPRAM256KA'.
Generating RTLIL representation for module `\SB_HFOSC'.
Generating RTLIL representation for module `\SB_LFOSC'.
Generating RTLIL representation for module `\SB_RGBA_DRV'.
Generating RTLIL representation for module `\SB_LED_DRV_CUR'.
Generating RTLIL representation for module `\SB_RGB_DRV'.
Generating RTLIL representation for module `\SB_I2C'.
Generating RTLIL representation for module `\SB_SPI'.
Generating RTLIL representation for module `\SB_LEDDA_IP'.
Generating RTLIL representation for module `\SB_FILTER_50NS'.
Generating RTLIL representation for module `\SB_IO_I3C'.
Generating RTLIL representation for module `\SB_IO_OD'.
Generating RTLIL representation for module `\SB_MAC16'.
Generating RTLIL representation for module `\ICESTORM_RAM'.
Successfully finished Verilog frontend.

5.2. Executing HIERARCHY pass (managing design hierarchy).

5.2.1. Analyzing design hierarchy..
Top module:  \synth_harness
Used module:     \fpu_fma
Used module:         \fpu_adder
Used module:         \fpu_multiplier
Reprocessing module synth_harness because instantiated module fpu_fma has become available.
Generating RTLIL representation for module `\synth_harness'.
Warning: Replacing memory \stim_reg with list of registers. See synth_harness.sv:32

5.2.2. Analyzing design hierarchy..
Top module:  \synth_harness
Used module:     \fpu_fma
Used module:         \fpu_adder
Used module:         \fpu_multiplier

5.2.3. Analyzing design hierarchy..
Top module:  \synth_harness
Used module:     \fpu_fma
Used module:         \fpu_adder
Used module:         \fpu_multiplier
Removed 0 unused modules.

5.3. Executing PROC pass (convert processes to netlists).

5.3.1. Executing PROC_CLEAN pass (remove empty switches from decision trees).
Cleaned up 0 empty switches.

5.3.2. Executing PROC_RMDEAD pass (remove dead branches from decision trees).
Marked 1 switch rules as full_case in process $proc$synth_harness.sv:29$566 in module synth_harness.
Marked 1 switch rules as full_case in process $proc$/usr/bin/../share/yosys/ice40/cells_sim.v:1414$420 in module SB_DFFNES.
Marked 1 switch rules as full_case in process $proc$/usr/bin/../share/yosys/ice40/cells_sim.v:1353$413 in module SB_DFFNESS.
Marked 1 switch rules as full_case in process $proc$/usr/bin/../share/yosys/ice40/cells_sim.v:1273$409 in module SB_DFFNER.
Marked 1 switch rules as full_case in process $proc$/usr/bin/../share/yosys/ice40/cells_sim.v:1212$402 in module SB_DFFNESR.
Marked 1 switch rules as full_case in process $proc$/usr/bin/../share/yosys/ice40/cells_sim.v:1138$399 in module SB_DFFNS.
Marked 1 switch rules as full_case in process $proc$/usr/bin/../share/yosys/ice40/cells_sim.v:1088$396 in module SB_DFFNSS.
Marked 1 switch rules as full_case in process $proc$/usr/bin/../share/yosys/ice40/cells_sim.v:1017$393 in module SB_DFFNR.
Marked 1 switch rules as full_case in process $proc$/usr/bin/../share/yosys/ice40/cells_sim.v:967$390 in module SB_DFFNSR.
Marked 1 switch rules as full_case in process $proc$/usr/bin/../share/yosys/ice40/cells_sim.v:803$382 in module SB_DFFES.
Marked 1 switch rules as full_case in process $proc$/usr/bin/../share/yosys/ice40/cells_sim.v:742$375 in module SB_DFFESS.
Marked 1 switch rules as full_case in process $proc$/usr/bin/../share/yosys/ice40/cells_sim.v:662$371 in module SB_DFFER.
Marked 1 switch rules as full_case in process $proc$/usr/bin/../share/yosys/ice40/cells_sim.v:601$364 in module SB_DFFESR.
Marked 1 switch rules as full_case in process $proc$/usr/bin/../share/yosys/ice40/cells_sim.v:527$361 in module SB_DFFS.
Marked 1 switch rules as full_case in process $proc$/usr/bin/../share/yosys/ice40/cells_sim.v:477$358 in module SB_DFFSS.
Marked 1 switch rules as full_case in process $proc$/usr/bin/../share/yosys/ice40/cells_sim.v:406$355 in module SB_DFFR.
Marked 1 switch rules as full_case in process $proc$/usr/bin/../share/yosys/ice40/cells_sim.v:356$352 in module SB_DFFSR.
Marked 9 switch rules as full_case in process $proc$../../rtl/fpu_multiplier.sv:0$152 in module fpu_multiplier.
Marked 42 switch rules as full_case in process $proc$../../rtl/fpu_adder.sv:0$25 in module fpu_adder.
Removed a total of 0 dead cases.

5.3.3. Executing PROC_PRUNE pass (remove redundant assignments in processes).
Removed 17 redundant assignments.
Promoted 62 assignments to connections.

5.3.4. Executing PROC_INIT pass (extract init attributes).
Found init rule in `\SB_DFFNES.$proc$/usr/bin/../share/yosys/ice40/cells_sim.v:0$423'.
  Set init value: \Q = 1'0
Found init rule in `\SB_DFFNESS.$proc$/usr/bin/../share/yosys/ice40/cells_sim.v:0$419'.
  Set init value: \Q = 1'0
Found init rule in `\SB_DFFNER.$proc$/usr/bin/../share/yosys/ice40/cells_sim.v:0$412'.
  Set init value: \Q = 1'0
Found init rule in `\SB_DFFNESR.$proc$/usr/bin/../share/yosys/ice40/cells_sim.v:0$408'.
  Set init value: \Q = 1'0
Found init rule in `\SB_DFFNS.$proc$/usr/bin/../share/yosys/ice40/cells_sim.v:0$401'.
  Set init value: \Q = 1'0
Found init rule in `\SB_DFFNSS.$proc$/usr/bin/../share/yosys/ice40/cells_sim.v:0$398'.
  Set init value: \Q = 1'0
Found init rule in `\SB_DFFNR.$proc$/usr/bin/../share/yosys/ice40/cells_sim.v:0$395'.
  Set init value: \Q = 1'0
Found init rule in `\SB_DFFNSR.$proc$/usr/bin/../share/yosys/ice40/cells_sim.v:0$392'.
  Set init value: \Q = 1'0
Found init rule in `\SB_DFFNE.$proc$/usr/bin/../share/yosys/ice40/cells_sim.v:0$389'.
  Set init value: \Q = 1'0
Found init rule in `\SB_DFFN.$proc$/usr/bin/../share/yosys/ice40/cells_sim.v:0$387'.
  Set init value: \Q = 1'0
Found init rule in `\SB_DFFES.$proc$/usr/bin/../share/yosys/ice40/cells_sim.v:0$385'.
  Set init value: \Q = 1'0
Found init rule in `\SB_DFFESS.$proc$/usr/bin/../share/yosys/ice40/cells_sim.v:0$381'.
  Set init value: \Q = 1'0
Found init rule in `\SB_DFFER.$proc$/usr/bin/../share/yosys/ice40/cells_sim.v:0$374'.
  Set init value: \Q = 1'0
Found init rule in `\SB_DFFESR.$proc$/usr/bin/../share/yosys/ice40/cells_sim.v:0$370'.
  Set init value: \Q = 1'0
Found init rule in `\SB_DFFS.$proc$/usr/bin/../share/yosys/ice40/cells_sim.v:0$363'.
  Set init value: \Q = 1'0
Found init rule in `\SB_DFFSS.$proc$/usr/bin/../share/yosys/ice40/cells_sim.v:0$360'.
  Set init value: \Q = 1'0
Found init rule in `\SB_DFFR.$proc$/usr/bin/../share/yosys/ice40/cells_sim.v:0$357'.
  Set init value: \Q = 1'0
Found init rule in `\SB_DFFSR.$proc$/usr/bin/../share/yosys/ice40/cells_sim.v:0$354'.
  Set init value: \Q = 1'0
Found init rule in `\SB_DFFE.$proc$/usr/bin/../share/yosys/ice40/cells_sim.v:0$351'.
  Set init value: \Q = 1'0
Found init rule in `\SB_DFF.$proc$/usr/bin/../share/yosys/ice40/cells_sim.v:0$349'.
  Set init value: \Q = 1'0

5.3.5. Executing PROC_ARST pass (detect async resets in processes).
Found async reset \rst_n in `\synth_harness.$proc$synth_harness.sv:29$566'.
Found async reset \S in `\SB_DFFNES.$proc$/usr/bin/../share/yosys/ice40/cells_sim.v:1414$420'.
Found async reset \R in `\SB_DFFNER.$proc$/usr/bin/../share/yosys/ice40/cells_sim.v:1273$409'.
Found async reset \S in `\SB_DFFNS.$proc$/usr/bin/../share/yosys/ice40/cells_sim.v:1138$399'.
Found async reset \R in `\SB_DFFNR.$proc$/usr/bin/../share/yosys/ice40/cells_sim.v:1017$393'.
Found async reset \S in `\SB_DFFES.$proc$/usr/bin/../share/yosys/ice40/cells_sim.v:803$382'.
Found async reset \R in `\SB_DFFER.$proc$/usr/bin/../share/yosys/ice40/cells_sim.v:662$371'.
Found async reset \S in `\SB_DFFS.$proc$/usr/bin/../share/yosys/ice40/cells_sim.v:527$361'.
Found async reset \R in `\SB_DFFR.$proc$/usr/bin/../share/yosys/ice40/cells_sim.v:406$355'.

5.3.6. Executing PROC_ROM pass (convert switches to ROMs).
Converted 0 switches.
<suppressed ~69 debug messages>

5.3.7. Executing PROC_MUX pass (convert decision trees to multiplexers).
Creating decoders for process `\synth_harness.$proc$synth_harness.sv:427$574'.
Creating decoders for process `\synth_harness.$proc$synth_harness.sv:29$566'.
     1/11: $0\stim_sel[4:0]
     2/11: $1$fordecl_block$3.i[31:0]$571
     3/11: $0\stim_reg[7][31:0]
     4/11: $0\stim_reg[6][31:0]
     5/11: $0\stim_reg[5][31:0]
     6/11: $0\stim_reg[4][31:0]
     7/11: $0\stim_reg[3][31:0]
     8/11: $0\stim_reg[2][31:0]
     9/11: $0\stim_reg[1][31:0]
    10/11: $0\stim_reg[0][31:0]
    11/11: $1$fordecl_block$1.i[31:0]$570
Creating decoders for process `\synth_harness.$proc$synth_harness.sv:18$565'.
Creating decoders for process `\SB_DFFNES.$proc$/usr/bin/../share/yosys/ice40/cells_sim.v:0$423'.
Creating decoders for process `\SB_DFFNES.$proc$/usr/bin/../share/yosys/ice40/cells_sim.v:1414$420'.
     1/1: $0\Q[0:0]
Creating decoders for process `\SB_DFFNESS.$proc$/usr/bin/../share/yosys/ice40/cells_sim.v:0$419'.
Creating decoders for process `\SB_DFFNESS.$proc$/usr/bin/../share/yosys/ice40/cells_sim.v:1353$413'.
     1/1: $0\Q[0:0]
Creating decoders for process `\SB_DFFNER.$proc$/usr/bin/../share/yosys/ice40/cells_sim.v:0$412'.
Creating decoders for process `\SB_DFFNER.$proc$/usr/bin/../share/yosys/ice40/cells_sim.v:1273$409'.
     1/1: $0\Q[0:0]
Creating decoders for process `\SB_DFFNESR.$proc$/usr/bin/../share/yosys/ice40/cells_sim.v:0$408'.
Creating decoders for process `\SB_DFFNESR.$proc$/usr/bin/../share/yosys/ice40/cells_sim.v:1212$402'.
     1/1: $0\Q[0:0]
Creating decoders for process `\SB_DFFNS.$proc$/usr/bin/../share/yosys/ice40/cells_sim.v:0$401'.
Creating decoders for process `\SB_DFFNS.$proc$/usr/bin/../share/yosys/ice40/cells_sim.v:1138$399'.
     1/1: $0\Q[0:0]
Creating decoders for process `\SB_DFFNSS.$proc$/usr/bin/../share/yosys/ice40/cells_sim.v:0$398'.
Creating decoders for process `\SB_DFFNSS.$proc$/usr/bin/../share/yosys/ice40/cells_sim.v:1088$396'.
     1/1: $0\Q[0:0]
Creating decoders for process `\SB_DFFNR.$proc$/usr/bin/../share/yosys/ice40/cells_sim.v:0$395'.
Creating decoders for process `\SB_DFFNR.$proc$/usr/bin/../share/yosys/ice40/cells_sim.v:1017$393'.
     1/1: $0\Q[0:0]
Creating decoders for process `\SB_DFFNSR.$proc$/usr/bin/../share/yosys/ice40/cells_sim.v:0$392'.
Creating decoders for process `\SB_DFFNSR.$proc$/usr/bin/../share/yosys/ice40/cells_sim.v:967$390'.
     1/1: $0\Q[0:0]
Creating decoders for process `\SB_DFFNE.$proc$/usr/bin/../share/yosys/ice40/cells_sim.v:0$389'.
Creating decoders for process `\SB_DFFNE.$proc$/usr/bin/../share/yosys/ice40/cells_sim.v:922$388'.
     1/1: $0\Q[0:0]
Creating decoders for process `\SB_DFFN.$proc$/usr/bin/../share/yosys/ice40/cells_sim.v:0$387'.
Creating decoders for process `\SB_DFFN.$proc$/usr/bin/../share/yosys/ice40/cells_sim.v:882$386'.
Creating decoders for process `\SB_DFFES.$proc$/usr/bin/../share/yosys/ice40/cells_sim.v:0$385'.
Creating decoders for process `\SB_DFFES.$proc$/usr/bin/../share/yosys/ice40/cells_sim.v:803$382'.
     1/1: $0\Q[0:0]
Creating decoders for process `\SB_DFFESS.$proc$/usr/bin/../share/yosys/ice40/cells_sim.v:0$381'.
Creating decoders for process `\SB_DFFESS.$proc$/usr/bin/../share/yosys/ice40/cells_sim.v:742$375'.
     1/1: $0\Q[0:0]
Creating decoders for process `\SB_DFFER.$proc$/usr/bin/../share/yosys/ice40/cells_sim.v:0$374'.
Creating decoders for process `\SB_DFFER.$proc$/usr/bin/../share/yosys/ice40/cells_sim.v:662$371'.
     1/1: $0\Q[0:0]
Creating decoders for process `\SB_DFFESR.$proc$/usr/bin/../share/yosys/ice40/cells_sim.v:0$370'.
Creating decoders for process `\SB_DFFESR.$proc$/usr/bin/../share/yosys/ice40/cells_sim.v:601$364'.
     1/1: $0\Q[0:0]
Creating decoders for process `\SB_DFFS.$proc$/usr/bin/../share/yosys/ice40/cells_sim.v:0$363'.
Creating decoders for process `\SB_DFFS.$proc$/usr/bin/../share/yosys/ice40/cells_sim.v:527$361'.
     1/1: $0\Q[0:0]
Creating decoders for process `\SB_DFFSS.$proc$/usr/bin/../share/yosys/ice40/cells_sim.v:0$360'.
Creating decoders for process `\SB_DFFSS.$proc$/usr/bin/../share/yosys/ice40/cells_sim.v:477$358'.
     1/1: $0\Q[0:0]
Creating decoders for process `\SB_DFFR.$proc$/usr/bin/../share/yosys/ice40/cells_sim.v:0$357'.
Creating decoders for process `\SB_DFFR.$proc$/usr/bin/../share/yosys/ice40/cells_sim.v:406$355'.
     1/1: $0\Q[0:0]
Creating decoders for process `\SB_DFFSR.$proc$/usr/bin/../share/yosys/ice40/cells_sim.v:0$354'.
Creating decoders for process `\SB_DFFSR.$proc$/usr/bin/../share/yosys/ice40/cells_sim.v:356$352'.
     1/1: $0\Q[0:0]
Creating decoders for process `\SB_DFFE.$proc$/usr/bin/../share/yosys/ice40/cells_sim.v:0$351'.
Creating decoders for process `\SB_DFFE.$proc$/usr/bin/../share/yosys/ice40/cells_sim.v:311$350'.
     1/1: $0\Q[0:0]
Creating decoders for process `\SB_DFF.$proc$/usr/bin/../share/yosys/ice40/cells_sim.v:0$349'.
Creating decoders for process `\SB_DFF.$proc$/usr/bin/../share/yosys/ice40/cells_sim.v:271$348'.
Creating decoders for process `\fpu_multiplier.$proc$../../rtl/fpu_multiplier.sv:0$152'.
     1/32: $8\result[31:0]
     2/32: $6\result_exp[7:0]
     3/32: $7\result[31:0]
     4/32: $5\result_exp[7:0]
     5/32: $5\result_exp_wide[8:0]
     6/32: $5\result_mant[22:0]
     7/32: $6\result[31:0]
     8/32: $4\result_exp_wide[8:0]
     9/32: $4\result_mant[22:0]
    10/32: $4\result_exp[7:0]
    11/32: $4\result_sign[0:0]
    12/32: $4\product[47:0]
    13/32: $5\result[31:0]
    14/32: $4\result[31:0]
    15/32: $3\result_exp_wide[8:0]
    16/32: $3\result_mant[22:0]
    17/32: $3\result_exp[7:0]
    18/32: $3\result_sign[0:0]
    19/32: $3\product[47:0]
    20/32: $3\result[31:0]
    21/32: $2\result[31:0]
    22/32: $2\result_exp_wide[8:0]
    23/32: $2\result_mant[22:0]
    24/32: $2\result_exp[7:0]
    25/32: $2\result_sign[0:0]
    26/32: $2\product[47:0]
    27/32: $1\result[31:0]
    28/32: $1\result_exp_wide[8:0]
    29/32: $1\result_mant[22:0]
    30/32: $1\result_exp[7:0]
    31/32: $1\result_sign[0:0]
    32/32: $1\product[47:0]
Creating decoders for process `\fpu_adder.$proc$../../rtl/fpu_adder.sv:0$25'.
     1/153: $8\result[31:0]
     2/153: $12\result_exp[7:0]
     3/153: $12\result_mant[24:0]
     4/153: $34\norm_shift[7:0]
     5/153: $33\norm_shift[7:0]
     6/153: $32\norm_shift[7:0]
     7/153: $31\norm_shift[7:0]
     8/153: $30\norm_shift[7:0]
     9/153: $29\norm_shift[7:0]
    10/153: $28\norm_shift[7:0]
    11/153: $27\norm_shift[7:0]
    12/153: $26\norm_shift[7:0]
    13/153: $25\norm_shift[7:0]
    14/153: $24\norm_shift[7:0]
    15/153: $23\norm_shift[7:0]
    16/153: $22\norm_shift[7:0]
    17/153: $21\norm_shift[7:0]
    18/153: $20\norm_shift[7:0]
    19/153: $19\norm_shift[7:0]
    20/153: $11$fordecl_block$21.i[31:0]$114
    21/153: $18\norm_shift[7:0]
    22/153: $11$fordecl_block$23.i[31:0]$115
    23/153: $17\norm_shift[7:0]
    24/153: $16\norm_shift[7:0]
    25/153: $15\norm_shift[7:0]
    26/153: $14\norm_shift[7:0]
    27/153: $13\norm_shift[7:0]
    28/153: $12\norm_shift[7:0]
    29/153: $11\norm_shift[7:0]
    30/153: $10$fordecl_block$19.i[31:0]$96
    31/153: $10\norm_shift[7:0]
    32/153: $10$fordecl_block$23.i[31:0]$98
    33/153: $10$fordecl_block$21.i[31:0]$97
    34/153: $11\result_mant[24:0]
    35/153: $11\result_exp[7:0]
    36/153: $9$fordecl_block$23.i[31:0]$94
    37/153: $9$fordecl_block$21.i[31:0]$93
    38/153: $9$fordecl_block$19.i[31:0]$92
    39/153: $9\norm_shift[7:0]
    40/153: $8$fordecl_block$23.i[31:0]$90
    41/153: $8$fordecl_block$21.i[31:0]$89
    42/153: $8$fordecl_block$19.i[31:0]$88
    43/153: $8\norm_shift[7:0]
    44/153: $10\result_mant[24:0]
    45/153: $10\result_exp[7:0]
    46/153: $8\result_sign[0:0]
    47/153: $9\result_mant[24:0]
    48/153: $9\result_exp[7:0]
    49/153: $8\result_mant[24:0]
    50/153: $7\result_mant[24:0]
    51/153: $8\result_exp[7:0]
    52/153: $7\result_sign[0:0]
    53/153: $7$fordecl_block$23.i[31:0]$80
    54/153: $7$fordecl_block$21.i[31:0]$79
    55/153: $7$fordecl_block$19.i[31:0]$78
    56/153: $7\norm_shift[7:0]
    57/153: $8\a_mant[23:0]
    58/153: $8\b_mant[23:0]
    59/153: $7\result_exp[7:0]
    60/153: $7\b_mant[23:0]
    61/153: $7\exp_diff[7:0]
    62/153: $7\a_mant[23:0]
    63/153: $7\result[31:0]
    64/153: $6$fordecl_block$23.i[31:0]$68
    65/153: $6$fordecl_block$21.i[31:0]$67
    66/153: $6$fordecl_block$19.i[31:0]$66
    67/153: $6\norm_shift[7:0]
    68/153: $6\exp_diff[7:0]
    69/153: $6\result_mant[24:0]
    70/153: $6\b_mant[23:0]
    71/153: $6\a_mant[23:0]
    72/153: $6\result_exp[7:0]
    73/153: $6\b_exp[7:0]
    74/153: $6\a_exp[7:0]
    75/153: $6\result_sign[0:0]
    76/153: $6\b_sign[0:0]
    77/153: $6\a_sign[0:0]
    78/153: $6\result[31:0]
    79/153: $5$fordecl_block$23.i[31:0]$63
    80/153: $5$fordecl_block$21.i[31:0]$62
    81/153: $5$fordecl_block$19.i[31:0]$61
    82/153: $5\norm_shift[7:0]
    83/153: $5\exp_diff[7:0]
    84/153: $5\result_mant[24:0]
    85/153: $5\b_mant[23:0]
    86/153: $5\a_mant[23:0]
    87/153: $5\result_exp[7:0]
    88/153: $5\b_exp[7:0]
    89/153: $5\a_exp[7:0]
    90/153: $5\result_sign[0:0]
    91/153: $5\b_sign[0:0]
    92/153: $5\a_sign[0:0]
    93/153: $5\result[31:0]
    94/153: $4$fordecl_block$23.i[31:0]$58
    95/153: $4$fordecl_block$21.i[31:0]$57
    96/153: $4$fordecl_block$19.i[31:0]$56
    97/153: $4\norm_shift[7:0]
    98/153: $4\exp_diff[7:0]
    99/153: $4\result_mant[24:0]
   100/153: $4\b_mant[23:0]
   101/153: $4\a_mant[23:0]
   102/153: $4\result_exp[7:0]
   103/153: $4\b_exp[7:0]
   104/153: $4\a_exp[7:0]
   105/153: $4\result_sign[0:0]
   106/153: $4\b_sign[0:0]
   107/153: $4\a_sign[0:0]
   108/153: $4\result[31:0]
   109/153: $3$fordecl_block$23.i[31:0]$55
   110/153: $3$fordecl_block$21.i[31:0]$54
   111/153: $3$fordecl_block$19.i[31:0]$53
   112/153: $3\norm_shift[7:0]
   113/153: $3\exp_diff[7:0]
   114/153: $3\result_mant[24:0]
   115/153: $3\b_mant[23:0]
   116/153: $3\a_mant[23:0]
   117/153: $3\result_exp[7:0]
   118/153: $3\b_exp[7:0]
   119/153: $3\a_exp[7:0]
   120/153: $3\result_sign[0:0]
   121/153: $3\b_sign[0:0]
   122/153: $3\a_sign[0:0]
   123/153: $3\result[31:0]
   124/153: $2\result[31:0]
   125/153: $2$fordecl_block$23.i[31:0]$50
   126/153: $2$fordecl_block$21.i[31:0]$49
   127/153: $2$fordecl_block$19.i[31:0]$48
   128/153: $2\norm_shift[7:0]
   129/153: $2\exp_diff[7:0]
   130/153: $2\result_mant[24:0]
   131/153: $2\b_mant[23:0]
   132/153: $2\a_mant[23:0]
   133/153: $2\result_exp[7:0]
   134/153: $2\b_exp[7:0]
   135/153: $2\a_exp[7:0]
   136/153: $2\result_sign[0:0]
   137/153: $2\b_sign[0:0]
   138/153: $2\a_sign[0:0]
   139/153: $1\result[31:0]
   140/153: $1$fordecl_block$23.i[31:0]$46
   141/153: $1$fordecl_block$21.i[31:0]$45
   142/153: $1$fordecl_block$19.i[31:0]$44
   143/153: $1\norm_shift[7:0]
   144/153: $1\exp_diff[7:0]
   145/153: $1\result_mant[24:0]
   146/153: $1\b_mant[23:0]
   147/153: $1\a_mant[23:0]
   148/153: $1\result_exp[7:0]
   149/153: $1\b_exp[7:0]
   150/153: $1\a_exp[7:0]
   151/153: $1\result_sign[0:0]
   152/153: $1\b_sign[0:0]
   153/153: $1\a_sign[0:0]

5.3.8. Executing PROC_DLATCH pass (convert process syncs to latches).
No latch inferred for signal `\fpu_multiplier.\result' from process `\fpu_multiplier.$proc$../../rtl/fpu_multiplier.sv:0$152'.
No latch inferred for signal `\fpu_multiplier.\flags' from process `\fpu_multiplier.$proc$../../rtl/fpu_multiplier.sv:0$152'.
No latch inferred for signal `\fpu_multiplier.\product' from process `\fpu_multiplier.$proc$../../rtl/fpu_multiplier.sv:0$152'.
No latch inferred for signal `\fpu_multiplier.\a_is_inf' from process `\fpu_multiplier.$proc$../../rtl/fpu_multiplier.sv:0$152'.
No latch inferred for signal `\fpu_multiplier.\b_is_nan' from process `\fpu_multiplier.$proc$../../rtl/fpu_multiplier.sv:0$152'.
No latch inferred for signal `\fpu_multiplier.\a_is_nan' from process `\fpu_multiplier.$proc$../../rtl/fpu_multiplier.sv:0$152'.
No latch inferred for signal `\fpu_multiplier.\b_is_inf' from process `\fpu_multiplier.$proc$../../rtl/fpu_multiplier.sv:0$152'.
No latch inferred for signal `\fpu_multiplier.\a_is_zero' from process `\fpu_multiplier.$proc$../../rtl/fpu_multiplier.sv:0$152'.
No latch inferred for signal `\fpu_multiplier.\b_is_zero' from process `\fpu_multiplier.$proc$../../rtl/fpu_multiplier.sv:0$152'.
No latch inferred for signal `\fpu_multiplier.\result_sign' from process `\fpu_multiplier.$proc$../../rtl/fpu_multiplier.sv:0$152'.
No latch inferred for signal `\fpu_multiplier.\result_exp' from process `\fpu_multiplier.$proc$../../rtl/fpu_multiplier.sv:0$152'.
No latch inferred for signal `\fpu_multiplier.\result_mant' from process `\fpu_multiplier.$proc$../../rtl/fpu_multiplier.sv:0$152'.
No latch inferred for signal `\fpu_multiplier.\result_exp_wide' from process `\fpu_multiplier.$proc$../../rtl/fpu_multiplier.sv:0$152'.
No latch inferred for signal `\fpu_adder.\result' from process `\fpu_adder.$proc$../../rtl/fpu_adder.sv:0$25'.
No latch inferred for signal `\fpu_adder.\flags' from process `\fpu_adder.$proc$../../rtl/fpu_adder.sv:0$25'.
No latch inferred for signal `\fpu_adder.\a_is_inf' from process `\fpu_adder.$proc$../../rtl/fpu_adder.sv:0$25'.
No latch inferred for signal `\fpu_adder.\b_is_nan' from process `\fpu_adder.$proc$../../rtl/fpu_adder.sv:0$25'.
No latch inferred for signal `\fpu_adder.\a_is_nan' from process `\fpu_adder.$proc$../../rtl/fpu_adder.sv:0$25'.
No latch inferred for signal `\fpu_adder.\b_is_inf' from process `\fpu_adder.$proc$../../rtl/fpu_adder.sv:0$25'.
No latch inferred for signal `\fpu_adder.\a_is_zero' from process `\fpu_adder.$proc$../../rtl/fpu_adder.sv:0$25'.
No latch inferred for signal `\fpu_adder.\b_is_zero' from process `\fpu_adder.$proc$../../rtl/fpu_adder.sv:0$25'.
No latch inferred for signal `\fpu_adder.\a_sign' from process `\fpu_adder.$proc$../../rtl/fpu_adder.sv:0$25'.
No latch inferred for signal `\fpu_adder.\b_sign' from process `\fpu_adder.$proc$../../rtl/fpu_adder.sv:0$25'.
No latch inferred for signal `\fpu_adder.\result_sign' from process `\fpu_adder.$proc$../../rtl/fpu_adder.sv:0$25'.
No latch inferred for signal `\fpu_adder.\a_exp' from process `\fpu_adder.$proc$../../rtl/fpu_adder.sv:0$25'.
No latch inferred for signal `\fpu_adder.\b_exp' from process `\fpu_adder.$proc$../../rtl/fpu_adder.sv:0$25'.
No latch inferred for signal `\fpu_adder.\result_exp' from process `\fpu_adder.$proc$../../rtl/fpu_adder.sv:0$25'.
No latch inferred for signal `\fpu_adder.\a_mant' from process `\fpu_adder.$proc$../../rtl/fpu_adder.sv:0$25'.
No latch inferred for signal `\fpu_adder.\b_mant' from process `\fpu_adder.$proc$../../rtl/fpu_adder.sv:0$25'.
No latch inferred for signal `\fpu_adder.\result_mant' from process `\fpu_adder.$proc$../../rtl/fpu_adder.sv:0$25'.
No latch inferred for signal `\fpu_adder.\exp_diff' from process `\fpu_adder.$proc$../../rtl/fpu_adder.sv:0$25'.
No latch inferred for signal `\fpu_adder.\norm_shift' from process `\fpu_adder.$proc$../../rtl/fpu_adder.sv:0$25'.
No latch inferred for signal `\fpu_adder.$fordecl_block$19.i' from process `\fpu_adder.$proc$../../rtl/fpu_adder.sv:0$25'.
No latch inferred for signal `\fpu_adder.$fordecl_block$21.i' from process `\fpu_adder.$proc$../../rtl/fpu_adder.sv:0$25'.
No latch inferred for signal `\fpu_adder.$fordecl_block$23.i' from process `\fpu_adder.$proc$../../rtl/fpu_adder.sv:0$25'.

5.3.9. Executing PROC_DFF pass (convert process syncs to FFs).
Creating register for signal `\synth_harness.\result_reg' using process `\synth_harness.$proc$synth_harness.sv:427$574'.
  created $dff cell `$procdff$3659' with positive edge clock.
Creating register for signal `\synth_harness.\stim_sel' using process `\synth_harness.$proc$synth_harness.sv:29$566'.
  created $adff cell `$procdff$3660' with positive edge clock and negative level reset.
Creating register for signal `\synth_harness.$fordecl_block$1.i' using process `\synth_harness.$proc$synth_harness.sv:29$566'.
  created $adff cell `$procdff$3661' with positive edge clock and negative level reset.
Creating register for signal `\synth_harness.$fordecl_block$3.i' using process `\synth_harness.$proc$synth_harness.sv:29$566'.
  created $dff cell `$procdff$3664' with positive edge clock.
Creating register for signal `\synth_harness.\stim_reg[0]' using process `\synth_harness.$proc$synth_harness.sv:29$566'.
  created $adff cell `$procdff$3665' with positive edge clock and negative level reset.
Creating register for signal `\synth_harness.\stim_reg[1]' using process `\synth_harness.$proc$synth_harness.sv:29$566'.
  created $adff cell `$procdff$3666' with positive edge clock and negative level reset.
Creating register for signal `\synth_harness.\stim_reg[2]' using process `\synth_harness.$proc$synth_harness.sv:29$566'.
  created $adff cell `$procdff$3667' with positive edge clock and negative level reset.
Creating register for signal `\synth_harness.\stim_reg[3]' using process `\synth_harness.$proc$synth_harness.sv:29$566'.
  created $adff cell `$procdff$3668' with positive edge clock and negative level reset.
Creating register for signal `\synth_harness.\stim_reg[4]' using process `\synth_harness.$proc$synth_harness.sv:29$566'.
  created $adff cell `$procdff$3669' with positive edge clock and negative level reset.
Creating register for signal `\synth_harness.\stim_reg[5]' using process `\synth_harness.$proc$synth_harness.sv:29$566'.
  created $adff cell `$procdff$3670' with positive edge clock and negative level reset.
Creating register for signal `\synth_harness.\stim_reg[6]' using process `\synth_harness.$proc$synth_harness.sv:29$566'.
  created $adff cell `$procdff$3671' with positive edge clock and negative level reset.
Creating register for signal `\synth_harness.\stim_reg[7]' using process `\synth_harness.$proc$synth_harness.sv:29$566'.
  created $adff cell `$procdff$3672' with positive edge clock and negative level reset.
Creating register for signal `\synth_harness.\rst_n_sync1' using process `\synth_harness.$proc$synth_harness.sv:18$565'.
  created $dff cell `$procdff$3673' with positive edge clock.
Creating register for signal `\synth_harness.\rst_n_sync2' using process `\synth_harness.$proc$synth_harness.sv:18$565'.
  created $dff cell `$procdff$3674' with positive edge clock.
Creating register for signal `\SB_DFFNES.\Q' using process `\SB_DFFNES.$proc$/usr/bin/../share/yosys/ice40/cells_sim.v:1414$420'.
  created $adff cell `$procdff$3675' with negative edge clock and positive level reset.
Creating register for signal `\SB_DFFNESS.\Q' using process `\SB_DFFNESS.$proc$/usr/bin/../share/yosys/ice40/cells_sim.v:1353$413'.
  created $dff cell `$procdff$3676' with negative edge clock.
Creating register for signal `\SB_DFFNER.\Q' using process `\SB_DFFNER.$proc$/usr/bin/../share/yosys/ice40/cells_sim.v:1273$409'.
  created $adff cell `$procdff$3677' with negative edge clock and positive level reset.
Creating register for signal `\SB_DFFNESR.\Q' using process `\SB_DFFNESR.$proc$/usr/bin/../share/yosys/ice40/cells_sim.v:1212$402'.
  created $dff cell `$procdff$3678' with negative edge clock.
Creating register for signal `\SB_DFFNS.\Q' using process `\SB_DFFNS.$proc$/usr/bin/../share/yosys/ice40/cells_sim.v:1138$399'.
  created $adff cell `$procdff$3679' with negative edge clock and positive level reset.
Creating register for signal `\SB_DFFNSS.\Q' using process `\SB_DFFNSS.$proc$/usr/bin/../share/yosys/ice40/cells_sim.v:1088$396'.
  created $dff cell `$procdff$3680' with negative edge clock.
Creating register for signal `\SB_DFFNR.\Q' using process `\SB_DFFNR.$proc$/usr/bin/../share/yosys/ice40/cells_sim.v:1017$393'.
  created $adff cell `$procdff$3681' with negative edge clock and positive level reset.
Creating register for signal `\SB_DFFNSR.\Q' using process `\SB_DFFNSR.$proc$/usr/bin/../share/yosys/ice40/cells_sim.v:967$390'.
  created $dff cell `$procdff$3682' with negative edge clock.
Creating register for signal `\SB_DFFNE.\Q' using process `\SB_DFFNE.$proc$/usr/bin/../share/yosys/ice40/cells_sim.v:922$388'.
  created $dff cell `$procdff$3683' with negative edge clock.
Creating register for signal `\SB_DFFN.\Q' using process `\SB_DFFN.$proc$/usr/bin/../share/yosys/ice40/cells_sim.v:882$386'.
  created $dff cell `$procdff$3684' with negative edge clock.
Creating register for signal `\SB_DFFES.\Q' using process `\SB_DFFES.$proc$/usr/bin/../share/yosys/ice40/cells_sim.v:803$382'.
  created $adff cell `$procdff$3685' with positive edge clock and positive level reset.
Creating register for signal `\SB_DFFESS.\Q' using process `\SB_DFFESS.$proc$/usr/bin/../share/yosys/ice40/cells_sim.v:742$375'.
  created $dff cell `$procdff$3686' with positive edge clock.
Creating register for signal `\SB_DFFER.\Q' using process `\SB_DFFER.$proc$/usr/bin/../share/yosys/ice40/cells_sim.v:662$371'.
  created $adff cell `$procdff$3687' with positive edge clock and positive level reset.
Creating register for signal `\SB_DFFESR.\Q' using process `\SB_DFFESR.$proc$/usr/bin/../share/yosys/ice40/cells_sim.v:601$364'.
  created $dff cell `$procdff$3688' with positive edge clock.
Creating register for signal `\SB_DFFS.\Q' using process `\SB_DFFS.$proc$/usr/bin/../share/yosys/ice40/cells_sim.v:527$361'.
  created $adff cell `$procdff$3689' with positive edge clock and positive level reset.
Creating register for signal `\SB_DFFSS.\Q' using process `\SB_DFFSS.$proc$/usr/bin/../share/yosys/ice40/cells_sim.v:477$358'.
  created $dff cell `$procdff$3690' with positive edge clock.
Creating register for signal `\SB_DFFR.\Q' using process `\SB_DFFR.$proc$/usr/bin/../share/yosys/ice40/cells_sim.v:406$355'.
  created $adff cell `$procdff$3691' with positive edge clock and positive level reset.
Creating register for signal `\SB_DFFSR.\Q' using process `\SB_DFFSR.$proc$/usr/bin/../share/yosys/ice40/cells_sim.v:356$352'.
  created $dff cell `$procdff$3692' with positive edge clock.
Creating register for signal `\SB_DFFE.\Q' using process `\SB_DFFE.$proc$/usr/bin/../share/yosys/ice40/cells_sim.v:311$350'.
  created $dff cell `$procdff$3693' with positive edge clock.
Creating register for signal `\SB_DFF.\Q' using process `\SB_DFF.$proc$/usr/bin/../share/yosys/ice40/cells_sim.v:271$348'.
  created $dff cell `$procdff$3694' with positive edge clock.

5.3.10. Executing PROC_MEMWR pass (convert process memory writes to cells).

5.3.11. Executing PROC_CLEAN pass (remove empty switches from decision trees).
Removing empty process `synth_harness.$proc$synth_harness.sv:427$574'.
Removing empty process `synth_harness.$proc$synth_harness.sv:29$566'.
Removing empty process `synth_harness.$proc$synth_harness.sv:18$565'.
Removing empty process `SB_DFFNES.$proc$/usr/bin/../share/yosys/ice40/cells_sim.v:0$423'.
Found and cleaned up 1 empty switch in `\SB_DFFNES.$proc$/usr/bin/../share/yosys/ice40/cells_sim.v:1414$420'.
Removing empty process `SB_DFFNES.$proc$/usr/bin/../share/yosys/ice40/cells_sim.v:1414$420'.
Removing empty process `SB_DFFNESS.$proc$/usr/bin/../share/yosys/ice40/cells_sim.v:0$419'.
Found and cleaned up 2 empty switches in `\SB_DFFNESS.$proc$/usr/bin/../share/yosys/ice40/cells_sim.v:1353$413'.
Removing empty process `SB_DFFNESS.$proc$/usr/bin/../share/yosys/ice40/cells_sim.v:1353$413'.
Removing empty process `SB_DFFNER.$proc$/usr/bin/../share/yosys/ice40/cells_sim.v:0$412'.
Found and cleaned up 1 empty switch in `\SB_DFFNER.$proc$/usr/bin/../share/yosys/ice40/cells_sim.v:1273$409'.
Removing empty process `SB_DFFNER.$proc$/usr/bin/../share/yosys/ice40/cells_sim.v:1273$409'.
Removing empty process `SB_DFFNESR.$proc$/usr/bin/../share/yosys/ice40/cells_sim.v:0$408'.
Found and cleaned up 2 empty switches in `\SB_DFFNESR.$proc$/usr/bin/../share/yosys/ice40/cells_sim.v:1212$402'.
Removing empty process `SB_DFFNESR.$proc$/usr/bin/../share/yosys/ice40/cells_sim.v:1212$402'.
Removing empty process `SB_DFFNS.$proc$/usr/bin/../share/yosys/ice40/cells_sim.v:0$401'.
Removing empty process `SB_DFFNS.$proc$/usr/bin/../share/yosys/ice40/cells_sim.v:1138$399'.
Removing empty process `SB_DFFNSS.$proc$/usr/bin/../share/yosys/ice40/cells_sim.v:0$398'.
Found and cleaned up 1 empty switch in `\SB_DFFNSS.$proc$/usr/bin/../share/yosys/ice40/cells_sim.v:1088$396'.
Removing empty process `SB_DFFNSS.$proc$/usr/bin/../share/yosys/ice40/cells_sim.v:1088$396'.
Removing empty process `SB_DFFNR.$proc$/usr/bin/../share/yosys/ice40/cells_sim.v:0$395'.
Removing empty process `SB_DFFNR.$proc$/usr/bin/../share/yosys/ice40/cells_sim.v:1017$393'.
Removing empty process `SB_DFFNSR.$proc$/usr/bin/../share/yosys/ice40/cells_sim.v:0$392'.
Found and cleaned up 1 empty switch in `\SB_DFFNSR.$proc$/usr/bin/../share/yosys/ice40/cells_sim.v:967$390'.
Removing empty process `SB_DFFNSR.$proc$/usr/bin/../share/yosys/ice40/cells_sim.v:967$390'.
Removing empty process `SB_DFFNE.$proc$/usr/bin/../share/yosys/ice40/cells_sim.v:0$389'.
Found and cleaned up 1 empty switch in `\SB_DFFNE.$proc$/usr/bin/../share/yosys/ice40/cells_sim.v:922$388'.
Removing empty process `SB_DFFNE.$proc$/usr/bin/../share/yosys/ice40/cells_sim.v:922$388'.
Removing empty process `SB_DFFN.$proc$/usr/bin/../share/yosys/ice40/cells_sim.v:0$387'.
Removing empty process `SB_DFFN.$proc$/usr/bin/../share/yosys/ice40/cells_sim.v:882$386'.
Removing empty process `SB_DFFES.$proc$/usr/bin/../share/yosys/ice40/cells_sim.v:0$385'.
Found and cleaned up 1 empty switch in `\SB_DFFES.$proc$/usr/bin/../share/yosys/ice40/cells_sim.v:803$382'.
Removing empty process `SB_DFFES.$proc$/usr/bin/../share/yosys/ice40/cells_sim.v:803$382'.
Removing empty process `SB_DFFESS.$proc$/usr/bin/../share/yosys/ice40/cells_sim.v:0$381'.
Found and cleaned up 2 empty switches in `\SB_DFFESS.$proc$/usr/bin/../share/yosys/ice40/cells_sim.v:742$375'.
Removing empty process `SB_DFFESS.$proc$/usr/bin/../share/yosys/ice40/cells_sim.v:742$375'.
Removing empty process `SB_DFFER.$proc$/usr/bin/../share/yosys/ice40/cells_sim.v:0$374'.
Found and cleaned up 1 empty switch in `\SB_DFFER.$proc$/usr/bin/../share/yosys/ice40/cells_sim.v:662$371'.
Removing empty process `SB_DFFER.$proc$/usr/bin/../share/yosys/ice40/cells_sim.v:662$371'.
Removing empty process `SB_DFFESR.$proc$/usr/bin/../share/yosys/ice40/cells_sim.v:0$370'.
Found and cleaned up 2 empty switches in `\SB_DFFESR.$proc$/usr/bin/../share/yosys/ice40/cells_sim.v:601$364'.
Removing empty process `SB_DFFESR.$proc$/usr/bin/../share/yosys/ice40/cells_sim.v:601$364'.
Removing empty process `SB_DFFS.$proc$/usr/bin/../share/yosys/ice40/cells_sim.v:0$363'.
Removing empty process `SB_DFFS.$proc$/usr/bin/../share/yosys/ice40/cells_sim.v:527$361'.
Removing empty process `SB_DFFSS.$proc$/usr/bin/../share/yosys/ice40/cells_sim.v:0$360'.
Found and cleaned up 1 empty switch in `\SB_DFFSS.$proc$/usr/bin/../share/yosys/ice40/cells_sim.v:477$358'.
Removing empty process `SB_DFFSS.$proc$/usr/bin/../share/yosys/ice40/cells_sim.v:477$358'.
Removing empty process `SB_DFFR.$proc$/usr/bin/../share/yosys/ice40/cells_sim.v:0$357'.
Removing empty process `SB_DFFR.$proc$/usr/bin/../share/yosys/ice40/cells_sim.v:406$355'.
Removing empty process `SB_DFFSR.$proc$/usr/bin/../share/yosys/ice40/cells_sim.v:0$354'.
Found and cleaned up 1 empty switch in `\SB_DFFSR.$proc$/usr/bin/../share/yosys/ice40/cells_sim.v:356$352'.
Removing empty process `SB_DFFSR.$proc$/usr/bin/../share/yosys/ice40/cells_sim.v:356$352'.
Removing empty process `SB_DFFE.$proc$/usr/bin/../share/yosys/ice40/cells_sim.v:0$351'.
Found and cleaned up 1 empty switch in `\SB_DFFE.$proc$/usr/bin/../share/yosys/ice40/cells_sim.v:311$350'.
Removing empty process `SB_DFFE.$proc$/usr/bin/../share/yosys/ice40/cells_sim.v:311$350'.
Removing empty process `SB_DFF.$proc$/usr/bin/../share/yosys/ice40/cells_sim.v:0$349'.
Removing empty process `SB_DFF.$proc$/usr/bin/../share/yosys/ice40/cells_sim.v:271$348'.
Found and cleaned up 9 empty switches in `\fpu_multiplier.$proc$../../rtl/fpu_multiplier.sv:0$152'.
Removing empty process `fpu_multiplier.$proc$../../rtl/fpu_multiplier.sv:0$152'.
Found and cleaned up 42 empty switches in `\fpu_adder.$proc$../../rtl/fpu_adder.sv:0$25'.
Removing empty process `fpu_adder.$proc$../../rtl/fpu_adder.sv:0$25'.
Cleaned up 69 empty switches.

5.3.12. Executing OPT_EXPR pass (perform const folding).
Optimizing module synth_harness.
<suppressed ~1 debug messages>
Optimizing module fpu_multiplier.
<suppressed ~7 debug messages>
Optimizing module fpu_adder.
<suppressed ~75 debug messages>
Optimizing module fpu_fma.

5.4. Executing FLATTEN pass (flatten design).
Deleting now unused module fpu_multiplier.
Deleting now unused module fpu_adder.
Deleting now unused module fpu_fma.
<suppressed ~3 debug messages>

5.5. Executing TRIBUF pass.

5.6. Executing DEMINOUT pass (demote inout ports to input or output).

5.7. Executing OPT_EXPR pass (perform const folding).
Optimizing module synth_harness.
<suppressed ~2 debug messages>

5.8. Executing OPT_CLEAN pass (remove unused cells and wires).
Finding unused cells or wires in module \synth_harness..
Removed 515 unused cells and 1813 unused wires.
<suppressed ~532 debug messages>

5.9. Executing CHECK pass (checking for obvious problems).
Checking module synth_harness...
Found and reported 0 problems.

5.10. Executing OPT pass (performing simple optimizations).

5.10.1. Executing OPT_EXPR pass (perform const folding).
Optimizing module synth_harness.

5.10.2. Executing OPT_MERGE pass (detect identical cells).
Finding identical cells in module `\synth_harness'.
<suppressed ~27 debug messages>
Removed a total of 9 cells.

5.10.3. Executing OPT_MUXTREE pass (detect dead branches in mux trees).
Running muxtree optimizer on module \synth_harness..
  Creating internal representation of mux trees.
  Evaluating internal representation of mux trees.
      Replacing known input bits on port A of cell $flatten\u_fpu_fma.\u_add.$procmux$2404: $flatten\u_fpu_fma.\u_add.$add$../../rtl/fpu_adder.sv:95$81_Y -> { 1'0 $flatten\u_fpu_fma.\u_add.$add$../../rtl/fpu_adder.sv:95$81_Y [23:0] }
      Replacing known input bits on port B of cell $flatten\u_fpu_fma.\u_add.$procmux$2404: { 1'0 $flatten\u_fpu_fma.\u_add.$add$../../rtl/fpu_adder.sv:95$81_Y [24:1] } -> { 2'01 $flatten\u_fpu_fma.\u_add.$add$../../rtl/fpu_adder.sv:95$81_Y [23:1] }
      Replacing known input bits on port B of cell $flatten\u_fpu_fma.\u_add.$procmux$2026: $flatten\u_fpu_fma.\u_add.$9\result_mant[24:0] -> { $flatten\u_fpu_fma.\u_add.$9\result_mant[24:0] [24] 1'1 $flatten\u_fpu_fma.\u_add.$9\result_mant[24:0] [22:0] }
  Analyzing evaluation results.
    dead port 1/2 on $mux $flatten\u_fpu_fma.\u_add.$procmux$1004.
    dead port 1/2 on $mux $flatten\u_fpu_fma.\u_add.$procmux$1007.
    dead port 1/2 on $mux $flatten\u_fpu_fma.\u_add.$procmux$1009.
    dead port 2/2 on $mux $flatten\u_fpu_fma.\u_add.$procmux$1011.
    dead port 1/2 on $mux $flatten\u_fpu_fma.\u_add.$procmux$1014.
    dead port 1/2 on $mux $flatten\u_fpu_fma.\u_add.$procmux$1017.
    dead port 1/2 on $mux $flatten\u_fpu_fma.\u_add.$procmux$1020.
    dead port 1/2 on $mux $flatten\u_fpu_fma.\u_add.$procmux$1023.
    dead port 1/2 on $mux $flatten\u_fpu_fma.\u_add.$procmux$1026.
    dead port 1/2 on $mux $flatten\u_fpu_fma.\u_add.$procmux$1029.
    dead port 1/2 on $mux $flatten\u_fpu_fma.\u_add.$procmux$1032.
    dead port 2/2 on $mux $flatten\u_fpu_fma.\u_add.$procmux$1292.
    dead port 1/2 on $mux $flatten\u_fpu_fma.\u_add.$procmux$1295.
    dead port 1/2 on $mux $flatten\u_fpu_fma.\u_add.$procmux$1297.
    dead port 2/2 on $mux $flatten\u_fpu_fma.\u_add.$procmux$1299.
    dead port 1/2 on $mux $flatten\u_fpu_fma.\u_add.$procmux$1302.
    dead port 1/2 on $mux $flatten\u_fpu_fma.\u_add.$procmux$1305.
    dead port 1/2 on $mux $flatten\u_fpu_fma.\u_add.$procmux$1308.
    dead port 1/2 on $mux $flatten\u_fpu_fma.\u_add.$procmux$1311.
    dead port 1/2 on $mux $flatten\u_fpu_fma.\u_add.$procmux$1314.
    dead port 1/2 on $mux $flatten\u_fpu_fma.\u_add.$procmux$1317.
    dead port 1/2 on $mux $flatten\u_fpu_fma.\u_add.$procmux$1320.
    dead port 1/2 on $mux $flatten\u_fpu_fma.\u_add.$procmux$1613.
    dead port 1/2 on $mux $flatten\u_fpu_fma.\u_add.$procmux$1615.
    dead port 2/2 on $mux $flatten\u_fpu_fma.\u_add.$procmux$1617.
    dead port 1/2 on $mux $flatten\u_fpu_fma.\u_add.$procmux$1620.
    dead port 1/2 on $mux $flatten\u_fpu_fma.\u_add.$procmux$1623.
    dead port 1/2 on $mux $flatten\u_fpu_fma.\u_add.$procmux$1626.
    dead port 1/2 on $mux $flatten\u_fpu_fma.\u_add.$procmux$1629.
    dead port 1/2 on $mux $flatten\u_fpu_fma.\u_add.$procmux$1632.
    dead port 1/2 on $mux $flatten\u_fpu_fma.\u_add.$procmux$1635.
    dead port 1/2 on $mux $flatten\u_fpu_fma.\u_add.$procmux$1638.
    dead port 2/2 on $mux $flatten\u_fpu_fma.\u_add.$procmux$1679.
    dead port 1/2 on $mux $flatten\u_fpu_fma.\u_add.$procmux$1681.
    dead port 2/2 on $mux $flatten\u_fpu_fma.\u_add.$procmux$1683.
    dead port 1/2 on $mux $flatten\u_fpu_fma.\u_add.$procmux$1686.
    dead port 1/2 on $mux $flatten\u_fpu_fma.\u_add.$procmux$1689.
    dead port 1/2 on $mux $flatten\u_fpu_fma.\u_add.$procmux$1692.
    dead port 1/2 on $mux $flatten\u_fpu_fma.\u_add.$procmux$1695.
    dead port 1/2 on $mux $flatten\u_fpu_fma.\u_add.$procmux$1698.
    dead port 1/2 on $mux $flatten\u_fpu_fma.\u_add.$procmux$1701.
    dead port 1/2 on $mux $flatten\u_fpu_fma.\u_add.$procmux$1704.
    dead port 2/2 on $mux $flatten\u_fpu_fma.\u_add.$procmux$2028.
    dead port 1/2 on $mux $flatten\u_fpu_fma.\u_add.$procmux$2031.
    dead port 1/2 on $mux $flatten\u_fpu_fma.\u_add.$procmux$2034.
    dead port 1/2 on $mux $flatten\u_fpu_fma.\u_add.$procmux$2037.
    dead port 1/2 on $mux $flatten\u_fpu_fma.\u_add.$procmux$2040.
    dead port 1/2 on $mux $flatten\u_fpu_fma.\u_add.$procmux$2043.
    dead port 1/2 on $mux $flatten\u_fpu_fma.\u_add.$procmux$2046.
    dead port 1/2 on $mux $flatten\u_fpu_fma.\u_add.$procmux$2049.
    dead port 2/2 on $mux $flatten\u_fpu_fma.\u_add.$procmux$2055.
    dead port 1/2 on $mux $flatten\u_fpu_fma.\u_add.$procmux$2058.
    dead port 1/2 on $mux $flatten\u_fpu_fma.\u_add.$procmux$2061.
    dead port 1/2 on $mux $flatten\u_fpu_fma.\u_add.$procmux$2064.
    dead port 1/2 on $mux $flatten\u_fpu_fma.\u_add.$procmux$2067.
    dead port 1/2 on $mux $flatten\u_fpu_fma.\u_add.$procmux$2070.
    dead port 1/2 on $mux $flatten\u_fpu_fma.\u_add.$procmux$2073.
    dead port 1/2 on $mux $flatten\u_fpu_fma.\u_add.$procmux$2076.
    dead port 1/2 on $mux $flatten\u_fpu_fma.\u_add.$procmux$2286.
    dead port 1/2 on $mux $flatten\u_fpu_fma.\u_add.$procmux$2289.
    dead port 1/2 on $mux $flatten\u_fpu_fma.\u_add.$procmux$2292.
    dead port 1/2 on $mux $flatten\u_fpu_fma.\u_add.$procmux$2295.
    dead port 1/2 on $mux $flatten\u_fpu_fma.\u_add.$procmux$2298.
    dead port 1/2 on $mux $flatten\u_fpu_fma.\u_add.$procmux$2301.
    dead port 1/2 on $mux $flatten\u_fpu_fma.\u_add.$procmux$2304.
    dead port 1/2 on $mux $flatten\u_fpu_fma.\u_add.$procmux$2310.
    dead port 1/2 on $mux $flatten\u_fpu_fma.\u_add.$procmux$2313.
    dead port 1/2 on $mux $flatten\u_fpu_fma.\u_add.$procmux$2316.
    dead port 1/2 on $mux $flatten\u_fpu_fma.\u_add.$procmux$2319.
    dead port 1/2 on $mux $flatten\u_fpu_fma.\u_add.$procmux$2322.
    dead port 1/2 on $mux $flatten\u_fpu_fma.\u_add.$procmux$2325.
    dead port 1/2 on $mux $flatten\u_fpu_fma.\u_add.$procmux$2328.
    dead port 1/2 on $mux $flatten\u_fpu_fma.\u_add.$procmux$2334.
    dead port 1/2 on $mux $flatten\u_fpu_fma.\u_add.$procmux$2337.
    dead port 1/2 on $mux $flatten\u_fpu_fma.\u_add.$procmux$2340.
    dead port 1/2 on $mux $flatten\u_fpu_fma.\u_add.$procmux$2343.
    dead port 1/2 on $mux $flatten\u_fpu_fma.\u_add.$procmux$2346.
    dead port 1/2 on $mux $flatten\u_fpu_fma.\u_add.$procmux$2349.
    dead port 1/2 on $mux $flatten\u_fpu_fma.\u_add.$procmux$2352.
    dead port 2/2 on $mux $flatten\u_fpu_fma.\u_add.$procmux$2382.
    dead port 1/2 on $mux $flatten\u_fpu_fma.\u_add.$procmux$2385.
    dead port 1/2 on $mux $flatten\u_fpu_fma.\u_add.$procmux$2388.
    dead port 1/2 on $mux $flatten\u_fpu_fma.\u_add.$procmux$2391.
    dead port 1/2 on $mux $flatten\u_fpu_fma.\u_add.$procmux$2394.
    dead port 1/2 on $mux $flatten\u_fpu_fma.\u_add.$procmux$2397.
    dead port 1/2 on $mux $flatten\u_fpu_fma.\u_add.$procmux$2400.
    dead port 2/2 on $mux $flatten\u_fpu_fma.\u_add.$procmux$2406.
    dead port 1/2 on $mux $flatten\u_fpu_fma.\u_add.$procmux$2409.
    dead port 1/2 on $mux $flatten\u_fpu_fma.\u_add.$procmux$2412.
    dead port 1/2 on $mux $flatten\u_fpu_fma.\u_add.$procmux$2415.
    dead port 1/2 on $mux $flatten\u_fpu_fma.\u_add.$procmux$2418.
    dead port 1/2 on $mux $flatten\u_fpu_fma.\u_add.$procmux$2421.
    dead port 1/2 on $mux $flatten\u_fpu_fma.\u_add.$procmux$2424.
    dead port 1/2 on $mux $flatten\u_fpu_fma.\u_add.$procmux$2451.
    dead port 1/2 on $mux $flatten\u_fpu_fma.\u_add.$procmux$2454.
    dead port 1/2 on $mux $flatten\u_fpu_fma.\u_add.$procmux$2457.
    dead port 1/2 on $mux $flatten\u_fpu_fma.\u_add.$procmux$2460.
    dead port 1/2 on $mux $flatten\u_fpu_fma.\u_add.$procmux$2463.
    dead port 1/2 on $mux $flatten\u_fpu_fma.\u_add.$procmux$2466.
    dead port 1/2 on $mux $flatten\u_fpu_fma.\u_add.$procmux$2472.
    dead port 1/2 on $mux $flatten\u_fpu_fma.\u_add.$procmux$2475.
    dead port 1/2 on $mux $flatten\u_fpu_fma.\u_add.$procmux$2478.
    dead port 1/2 on $mux $flatten\u_fpu_fma.\u_add.$procmux$2481.
    dead port 1/2 on $mux $flatten\u_fpu_fma.\u_add.$procmux$2484.
    dead port 1/2 on $mux $flatten\u_fpu_fma.\u_add.$procmux$2487.
    dead port 1/2 on $mux $flatten\u_fpu_fma.\u_add.$procmux$2577.
    dead port 1/2 on $mux $flatten\u_fpu_fma.\u_add.$procmux$2580.
    dead port 1/2 on $mux $flatten\u_fpu_fma.\u_add.$procmux$2583.
    dead port 1/2 on $mux $flatten\u_fpu_fma.\u_add.$procmux$2586.
    dead port 1/2 on $mux $flatten\u_fpu_fma.\u_add.$procmux$2589.
    dead port 1/2 on $mux $flatten\u_fpu_fma.\u_add.$procmux$2592.
    dead port 1/2 on $mux $flatten\u_fpu_fma.\u_add.$procmux$2595.
    dead port 2/2 on $mux $flatten\u_fpu_fma.\u_add.$procmux$2601.
    dead port 1/2 on $mux $flatten\u_fpu_fma.\u_add.$procmux$2604.
    dead port 1/2 on $mux $flatten\u_fpu_fma.\u_add.$procmux$2607.
    dead port 1/2 on $mux $flatten\u_fpu_fma.\u_add.$procmux$2610.
    dead port 1/2 on $mux $flatten\u_fpu_fma.\u_add.$procmux$2613.
    dead port 1/2 on $mux $flatten\u_fpu_fma.\u_add.$procmux$2616.
    dead port 1/2 on $mux $flatten\u_fpu_fma.\u_add.$procmux$2619.
    dead port 1/2 on $mux $flatten\u_fpu_fma.\u_add.$procmux$2709.
    dead port 1/2 on $mux $flatten\u_fpu_fma.\u_add.$procmux$2712.
    dead port 1/2 on $mux $flatten\u_fpu_fma.\u_add.$procmux$2715.
    dead port 1/2 on $mux $flatten\u_fpu_fma.\u_add.$procmux$2718.
    dead port 1/2 on $mux $flatten\u_fpu_fma.\u_add.$procmux$2721.
    dead port 1/2 on $mux $flatten\u_fpu_fma.\u_add.$procmux$2979.
    dead port 1/2 on $mux $flatten\u_fpu_fma.\u_add.$procmux$2982.
    dead port 1/2 on $mux $flatten\u_fpu_fma.\u_add.$procmux$2985.
    dead port 1/2 on $mux $flatten\u_fpu_fma.\u_add.$procmux$2988.
    dead port 1/2 on $mux $flatten\u_fpu_fma.\u_add.$procmux$3204.
    dead port 1/2 on $mux $flatten\u_fpu_fma.\u_add.$procmux$3207.
    dead port 1/2 on $mux $flatten\u_fpu_fma.\u_add.$procmux$3210.
    dead port 1/2 on $mux $flatten\u_fpu_fma.\u_add.$procmux$3384.
    dead port 1/2 on $mux $flatten\u_fpu_fma.\u_add.$procmux$3387.
    dead port 2/2 on $mux $flatten\u_fpu_fma.\u_add.$procmux$3519.
    dead port 1/2 on $mux $flatten\u_fpu_fma.\u_add.$procmux$3522.
    dead port 1/2 on $mux $flatten\u_fpu_fma.\u_add.$procmux$3528.
    dead port 1/2 on $mux $flatten\u_fpu_fma.\u_add.$procmux$921.
    dead port 1/2 on $mux $flatten\u_fpu_fma.\u_add.$procmux$924.
    dead port 1/2 on $mux $flatten\u_fpu_fma.\u_add.$procmux$927.
    dead port 1/2 on $mux $flatten\u_fpu_fma.\u_add.$procmux$930.
    dead port 1/2 on $mux $flatten\u_fpu_fma.\u_add.$procmux$933.
    dead port 1/2 on $mux $flatten\u_fpu_fma.\u_add.$procmux$936.
    dead port 1/2 on $mux $flatten\u_fpu_fma.\u_add.$procmux$943.
    dead port 2/2 on $mux $flatten\u_fpu_fma.\u_add.$procmux$945.
    dead port 1/2 on $mux $flatten\u_fpu_fma.\u_add.$procmux$948.
    dead port 1/2 on $mux $flatten\u_fpu_fma.\u_add.$procmux$951.
    dead port 1/2 on $mux $flatten\u_fpu_fma.\u_add.$procmux$954.
    dead port 1/2 on $mux $flatten\u_fpu_fma.\u_add.$procmux$957.
    dead port 1/2 on $mux $flatten\u_fpu_fma.\u_add.$procmux$960.
    dead port 1/2 on $mux $flatten\u_fpu_fma.\u_add.$procmux$963.
    dead port 1/2 on $mux $flatten\u_fpu_fma.\u_add.$procmux$966.
    dead port 1/2 on $mux $flatten\u_fpu_fma.\u_add.$procmux$973.
    dead port 2/2 on $mux $flatten\u_fpu_fma.\u_add.$procmux$975.
    dead port 1/2 on $mux $flatten\u_fpu_fma.\u_add.$procmux$978.
    dead port 1/2 on $mux $flatten\u_fpu_fma.\u_add.$procmux$981.
    dead port 1/2 on $mux $flatten\u_fpu_fma.\u_add.$procmux$984.
    dead port 1/2 on $mux $flatten\u_fpu_fma.\u_add.$procmux$987.
    dead port 1/2 on $mux $flatten\u_fpu_fma.\u_add.$procmux$990.
    dead port 1/2 on $mux $flatten\u_fpu_fma.\u_add.$procmux$993.
    dead port 1/2 on $mux $flatten\u_fpu_fma.\u_add.$procmux$996.
    dead port 1/2 on $mux $flatten\u_fpu_fma.\u_mul.$procmux$624.
    dead port 1/2 on $mux $flatten\u_fpu_fma.\u_mul.$procmux$627.
    dead port 1/2 on $mux $flatten\u_fpu_fma.\u_mul.$procmux$630.
    dead port 1/2 on $mux $flatten\u_fpu_fma.\u_mul.$procmux$633.
    dead port 1/2 on $mux $flatten\u_fpu_fma.\u_mul.$procmux$636.
    dead port 1/2 on $mux $flatten\u_fpu_fma.\u_mul.$procmux$660.
    dead port 1/2 on $mux $flatten\u_fpu_fma.\u_mul.$procmux$663.
    dead port 1/2 on $mux $flatten\u_fpu_fma.\u_mul.$procmux$666.
    dead port 1/2 on $mux $flatten\u_fpu_fma.\u_mul.$procmux$669.
    dead port 1/2 on $mux $flatten\u_fpu_fma.\u_mul.$procmux$705.
    dead port 1/2 on $mux $flatten\u_fpu_fma.\u_mul.$procmux$708.
    dead port 1/2 on $mux $flatten\u_fpu_fma.\u_mul.$procmux$711.
    dead port 1/2 on $mux $flatten\u_fpu_fma.\u_mul.$procmux$714.
    dead port 1/2 on $mux $flatten\u_fpu_fma.\u_mul.$procmux$720.
    dead port 1/2 on $mux $flatten\u_fpu_fma.\u_mul.$procmux$723.
    dead port 1/2 on $mux $flatten\u_fpu_fma.\u_mul.$procmux$726.
    dead port 2/2 on $mux $flatten\u_fpu_fma.\u_mul.$procmux$792.
    dead port 1/2 on $mux $flatten\u_fpu_fma.\u_mul.$procmux$795.
    dead port 1/2 on $mux $flatten\u_fpu_fma.\u_mul.$procmux$798.
    dead port 1/2 on $mux $flatten\u_fpu_fma.\u_mul.$procmux$804.
    dead port 1/2 on $mux $flatten\u_fpu_fma.\u_mul.$procmux$807.
    dead port 2/2 on $mux $flatten\u_fpu_fma.\u_mul.$procmux$858.
    dead port 1/2 on $mux $flatten\u_fpu_fma.\u_mul.$procmux$861.
    dead port 1/2 on $mux $flatten\u_fpu_fma.\u_mul.$procmux$867.
Removed 184 multiplexer ports.
<suppressed ~30 debug messages>

5.10.4. Executing OPT_REDUCE pass (consolidate $*mux and $reduce_* inputs).
  Optimizing cells in module \synth_harness.
Performed a total of 0 changes.

5.10.5. Executing OPT_MERGE pass (detect identical cells).
Finding identical cells in module `\synth_harness'.
<suppressed ~3 debug messages>
Removed a total of 1 cells.

5.10.6. Executing OPT_DFF pass (perform DFF optimizations).

5.10.7. Executing OPT_CLEAN pass (remove unused cells and wires).
Finding unused cells or wires in module \synth_harness..
Removed 0 unused cells and 194 unused wires.
<suppressed ~1 debug messages>

5.10.8. Executing OPT_EXPR pass (perform const folding).
Optimizing module synth_harness.

5.10.9. Rerunning OPT passes. (Maybe there is more to do..)

5.10.10. Executing OPT_MUXTREE pass (detect dead branches in mux trees).
Running muxtree optimizer on module \synth_harness..
  Creating internal representation of mux trees.
  Evaluating internal representation of mux trees.
  Analyzing evaluation results.
Removed 0 multiplexer ports.
<suppressed ~31 debug messages>

5.10.11. Executing OPT_REDUCE pass (consolidate $*mux and $reduce_* inputs).
  Optimizing cells in module \synth_harness.
Performed a total of 0 changes.

5.10.12. Executing OPT_MERGE pass (detect identical cells).
Finding identical cells in module `\synth_harness'.
Removed a total of 0 cells.

5.10.13. Executing OPT_DFF pass (perform DFF optimizations).

5.10.14. Executing OPT_CLEAN pass (remove unused cells and wires).
Finding unused cells or wires in module \synth_harness..

5.10.15. Executing OPT_EXPR pass (perform const folding).
Optimizing module synth_harness.

5.10.16. Finished OPT passes. (There is nothing left to do.)

5.11. Executing FSM pass (extract and optimize FSM).

5.11.1. Executing FSM_DETECT pass (finding FSMs in design).

5.11.2. Executing FSM_EXTRACT pass (extracting FSM from design).

5.11.3. Executing FSM_OPT pass (simple optimizations of FSMs).

5.11.4. Executing OPT_CLEAN pass (remove unused cells and wires).
Finding unused cells or wires in module \synth_harness..

5.11.5. Executing FSM_OPT pass (simple optimizations of FSMs).

5.11.6. Executing FSM_RECODE pass (re-assigning FSM state encoding).

5.11.7. Executing FSM_INFO pass (dumping all available information on FSM cells).

5.11.8. Executing FSM_MAP pass (mapping FSMs to basic logic).

5.12. Executing OPT pass (performing simple optimizations).

5.12.1. Executing OPT_EXPR pass (perform const folding).
Optimizing module synth_harness.

5.12.2. Executing OPT_MERGE pass (detect identical cells).
Finding identical cells in module `\synth_harness'.
Removed a total of 0 cells.

5.12.3. Executing OPT_MUXTREE pass (detect dead branches in mux trees).
Running muxtree optimizer on module \synth_harness..
  Creating internal representation of mux trees.
  Evaluating internal representation of mux trees.
  Analyzing evaluation results.
Removed 0 multiplexer ports.
<suppressed ~31 debug messages>

5.12.4. Executing OPT_REDUCE pass (consolidate $*mux and $reduce_* inputs).
  Optimizing cells in module \synth_harness.
Performed a total of 0 changes.

5.12.5. Executing OPT_MERGE pass (detect identical cells).
Finding identical cells in module `\synth_harness'.
Removed a total of 0 cells.

5.12.6. Executing OPT_DFF pass (perform DFF optimizations).
Adding SRST signal on $procdff$3659 ($dff) from module synth_harness (D = $flatten\u_fpu_fma.\u_add.$2\result[31:0], Q = \result_reg, rval = 2143289344).

5.12.7. Executing OPT_CLEAN pass (remove unused cells and wires).
Finding unused cells or wires in module \synth_harness..
Removed 1 unused cells and 0 unused wires.
<suppressed ~1 debug messages>

5.12.8. Executing OPT_EXPR pass (perform const folding).
Optimizing module synth_harness.

5.12.9. Rerunning OPT passes. (Maybe there is more to do..)

5.12.10. Executing OPT_MUXTREE pass (detect dead branches in mux trees).
Running muxtree optimizer on module \synth_harness..
  Creating internal representation of mux trees.
  Evaluating internal representation of mux trees.
  Analyzing evaluation results.
Removed 0 multiplexer ports.
<suppressed ~31 debug messages>

5.12.11. Executing OPT_REDUCE pass (consolidate $*mux and $reduce_* inputs).
  Optimizing cells in module \synth_harness.
Performed a total of 0 changes.

5.12.12. Executing OPT_MERGE pass (detect identical cells).
Finding identical cells in module `\synth_harness'.
Removed a total of 0 cells.

5.12.13. Executing OPT_DFF pass (perform DFF optimizations).

5.12.14. Executing OPT_CLEAN pass (remove unused cells and wires).
Finding unused cells or wires in module \synth_harness..

5.12.15. Executing OPT_EXPR pass (perform const folding).
Optimizing module synth_harness.

5.12.16. Finished OPT passes. (There is nothing left to do.)

5.13. Executing WREDUCE pass (reducing word size of cells).
Removed top 24 bits (of 32) from FF cell synth_harness.$auto$ff.cc:266:slice$3697 ($sdff).
Removed top 27 bits (of 32) from port B of cell synth_harness.$flatten\u_fpu_fma.\u_add.$lt$../../rtl/fpu_adder.sv:77$72 ($lt).
Removed top 27 bits (of 32) from port B of cell synth_harness.$flatten\u_fpu_fma.\u_add.$lt$../../rtl/fpu_adder.sv:85$75 ($lt).
Removed top 31 bits (of 32) from port B of cell synth_harness.$flatten\u_fpu_fma.\u_add.$add$../../rtl/fpu_adder.sv:101$83 ($add).
Removed top 24 bits (of 32) from port Y of cell synth_harness.$flatten\u_fpu_fma.\u_add.$add$../../rtl/fpu_adder.sv:101$83 ($add).
Removed top 3 bits (of 8) from mux cell synth_harness.$flatten\u_fpu_fma.\u_add.$procmux$1253 ($mux).
Removed top 4 bits (of 8) from mux cell synth_harness.$flatten\u_fpu_fma.\u_add.$procmux$1542 ($mux).
Removed top 7 bits (of 8) from mux cell synth_harness.$flatten\u_fpu_fma.\u_add.$procmux$1875 ($mux).
Removed top 1 bits (of 25) from mux cell synth_harness.$flatten\u_fpu_fma.\u_add.$procmux$2404 ($mux).
Removed top 24 bits (of 32) from mux cell synth_harness.$flatten\u_fpu_fma.\u_add.$procmux$3525 ($mux).
Removed top 1 bits (of 9) from port A of cell synth_harness.$flatten\u_fpu_fma.\u_mul.$add$../../rtl/fpu_multiplier.sv:59$173 ($add).
Removed top 1 bits (of 9) from port B of cell synth_harness.$flatten\u_fpu_fma.\u_mul.$add$../../rtl/fpu_multiplier.sv:59$173 ($add).
Removed top 2 bits (of 9) from port B of cell synth_harness.$flatten\u_fpu_fma.\u_mul.$sub$../../rtl/fpu_multiplier.sv:59$174 ($sub).
Removed top 24 bits (of 48) from port A of cell synth_harness.$flatten\u_fpu_fma.\u_mul.$mul$../../rtl/fpu_multiplier.sv:60$175 ($mul).
Removed top 24 bits (of 48) from port B of cell synth_harness.$flatten\u_fpu_fma.\u_mul.$mul$../../rtl/fpu_multiplier.sv:60$175 ($mul).
Removed top 31 bits (of 32) from port B of cell synth_harness.$flatten\u_fpu_fma.\u_mul.$add$../../rtl/fpu_multiplier.sv:64$176 ($add).
Removed top 23 bits (of 32) from port Y of cell synth_harness.$flatten\u_fpu_fma.\u_mul.$add$../../rtl/fpu_multiplier.sv:64$176 ($add).
Removed top 24 bits (of 32) from port B of cell synth_harness.$flatten\u_fpu_fma.\u_mul.$gt$../../rtl/fpu_multiplier.sv:69$177 ($gt).
Removed top 1 bits (of 32) from mux cell synth_harness.$flatten\u_fpu_fma.\u_mul.$procmux$621 ($mux).
Removed top 1 bits (of 32) from mux cell synth_harness.$flatten\u_fpu_fma.\u_mul.$procmux$657 ($mux).
Removed top 1 bits (of 32) from mux cell synth_harness.$flatten\u_fpu_fma.\u_mul.$procmux$717 ($mux).
Removed top 24 bits (of 32) from mux cell synth_harness.$flatten\u_fpu_fma.\u_add.$procmux$3381 ($mux).
Removed top 24 bits (of 32) from mux cell synth_harness.$flatten\u_fpu_fma.\u_add.$procmux$3517 ($mux).
Removed top 24 bits (of 32) from mux cell synth_harness.$flatten\u_fpu_fma.\u_add.$procmux$3201 ($mux).
Removed top 24 bits (of 32) from mux cell synth_harness.$flatten\u_fpu_fma.\u_add.$procmux$2976 ($mux).
Removed cell synth_harness.$flatten\u_fpu_fma.\u_add.$ternary$../../rtl/fpu_adder.sv:60$60 ($mux).
Removed top 24 bits (of 32) from mux cell synth_harness.$flatten\u_fpu_fma.\u_add.$procmux$2706 ($mux).
Removed top 24 bits (of 32) from mux cell synth_harness.$flatten\u_fpu_fma.\u_add.$procmux$918 ($mux).
Removed cell synth_harness.$flatten\u_fpu_fma.\u_add.$procmux$2469 ($mux).
Removed cell synth_harness.$flatten\u_fpu_fma.\u_add.$procmux$2448 ($mux).
Removed top 24 bits (of 32) from wire synth_harness.$flatten\u_fpu_fma.\u_add.$2\result[31:0].
Removed top 24 bits (of 32) from wire synth_harness.$flatten\u_fpu_fma.\u_add.$3\result[31:0].
Removed top 24 bits (of 32) from wire synth_harness.$flatten\u_fpu_fma.\u_add.$4\result[31:0].
Removed top 24 bits (of 32) from wire synth_harness.$flatten\u_fpu_fma.\u_add.$5\result[31:0].
Removed top 24 bits (of 32) from wire synth_harness.$flatten\u_fpu_fma.\u_add.$6\result[31:0].
Removed top 24 bits (of 32) from wire synth_harness.$flatten\u_fpu_fma.\u_add.$7\result[31:0].
Removed top 24 bits (of 32) from wire synth_harness.$flatten\u_fpu_fma.\u_add.$8\result[31:0].
Removed top 1 bits (of 25) from wire synth_harness.$flatten\u_fpu_fma.\u_add.$8\result_mant[24:0].
Removed top 3 bits (of 8) from wire synth_harness.$flatten\u_fpu_fma.\u_add.$procmux$1253_Y.
Removed top 4 bits (of 8) from wire synth_harness.$flatten\u_fpu_fma.\u_add.$procmux$1542_Y.
Removed top 7 bits (of 8) from wire synth_harness.$flatten\u_fpu_fma.\u_add.$procmux$1875_Y.
Removed top 24 bits (of 32) from wire synth_harness.$flatten\u_fpu_fma.\u_add.$ternary$../../rtl/fpu_adder.sv:60$60_Y.
Removed top 23 bits (of 32) from wire synth_harness.$flatten\u_fpu_fma.\u_mul.$add$../../rtl/fpu_multiplier.sv:64$176_Y.

5.14. Executing PEEPOPT pass (run peephole optimizers).

5.15. Executing OPT_CLEAN pass (remove unused cells and wires).
Finding unused cells or wires in module \synth_harness..
Removed 8 unused cells and 25 unused wires.
<suppressed ~9 debug messages>

5.16. Executing SHARE pass (SAT-based resource sharing).
Found 4 cells in module synth_harness that may be considered for resource sharing.
  Analyzing resource sharing options for $flatten\u_fpu_fma.\u_mul.$mul$../../rtl/fpu_multiplier.sv:60$175 ($mul):
    Found 3 activation_patterns using ctrl signal { $flatten\u_fpu_fma.\u_mul.$eq$../../rtl/fpu_multiplier.sv:72$179_Y $flatten\u_fpu_fma.\u_mul.$logic_or$../../rtl/fpu_multiplier.sv:69$178_Y $flatten\u_fpu_fma.\u_mul.$logic_or$../../rtl/fpu_multiplier.sv:54$170_Y $flatten\u_fpu_fma.\u_mul.$logic_or$../../rtl/fpu_multiplier.sv:40$167_Y \u_fpu_fma.u_mul.b_is_inf \u_fpu_fma.u_mul.a_is_inf }.
    No candidates found.
  Analyzing resource sharing options for $flatten\u_fpu_fma.\u_add.$shr$../../rtl/fpu_adder.sv:86$76 ($shr):
    Found 1278 activation_patterns using ctrl signal { $flatten\u_fpu_fma.\u_add.$eq$../../rtl/fpu_adder.sv:150$151_Y $flatten\u_fpu_fma.\u_add.$le$../../rtl/fpu_adder.sv:138$148_Y $flatten\u_fpu_fma.\u_add.$logic_and$../../rtl/fpu_adder.sv:131$147_Y $flatten\u_fpu_fma.\u_add.$logic_and$../../rtl/fpu_adder.sv:131$145_Y $flatten\u_fpu_fma.\u_add.$logic_and$../../rtl/fpu_adder.sv:131$143_Y $flatten\u_fpu_fma.\u_add.$logic_and$../../rtl/fpu_adder.sv:131$141_Y $flatten\u_fpu_fma.\u_add.$logic_and$../../rtl/fpu_adder.sv:131$139_Y $flatten\u_fpu_fma.\u_add.$logic_and$../../rtl/fpu_adder.sv:131$137_Y $flatten\u_fpu_fma.\u_add.$logic_and$../../rtl/fpu_adder.sv:131$135_Y $flatten\u_fpu_fma.\u_add.$logic_and$../../rtl/fpu_adder.sv:125$131_Y $flatten\u_fpu_fma.\u_add.$logic_and$../../rtl/fpu_adder.sv:125$129_Y $flatten\u_fpu_fma.\u_add.$logic_and$../../rtl/fpu_adder.sv:125$127_Y $flatten\u_fpu_fma.\u_add.$logic_and$../../rtl/fpu_adder.sv:125$125_Y $flatten\u_fpu_fma.\u_add.$logic_and$../../rtl/fpu_adder.sv:125$123_Y $flatten\u_fpu_fma.\u_add.$logic_and$../../rtl/fpu_adder.sv:125$121_Y $flatten\u_fpu_fma.\u_add.$logic_and$../../rtl/fpu_adder.sv:125$119_Y $flatten\u_fpu_fma.\u_add.$ne$../../rtl/fpu_adder.sv:123$113_Y $flatten\u_fpu_fma.\u_add.$logic_and$../../rtl/fpu_adder.sv:119$112_Y $flatten\u_fpu_fma.\u_add.$logic_and$../../rtl/fpu_adder.sv:119$110_Y $flatten\u_fpu_fma.\u_add.$logic_and$../../rtl/fpu_adder.sv:119$108_Y $flatten\u_fpu_fma.\u_add.$logic_and$../../rtl/fpu_adder.sv:119$106_Y $flatten\u_fpu_fma.\u_add.$logic_and$../../rtl/fpu_adder.sv:119$104_Y $flatten\u_fpu_fma.\u_add.$logic_and$../../rtl/fpu_adder.sv:119$102_Y $flatten\u_fpu_fma.\u_add.$ne$../../rtl/fpu_adder.sv:117$95_Y $flatten\u_fpu_fma.\u_add.$ne$../../rtl/fpu_adder.sv:114$87_Y $flatten\u_fpu_fma.\u_add.$9\result_mant[24:0] [23] $flatten\u_fpu_fma.\u_add.$eq$../../rtl/fpu_adder.sv:94$77_Y $flatten\u_fpu_fma.\u_add.$lt$../../rtl/fpu_adder.sv:85$75_Y $flatten\u_fpu_fma.\u_add.$gt$../../rtl/fpu_adder.sv:75$70_Y $flatten\u_fpu_fma.\u_add.$logic_and$../../rtl/fpu_adder.sv:51$47_Y $flatten\u_fpu_fma.\u_add.$logic_or$../../rtl/fpu_adder.sv:49$43_Y \u_fpu_fma.u_add.b_is_zero \u_fpu_fma.u_add.a_is_zero \u_fpu_fma.u_add.b_is_inf \u_fpu_fma.u_add.a_is_inf }.
    Found 1 candidates: $flatten\u_fpu_fma.\u_add.$shr$../../rtl/fpu_adder.sv:78$73
    Analyzing resource sharing with $flatten\u_fpu_fma.\u_add.$shr$../../rtl/fpu_adder.sv:78$73 ($shr):
      Found 1278 activation_patterns using ctrl signal { $flatten\u_fpu_fma.\u_add.$eq$../../rtl/fpu_adder.sv:150$151_Y $flatten\u_fpu_fma.\u_add.$le$../../rtl/fpu_adder.sv:138$148_Y $flatten\u_fpu_fma.\u_add.$logic_and$../../rtl/fpu_adder.sv:131$147_Y $flatten\u_fpu_fma.\u_add.$logic_and$../../rtl/fpu_adder.sv:131$145_Y $flatten\u_fpu_fma.\u_add.$logic_and$../../rtl/fpu_adder.sv:131$143_Y $flatten\u_fpu_fma.\u_add.$logic_and$../../rtl/fpu_adder.sv:131$141_Y $flatten\u_fpu_fma.\u_add.$logic_and$../../rtl/fpu_adder.sv:131$139_Y $flatten\u_fpu_fma.\u_add.$logic_and$../../rtl/fpu_adder.sv:131$137_Y $flatten\u_fpu_fma.\u_add.$logic_and$../../rtl/fpu_adder.sv:131$135_Y $flatten\u_fpu_fma.\u_add.$logic_and$../../rtl/fpu_adder.sv:125$131_Y $flatten\u_fpu_fma.\u_add.$logic_and$../../rtl/fpu_adder.sv:125$129_Y $flatten\u_fpu_fma.\u_add.$logic_and$../../rtl/fpu_adder.sv:125$127_Y $flatten\u_fpu_fma.\u_add.$logic_and$../../rtl/fpu_adder.sv:125$125_Y $flatten\u_fpu_fma.\u_add.$logic_and$../../rtl/fpu_adder.sv:125$123_Y $flatten\u_fpu_fma.\u_add.$logic_and$../../rtl/fpu_adder.sv:125$121_Y $flatten\u_fpu_fma.\u_add.$logic_and$../../rtl/fpu_adder.sv:125$119_Y $flatten\u_fpu_fma.\u_add.$ne$../../rtl/fpu_adder.sv:123$113_Y $flatten\u_fpu_fma.\u_add.$logic_and$../../rtl/fpu_adder.sv:119$112_Y $flatten\u_fpu_fma.\u_add.$logic_and$../../rtl/fpu_adder.sv:119$110_Y $flatten\u_fpu_fma.\u_add.$logic_and$../../rtl/fpu_adder.sv:119$108_Y $flatten\u_fpu_fma.\u_add.$logic_and$../../rtl/fpu_adder.sv:119$106_Y $flatten\u_fpu_fma.\u_add.$logic_and$../../rtl/fpu_adder.sv:119$104_Y $flatten\u_fpu_fma.\u_add.$logic_and$../../rtl/fpu_adder.sv:119$102_Y $flatten\u_fpu_fma.\u_add.$ne$../../rtl/fpu_adder.sv:117$95_Y $flatten\u_fpu_fma.\u_add.$ne$../../rtl/fpu_adder.sv:114$87_Y $flatten\u_fpu_fma.\u_add.$9\result_mant[24:0] [23] $flatten\u_fpu_fma.\u_add.$eq$../../rtl/fpu_adder.sv:94$77_Y $flatten\u_fpu_fma.\u_add.$lt$../../rtl/fpu_adder.sv:77$72_Y $flatten\u_fpu_fma.\u_add.$gt$../../rtl/fpu_adder.sv:75$70_Y $flatten\u_fpu_fma.\u_add.$logic_and$../../rtl/fpu_adder.sv:51$47_Y $flatten\u_fpu_fma.\u_add.$logic_or$../../rtl/fpu_adder.sv:49$43_Y \u_fpu_fma.u_add.b_is_zero \u_fpu_fma.u_add.a_is_zero \u_fpu_fma.u_add.b_is_inf \u_fpu_fma.u_add.a_is_inf }.
      Forbidden control signals for this pair of cells: { $flatten\u_fpu_fma.\u_add.$eq$../../rtl/fpu_adder.sv:150$151_Y $flatten\u_fpu_fma.\u_add.$le$../../rtl/fpu_adder.sv:138$148_Y $flatten\u_fpu_fma.\u_add.$logic_and$../../rtl/fpu_adder.sv:131$147_Y $flatten\u_fpu_fma.\u_add.$logic_and$../../rtl/fpu_adder.sv:131$145_Y $flatten\u_fpu_fma.\u_add.$logic_and$../../rtl/fpu_adder.sv:131$143_Y $flatten\u_fpu_fma.\u_add.$logic_and$../../rtl/fpu_adder.sv:131$141_Y $flatten\u_fpu_fma.\u_add.$logic_and$../../rtl/fpu_adder.sv:131$139_Y $flatten\u_fpu_fma.\u_add.$logic_and$../../rtl/fpu_adder.sv:131$137_Y $flatten\u_fpu_fma.\u_add.$logic_and$../../rtl/fpu_adder.sv:131$135_Y $flatten\u_fpu_fma.\u_add.$logic_and$../../rtl/fpu_adder.sv:125$131_Y $flatten\u_fpu_fma.\u_add.$logic_and$../../rtl/fpu_adder.sv:125$129_Y $flatten\u_fpu_fma.\u_add.$logic_and$../../rtl/fpu_adder.sv:125$127_Y $flatten\u_fpu_fma.\u_add.$logic_and$../../rtl/fpu_adder.sv:125$125_Y $flatten\u_fpu_fma.\u_add.$logic_and$../../rtl/fpu_adder.sv:125$123_Y $flatten\u_fpu_fma.\u_add.$logic_and$../../rtl/fpu_adder.sv:125$121_Y $flatten\u_fpu_fma.\u_add.$logic_and$../../rtl/fpu_adder.sv:125$119_Y $flatten\u_fpu_fma.\u_add.$ne$../../rtl/fpu_adder.sv:123$113_Y $flatten\u_fpu_fma.\u_add.$logic_and$../../rtl/fpu_adder.sv:119$112_Y $flatten\u_fpu_fma.\u_add.$logic_and$../../rtl/fpu_adder.sv:119$110_Y $flatten\u_fpu_fma.\u_add.$logic_and$../../rtl/fpu_adder.sv:119$108_Y $flatten\u_fpu_fma.\u_add.$logic_and$../../rtl/fpu_adder.sv:119$106_Y $flatten\u_fpu_fma.\u_add.$logic_and$../../rtl/fpu_adder.sv:119$104_Y $flatten\u_fpu_fma.\u_add.$logic_and$../../rtl/fpu_adder.sv:119$102_Y $flatten\u_fpu_fma.\u_add.$ne$../../rtl/fpu_adder.sv:117$95_Y $flatten\u_fpu_fma.\u_add.$ne$../../rtl/fpu_adder.sv:114$87_Y $flatten\u_fpu_fma.\u_add.$9\result_mant[24:0] [23:22] $flatten\u_fpu_fma.\u_add.$9\result_mant[24:0] [15] $flatten\u_fpu_fma.\u_add.$9\result_mant[24:0] [7] $flatten\u_fpu_fma.\u_add.$ge$../../rtl/fpu_adder.sv:104$84_Y $flatten\u_fpu_fma.\u_add.$add$../../rtl/fpu_adder.sv:95$81_Y [24] }
      Activation pattern for cell $flatten\u_fpu_fma.\u_add.$shr$../../rtl/fpu_adder.sv:86$76: { $flatten\u_fpu_fma.\u_add.$lt$../../rtl/fpu_adder.sv:85$75_Y $flatten\u_fpu_fma.\u_add.$gt$../../rtl/fpu_adder.sv:75$70_Y $flatten\u_fpu_fma.\u_add.$logic_and$../../rtl/fpu_adder.sv:51$47_Y $flatten\u_fpu_fma.\u_add.$logic_or$../../rtl/fpu_adder.sv:49$43_Y \u_fpu_fma.u_add.b_is_zero \u_fpu_fma.u_add.a_is_zero \u_fpu_fma.u_add.b_is_inf \u_fpu_fma.u_add.a_is_inf } = 8'10000000
      Activation pattern for cell $flatten\u_fpu_fma.\u_add.$shr$../../rtl/fpu_adder.sv:86$76: { $flatten\u_fpu_fma.\u_add.$eq$../../rtl/fpu_adder.sv:94$77_Y $flatten\u_fpu_fma.\u_add.$lt$../../rtl/fpu_adder.sv:85$75_Y $flatten\u_fpu_fma.\u_add.$gt$../../rtl/fpu_adder.sv:75$70_Y $flatten\u_fpu_fma.\u_add.$logic_and$../../rtl/fpu_adder.sv:51$47_Y $flatten\u_fpu_fma.\u_add.$logic_or$../../rtl/fpu_adder.sv:49$43_Y \u_fpu_fma.u_add.b_is_zero \u_fpu_fma.u_add.a_is_zero \u_fpu_fma.u_add.b_is_inf \u_fpu_fma.u_add.a_is_inf } = 9'010000000
      Activation pattern for cell $flatten\u_fpu_fma.\u_add.$shr$../../rtl/fpu_adder.sv:78$73: { $flatten\u_fpu_fma.\u_add.$lt$../../rtl/fpu_adder.sv:77$72_Y $flatten\u_fpu_fma.\u_add.$gt$../../rtl/fpu_adder.sv:75$70_Y $flatten\u_fpu_fma.\u_add.$logic_and$../../rtl/fpu_adder.sv:51$47_Y $flatten\u_fpu_fma.\u_add.$logic_or$../../rtl/fpu_adder.sv:49$43_Y \u_fpu_fma.u_add.b_is_zero \u_fpu_fma.u_add.a_is_zero \u_fpu_fma.u_add.b_is_inf \u_fpu_fma.u_add.a_is_inf } = 8'11000000
      Activation pattern for cell $flatten\u_fpu_fma.\u_add.$shr$../../rtl/fpu_adder.sv:78$73: { $flatten\u_fpu_fma.\u_add.$eq$../../rtl/fpu_adder.sv:94$77_Y $flatten\u_fpu_fma.\u_add.$lt$../../rtl/fpu_adder.sv:77$72_Y $flatten\u_fpu_fma.\u_add.$gt$../../rtl/fpu_adder.sv:75$70_Y $flatten\u_fpu_fma.\u_add.$logic_and$../../rtl/fpu_adder.sv:51$47_Y $flatten\u_fpu_fma.\u_add.$logic_or$../../rtl/fpu_adder.sv:49$43_Y \u_fpu_fma.u_add.b_is_zero \u_fpu_fma.u_add.a_is_zero \u_fpu_fma.u_add.b_is_inf \u_fpu_fma.u_add.a_is_inf } = 9'011000000
      Size of SAT problem: 0 cells, 3119 variables, 8388 clauses
      According to the SAT solver this pair of cells can be shared.
      Activation signal for $flatten\u_fpu_fma.\u_add.$shr$../../rtl/fpu_adder.sv:86$76: $auto$share.cc:987:make_cell_activation_logic$3714
      New cell: $auto$share.cc:667:make_supercell$3721 ($shr)
  Analyzing resource sharing options for $auto$share.cc:667:make_supercell$3721 ($shr):
    Found 4 activation_patterns using ctrl signal { $flatten\u_fpu_fma.\u_add.$eq$../../rtl/fpu_adder.sv:94$77_Y $flatten\u_fpu_fma.\u_add.$lt$../../rtl/fpu_adder.sv:85$75_Y $flatten\u_fpu_fma.\u_add.$lt$../../rtl/fpu_adder.sv:77$72_Y $flatten\u_fpu_fma.\u_add.$gt$../../rtl/fpu_adder.sv:75$70_Y $flatten\u_fpu_fma.\u_add.$logic_and$../../rtl/fpu_adder.sv:51$47_Y $flatten\u_fpu_fma.\u_add.$logic_or$../../rtl/fpu_adder.sv:49$43_Y \u_fpu_fma.u_add.b_is_zero \u_fpu_fma.u_add.a_is_zero \u_fpu_fma.u_add.b_is_inf \u_fpu_fma.u_add.a_is_inf }.
    No candidates found.
  Analyzing resource sharing options for $flatten\u_fpu_fma.\u_add.$shl$../../rtl/fpu_adder.sv:139$149 ($shl):
    Found 2 activation_patterns using ctrl signal { $flatten\u_fpu_fma.\u_add.$eq$../../rtl/fpu_adder.sv:150$151_Y $flatten\u_fpu_fma.\u_add.$le$../../rtl/fpu_adder.sv:138$148_Y $flatten\u_fpu_fma.\u_add.$ne$../../rtl/fpu_adder.sv:114$87_Y $flatten\u_fpu_fma.\u_add.$9\result_mant[24:0] [23] $flatten\u_fpu_fma.\u_add.$eq$../../rtl/fpu_adder.sv:94$77_Y $flatten\u_fpu_fma.\u_add.$logic_and$../../rtl/fpu_adder.sv:51$47_Y $flatten\u_fpu_fma.\u_add.$logic_or$../../rtl/fpu_adder.sv:49$43_Y \u_fpu_fma.u_add.b_is_zero \u_fpu_fma.u_add.a_is_zero \u_fpu_fma.u_add.b_is_inf \u_fpu_fma.u_add.a_is_inf }.
    No candidates found.
Removing 2 cells in module synth_harness:
  Removing cell $flatten\u_fpu_fma.\u_add.$shr$../../rtl/fpu_adder.sv:78$73 ($shr).
  Removing cell $flatten\u_fpu_fma.\u_add.$shr$../../rtl/fpu_adder.sv:86$76 ($shr).

5.17. Executing TECHMAP pass (map to technology primitives).

5.17.1. Executing Verilog-2005 frontend: /usr/bin/../share/yosys/cmp2lut.v
Parsing Verilog input from `/usr/bin/../share/yosys/cmp2lut.v' to AST representation.
Generating RTLIL representation for module `\_90_lut_cmp_'.
Successfully finished Verilog frontend.

5.17.2. Continuing TECHMAP pass.
No more expansions possible.
<suppressed ~140 debug messages>

5.18. Executing OPT_EXPR pass (perform const folding).
Optimizing module synth_harness.

5.19. Executing OPT_CLEAN pass (remove unused cells and wires).
Finding unused cells or wires in module \synth_harness..
Removed 0 unused cells and 2 unused wires.
<suppressed ~3 debug messages>

5.20. Executing ALUMACC pass (create $alu and $macc cells).
Extracting $alu and $macc cells in module synth_harness:
  creating $macc model for $add$synth_harness.sv:41$573 ($add).
  creating $macc model for $flatten\u_fpu_fma.\u_add.$add$../../rtl/fpu_adder.sv:95$81 ($add).
  creating $macc model for $flatten\u_fpu_fma.\u_add.$sub$../../rtl/fpu_adder.sv:105$85 ($sub).
  creating $macc model for $flatten\u_fpu_fma.\u_add.$sub$../../rtl/fpu_adder.sv:108$86 ($sub).
  creating $macc model for $flatten\u_fpu_fma.\u_add.$sub$../../rtl/fpu_adder.sv:76$71 ($sub).
  creating $macc model for $flatten\u_fpu_fma.\u_add.$sub$../../rtl/fpu_adder.sv:84$74 ($sub).
  creating $macc model for $flatten\u_fpu_fma.\u_mul.$add$../../rtl/fpu_multiplier.sv:59$173 ($add).
  creating $macc model for $flatten\u_fpu_fma.\u_mul.$add$../../rtl/fpu_multiplier.sv:64$176 ($add).
  creating $macc model for $flatten\u_fpu_fma.\u_mul.$mul$../../rtl/fpu_multiplier.sv:60$175 ($mul).
  creating $macc model for $flatten\u_fpu_fma.\u_mul.$sub$../../rtl/fpu_multiplier.sv:59$174 ($sub).
  merging $macc model for $flatten\u_fpu_fma.\u_mul.$add$../../rtl/fpu_multiplier.sv:59$173 into $flatten\u_fpu_fma.\u_mul.$sub$../../rtl/fpu_multiplier.sv:59$174.
  creating $alu model for $macc $flatten\u_fpu_fma.\u_mul.$add$../../rtl/fpu_multiplier.sv:64$176.
  creating $alu model for $macc $flatten\u_fpu_fma.\u_add.$sub$../../rtl/fpu_adder.sv:84$74.
  creating $alu model for $macc $flatten\u_fpu_fma.\u_add.$sub$../../rtl/fpu_adder.sv:76$71.
  creating $alu model for $macc $flatten\u_fpu_fma.\u_add.$sub$../../rtl/fpu_adder.sv:108$86.
  creating $alu model for $macc $flatten\u_fpu_fma.\u_add.$sub$../../rtl/fpu_adder.sv:105$85.
  creating $alu model for $macc $flatten\u_fpu_fma.\u_add.$add$../../rtl/fpu_adder.sv:95$81.
  creating $alu model for $macc $add$synth_harness.sv:41$573.
  creating $macc cell for $flatten\u_fpu_fma.\u_mul.$sub$../../rtl/fpu_multiplier.sv:59$174: $auto$alumacc.cc:365:replace_macc$3725
  creating $macc cell for $flatten\u_fpu_fma.\u_mul.$mul$../../rtl/fpu_multiplier.sv:60$175: $auto$alumacc.cc:365:replace_macc$3726
  creating $alu model for $flatten\u_fpu_fma.\u_add.$ge$../../rtl/fpu_adder.sv:104$84 ($ge): merged with $flatten\u_fpu_fma.\u_add.$sub$../../rtl/fpu_adder.sv:105$85.
  creating $alu model for $flatten\u_fpu_fma.\u_add.$gt$../../rtl/fpu_adder.sv:75$70 ($gt): merged with $flatten\u_fpu_fma.\u_add.$sub$../../rtl/fpu_adder.sv:76$71.
  creating $alu model for $flatten\u_fpu_fma.\u_add.$le$../../rtl/fpu_adder.sv:138$148 ($le): new $alu
  creating $alu model for $flatten\u_fpu_fma.\u_add.$lt$../../rtl/fpu_adder.sv:77$72 ($lt): new $alu
  creating $alu model for $flatten\u_fpu_fma.\u_add.$lt$../../rtl/fpu_adder.sv:85$75 ($lt): new $alu
  creating $alu model for $flatten\u_fpu_fma.\u_mul.$gt$../../rtl/fpu_multiplier.sv:69$177 ($gt): new $alu
  creating $alu cell for $flatten\u_fpu_fma.\u_mul.$gt$../../rtl/fpu_multiplier.sv:69$177: $auto$alumacc.cc:485:replace_alu$3731
  creating $alu cell for $flatten\u_fpu_fma.\u_add.$lt$../../rtl/fpu_adder.sv:85$75: $auto$alumacc.cc:485:replace_alu$3736
  creating $alu cell for $flatten\u_fpu_fma.\u_add.$lt$../../rtl/fpu_adder.sv:77$72: $auto$alumacc.cc:485:replace_alu$3747
  creating $alu cell for $flatten\u_fpu_fma.\u_add.$le$../../rtl/fpu_adder.sv:138$148: $auto$alumacc.cc:485:replace_alu$3758
  creating $alu cell for $add$synth_harness.sv:41$573: $auto$alumacc.cc:485:replace_alu$3767
  creating $alu cell for $flatten\u_fpu_fma.\u_add.$add$../../rtl/fpu_adder.sv:95$81: $auto$alumacc.cc:485:replace_alu$3770
  creating $alu cell for $flatten\u_fpu_fma.\u_add.$sub$../../rtl/fpu_adder.sv:105$85, $flatten\u_fpu_fma.\u_add.$ge$../../rtl/fpu_adder.sv:104$84: $auto$alumacc.cc:485:replace_alu$3773
  creating $alu cell for $flatten\u_fpu_fma.\u_add.$sub$../../rtl/fpu_adder.sv:108$86: $auto$alumacc.cc:485:replace_alu$3786
  creating $alu cell for $flatten\u_fpu_fma.\u_add.$sub$../../rtl/fpu_adder.sv:76$71, $flatten\u_fpu_fma.\u_add.$gt$../../rtl/fpu_adder.sv:75$70: $auto$alumacc.cc:485:replace_alu$3789
  creating $alu cell for $flatten\u_fpu_fma.\u_add.$sub$../../rtl/fpu_adder.sv:84$74: $auto$alumacc.cc:485:replace_alu$3800
  creating $alu cell for $flatten\u_fpu_fma.\u_mul.$add$../../rtl/fpu_multiplier.sv:64$176: $auto$alumacc.cc:485:replace_alu$3803
  created 11 $alu and 2 $macc cells.

5.21. Executing OPT pass (performing simple optimizations).

5.21.1. Executing OPT_EXPR pass (perform const folding).
Optimizing module synth_harness.
<suppressed ~5 debug messages>

5.21.2. Executing OPT_MERGE pass (detect identical cells).
Finding identical cells in module `\synth_harness'.
Removed a total of 0 cells.

5.21.3. Executing OPT_MUXTREE pass (detect dead branches in mux trees).
Running muxtree optimizer on module \synth_harness..
  Creating internal representation of mux trees.
  Evaluating internal representation of mux trees.
  Analyzing evaluation results.
Removed 0 multiplexer ports.
<suppressed ~32 debug messages>

5.21.4. Executing OPT_REDUCE pass (consolidate $*mux and $reduce_* inputs).
  Optimizing cells in module \synth_harness.
Performed a total of 0 changes.

5.21.5. Executing OPT_MERGE pass (detect identical cells).
Finding identical cells in module `\synth_harness'.
Removed a total of 0 cells.

5.21.6. Executing OPT_DFF pass (perform DFF optimizations).

5.21.7. Executing OPT_CLEAN pass (remove unused cells and wires).
Finding unused cells or wires in module \synth_harness..
Removed 2 unused cells and 8 unused wires.
<suppressed ~3 debug messages>

5.21.8. Executing OPT_EXPR pass (perform const folding).
Optimizing module synth_harness.

5.21.9. Rerunning OPT passes. (Maybe there is more to do..)

5.21.10. Executing OPT_MUXTREE pass (detect dead branches in mux trees).
Running muxtree optimizer on module \synth_harness..
  Creating internal representation of mux trees.
  Evaluating internal representation of mux trees.
  Analyzing evaluation results.
Removed 0 multiplexer ports.
<suppressed ~32 debug messages>

5.21.11. Executing OPT_REDUCE pass (consolidate $*mux and $reduce_* inputs).
  Optimizing cells in module \synth_harness.
Performed a total of 0 changes.

5.21.12. Executing OPT_MERGE pass (detect identical cells).
Finding identical cells in module `\synth_harness'.
Removed a total of 0 cells.

5.21.13. Executing OPT_DFF pass (perform DFF optimizations).

5.21.14. Executing OPT_CLEAN pass (remove unused cells and wires).
Finding unused cells or wires in module \synth_harness..

5.21.15. Executing OPT_EXPR pass (perform const folding).
Optimizing module synth_harness.

5.21.16. Finished OPT passes. (There is nothing left to do.)

5.22. Executing MEMORY pass.

5.22.1. Executing OPT_MEM pass (optimize memories).
Performed a total of 0 transformations.

5.22.2. Executing OPT_MEM_PRIORITY pass (removing unnecessary memory write priority relations).
Performed a total of 0 transformations.

5.22.3. Executing OPT_MEM_FEEDBACK pass (finding memory read-to-write feedback paths).

5.22.4. Executing MEMORY_BMUX2ROM pass (converting muxes to ROMs).

5.22.5. Executing MEMORY_DFF pass (merging $dff cells to $memrd).

5.22.6. Executing OPT_CLEAN pass (remove unused cells and wires).
Finding unused cells or wires in module \synth_harness..

5.22.7. Executing MEMORY_SHARE pass (consolidating $memrd/$memwr cells).

5.22.8. Executing OPT_MEM_WIDEN pass (optimize memories where all ports are wide).
Performed a total of 0 transformations.

5.22.9. Executing OPT_CLEAN pass (remove unused cells and wires).
Finding unused cells or wires in module \synth_harness..

5.22.10. Executing MEMORY_COLLECT pass (generating $mem cells).

5.23. Executing OPT_CLEAN pass (remove unused cells and wires).
Finding unused cells or wires in module \synth_harness..

5.24. Executing MEMORY_LIBMAP pass (mapping memories to cells).

5.25. Executing TECHMAP pass (map to technology primitives).

5.25.1. Executing Verilog-2005 frontend: /usr/bin/../share/yosys/ice40/brams_map.v
Parsing Verilog input from `/usr/bin/../share/yosys/ice40/brams_map.v' to AST representation.
Generating RTLIL representation for module `\$__ICE40_RAM4K_'.
Successfully finished Verilog frontend.

5.25.2. Executing Verilog-2005 frontend: /usr/bin/../share/yosys/ice40/spram_map.v
Parsing Verilog input from `/usr/bin/../share/yosys/ice40/spram_map.v' to AST representation.
Generating RTLIL representation for module `\$__ICE40_SPRAM_'.
Successfully finished Verilog frontend.

5.25.3. Continuing TECHMAP pass.
No more expansions possible.
<suppressed ~4 debug messages>

5.26. Executing ICE40_BRAMINIT pass.

5.27. Executing OPT pass (performing simple optimizations).

5.27.1. Executing OPT_EXPR pass (perform const folding).
Optimizing module synth_harness.
<suppressed ~307 debug messages>

5.27.2. Executing OPT_MERGE pass (detect identical cells).
Finding identical cells in module `\synth_harness'.
Removed a total of 0 cells.

5.27.3. Executing OPT_DFF pass (perform DFF optimizations).

5.27.4. Executing OPT_CLEAN pass (remove unused cells and wires).
Finding unused cells or wires in module \synth_harness..
Removed 0 unused cells and 258 unused wires.
<suppressed ~1 debug messages>

5.27.5. Finished fast OPT passes.

5.28. Executing MEMORY_MAP pass (converting memories to logic and flip-flops).

5.29. Executing OPT pass (performing simple optimizations).

5.29.1. Executing OPT_EXPR pass (perform const folding).
Optimizing module synth_harness.

5.29.2. Executing OPT_MERGE pass (detect identical cells).
Finding identical cells in module `\synth_harness'.
Removed a total of 0 cells.

5.29.3. Executing OPT_MUXTREE pass (detect dead branches in mux trees).
Running muxtree optimizer on module \synth_harness..
  Creating internal representation of mux trees.
  Evaluating internal representation of mux trees.
  Analyzing evaluation results.
Removed 0 multiplexer ports.
<suppressed ~31 debug messages>

5.29.4. Executing OPT_REDUCE pass (consolidate $*mux and $reduce_* inputs).
  Optimizing cells in module \synth_harness.
    Consolidated identical input bits for $mux cell $auto$share.cc:660:make_supercell$3718:
      Old ports: A={ 1'1 \stim_reg[2] [22:0] }, B={ 1'1 \u_fpu_fma.u_add.a [22:0] }, Y=$auto$share.cc:657:make_supercell$3716
      New ports: A=\stim_reg[2] [22:0], B=\u_fpu_fma.u_add.a [22:0], Y=$auto$share.cc:657:make_supercell$3716 [22:0]
      New connections: $auto$share.cc:657:make_supercell$3716 [23] = 1'1
    Consolidated identical input bits for $mux cell $flatten\u_fpu_fma.$ternary$../../rtl/fpu_fma.sv:30$17:
      Old ports: A=\u_fpu_fma.product, B={ $flatten\u_fpu_fma.$not$../../rtl/fpu_fma.sv:30$16_Y \u_fpu_fma.product [30:0] }, Y=\u_fpu_fma.u_add.a
      New ports: A=\u_fpu_fma.product [31], B=$flatten\u_fpu_fma.$not$../../rtl/fpu_fma.sv:30$16_Y, Y=\u_fpu_fma.u_add.a [31]
      New connections: \u_fpu_fma.u_add.a [30:0] = \u_fpu_fma.product [30:0]
    Consolidated identical input bits for $mux cell $flatten\u_fpu_fma.\u_add.$procmux$1217:
      Old ports: A={ 3'000 $auto$wreduce.cc:461:run$3706 [4:0] }, B=8'00010001, Y=$flatten\u_fpu_fma.\u_add.$28\norm_shift[7:0]
      New ports: A=$auto$wreduce.cc:461:run$3706 [4:0], B=5'10001, Y=$flatten\u_fpu_fma.\u_add.$28\norm_shift[7:0] [4:0]
      New connections: $flatten\u_fpu_fma.\u_add.$28\norm_shift[7:0] [7:5] = 3'000
    Consolidated identical input bits for $mux cell $flatten\u_fpu_fma.\u_add.$procmux$1253:
      Old ports: A=5'00000, B=5'10000, Y=$auto$wreduce.cc:461:run$3706 [4:0]
      New ports: A=1'0, B=1'1, Y=$auto$wreduce.cc:461:run$3706 [4]
      New connections: $auto$wreduce.cc:461:run$3706 [3:0] = 4'0000
    Consolidated identical input bits for $mux cell $flatten\u_fpu_fma.\u_add.$procmux$1506:
      Old ports: A={ 4'0000 $auto$wreduce.cc:461:run$3707 [3:0] }, B=8'00001001, Y=$flatten\u_fpu_fma.\u_add.$20\norm_shift[7:0]
      New ports: A=$auto$wreduce.cc:461:run$3707 [3:0], B=4'1001, Y=$flatten\u_fpu_fma.\u_add.$20\norm_shift[7:0] [3:0]
      New connections: $flatten\u_fpu_fma.\u_add.$20\norm_shift[7:0] [7:4] = 4'0000
    Consolidated identical input bits for $mux cell $flatten\u_fpu_fma.\u_add.$procmux$1542:
      Old ports: A=4'0000, B=4'1000, Y=$auto$wreduce.cc:461:run$3707 [3:0]
      New ports: A=1'0, B=1'1, Y=$auto$wreduce.cc:461:run$3707 [3]
      New connections: $auto$wreduce.cc:461:run$3707 [2:0] = 3'000
    Consolidated identical input bits for $mux cell $flatten\u_fpu_fma.\u_add.$procmux$1842:
      Old ports: A={ 7'0000000 $auto$wreduce.cc:461:run$3708 [0] }, B=8'00000010, Y=$flatten\u_fpu_fma.\u_add.$12\norm_shift[7:0]
      New ports: A={ 1'0 $auto$wreduce.cc:461:run$3708 [0] }, B=2'10, Y=$flatten\u_fpu_fma.\u_add.$12\norm_shift[7:0] [1:0]
      New connections: $flatten\u_fpu_fma.\u_add.$12\norm_shift[7:0] [7:2] = 6'000000
    Consolidated identical input bits for $mux cell $flatten\u_fpu_fma.\u_mul.$procmux$790:
      Old ports: A={ $flatten\u_fpu_fma.\u_mul.$6\result[31:0] [31] 31'1111111100000000000000000000000 }, B=2143289344, Y=$flatten\u_fpu_fma.\u_mul.$5\result[31:0]
      New ports: A={ $flatten\u_fpu_fma.\u_mul.$6\result[31:0] [31] 1'0 }, B=2'01, Y={ $flatten\u_fpu_fma.\u_mul.$5\result[31:0] [31] $flatten\u_fpu_fma.\u_mul.$5\result[31:0] [22] }
      New connections: { $flatten\u_fpu_fma.\u_mul.$5\result[31:0] [30:23] $flatten\u_fpu_fma.\u_mul.$5\result[31:0] [21:0] } = 30'111111110000000000000000000000
    Consolidated identical input bits for $mux cell $flatten\u_fpu_fma.\u_mul.$procmux$856:
      Old ports: A={ $flatten\u_fpu_fma.\u_mul.$6\result[31:0] [31] 31'1111111100000000000000000000000 }, B=2143289344, Y=$flatten\u_fpu_fma.\u_mul.$3\result[31:0]
      New ports: A={ $flatten\u_fpu_fma.\u_mul.$6\result[31:0] [31] 1'0 }, B=2'01, Y={ $flatten\u_fpu_fma.\u_mul.$3\result[31:0] [31] $flatten\u_fpu_fma.\u_mul.$3\result[31:0] [22] }
      New connections: { $flatten\u_fpu_fma.\u_mul.$3\result[31:0] [30:23] $flatten\u_fpu_fma.\u_mul.$3\result[31:0] [21:0] } = 30'111111110000000000000000000000
  Optimizing cells in module \synth_harness.
    Consolidated identical input bits for $mux cell $flatten\u_fpu_fma.\u_add.$procmux$1181:
      Old ports: A=$flatten\u_fpu_fma.\u_add.$28\norm_shift[7:0], B=8'00010010, Y=$flatten\u_fpu_fma.\u_add.$29\norm_shift[7:0]
      New ports: A=$flatten\u_fpu_fma.\u_add.$28\norm_shift[7:0] [4:0], B=5'10010, Y=$flatten\u_fpu_fma.\u_add.$29\norm_shift[7:0] [4:0]
      New connections: $flatten\u_fpu_fma.\u_add.$29\norm_shift[7:0] [7:5] = 3'000
    Consolidated identical input bits for $mux cell $flatten\u_fpu_fma.\u_add.$procmux$1217:
      Old ports: A=$auto$wreduce.cc:461:run$3706 [4:0], B=5'10001, Y=$flatten\u_fpu_fma.\u_add.$28\norm_shift[7:0] [4:0]
      New ports: A={ $auto$wreduce.cc:461:run$3706 [4] 1'0 }, B=2'11, Y={ $flatten\u_fpu_fma.\u_add.$28\norm_shift[7:0] [4] $flatten\u_fpu_fma.\u_add.$28\norm_shift[7:0] [0] }
      New connections: $flatten\u_fpu_fma.\u_add.$28\norm_shift[7:0] [3:1] = 3'000
    Consolidated identical input bits for $mux cell $flatten\u_fpu_fma.\u_add.$procmux$1470:
      Old ports: A=$flatten\u_fpu_fma.\u_add.$20\norm_shift[7:0], B=8'00001010, Y=$flatten\u_fpu_fma.\u_add.$21\norm_shift[7:0]
      New ports: A=$flatten\u_fpu_fma.\u_add.$20\norm_shift[7:0] [3:0], B=4'1010, Y=$flatten\u_fpu_fma.\u_add.$21\norm_shift[7:0] [3:0]
      New connections: $flatten\u_fpu_fma.\u_add.$21\norm_shift[7:0] [7:4] = 4'0000
    Consolidated identical input bits for $mux cell $flatten\u_fpu_fma.\u_add.$procmux$1506:
      Old ports: A=$auto$wreduce.cc:461:run$3707 [3:0], B=4'1001, Y=$flatten\u_fpu_fma.\u_add.$20\norm_shift[7:0] [3:0]
      New ports: A={ $auto$wreduce.cc:461:run$3707 [3] 1'0 }, B=2'11, Y={ $flatten\u_fpu_fma.\u_add.$20\norm_shift[7:0] [3] $flatten\u_fpu_fma.\u_add.$20\norm_shift[7:0] [0] }
      New connections: $flatten\u_fpu_fma.\u_add.$20\norm_shift[7:0] [2:1] = 2'00
    Consolidated identical input bits for $mux cell $flatten\u_fpu_fma.\u_add.$procmux$1809:
      Old ports: A=$flatten\u_fpu_fma.\u_add.$12\norm_shift[7:0], B=8'00000011, Y=$flatten\u_fpu_fma.\u_add.$13\norm_shift[7:0]
      New ports: A=$flatten\u_fpu_fma.\u_add.$12\norm_shift[7:0] [1:0], B=2'11, Y=$flatten\u_fpu_fma.\u_add.$13\norm_shift[7:0] [1:0]
      New connections: $flatten\u_fpu_fma.\u_add.$13\norm_shift[7:0] [7:2] = 6'000000
  Optimizing cells in module \synth_harness.
    Consolidated identical input bits for $mux cell $flatten\u_fpu_fma.\u_add.$procmux$1145:
      Old ports: A=$flatten\u_fpu_fma.\u_add.$29\norm_shift[7:0], B=8'00010011, Y=$flatten\u_fpu_fma.\u_add.$30\norm_shift[7:0]
      New ports: A=$flatten\u_fpu_fma.\u_add.$29\norm_shift[7:0] [4:0], B=5'10011, Y=$flatten\u_fpu_fma.\u_add.$30\norm_shift[7:0] [4:0]
      New connections: $flatten\u_fpu_fma.\u_add.$30\norm_shift[7:0] [7:5] = 3'000
    Consolidated identical input bits for $mux cell $flatten\u_fpu_fma.\u_add.$procmux$1181:
      Old ports: A=$flatten\u_fpu_fma.\u_add.$28\norm_shift[7:0] [4:0], B=5'10010, Y=$flatten\u_fpu_fma.\u_add.$29\norm_shift[7:0] [4:0]
      New ports: A={ $flatten\u_fpu_fma.\u_add.$28\norm_shift[7:0] [4] 1'0 $flatten\u_fpu_fma.\u_add.$28\norm_shift[7:0] [0] }, B=3'110, Y={ $flatten\u_fpu_fma.\u_add.$29\norm_shift[7:0] [4] $flatten\u_fpu_fma.\u_add.$29\norm_shift[7:0] [1:0] }
      New connections: $flatten\u_fpu_fma.\u_add.$29\norm_shift[7:0] [3:2] = 2'00
    Consolidated identical input bits for $mux cell $flatten\u_fpu_fma.\u_add.$procmux$1434:
      Old ports: A=$flatten\u_fpu_fma.\u_add.$21\norm_shift[7:0], B=8'00001011, Y=$flatten\u_fpu_fma.\u_add.$22\norm_shift[7:0]
      New ports: A=$flatten\u_fpu_fma.\u_add.$21\norm_shift[7:0] [3:0], B=4'1011, Y=$flatten\u_fpu_fma.\u_add.$22\norm_shift[7:0] [3:0]
      New connections: $flatten\u_fpu_fma.\u_add.$22\norm_shift[7:0] [7:4] = 4'0000
    Consolidated identical input bits for $mux cell $flatten\u_fpu_fma.\u_add.$procmux$1470:
      Old ports: A=$flatten\u_fpu_fma.\u_add.$20\norm_shift[7:0] [3:0], B=4'1010, Y=$flatten\u_fpu_fma.\u_add.$21\norm_shift[7:0] [3:0]
      New ports: A={ $flatten\u_fpu_fma.\u_add.$20\norm_shift[7:0] [3] 1'0 $flatten\u_fpu_fma.\u_add.$20\norm_shift[7:0] [0] }, B=3'110, Y={ $flatten\u_fpu_fma.\u_add.$21\norm_shift[7:0] [3] $flatten\u_fpu_fma.\u_add.$21\norm_shift[7:0] [1:0] }
      New connections: $flatten\u_fpu_fma.\u_add.$21\norm_shift[7:0] [2] = 1'0
    Consolidated identical input bits for $mux cell $flatten\u_fpu_fma.\u_add.$procmux$1776:
      Old ports: A=$flatten\u_fpu_fma.\u_add.$13\norm_shift[7:0], B=8'00000100, Y=$flatten\u_fpu_fma.\u_add.$14\norm_shift[7:0]
      New ports: A={ 1'0 $flatten\u_fpu_fma.\u_add.$13\norm_shift[7:0] [1:0] }, B=3'100, Y=$flatten\u_fpu_fma.\u_add.$14\norm_shift[7:0] [2:0]
      New connections: $flatten\u_fpu_fma.\u_add.$14\norm_shift[7:0] [7:3] = 5'00000
  Optimizing cells in module \synth_harness.
    Consolidated identical input bits for $mux cell $flatten\u_fpu_fma.\u_add.$procmux$1109:
      Old ports: A=$flatten\u_fpu_fma.\u_add.$30\norm_shift[7:0], B=8'00010100, Y=$flatten\u_fpu_fma.\u_add.$31\norm_shift[7:0]
      New ports: A=$flatten\u_fpu_fma.\u_add.$30\norm_shift[7:0] [4:0], B=5'10100, Y=$flatten\u_fpu_fma.\u_add.$31\norm_shift[7:0] [4:0]
      New connections: $flatten\u_fpu_fma.\u_add.$31\norm_shift[7:0] [7:5] = 3'000
    Consolidated identical input bits for $mux cell $flatten\u_fpu_fma.\u_add.$procmux$1145:
      Old ports: A=$flatten\u_fpu_fma.\u_add.$29\norm_shift[7:0] [4:0], B=5'10011, Y=$flatten\u_fpu_fma.\u_add.$30\norm_shift[7:0] [4:0]
      New ports: A={ $flatten\u_fpu_fma.\u_add.$29\norm_shift[7:0] [4] $flatten\u_fpu_fma.\u_add.$29\norm_shift[7:0] [1:0] }, B=3'111, Y={ $flatten\u_fpu_fma.\u_add.$30\norm_shift[7:0] [4] $flatten\u_fpu_fma.\u_add.$30\norm_shift[7:0] [1:0] }
      New connections: $flatten\u_fpu_fma.\u_add.$30\norm_shift[7:0] [3:2] = 2'00
    Consolidated identical input bits for $mux cell $flatten\u_fpu_fma.\u_add.$procmux$1398:
      Old ports: A=$flatten\u_fpu_fma.\u_add.$22\norm_shift[7:0], B=8'00001100, Y=$flatten\u_fpu_fma.\u_add.$23\norm_shift[7:0]
      New ports: A=$flatten\u_fpu_fma.\u_add.$22\norm_shift[7:0] [3:0], B=4'1100, Y=$flatten\u_fpu_fma.\u_add.$23\norm_shift[7:0] [3:0]
      New connections: $flatten\u_fpu_fma.\u_add.$23\norm_shift[7:0] [7:4] = 4'0000
    Consolidated identical input bits for $mux cell $flatten\u_fpu_fma.\u_add.$procmux$1434:
      Old ports: A=$flatten\u_fpu_fma.\u_add.$21\norm_shift[7:0] [3:0], B=4'1011, Y=$flatten\u_fpu_fma.\u_add.$22\norm_shift[7:0] [3:0]
      New ports: A={ $flatten\u_fpu_fma.\u_add.$21\norm_shift[7:0] [3] $flatten\u_fpu_fma.\u_add.$21\norm_shift[7:0] [1:0] }, B=3'111, Y={ $flatten\u_fpu_fma.\u_add.$22\norm_shift[7:0] [3] $flatten\u_fpu_fma.\u_add.$22\norm_shift[7:0] [1:0] }
      New connections: $flatten\u_fpu_fma.\u_add.$22\norm_shift[7:0] [2] = 1'0
    Consolidated identical input bits for $mux cell $flatten\u_fpu_fma.\u_add.$procmux$1743:
      Old ports: A=$flatten\u_fpu_fma.\u_add.$14\norm_shift[7:0], B=8'00000101, Y=$flatten\u_fpu_fma.\u_add.$15\norm_shift[7:0]
      New ports: A=$flatten\u_fpu_fma.\u_add.$14\norm_shift[7:0] [2:0], B=3'101, Y=$flatten\u_fpu_fma.\u_add.$15\norm_shift[7:0] [2:0]
      New connections: $flatten\u_fpu_fma.\u_add.$15\norm_shift[7:0] [7:3] = 5'00000
  Optimizing cells in module \synth_harness.
    Consolidated identical input bits for $mux cell $flatten\u_fpu_fma.\u_add.$procmux$1073:
      Old ports: A=$flatten\u_fpu_fma.\u_add.$31\norm_shift[7:0], B=8'00010101, Y=$flatten\u_fpu_fma.\u_add.$32\norm_shift[7:0]
      New ports: A=$flatten\u_fpu_fma.\u_add.$31\norm_shift[7:0] [4:0], B=5'10101, Y=$flatten\u_fpu_fma.\u_add.$32\norm_shift[7:0] [4:0]
      New connections: $flatten\u_fpu_fma.\u_add.$32\norm_shift[7:0] [7:5] = 3'000
    Consolidated identical input bits for $mux cell $flatten\u_fpu_fma.\u_add.$procmux$1109:
      Old ports: A=$flatten\u_fpu_fma.\u_add.$30\norm_shift[7:0] [4:0], B=5'10100, Y=$flatten\u_fpu_fma.\u_add.$31\norm_shift[7:0] [4:0]
      New ports: A={ $flatten\u_fpu_fma.\u_add.$30\norm_shift[7:0] [4] 1'0 $flatten\u_fpu_fma.\u_add.$30\norm_shift[7:0] [1:0] }, B=4'1100, Y={ $flatten\u_fpu_fma.\u_add.$31\norm_shift[7:0] [4] $flatten\u_fpu_fma.\u_add.$31\norm_shift[7:0] [2:0] }
      New connections: $flatten\u_fpu_fma.\u_add.$31\norm_shift[7:0] [3] = 1'0
    Consolidated identical input bits for $mux cell $flatten\u_fpu_fma.\u_add.$procmux$1362:
      Old ports: A=$flatten\u_fpu_fma.\u_add.$23\norm_shift[7:0], B=8'00001101, Y=$flatten\u_fpu_fma.\u_add.$24\norm_shift[7:0]
      New ports: A=$flatten\u_fpu_fma.\u_add.$23\norm_shift[7:0] [3:0], B=4'1101, Y=$flatten\u_fpu_fma.\u_add.$24\norm_shift[7:0] [3:0]
      New connections: $flatten\u_fpu_fma.\u_add.$24\norm_shift[7:0] [7:4] = 4'0000
    Consolidated identical input bits for $mux cell $flatten\u_fpu_fma.\u_add.$procmux$1710:
      Old ports: A=$flatten\u_fpu_fma.\u_add.$15\norm_shift[7:0], B=8'00000110, Y=$flatten\u_fpu_fma.\u_add.$16\norm_shift[7:0]
      New ports: A=$flatten\u_fpu_fma.\u_add.$15\norm_shift[7:0] [2:0], B=3'110, Y=$flatten\u_fpu_fma.\u_add.$16\norm_shift[7:0] [2:0]
      New connections: $flatten\u_fpu_fma.\u_add.$16\norm_shift[7:0] [7:3] = 5'00000
  Optimizing cells in module \synth_harness.
    Consolidated identical input bits for $mux cell $flatten\u_fpu_fma.\u_add.$procmux$1037:
      Old ports: A=$flatten\u_fpu_fma.\u_add.$32\norm_shift[7:0], B=8'00010110, Y=$flatten\u_fpu_fma.\u_add.$33\norm_shift[7:0]
      New ports: A=$flatten\u_fpu_fma.\u_add.$32\norm_shift[7:0] [4:0], B=5'10110, Y=$flatten\u_fpu_fma.\u_add.$33\norm_shift[7:0] [4:0]
      New connections: $flatten\u_fpu_fma.\u_add.$33\norm_shift[7:0] [7:5] = 3'000
    Consolidated identical input bits for $mux cell $flatten\u_fpu_fma.\u_add.$procmux$1073:
      Old ports: A=$flatten\u_fpu_fma.\u_add.$31\norm_shift[7:0] [4:0], B=5'10101, Y=$flatten\u_fpu_fma.\u_add.$32\norm_shift[7:0] [4:0]
      New ports: A={ $flatten\u_fpu_fma.\u_add.$31\norm_shift[7:0] [4] $flatten\u_fpu_fma.\u_add.$31\norm_shift[7:0] [2:0] }, B=4'1101, Y={ $flatten\u_fpu_fma.\u_add.$32\norm_shift[7:0] [4] $flatten\u_fpu_fma.\u_add.$32\norm_shift[7:0] [2:0] }
      New connections: $flatten\u_fpu_fma.\u_add.$32\norm_shift[7:0] [3] = 1'0
    Consolidated identical input bits for $mux cell $flatten\u_fpu_fma.\u_add.$procmux$1326:
      Old ports: A=$flatten\u_fpu_fma.\u_add.$24\norm_shift[7:0], B=8'00001110, Y=$flatten\u_fpu_fma.\u_add.$25\norm_shift[7:0]
      New ports: A=$flatten\u_fpu_fma.\u_add.$24\norm_shift[7:0] [3:0], B=4'1110, Y=$flatten\u_fpu_fma.\u_add.$25\norm_shift[7:0] [3:0]
      New connections: $flatten\u_fpu_fma.\u_add.$25\norm_shift[7:0] [7:4] = 4'0000
    Consolidated identical input bits for $mux cell $flatten\u_fpu_fma.\u_add.$procmux$1677:
      Old ports: A=$flatten\u_fpu_fma.\u_add.$16\norm_shift[7:0], B=8'00000111, Y=$flatten\u_fpu_fma.\u_add.$17\norm_shift[7:0]
      New ports: A=$flatten\u_fpu_fma.\u_add.$16\norm_shift[7:0] [2:0], B=3'111, Y=$flatten\u_fpu_fma.\u_add.$17\norm_shift[7:0] [2:0]
      New connections: $flatten\u_fpu_fma.\u_add.$17\norm_shift[7:0] [7:3] = 5'00000
  Optimizing cells in module \synth_harness.
    Consolidated identical input bits for $mux cell $flatten\u_fpu_fma.\u_add.$procmux$1001:
      Old ports: A=$flatten\u_fpu_fma.\u_add.$33\norm_shift[7:0], B=8'00010111, Y=$flatten\u_fpu_fma.\u_add.$34\norm_shift[7:0]
      New ports: A=$flatten\u_fpu_fma.\u_add.$33\norm_shift[7:0] [4:0], B=5'10111, Y=$flatten\u_fpu_fma.\u_add.$34\norm_shift[7:0] [4:0]
      New connections: $flatten\u_fpu_fma.\u_add.$34\norm_shift[7:0] [7:5] = 3'000
    Consolidated identical input bits for $mux cell $flatten\u_fpu_fma.\u_add.$procmux$1037:
      Old ports: A=$flatten\u_fpu_fma.\u_add.$32\norm_shift[7:0] [4:0], B=5'10110, Y=$flatten\u_fpu_fma.\u_add.$33\norm_shift[7:0] [4:0]
      New ports: A={ $flatten\u_fpu_fma.\u_add.$32\norm_shift[7:0] [4] $flatten\u_fpu_fma.\u_add.$32\norm_shift[7:0] [2:0] }, B=4'1110, Y={ $flatten\u_fpu_fma.\u_add.$33\norm_shift[7:0] [4] $flatten\u_fpu_fma.\u_add.$33\norm_shift[7:0] [2:0] }
      New connections: $flatten\u_fpu_fma.\u_add.$33\norm_shift[7:0] [3] = 1'0
    Consolidated identical input bits for $mux cell $flatten\u_fpu_fma.\u_add.$procmux$1290:
      Old ports: A=$flatten\u_fpu_fma.\u_add.$25\norm_shift[7:0], B=8'00001111, Y=$flatten\u_fpu_fma.\u_add.$26\norm_shift[7:0]
      New ports: A=$flatten\u_fpu_fma.\u_add.$25\norm_shift[7:0] [3:0], B=4'1111, Y=$flatten\u_fpu_fma.\u_add.$26\norm_shift[7:0] [3:0]
      New connections: $flatten\u_fpu_fma.\u_add.$26\norm_shift[7:0] [7:4] = 4'0000
  Optimizing cells in module \synth_harness.
    Consolidated identical input bits for $mux cell $flatten\u_fpu_fma.\u_add.$procmux$1001:
      Old ports: A=$flatten\u_fpu_fma.\u_add.$33\norm_shift[7:0] [4:0], B=5'10111, Y=$flatten\u_fpu_fma.\u_add.$34\norm_shift[7:0] [4:0]
      New ports: A={ $flatten\u_fpu_fma.\u_add.$33\norm_shift[7:0] [4] $flatten\u_fpu_fma.\u_add.$33\norm_shift[7:0] [2:0] }, B=4'1111, Y={ $flatten\u_fpu_fma.\u_add.$34\norm_shift[7:0] [4] $flatten\u_fpu_fma.\u_add.$34\norm_shift[7:0] [2:0] }
      New connections: $flatten\u_fpu_fma.\u_add.$34\norm_shift[7:0] [3] = 1'0
    Consolidated identical input bits for $mux cell $flatten\u_fpu_fma.\u_add.$procmux$1610:
      Old ports: A=$flatten\u_fpu_fma.\u_add.$34\norm_shift[7:0], B=$flatten\u_fpu_fma.\u_add.$26\norm_shift[7:0], Y=$flatten\u_fpu_fma.\u_add.$18\norm_shift[7:0]
      New ports: A=$flatten\u_fpu_fma.\u_add.$34\norm_shift[7:0] [4:0], B={ 1'0 $flatten\u_fpu_fma.\u_add.$26\norm_shift[7:0] [3:0] }, Y=$flatten\u_fpu_fma.\u_add.$18\norm_shift[7:0] [4:0]
      New connections: $flatten\u_fpu_fma.\u_add.$18\norm_shift[7:0] [7:5] = 3'000
  Optimizing cells in module \synth_harness.
    Consolidated identical input bits for $mux cell $flatten\u_fpu_fma.\u_add.$procmux$1937:
      Old ports: A=$flatten\u_fpu_fma.\u_add.$18\norm_shift[7:0], B=$flatten\u_fpu_fma.\u_add.$17\norm_shift[7:0], Y=$flatten\u_fpu_fma.\u_add.$10\norm_shift[7:0]
      New ports: A=$flatten\u_fpu_fma.\u_add.$18\norm_shift[7:0] [4:0], B={ 2'00 $flatten\u_fpu_fma.\u_add.$17\norm_shift[7:0] [2:0] }, Y=$flatten\u_fpu_fma.\u_add.$10\norm_shift[7:0] [4:0]
      New connections: $flatten\u_fpu_fma.\u_add.$10\norm_shift[7:0] [7:5] = 3'000
  Optimizing cells in module \synth_harness.
Performed a total of 38 changes.

5.29.5. Executing OPT_MERGE pass (detect identical cells).
Finding identical cells in module `\synth_harness'.
Removed a total of 0 cells.

5.29.6. Executing OPT_DFF pass (perform DFF optimizations).

5.29.7. Executing OPT_CLEAN pass (remove unused cells and wires).
Finding unused cells or wires in module \synth_harness..

5.29.8. Executing OPT_EXPR pass (perform const folding).
Optimizing module synth_harness.
<suppressed ~19 debug messages>

5.29.9. Rerunning OPT passes. (Maybe there is more to do..)

5.29.10. Executing OPT_MUXTREE pass (detect dead branches in mux trees).
Running muxtree optimizer on module \synth_harness..
  Creating internal representation of mux trees.
  Evaluating internal representation of mux trees.
  Analyzing evaluation results.
Removed 0 multiplexer ports.
<suppressed ~31 debug messages>

5.29.11. Executing OPT_REDUCE pass (consolidate $*mux and $reduce_* inputs).
  Optimizing cells in module \synth_harness.
Performed a total of 0 changes.

5.29.12. Executing OPT_MERGE pass (detect identical cells).
Finding identical cells in module `\synth_harness'.
Removed a total of 0 cells.

5.29.13. Executing OPT_DFF pass (perform DFF optimizations).

5.29.14. Executing OPT_CLEAN pass (remove unused cells and wires).
Finding unused cells or wires in module \synth_harness..

5.29.15. Executing OPT_EXPR pass (perform const folding).
Optimizing module synth_harness.

5.29.16. Finished OPT passes. (There is nothing left to do.)

5.30. Executing ICE40_WRAPCARRY pass (wrap carries).

5.31. Executing TECHMAP pass (map to technology primitives).

5.31.1. Executing Verilog-2005 frontend: /usr/bin/../share/yosys/techmap.v
Parsing Verilog input from `/usr/bin/../share/yosys/techmap.v' to AST representation.
Generating RTLIL representation for module `\_90_simplemap_bool_ops'.
Generating RTLIL representation for module `\_90_simplemap_reduce_ops'.
Generating RTLIL representation for module `\_90_simplemap_logic_ops'.
Generating RTLIL representation for module `\_90_simplemap_compare_ops'.
Generating RTLIL representation for module `\_90_simplemap_various'.
Generating RTLIL representation for module `\_90_simplemap_registers'.
Generating RTLIL representation for module `\_90_shift_ops_shr_shl_sshl_sshr'.
Generating RTLIL representation for module `\_90_shift_shiftx'.
Generating RTLIL representation for module `\_90_fa'.
Generating RTLIL representation for module `\_90_lcu'.
Generating RTLIL representation for module `\_90_alu'.
Generating RTLIL representation for module `\_90_macc'.
Generating RTLIL representation for module `\_90_alumacc'.
Generating RTLIL representation for module `\$__div_mod_u'.
Generating RTLIL representation for module `\$__div_mod_trunc'.
Generating RTLIL representation for module `\_90_div'.
Generating RTLIL representation for module `\_90_mod'.
Generating RTLIL representation for module `\$__div_mod_floor'.
Generating RTLIL representation for module `\_90_divfloor'.
Generating RTLIL representation for module `\_90_modfloor'.
Generating RTLIL representation for module `\_90_pow'.
Generating RTLIL representation for module `\_90_pmux'.
Generating RTLIL representation for module `\_90_demux'.
Generating RTLIL representation for module `\_90_lut'.
Successfully finished Verilog frontend.

5.31.2. Executing Verilog-2005 frontend: /usr/bin/../share/yosys/ice40/arith_map.v
Parsing Verilog input from `/usr/bin/../share/yosys/ice40/arith_map.v' to AST representation.
Generating RTLIL representation for module `\_80_ice40_alu'.
Successfully finished Verilog frontend.

5.31.3. Continuing TECHMAP pass.
Using extmapper simplemap for cells of type $not.
Using template $paramod$a7a1d5fc4563c49b9a54941942b1beedd64a98db\_80_ice40_alu for cells of type $alu.
Using extmapper simplemap for cells of type $adff.
Using extmapper simplemap for cells of type $dff.
Using extmapper simplemap for cells of type $sdff.
Using extmapper simplemap for cells of type $mux.
Using extmapper simplemap for cells of type $reduce_and.
Using extmapper maccmap for cells of type $macc.
  add \stim_reg[0] [30:23] (8 bits, unsigned)
  add \stim_reg[1] [30:23] (8 bits, unsigned)
  add 9'110000001 (9 bits, unsigned)
Using template $paramod$constmap:c405201d267c50179e77021e426cb047cc33c577$paramod$532ed33aa48e40f5030f3f04e98e15a19c73fe90\_90_shift_ops_shr_shl_sshl_sshr for cells of type $shr.
Using extmapper simplemap for cells of type $eq.
Using extmapper simplemap for cells of type $or.
Using extmapper simplemap for cells of type $reduce_bool.
Using extmapper simplemap for cells of type $logic_and.
Using extmapper simplemap for cells of type $logic_not.
Using extmapper simplemap for cells of type $logic_or.
Using extmapper simplemap for cells of type $xor.
Using extmapper simplemap for cells of type $ne.
Using template $paramod$a1bc51c02ce12ac21eb18988e83292af48ed7d72\_80_ice40_alu for cells of type $alu.
Using template $paramod$53700bbee849b2010ad0b60a61ccd204a10e24ca\_80_ice40_alu for cells of type $alu.
Using template $paramod$cc48387a3f2cae79a81035f3d5a9b4758cb77854\_80_ice40_alu for cells of type $alu.
Using template $paramod$78464f9f65d57061f7490f3fe5dd257e4a61e2b7\_80_ice40_alu for cells of type $alu.
Using template $paramod$672a140277c71df8314410f22acc08d55222c3c7\_80_ice40_alu for cells of type $alu.
Using template $paramod$constmap:8e0de504ff0564625b7f2e0740876a81a5f51a21$paramod$b0c76e666a5416f404927c8144b94403316fe4e8\_90_shift_ops_shr_shl_sshl_sshr for cells of type $shl.
  add { 1'1 \stim_reg[0] [22:0] } * { 1'1 \stim_reg[1] [22:0] } (24x24 bits, unsigned)
Using extmapper simplemap for cells of type $pos.
Using template $paramod\_90_fa\WIDTH=32'00000000000000000000000000001001 for cells of type $fa.
Using template $paramod$d2fa05d38998afabc6d4f34471305d0af4b8b2df\_80_ice40_alu for cells of type $alu.
Using template $paramod\_90_fa\WIDTH=32'00000000000000000000000000110000 for cells of type $fa.
Using template $paramod\_90_fa\WIDTH=32'00000000000000000000000000101111 for cells of type $fa.
Using template $paramod$88aad6f8473fb7e4e5fbfb8335ddebad03429eaa\_80_ice40_alu for cells of type $alu.
Using extmapper simplemap for cells of type $and.
No more expansions possible.
<suppressed ~1452 debug messages>

5.32. Executing OPT pass (performing simple optimizations).

5.32.1. Executing OPT_EXPR pass (perform const folding).
Optimizing module synth_harness.
<suppressed ~3666 debug messages>

5.32.2. Executing OPT_MERGE pass (detect identical cells).
Finding identical cells in module `\synth_harness'.
<suppressed ~693 debug messages>
Removed a total of 231 cells.

5.32.3. Executing OPT_DFF pass (perform DFF optimizations).

5.32.4. Executing OPT_CLEAN pass (remove unused cells and wires).
Finding unused cells or wires in module \synth_harness..
Removed 180 unused cells and 553 unused wires.
<suppressed ~181 debug messages>

5.32.5. Finished fast OPT passes.

5.33. Executing ICE40_OPT pass (performing simple optimizations).

5.33.1. Running ICE40 specific optimizations.
Optimized $__ICE40_CARRY_WRAPPER cell back to logic (without SB_CARRY) synth_harness.$auto$alumacc.cc:485:replace_alu$3731.slice[0].carry: CO=$auto$alumacc.cc:485:replace_alu$3731.BB [0]
Optimized $__ICE40_CARRY_WRAPPER cell back to logic (without SB_CARRY) synth_harness.$auto$alumacc.cc:485:replace_alu$3736.slice[0].carry: CO=$auto$alumacc.cc:485:replace_alu$3736.BB [0]
Optimized $__ICE40_CARRY_WRAPPER cell back to logic (without SB_CARRY) synth_harness.$auto$alumacc.cc:485:replace_alu$3747.slice[0].carry: CO=$auto$alumacc.cc:485:replace_alu$3747.BB [0]
Optimized $__ICE40_CARRY_WRAPPER cell back to logic (without SB_CARRY) synth_harness.$auto$alumacc.cc:485:replace_alu$3767.slice[0].carry: CO=\stim_sel [0]
Optimized $__ICE40_CARRY_WRAPPER cell back to logic (without SB_CARRY) synth_harness.$auto$alumacc.cc:485:replace_alu$3770.slice[24].carry: CO=1'0
Optimized $__ICE40_CARRY_WRAPPER cell back to logic (without SB_CARRY) synth_harness.$auto$alumacc.cc:485:replace_alu$3773.slice[24].carry: CO=$auto$alumacc.cc:485:replace_alu$3773.C [24]
Optimized $__ICE40_CARRY_WRAPPER cell back to logic (without SB_CARRY) synth_harness.$auto$alumacc.cc:485:replace_alu$3786.slice[24].carry: CO=$auto$alumacc.cc:485:replace_alu$3786.C [24]
Optimized $__ICE40_CARRY_WRAPPER cell back to logic (without SB_CARRY) synth_harness.$auto$alumacc.cc:485:replace_alu$3803.slice[0].carry: CO=$auto$alumacc.cc:485:replace_alu$3803.B [0]
Optimized $__ICE40_CARRY_WRAPPER cell back to logic (without SB_CARRY) synth_harness.$auto$maccmap.cc:240:synth$4237.slice[0].carry: CO=1'0
Optimized $__ICE40_CARRY_WRAPPER cell back to logic (without SB_CARRY) synth_harness.$auto$maccmap.cc:240:synth$6390.slice[0].carry: CO=1'0

5.33.2. Executing OPT_EXPR pass (perform const folding).
Optimizing module synth_harness.

5.33.3. Executing OPT_MERGE pass (detect identical cells).
Finding identical cells in module `\synth_harness'.
Removed a total of 0 cells.

5.33.4. Executing OPT_DFF pass (perform DFF optimizations).

5.33.5. Executing OPT_CLEAN pass (remove unused cells and wires).
Finding unused cells or wires in module \synth_harness..
Removed 5 unused cells and 3 unused wires.
<suppressed ~6 debug messages>

5.33.6. Rerunning OPT passes. (Removed registers in this run.)

5.33.7. Running ICE40 specific optimizations.
Optimized $__ICE40_CARRY_WRAPPER cell back to logic (without SB_CARRY) synth_harness.$auto$maccmap.cc:240:synth$6390.slice[1].carry: CO=1'0

5.33.8. Executing OPT_EXPR pass (perform const folding).
Optimizing module synth_harness.

5.33.9. Executing OPT_MERGE pass (detect identical cells).
Finding identical cells in module `\synth_harness'.
Removed a total of 0 cells.

5.33.10. Executing OPT_DFF pass (perform DFF optimizations).

5.33.11. Executing OPT_CLEAN pass (remove unused cells and wires).
Finding unused cells or wires in module \synth_harness..
Removed 2 unused cells and 0 unused wires.
<suppressed ~2 debug messages>

5.33.12. Rerunning OPT passes. (Removed registers in this run.)

5.33.13. Running ICE40 specific optimizations.
Optimized $__ICE40_CARRY_WRAPPER cell back to logic (without SB_CARRY) synth_harness.$auto$maccmap.cc:240:synth$6390.slice[2].carry: CO=1'0

5.33.14. Executing OPT_EXPR pass (perform const folding).
Optimizing module synth_harness.

5.33.15. Executing OPT_MERGE pass (detect identical cells).
Finding identical cells in module `\synth_harness'.
Removed a total of 0 cells.

5.33.16. Executing OPT_DFF pass (perform DFF optimizations).

5.33.17. Executing OPT_CLEAN pass (remove unused cells and wires).
Finding unused cells or wires in module \synth_harness..
Removed 2 unused cells and 0 unused wires.
<suppressed ~2 debug messages>

5.33.18. Rerunning OPT passes. (Removed registers in this run.)

5.33.19. Running ICE40 specific optimizations.
Optimized $__ICE40_CARRY_WRAPPER cell back to logic (without SB_CARRY) synth_harness.$auto$maccmap.cc:240:synth$6390.slice[3].carry: CO=1'0

5.33.20. Executing OPT_EXPR pass (perform const folding).
Optimizing module synth_harness.

5.33.21. Executing OPT_MERGE pass (detect identical cells).
Finding identical cells in module `\synth_harness'.
Removed a total of 0 cells.

5.33.22. Executing OPT_DFF pass (perform DFF optimizations).

5.33.23. Executing OPT_CLEAN pass (remove unused cells and wires).
Finding unused cells or wires in module \synth_harness..
Removed 2 unused cells and 0 unused wires.
<suppressed ~2 debug messages>

5.33.24. Rerunning OPT passes. (Removed registers in this run.)

5.33.25. Running ICE40 specific optimizations.

5.33.26. Executing OPT_EXPR pass (perform const folding).
Optimizing module synth_harness.

5.33.27. Executing OPT_MERGE pass (detect identical cells).
Finding identical cells in module `\synth_harness'.
Removed a total of 0 cells.

5.33.28. Executing OPT_DFF pass (perform DFF optimizations).

5.33.29. Executing OPT_CLEAN pass (remove unused cells and wires).
Finding unused cells or wires in module \synth_harness..

5.33.30. Finished OPT passes. (There is nothing left to do.)

5.34. Executing DFFLEGALIZE pass (convert FFs to types supported by the target).

5.35. Executing TECHMAP pass (map to technology primitives).

5.35.1. Executing Verilog-2005 frontend: /usr/bin/../share/yosys/ice40/ff_map.v
Parsing Verilog input from `/usr/bin/../share/yosys/ice40/ff_map.v' to AST representation.
Generating RTLIL representation for module `\$_DFF_N_'.
Generating RTLIL representation for module `\$_DFF_P_'.
Generating RTLIL representation for module `\$_DFFE_NP_'.
Generating RTLIL representation for module `\$_DFFE_PP_'.
Generating RTLIL representation for module `\$_DFF_NP0_'.
Generating RTLIL representation for module `\$_DFF_NP1_'.
Generating RTLIL representation for module `\$_DFF_PP0_'.
Generating RTLIL representation for module `\$_DFF_PP1_'.
Generating RTLIL representation for module `\$_DFFE_NP0P_'.
Generating RTLIL representation for module `\$_DFFE_NP1P_'.
Generating RTLIL representation for module `\$_DFFE_PP0P_'.
Generating RTLIL representation for module `\$_DFFE_PP1P_'.
Generating RTLIL representation for module `\$_SDFF_NP0_'.
Generating RTLIL representation for module `\$_SDFF_NP1_'.
Generating RTLIL representation for module `\$_SDFF_PP0_'.
Generating RTLIL representation for module `\$_SDFF_PP1_'.
Generating RTLIL representation for module `\$_SDFFCE_NP0P_'.
Generating RTLIL representation for module `\$_SDFFCE_NP1P_'.
Generating RTLIL representation for module `\$_SDFFCE_PP0P_'.
Generating RTLIL representation for module `\$_SDFFCE_PP1P_'.
Successfully finished Verilog frontend.

5.35.2. Continuing TECHMAP pass.
Using template \$_DFF_PP0_ for cells of type $_DFF_PP0_.
Using template \$_DFF_P_ for cells of type $_DFF_P_.
Using template \$_SDFF_PP0_ for cells of type $_SDFF_PP0_.
No more expansions possible.
<suppressed ~293 debug messages>

5.36. Executing OPT_EXPR pass (perform const folding).
Optimizing module synth_harness.

5.37. Executing SIMPLEMAP pass (map simple cells to gate primitives).
Mapping synth_harness.$auto$alumacc.cc:485:replace_alu$3767.slice[0].carry ($lut).
Mapping synth_harness.$auto$alumacc.cc:485:replace_alu$3770.slice[24].carry ($lut).
Mapping synth_harness.$auto$alumacc.cc:485:replace_alu$3773.slice[24].carry ($lut).
Mapping synth_harness.$auto$alumacc.cc:485:replace_alu$3786.slice[24].carry ($lut).
Mapping synth_harness.$auto$alumacc.cc:485:replace_alu$3803.slice[0].carry ($lut).
Mapping synth_harness.$auto$maccmap.cc:240:synth$4237.slice[0].carry ($lut).

5.38. Executing ICE40_OPT pass (performing simple optimizations).

5.38.1. Running ICE40 specific optimizations.

5.38.2. Executing OPT_EXPR pass (perform const folding).
Optimizing module synth_harness.
<suppressed ~229 debug messages>

5.38.3. Executing OPT_MERGE pass (detect identical cells).
Finding identical cells in module `\synth_harness'.
<suppressed ~789 debug messages>
Removed a total of 263 cells.

5.38.4. Executing OPT_DFF pass (perform DFF optimizations).

5.38.5. Executing OPT_CLEAN pass (remove unused cells and wires).
Finding unused cells or wires in module \synth_harness..
Removed 0 unused cells and 1638 unused wires.
<suppressed ~1 debug messages>

5.38.6. Rerunning OPT passes. (Removed registers in this run.)

5.38.7. Running ICE40 specific optimizations.

5.38.8. Executing OPT_EXPR pass (perform const folding).
Optimizing module synth_harness.

5.38.9. Executing OPT_MERGE pass (detect identical cells).
Finding identical cells in module `\synth_harness'.
Removed a total of 0 cells.

5.38.10. Executing OPT_DFF pass (perform DFF optimizations).

5.38.11. Executing OPT_CLEAN pass (remove unused cells and wires).
Finding unused cells or wires in module \synth_harness..

5.38.12. Finished OPT passes. (There is nothing left to do.)

5.39. Executing TECHMAP pass (map to technology primitives).

5.39.1. Executing Verilog-2005 frontend: /usr/bin/../share/yosys/ice40/latches_map.v
Parsing Verilog input from `/usr/bin/../share/yosys/ice40/latches_map.v' to AST representation.
Generating RTLIL representation for module `\$_DLATCH_N_'.
Generating RTLIL representation for module `\$_DLATCH_P_'.
Successfully finished Verilog frontend.

5.39.2. Continuing TECHMAP pass.
No more expansions possible.
<suppressed ~4 debug messages>

5.40. Executing ABC pass (technology mapping using ABC).

5.40.1. Extracting gate netlist of module `\synth_harness' to `<abc-temp-dir>/input.blif'..
Extracted 4702 gates and 4953 wires to a netlist network with 249 inputs and 286 outputs.

5.40.1.1. Executing ABC.
Running ABC command: "<yosys-exe-dir>/yosys-abc" -s -f <abc-temp-dir>/abc.script 2>&1
ABC: ABC command line: "source <abc-temp-dir>/abc.script".
ABC: 
ABC: + read_blif <abc-temp-dir>/input.blif 
ABC: + read_lut <abc-temp-dir>/lutdefs.txt 
ABC: + strash 
ABC: + &get -n 
ABC: + &fraig -x 
ABC: + &put 
ABC: + scorr 
ABC: Warning: The network is combinational (run "fraig" or "fraig_sweep").
ABC: + dc2 
ABC: + dretime 
ABC: + strash 
ABC: + dch -f 
ABC: + if 
ABC: + mfs2 
ABC: + lutpack -S 1 
ABC: + dress <abc-temp-dir>/input.blif 
ABC: Total number of equiv classes                =    1929.
ABC: Participating nodes from both networks       =    4051.
ABC: Participating nodes from the first network   =    1984. (  90.68 % of nodes)
ABC: Participating nodes from the second network  =    2067. (  94.47 % of nodes)
ABC: Node pairs (any polarity)                    =    1984. (  90.68 % of names can be moved)
ABC: Node pairs (same polarity)                   =    1358. (  62.07 % of names can be moved)
ABC: Total runtime =     0.15 sec
ABC: + write_blif <abc-temp-dir>/output.blif 

5.40.1.2. Re-integrating ABC results.
ABC RESULTS:              $lut cells:     2187
ABC RESULTS:        internal signals:     4418
ABC RESULTS:           input signals:      249
ABC RESULTS:          output signals:      286
Removing temp directory.

5.41. Executing ICE40_WRAPCARRY pass (wrap carries).

5.42. Executing TECHMAP pass (map to technology primitives).

5.42.1. Executing Verilog-2005 frontend: /usr/bin/../share/yosys/ice40/ff_map.v
Parsing Verilog input from `/usr/bin/../share/yosys/ice40/ff_map.v' to AST representation.
Generating RTLIL representation for module `\$_DFF_N_'.
Generating RTLIL representation for module `\$_DFF_P_'.
Generating RTLIL representation for module `\$_DFFE_NP_'.
Generating RTLIL representation for module `\$_DFFE_PP_'.
Generating RTLIL representation for module `\$_DFF_NP0_'.
Generating RTLIL representation for module `\$_DFF_NP1_'.
Generating RTLIL representation for module `\$_DFF_PP0_'.
Generating RTLIL representation for module `\$_DFF_PP1_'.
Generating RTLIL representation for module `\$_DFFE_NP0P_'.
Generating RTLIL representation for module `\$_DFFE_NP1P_'.
Generating RTLIL representation for module `\$_DFFE_PP0P_'.
Generating RTLIL representation for module `\$_DFFE_PP1P_'.
Generating RTLIL representation for module `\$_SDFF_NP0_'.
Generating RTLIL representation for module `\$_SDFF_NP1_'.
Generating RTLIL representation for module `\$_SDFF_PP0_'.
Generating RTLIL representation for module `\$_SDFF_PP1_'.
Generating RTLIL representation for module `\$_SDFFCE_NP0P_'.
Generating RTLIL representation for module `\$_SDFFCE_NP1P_'.
Generating RTLIL representation for module `\$_SDFFCE_PP0P_'.
Generating RTLIL representation for module `\$_SDFFCE_PP1P_'.
Successfully finished Verilog frontend.

5.42.2. Continuing TECHMAP pass.
No more expansions possible.
<suppressed ~22 debug messages>
Removed 79 unused cells and 943 unused wires.

5.43. Executing OPT_LUT pass (optimize LUTs).
Discovering LUTs.
Number of LUTs:     2302
  1-LUT               95
  2-LUT              312
  3-LUT             1024
  4-LUT              871
  with \SB_CARRY    (#0)  109
  with \SB_CARRY    (#1)  109

Eliminating LUTs.
Number of LUTs:     2302
  1-LUT               95
  2-LUT              312
  3-LUT             1024
  4-LUT              871
  with \SB_CARRY    (#0)  109
  with \SB_CARRY    (#1)  109

Combining LUTs.
Number of LUTs:     2293
  1-LUT               95
  2-LUT              309
  3-LUT             1010
  4-LUT              879
  with \SB_CARRY    (#0)  109
  with \SB_CARRY    (#1)  109

Eliminated 0 LUTs.
Combined 9 LUTs.
<suppressed ~8051 debug messages>

5.44. Executing TECHMAP pass (map to technology primitives).

5.44.1. Executing Verilog-2005 frontend: /usr/bin/../share/yosys/ice40/cells_map.v
Parsing Verilog input from `/usr/bin/../share/yosys/ice40/cells_map.v' to AST representation.
Generating RTLIL representation for module `\$lut'.
Successfully finished Verilog frontend.

5.44.2. Continuing TECHMAP pass.
Using template $paramod\$lut\WIDTH=32'00000000000000000000000000000010\LUT=4'0110 for cells of type $lut.
Using template $paramod\$lut\WIDTH=32'00000000000000000000000000000010\LUT=4'1000 for cells of type $lut.
Using template $paramod$fd904e9e35cfd343a9df248824bd3f1408724879\$lut for cells of type $lut.
Using template $paramod$cb92beff9eab733e7181d891fbc8c3950b9abc0a\$lut for cells of type $lut.
Using template $paramod$5766b753e513aa2393ffc25ef94ebc79dc098484\$lut for cells of type $lut.
Using template $paramod$d29ed6d1b402d5b181c5f6f130527bac5ccb1da5\$lut for cells of type $lut.
Using template $paramod\$lut\WIDTH=32'00000000000000000000000000000010\LUT=4'0100 for cells of type $lut.
Using template $paramod$78e1751931755f088c8bc676bcbc3bb642c26bfc\$lut for cells of type $lut.
Using template $paramod\$lut\WIDTH=32'00000000000000000000000000000011\LUT=8'00101011 for cells of type $lut.
Using template $paramod$4282def8dbd6df3d1248ad282c629bee684502c2\$lut for cells of type $lut.
Using template $paramod\$lut\WIDTH=32'00000000000000000000000000000010\LUT=4'1001 for cells of type $lut.
Using template $paramod\$lut\WIDTH=32'00000000000000000000000000000011\LUT=8'01111000 for cells of type $lut.
Using template $paramod\$lut\WIDTH=32'00000000000000000000000000000011\LUT=8'01101001 for cells of type $lut.
Using template $paramod\$lut\WIDTH=32'00000000000000000000000000000011\LUT=8'10000000 for cells of type $lut.
Using template $paramod$e5cb8e913f4daae476fde2b364998f21967f1f08\$lut for cells of type $lut.
Using template $paramod\$lut\WIDTH=32'00000000000000000000000000000011\LUT=8'10110010 for cells of type $lut.
Using template $paramod$d35161d1d7976dcc02e7c7d51172431be85143b4\$lut for cells of type $lut.
Using template $paramod$ff7561cfb7d3ae7112e6974b98c96c3d891737ce\$lut for cells of type $lut.
Using template $paramod$e7a90351bef2453943e3a44fd59d48e9e04bb087\$lut for cells of type $lut.
Using template $paramod$98d40e23bb57d56e14345fb0942003de3e361f25\$lut for cells of type $lut.
Using template $paramod$8b24407096beec47292ddeb1567a058197a320b9\$lut for cells of type $lut.
Using template $paramod\$lut\WIDTH=32'00000000000000000000000000000010\LUT=4'1110 for cells of type $lut.
Using template $paramod$571404c0889eaf57f492cb5e37f8acb5df5852f9\$lut for cells of type $lut.
Using template $paramod$658b9ed803f0d3d335616d3858b53e0a2522f1e8\$lut for cells of type $lut.
Using template $paramod\$lut\WIDTH=32'00000000000000000000000000000011\LUT=8'00000001 for cells of type $lut.
Using template $paramod\$lut\WIDTH=32'00000000000000000000000000000011\LUT=8'01110000 for cells of type $lut.
Using template $paramod$6e238df02989b317f10820a22773676e71120644\$lut for cells of type $lut.
Using template $paramod\$lut\WIDTH=32'00000000000000000000000000000010\LUT=4'0001 for cells of type $lut.
Using template $paramod$4b2297966ddb718657b80566604f97685ffc0120\$lut for cells of type $lut.
Using template $paramod\$lut\WIDTH=32'00000000000000000000000000000011\LUT=8'10110000 for cells of type $lut.
Using template $paramod\$lut\WIDTH=32'00000000000000000000000000000001\LUT=2'01 for cells of type $lut.
Using template $paramod$deba17538f4cd4af4a7f03bc51507e8ef8b1d7d8\$lut for cells of type $lut.
Using template $paramod$82b4a585d1edcb5c6e755dc9bd3392228a1c1304\$lut for cells of type $lut.
Using template $paramod\$lut\WIDTH=32'00000000000000000000000000000011\LUT=8'10010110 for cells of type $lut.
Using template $paramod$50b99034fbf984a51c265442496081454147f31e\$lut for cells of type $lut.
Using template $paramod$4adb41216162ad4c68ce9ea5c48385c753262ac3\$lut for cells of type $lut.
Using template $paramod\$lut\WIDTH=32'00000000000000000000000000000011\LUT=8'01110001 for cells of type $lut.
Using template $paramod$ecf9cac817e9cbb222dc9e58a122faf05f34c860\$lut for cells of type $lut.
Using template $paramod\$lut\WIDTH=32'00000000000000000000000000000011\LUT=8'00010100 for cells of type $lut.
Using template $paramod\$lut\WIDTH=32'00000000000000000000000000000011\LUT=8'00010111 for cells of type $lut.
Using template $paramod$7d3cbfc289ec00e0691f33de08826f2254fca668\$lut for cells of type $lut.
Using template $paramod\$lut\WIDTH=32'00000000000000000000000000000011\LUT=8'11010100 for cells of type $lut.
Using template $paramod\$lut\WIDTH=32'00000000000000000000000000000011\LUT=8'00110101 for cells of type $lut.
Using template $paramod\$lut\WIDTH=32'00000000000000000000000000000011\LUT=8'00010000 for cells of type $lut.
Using template $paramod$c4a97cf0b46779df8741d618ac94cb76d112af85\$lut for cells of type $lut.
Using template $paramod$ed10455c824c2a3761aabdeb1e31dad905f66e6e\$lut for cells of type $lut.
Using template $paramod$6d6beead1425af15cf78b27fd9b11b41b5d4bce8\$lut for cells of type $lut.
Using template $paramod$c93083768903e88c37e0c9b82fead370b0886961\$lut for cells of type $lut.
Using template $paramod$1f3b67373a23476b64a6ed61bde9dbe9df1086de\$lut for cells of type $lut.
Using template $paramod$ab2a0e40f059a1b02be99afabe16fa27dd5f64c0\$lut for cells of type $lut.
Using template $paramod$fb5ee0bdef1c4e74aaf1fd8efae98b46a2f5e564\$lut for cells of type $lut.
Using template $paramod$a54d8b8d2c90a828ee71c2d82e7e1612992a7ab8\$lut for cells of type $lut.
Using template $paramod$e49f6e3576ef1a6d2f58c54414dbb786af8cc869\$lut for cells of type $lut.
Using template $paramod$5a621b016c894274d07edef48c49b401a15fd796\$lut for cells of type $lut.
Using template $paramod$04b674496422df8889c01c3744b94097628ccfbc\$lut for cells of type $lut.
Using template $paramod\$lut\WIDTH=32'00000000000000000000000000000011\LUT=8'11101000 for cells of type $lut.
Using template $paramod$4256c04bb9e86f873ba2a112f005a99a8ed41d05\$lut for cells of type $lut.
Using template $paramod$179512a187da069f3b79ef6612a41e494e7d54b6\$lut for cells of type $lut.
Using template $paramod$41326ad8644342a66dfb051d050f2b6fbf15015b\$lut for cells of type $lut.
Using template $paramod$e2e4d79bec18c28fa313e8bd8f4df6f8a38115b2\$lut for cells of type $lut.
Using template $paramod$680fd8d179aaa2b94b3b7c0dab400ac18bb55c38\$lut for cells of type $lut.
Using template $paramod$aff3a645bb9f572421a4f0f49cf8987ceb4bcdc5\$lut for cells of type $lut.
Using template $paramod$bba54c1ef87367812b4c15f4aed5ac70773df775\$lut for cells of type $lut.
Using template $paramod\$lut\WIDTH=32'00000000000000000000000000000011\LUT=8'01100000 for cells of type $lut.
Using template $paramod\$lut\WIDTH=32'00000000000000000000000000000011\LUT=8'00000111 for cells of type $lut.
Using template $paramod$4da2782c2e024b3eded45331a6607870b9d0254f\$lut for cells of type $lut.
Using template $paramod\$lut\WIDTH=32'00000000000000000000000000000011\LUT=8'11000101 for cells of type $lut.
Using template $paramod\$lut\WIDTH=32'00000000000000000000000000000011\LUT=8'11001010 for cells of type $lut.
Using template $paramod$4da6fe9957da309dc16b8f31a6b80b19c05c808d\$lut for cells of type $lut.
Using template $paramod$5c32c59025c0b98f20e63f249d83e7ebb4b085e3\$lut for cells of type $lut.
Using template $paramod\$lut\WIDTH=32'00000000000000000000000000000011\LUT=8'11100000 for cells of type $lut.
Using template $paramod$e5e9da8fed769f971686eed8c5eea50e61f73aaa\$lut for cells of type $lut.
Using template $paramod$38f9bf4dd2329347b8471f0a98443dd323386889\$lut for cells of type $lut.
Using template $paramod$ad3a97108c9f4d10f8acfa309b668b9455d3d733\$lut for cells of type $lut.
Using template $paramod$a2d691ba21e093558f2a36669ee489fbccffbcd3\$lut for cells of type $lut.
Using template $paramod$f3e1547c4b47e64c590e75cf09078b2507c8cc75\$lut for cells of type $lut.
Using template $paramod\$lut\WIDTH=32'00000000000000000000000000000011\LUT=8'10101100 for cells of type $lut.
Using template $paramod$2d07c1a6c53c7b878509360922c4fa5ebedc3011\$lut for cells of type $lut.
Using template $paramod$19ec49f31a8d230a567aa44ce3ea81a03c101e2b\$lut for cells of type $lut.
Using template $paramod$608f40069c27841a5b3bdf03643a34bdc8974072\$lut for cells of type $lut.
Using template $paramod$45d617c2ce0041e27b541f62b0fc3c3ce441a616\$lut for cells of type $lut.
Using template $paramod$272652f6c6fbe9a75eff76e45cc7e2788835518b\$lut for cells of type $lut.
Using template $paramod$2e7a95e82db1d690ae9ba5d10f68b175fa2cb467\$lut for cells of type $lut.
Using template $paramod$d6d3aaeac1b9aa2c4b652c48e0deb565040dda72\$lut for cells of type $lut.
Using template $paramod$e44315cb93753e6b7d65180b5b4aa42ab07bc5a2\$lut for cells of type $lut.
Using template $paramod$1bf62ab10e48d71d6497bccacf5c70420c470fe9\$lut for cells of type $lut.
Using template $paramod\$lut\WIDTH=32'00000000000000000000000000000011\LUT=8'10010000 for cells of type $lut.
Using template $paramod$973818279bc95792902f3c09371fd2407d04a2a5\$lut for cells of type $lut.
Using template $paramod$a670b08a47dd8a34f954c50cd06e9996d77e8467\$lut for cells of type $lut.
Using template $paramod$c1a19a87ccbbb03d43a72335db63f692ddf82cc1\$lut for cells of type $lut.
Using template $paramod$6b0849254d6c87461fb93e37cc18f089f61eb912\$lut for cells of type $lut.
Using template $paramod$052ca015f1400ebf950f85d5f181f7a5865c336c\$lut for cells of type $lut.
Using template $paramod$6f8c8cdc4b3e951baba96b2acd13eabbb5e850fe\$lut for cells of type $lut.
Using template $paramod\$lut\WIDTH=32'00000000000000000000000000000011\LUT=8'00001101 for cells of type $lut.
Using template $paramod\$lut\WIDTH=32'00000000000000000000000000000011\LUT=8'10001111 for cells of type $lut.
Using template $paramod\$lut\WIDTH=32'00000000000000000000000000000011\LUT=8'01001111 for cells of type $lut.
Using template $paramod\$lut\WIDTH=32'00000000000000000000000000000011\LUT=8'11010000 for cells of type $lut.
Using template $paramod$332a399730bfc61adea04021a76b1c4e4030f37d\$lut for cells of type $lut.
Using template $paramod$7fcc2f13195f27c397064377984d87a90c06749d\$lut for cells of type $lut.
Using template $paramod\$lut\WIDTH=32'00000000000000000000000000000011\LUT=8'01000000 for cells of type $lut.
Using template $paramod$b93d1ea7a612a32c185108f67a153d44ffb9aac2\$lut for cells of type $lut.
Using template $paramod$fccccf8bb2add7667329c686feec7546eb9a3ae3\$lut for cells of type $lut.
Using template $paramod\$lut\WIDTH=32'00000000000000000000000000000010\LUT=4'1011 for cells of type $lut.
Using template $paramod$e053a22d78e6bd5ea33183ea69976f0db741be0e\$lut for cells of type $lut.
Using template $paramod$a8b2b0f3a3fd7b01c99e8d61bb72f602bd41af54\$lut for cells of type $lut.
Using template $paramod$d9b36ce2fdd8ce897e45d62a5761501fd1d217bc\$lut for cells of type $lut.
Using template $paramod$a15fd389a2f54cb7b94707b25934d226e68d9e2e\$lut for cells of type $lut.
Using template $paramod$c5f3c57a6d466a2f42208bafb8985b96ce884440\$lut for cells of type $lut.
Using template $paramod$11ec7271d8e6e5aeaace08c13e4c601f10e31038\$lut for cells of type $lut.
Using template $paramod$85b779ce5ab505dbf25e5e046fb43ca2b76b878b\$lut for cells of type $lut.
Using template $paramod$b297295e19b03521716155b85537bbe86d6a9ae6\$lut for cells of type $lut.
Using template $paramod$f54c0ffd7b041ca43eac7710ab19c0666d826c22\$lut for cells of type $lut.
Using template $paramod$044e8b1893c94f717651c5cd428e71c892566f52\$lut for cells of type $lut.
Using template $paramod$175104ad114973f30397e1a69eae08cff730fc58\$lut for cells of type $lut.
Using template $paramod$c24ed72ebb67e9ead6029e42e909ef7fc0abbb11\$lut for cells of type $lut.
Using template $paramod$f6914128303d972b041d4a54c9600a49a5f3fcb0\$lut for cells of type $lut.
Using template $paramod$fd1e68d43235621014e35437b4508a97628b7e8f\$lut for cells of type $lut.
Using template $paramod$774861bf9b1885d60265e6ddea1c95a32f095489\$lut for cells of type $lut.
Using template $paramod\$lut\WIDTH=32'00000000000000000000000000000011\LUT=8'01010011 for cells of type $lut.
Using template $paramod$933f4f3e373a784da64d137def3625bdd36d1695\$lut for cells of type $lut.
Using template $paramod\$lut\WIDTH=32'00000000000000000000000000000011\LUT=8'01011100 for cells of type $lut.
Using template $paramod\$lut\WIDTH=32'00000000000000000000000000000011\LUT=8'11110100 for cells of type $lut.
No more expansions possible.
<suppressed ~3882 debug messages>
Removed 0 unused cells and 5571 unused wires.

5.45. Executing AUTONAME pass.
Renamed 212323 objects in module synth_harness (298 iterations).
<suppressed ~3702 debug messages>

5.46. Executing HIERARCHY pass (managing design hierarchy).

5.46.1. Analyzing design hierarchy..
Top module:  \synth_harness

5.46.2. Analyzing design hierarchy..
Top module:  \synth_harness
Removed 0 unused modules.

5.47. Printing statistics.

=== synth_harness ===

   Number of wires:               1006
   Number of wire bits:           4482
   Number of public wires:        1006
   Number of public wire bits:    4482
   Number of memories:               0
   Number of memory bits:            0
   Number of processes:              0
   Number of cells:               2734
     SB_CARRY                      173
     SB_DFF                          2
     SB_DFFR                       258
     SB_DFFSR                        8
     SB_LUT4                      2293

5.48. Executing CHECK pass (checking for obvious problems).
Checking module synth_harness...
Found and reported 0 problems.

5.49. Executing JSON backend.

Warnings: 1 unique messages, 2 total
End of script. Logfile hash: 5ea67ee2e2, CPU: user 5.21s system 0.04s, MEM: 94.19 MB peak
Yosys 0.33 (git sha1 2584903a060)
Time spent: 23% 1x abc (1 sec), 19% 29x opt_expr (1 sec), ...
